                 0.03125     0.02454369260617026       1.000014509930043
                 0.03125     0.07363107781851078       1.000014509930043
                 0.03125      0.1227184630308513       1.000014509930043
                 0.03125      0.1718058482431918       1.000014509930043
                 0.03125      0.2208932334555323       1.000014509930043
                 0.03125      0.2699806186678728       1.000014509930043
                 0.03125      0.3190680038802134       1.000014509930043
                 0.03125      0.3681553890925539       1.000014509930043
                 0.03125      0.4172427743048944       1.000014509930043
                 0.03125      0.4663301595172349       1.000014509930043
                 0.03125      0.5154175447295755       1.000014509930043
                 0.03125      0.5645049299419159       1.000014509930043
                 0.03125      0.6135923151542565       1.000014509930043
                 0.03125       0.662679700366597       1.000014509930043
                 0.03125      0.7117670855789375       1.000014509930043
                 0.03125       0.760854470791278       1.000014509930043
                 0.03125      0.8099418560036186       1.000014509930043
                 0.03125       0.859029241215959       1.000014509930043
                 0.03125      0.9081166264282996       1.000014509930043
                 0.03125      0.9572040116406401       1.000014509930043
                 0.03125       1.006291396852981       1.000014509930043
                 0.03125       1.055378782065321       1.000014509930043
                 0.03125       1.104466167277662       1.000014509930043
                 0.03125       1.153553552490002       1.000014509930043
                 0.03125       1.202640937702343       1.000014509930043
                 0.03125       1.251728322914683       1.000014509930043
                 0.03125       1.300815708127024       1.000014509930043
                 0.03125       1.349903093339364       1.000014509930043
                 0.03125       1.398990478551705       1.000014509930043
                 0.03125       1.448077863764045       1.000014509930043
                 0.03125       1.497165248976386       1.000014509930043
                 0.03125       1.546252634188726       1.000014509930043
                 0.03125       1.595340019401067       1.000014509930043
                 0.03125       1.644427404613407       1.000014509930043
                 0.03125       1.693514789825748       1.000014509930043
                 0.03125       1.742602175038088       1.000014509930043
                 0.03125       1.791689560250429       1.000014509930043
                 0.03125       1.840776945462769       1.000014509930043
                 0.03125        1.88986433067511       1.000014509930043
                 0.03125       1.938951715887451       1.000014509930043
                 0.03125       1.988039101099791       1.000014509930043
                 0.03125       2.037126486312132       1.000014509930043
                 0.03125       2.086213871524472       1.000014509930043
                 0.03125       2.135301256736812       1.000014509930043
                 0.03125       2.184388641949153       1.000014509930043
                 0.03125       2.233476027161494       1.000014509930043
                 0.03125       2.282563412373834       1.000014509930043
                 0.03125       2.331650797586175       1.000014509930043
                 0.03125       2.380738182798515       1.000014509930043
                 0.03125       2.429825568010856       1.000014509930043
                 0.03125       2.478912953223196       1.000014509930043
                 0.03125       2.528000338435537       1.000014509930043
                 0.03125       2.577087723647877       1.000014509930043
                 0.03125       2.626175108860218       1.000014509930043
                 0.03125       2.675262494072558       1.000014509930043
                 0.03125       2.724349879284899       1.000014509930043
                 0.03125       2.773437264497239       1.000014509930043
                 0.03125        2.82252464970958       1.000014509930043
                 0.03125        2.87161203492192       1.000014509930043
                 0.03125       2.920699420134261       1.000014509930043
                 0.03125       2.969786805346601       1.000014509930043
                 0.03125       3.018874190558942       1.000014509930043
                 0.03125       3.067961575771282       1.000014509930043
                 0.03125       3.117048960983623       1.000014509930043

                 0.09375     0.02454369260617026       1.000014428509987
                 0.09375     0.07363107781851078       1.000014428509987
                 0.09375      0.1227184630308513       1.000014428509987
                 0.09375      0.1718058482431918       1.000014428509987
                 0.09375      0.2208932334555323       1.000014428509987
                 0.09375      0.2699806186678728       1.000014428509987
                 0.09375      0.3190680038802134       1.000014428509987
                 0.09375      0.3681553890925539       1.000014428509987
                 0.09375      0.4172427743048944       1.000014428509987
                 0.09375      0.4663301595172349       1.000014428509987
                 0.09375      0.5154175447295755       1.000014428509987
                 0.09375      0.5645049299419159       1.000014428509987
                 0.09375      0.6135923151542565       1.000014428509987
                 0.09375       0.662679700366597       1.000014428509987
                 0.09375      0.7117670855789375       1.000014428509987
                 0.09375       0.760854470791278       1.000014428509987
                 0.09375      0.8099418560036186       1.000014428509987
                 0.09375       0.859029241215959       1.000014428509987
                 0.09375      0.9081166264282996       1.000014428509987
                 0.09375      0.9572040116406401       1.000014428509987
                 0.09375       1.006291396852981       1.000014428509987
                 0.09375       1.055378782065321       1.000014428509987
                 0.09375       1.104466167277662       1.000014428509987
                 0.09375       1.153553552490002       1.000014428509987
                 0.09375       1.202640937702343       1.000014428509987
                 0.09375       1.251728322914683       1.000014428509987
                 0.09375       1.300815708127024       1.000014428509987
                 0.09375       1.349903093339364       1.000014428509987
                 0.09375       1.398990478551705       1.000014428509987
                 0.09375       1.448077863764045       1.000014428509987
                 0.09375       1.497165248976386       1.000014428509987
                 0.09375       1.546252634188726       1.000014428509987
                 0.09375       1.595340019401067       1.000014428509987
                 0.09375       1.644427404613407       1.000014428509987
                 0.09375       1.693514789825748       1.000014428509987
                 0.09375       1.742602175038088       1.000014428509987
                 0.09375       1.791689560250429       1.000014428509987
                 0.09375       1.840776945462769       1.000014428509987
                 0.09375        1.88986433067511       1.000014428509987
                 0.09375       1.938951715887451       1.000014428509987
                 0.09375       1.988039101099791       1.000014428509987
                 0.09375       2.037126486312132       1.000014428509987
                 0.09375       2.086213871524472       1.000014428509987
                 0.09375       2.135301256736812       1.000014428509987
                 0.09375       2.184388641949153       1.000014428509987
                 0.09375       2.233476027161494       1.000014428509987
                 0.09375       2.282563412373834       1.000014428509987
                 0.09375       2.331650797586175       1.000014428509987
                 0.09375       2.380738182798515       1.000014428509987
                 0.09375       2.429825568010856       1.000014428509987
                 0.09375       2.478912953223196       1.000014428509987
                 0.09375       2.528000338435537       1.000014428509987
                 0.09375       2.577087723647877       1.000014428509987
                 0.09375       2.626175108860218       1.000014428509987
                 0.09375       2.675262494072558       1.000014428509987
                 0.09375       2.724349879284899       1.000014428509987
                 0.09375       2.773437264497239       1.000014428509987
                 0.09375        2.82252464970958       1.000014428509987
                 0.09375        2.87161203492192       1.000014428509987
                 0.09375       2.920699420134261       1.000014428509987
                 0.09375       2.969786805346601       1.000014428509987
                 0.09375       3.018874190558942       1.000014428509987
                 0.09375       3.067961575771282       1.000014428509987
                 0.09375       3.117048960983623       1.000014428509987

                 0.15625     0.02454369260617026       1.000014268073036
                 0.15625     0.07363107781851078       1.000014268073036
                 0.15625      0.1227184630308513       1.000014268073036
                 0.15625      0.1718058482431918       1.000014268073036
                 0.15625      0.2208932334555323       1.000014268073036
                 0.15625      0.2699806186678728       1.000014268073036
                 0.15625      0.3190680038802134       1.000014268073036
                 0.15625      0.3681553890925539       1.000014268073036
                 0.15625      0.4172427743048944       1.000014268073036
                 0.15625      0.4663301595172349       1.000014268073036
                 0.15625      0.5154175447295755       1.000014268073036
                 0.15625      0.5645049299419159       1.000014268073036
                 0.15625      0.6135923151542565       1.000014268073036
                 0.15625       0.662679700366597       1.000014268073036
                 0.15625      0.7117670855789375       1.000014268073036
                 0.15625       0.760854470791278       1.000014268073036
                 0.15625      0.8099418560036186       1.000014268073036
                 0.15625       0.859029241215959       1.000014268073036
                 0.15625      0.9081166264282996       1.000014268073036
                 0.15625      0.9572040116406401       1.000014268073036
                 0.15625       1.006291396852981       1.000014268073036
                 0.15625       1.055378782065321       1.000014268073036
                 0.15625       1.104466167277662       1.000014268073036
                 0.15625       1.153553552490002       1.000014268073036
                 0.15625       1.202640937702343       1.000014268073036
                 0.15625       1.251728322914683       1.000014268073036
                 0.15625       1.300815708127024       1.000014268073036
                 0.15625       1.349903093339364       1.000014268073036
                 0.15625       1.398990478551705       1.000014268073036
                 0.15625       1.448077863764045       1.000014268073036
                 0.15625       1.497165248976386       1.000014268073036
                 0.15625       1.546252634188726       1.000014268073036
                 0.15625       1.595340019401067       1.000014268073036
                 0.15625       1.644427404613407       1.000014268073036
                 0.15625       1.693514789825748       1.000014268073036
                 0.15625       1.742602175038088       1.000014268073036
                 0.15625       1.791689560250429       1.000014268073036
                 0.15625       1.840776945462769       1.000014268073036
                 0.15625        1.88986433067511       1.000014268073036
                 0.15625       1.938951715887451       1.000014268073036
                 0.15625       1.988039101099791       1.000014268073036
                 0.15625       2.037126486312132       1.000014268073036
                 0.15625       2.086213871524472       1.000014268073036
                 0.15625       2.135301256736812       1.000014268073036
                 0.15625       2.184388641949153       1.000014268073036
                 0.15625       2.233476027161494       1.000014268073036
                 0.15625       2.282563412373834       1.000014268073036
                 0.15625       2.331650797586175       1.000014268073036
                 0.15625       2.380738182798515       1.000014268073036
                 0.15625       2.429825568010856       1.000014268073036
                 0.15625       2.478912953223196       1.000014268073036
                 0.15625       2.528000338435537       1.000014268073036
                 0.15625       2.577087723647877       1.000014268073036
                 0.15625       2.626175108860218       1.000014268073036
                 0.15625       2.675262494072558       1.000014268073036
                 0.15625       2.724349879284899       1.000014268073036
                 0.15625       2.773437264497239       1.000014268073036
                 0.15625        2.82252464970958       1.000014268073036
                 0.15625        2.87161203492192       1.000014268073036
                 0.15625       2.920699420134261       1.000014268073036
                 0.15625       2.969786805346601       1.000014268073036
                 0.15625       3.018874190558942       1.000014268073036
                 0.15625       3.067961575771282       1.000014268073036
                 0.15625       3.117048960983623       1.000014268073036

                 0.21875     0.02454369260617026       1.000014032976979
                 0.21875     0.07363107781851078       1.000014032976979
                 0.21875      0.1227184630308513       1.000014032976979
                 0.21875      0.1718058482431918       1.000014032976979
                 0.21875      0.2208932334555323       1.000014032976979
                 0.21875      0.2699806186678728       1.000014032976979
                 0.21875      0.3190680038802134       1.000014032976979
                 0.21875      0.3681553890925539       1.000014032976979
                 0.21875      0.4172427743048944       1.000014032976979
                 0.21875      0.4663301595172349       1.000014032976979
                 0.21875      0.5154175447295755       1.000014032976979
                 0.21875      0.5645049299419159       1.000014032976979
                 0.21875      0.6135923151542565       1.000014032976979
                 0.21875       0.662679700366597       1.000014032976979
                 0.21875      0.7117670855789375       1.000014032976979
                 0.21875       0.760854470791278       1.000014032976979
                 0.21875      0.8099418560036186       1.000014032976979
                 0.21875       0.859029241215959       1.000014032976979
                 0.21875      0.9081166264282996       1.000014032976979
                 0.21875      0.9572040116406401       1.000014032976979
                 0.21875       1.006291396852981       1.000014032976979
                 0.21875       1.055378782065321       1.000014032976979
                 0.21875       1.104466167277662       1.000014032976979
                 0.21875       1.153553552490002       1.000014032976979
                 0.21875       1.202640937702343       1.000014032976979
                 0.21875       1.251728322914683       1.000014032976979
                 0.21875       1.300815708127024       1.000014032976979
                 0.21875       1.349903093339364       1.000014032976979
                 0.21875       1.398990478551705       1.000014032976979
                 0.21875       1.448077863764045       1.000014032976979
                 0.21875       1.497165248976386       1.000014032976979
                 0.21875       1.546252634188726       1.000014032976979
                 0.21875       1.595340019401067       1.000014032976979
                 0.21875       1.644427404613407       1.000014032976979
                 0.21875       1.693514789825748       1.000014032976979
                 0.21875       1.742602175038088       1.000014032976979
                 0.21875       1.791689560250429       1.000014032976979
                 0.21875       1.840776945462769       1.000014032976979
                 0.21875        1.88986433067511       1.000014032976979
                 0.21875       1.938951715887451       1.000014032976979
                 0.21875       1.988039101099791       1.000014032976979
                 0.21875       2.037126486312132       1.000014032976979
                 0.21875       2.086213871524472       1.000014032976979
                 0.21875       2.135301256736812       1.000014032976979
                 0.21875       2.184388641949153       1.000014032976979
                 0.21875       2.233476027161494       1.000014032976979
                 0.21875       2.282563412373834       1.000014032976979
                 0.21875       2.331650797586175       1.000014032976979
                 0.21875       2.380738182798515       1.000014032976979
                 0.21875       2.429825568010856       1.000014032976979
                 0.21875       2.478912953223196       1.000014032976979
                 0.21875       2.528000338435537       1.000014032976979
                 0.21875       2.577087723647877       1.000014032976979
                 0.21875       2.626175108860218       1.000014032976979
                 0.21875       2.675262494072558       1.000014032976979
                 0.21875       2.724349879284899       1.000014032976979
                 0.21875       2.773437264497239       1.000014032976979
                 0.21875        2.82252464970958       1.000014032976979
                 0.21875        2.87161203492192       1.000014032976979
                 0.21875       2.920699420134261       1.000014032976979
                 0.21875       2.969786805346601       1.000014032976979
                 0.21875       3.018874190558942       1.000014032976979
                 0.21875       3.067961575771282       1.000014032976979
                 0.21875       3.117048960983623       1.000014032976979

                 0.28125     0.02454369260617026       1.000013729517841
                 0.28125     0.07363107781851078       1.000013729517841
                 0.28125      0.1227184630308513       1.000013729517841
                 0.28125      0.1718058482431918       1.000013729517841
                 0.28125      0.2208932334555323       1.000013729517841
                 0.28125      0.2699806186678728       1.000013729517841
                 0.28125      0.3190680038802134       1.000013729517841
                 0.28125      0.3681553890925539       1.000013729517841
                 0.28125      0.4172427743048944       1.000013729517841
                 0.28125      0.4663301595172349       1.000013729517841
                 0.28125      0.5154175447295755       1.000013729517841
                 0.28125      0.5645049299419159       1.000013729517841
                 0.28125      0.6135923151542565       1.000013729517841
                 0.28125       0.662679700366597       1.000013729517841
                 0.28125      0.7117670855789375       1.000013729517841
                 0.28125       0.760854470791278       1.000013729517841
                 0.28125      0.8099418560036186       1.000013729517841
                 0.28125       0.859029241215959       1.000013729517841
                 0.28125      0.9081166264282996       1.000013729517841
                 0.28125      0.9572040116406401       1.000013729517841
                 0.28125       1.006291396852981       1.000013729517841
                 0.28125       1.055378782065321       1.000013729517841
                 0.28125       1.104466167277662       1.000013729517841
                 0.28125       1.153553552490002       1.000013729517841
                 0.28125       1.202640937702343       1.000013729517841
                 0.28125       1.251728322914683       1.000013729517841
                 0.28125       1.300815708127024       1.000013729517841
                 0.28125       1.349903093339364       1.000013729517841
                 0.28125       1.398990478551705       1.000013729517841
                 0.28125       1.448077863764045       1.000013729517841
                 0.28125       1.497165248976386       1.000013729517841
                 0.28125       1.546252634188726       1.000013729517841
                 0.28125       1.595340019401067       1.000013729517841
                 0.28125       1.644427404613407       1.000013729517841
                 0.28125       1.693514789825748       1.000013729517841
                 0.28125       1.742602175038088       1.000013729517841
                 0.28125       1.791689560250429       1.000013729517841
                 0.28125       1.840776945462769       1.000013729517841
                 0.28125        1.88986433067511       1.000013729517841
                 0.28125       1.938951715887451       1.000013729517841
                 0.28125       1.988039101099791       1.000013729517841
                 0.28125       2.037126486312132       1.000013729517841
                 0.28125       2.086213871524472       1.000013729517841
                 0.28125       2.135301256736812       1.000013729517841
                 0.28125       2.184388641949153       1.000013729517841
                 0.28125       2.233476027161494       1.000013729517841
                 0.28125       2.282563412373834       1.000013729517841
                 0.28125       2.331650797586175       1.000013729517841
                 0.28125       2.380738182798515       1.000013729517841
                 0.28125       2.429825568010856       1.000013729517841
                 0.28125       2.478912953223196       1.000013729517841
                 0.28125       2.528000338435537       1.000013729517841
                 0.28125       2.577087723647877       1.000013729517841
                 0.28125       2.626175108860218       1.000013729517841
                 0.28125       2.675262494072558       1.000013729517841
                 0.28125       2.724349879284899       1.000013729517841
                 0.28125       2.773437264497239       1.000013729517841
                 0.28125        2.82252464970958       1.000013729517841
                 0.28125        2.87161203492192       1.000013729517841
                 0.28125       2.920699420134261       1.000013729517841
                 0.28125       2.969786805346601       1.000013729517841
                 0.28125       3.018874190558942       1.000013729517841
                 0.28125       3.067961575771282       1.000013729517841
                 0.28125       3.117048960983623       1.000013729517841

                 0.34375     0.02454369260617026       1.000013365566808
                 0.34375     0.07363107781851078       1.000013365566808
                 0.34375      0.1227184630308513       1.000013365566808
                 0.34375      0.1718058482431918       1.000013365566808
                 0.34375      0.2208932334555323       1.000013365566808
                 0.34375      0.2699806186678728       1.000013365566808
                 0.34375      0.3190680038802134       1.000013365566808
                 0.34375      0.3681553890925539       1.000013365566808
                 0.34375      0.4172427743048944       1.000013365566808
                 0.34375      0.4663301595172349       1.000013365566808
                 0.34375      0.5154175447295755       1.000013365566808
                 0.34375      0.5645049299419159       1.000013365566808
                 0.34375      0.6135923151542565       1.000013365566808
                 0.34375       0.662679700366597       1.000013365566808
                 0.34375      0.7117670855789375       1.000013365566808
                 0.34375       0.760854470791278       1.000013365566808
                 0.34375      0.8099418560036186       1.000013365566808
                 0.34375       0.859029241215959       1.000013365566808
                 0.34375      0.9081166264282996       1.000013365566808
                 0.34375      0.9572040116406401       1.000013365566808
                 0.34375       1.006291396852981       1.000013365566808
                 0.34375       1.055378782065321       1.000013365566808
                 0.34375       1.104466167277662       1.000013365566808
                 0.34375       1.153553552490002       1.000013365566808
                 0.34375       1.202640937702343       1.000013365566808
                 0.34375       1.251728322914683       1.000013365566808
                 0.34375       1.300815708127024       1.000013365566808
                 0.34375       1.349903093339364       1.000013365566808
                 0.34375       1.398990478551705       1.000013365566808
                 0.34375       1.448077863764045       1.000013365566808
                 0.34375       1.497165248976386       1.000013365566808
                 0.34375       1.546252634188726       1.000013365566808
                 0.34375       1.595340019401067       1.000013365566808
                 0.34375       1.644427404613407       1.000013365566808
                 0.34375       1.693514789825748       1.000013365566808
                 0.34375       1.742602175038088       1.000013365566808
                 0.34375       1.791689560250429       1.000013365566808
                 0.34375       1.840776945462769       1.000013365566808
                 0.34375        1.88986433067511       1.000013365566808
                 0.34375       1.938951715887451       1.000013365566808
                 0.34375       1.988039101099791       1.000013365566808
                 0.34375       2.037126486312132       1.000013365566808
                 0.34375       2.086213871524472       1.000013365566808
                 0.34375       2.135301256736812       1.000013365566808
                 0.34375       2.184388641949153       1.000013365566808
                 0.34375       2.233476027161494       1.000013365566808
                 0.34375       2.282563412373834       1.000013365566808
                 0.34375       2.331650797586175       1.000013365566808
                 0.34375       2.380738182798515       1.000013365566808
                 0.34375       2.429825568010856       1.000013365566808
                 0.34375       2.478912953223196       1.000013365566808
                 0.34375       2.528000338435537       1.000013365566808
                 0.34375       2.577087723647877       1.000013365566808
                 0.34375       2.626175108860218       1.000013365566808
                 0.34375       2.675262494072558       1.000013365566808
                 0.34375       2.724349879284899       1.000013365566808
                 0.34375       2.773437264497239       1.000013365566808
                 0.34375        2.82252464970958       1.000013365566808
                 0.34375        2.87161203492192       1.000013365566808
                 0.34375       2.920699420134261       1.000013365566808
                 0.34375       2.969786805346601       1.000013365566808
                 0.34375       3.018874190558942       1.000013365566808
                 0.34375       3.067961575771282       1.000013365566808
                 0.34375       3.117048960983623       1.000013365566808

                 0.40625     0.02454369260617026       1.000012950164117
                 0.40625     0.07363107781851078       1.000012950164117
                 0.40625      0.1227184630308513       1.000012950164117
                 0.40625      0.1718058482431918       1.000012950164117
                 0.40625      0.2208932334555323       1.000012950164117
                 0.40625      0.2699806186678728       1.000012950164117
                 0.40625      0.3190680038802134       1.000012950164117
                 0.40625      0.3681553890925539       1.000012950164117
                 0.40625      0.4172427743048944       1.000012950164117
                 0.40625      0.4663301595172349       1.000012950164117
                 0.40625      0.5154175447295755       1.000012950164117
                 0.40625      0.5645049299419159       1.000012950164117
                 0.40625      0.6135923151542565       1.000012950164117
                 0.40625       0.662679700366597       1.000012950164117
                 0.40625      0.7117670855789375       1.000012950164117
                 0.40625       0.760854470791278       1.000012950164117
                 0.40625      0.8099418560036186       1.000012950164117
                 0.40625       0.859029241215959       1.000012950164117
                 0.40625      0.9081166264282996       1.000012950164117
                 0.40625      0.9572040116406401       1.000012950164117
                 0.40625       1.006291396852981       1.000012950164117
                 0.40625       1.055378782065321       1.000012950164117
                 0.40625       1.104466167277662       1.000012950164117
                 0.40625       1.153553552490002       1.000012950164117
                 0.40625       1.202640937702343       1.000012950164117
                 0.40625       1.251728322914683       1.000012950164117
                 0.40625       1.300815708127024       1.000012950164117
                 0.40625       1.349903093339364       1.000012950164117
                 0.40625       1.398990478551705       1.000012950164117
                 0.40625       1.448077863764045       1.000012950164117
                 0.40625       1.497165248976386       1.000012950164117
                 0.40625       1.546252634188726       1.000012950164117
                 0.40625       1.595340019401067       1.000012950164117
                 0.40625       1.644427404613407       1.000012950164117
                 0.40625       1.693514789825748       1.000012950164117
                 0.40625       1.742602175038088       1.000012950164117
                 0.40625       1.791689560250429       1.000012950164117
                 0.40625       1.840776945462769       1.000012950164117
                 0.40625        1.88986433067511       1.000012950164117
                 0.40625       1.938951715887451       1.000012950164117
                 0.40625       1.988039101099791       1.000012950164117
                 0.40625       2.037126486312132       1.000012950164117
                 0.40625       2.086213871524472       1.000012950164117
                 0.40625       2.135301256736812       1.000012950164117
                 0.40625       2.184388641949153       1.000012950164117
                 0.40625       2.233476027161494       1.000012950164117
                 0.40625       2.282563412373834       1.000012950164117
                 0.40625       2.331650797586175       1.000012950164117
                 0.40625       2.380738182798515       1.000012950164117
                 0.40625       2.429825568010856       1.000012950164117
                 0.40625       2.478912953223196       1.000012950164117
                 0.40625       2.528000338435537       1.000012950164117
                 0.40625       2.577087723647877       1.000012950164117
                 0.40625       2.626175108860218       1.000012950164117
                 0.40625       2.675262494072558       1.000012950164117
                 0.40625       2.724349879284899       1.000012950164117
                 0.40625       2.773437264497239       1.000012950164117
                 0.40625        2.82252464970958       1.000012950164117
                 0.40625        2.87161203492192       1.000012950164117
                 0.40625       2.920699420134261       1.000012950164117
                 0.40625       2.969786805346601       1.000012950164117
                 0.40625       3.018874190558942       1.000012950164117
                 0.40625       3.067961575771282       1.000012950164117
                 0.40625       3.117048960983623       1.000012950164117

                 0.46875     0.02454369260617026       1.000012493080292
                 0.46875     0.07363107781851078       1.000012493080292
                 0.46875      0.1227184630308513       1.000012493080292
                 0.46875      0.1718058482431918       1.000012493080292
                 0.46875      0.2208932334555323       1.000012493080292
                 0.46875      0.2699806186678728       1.000012493080292
                 0.46875      0.3190680038802134       1.000012493080292
                 0.46875      0.3681553890925539       1.000012493080292
                 0.46875      0.4172427743048944       1.000012493080292
                 0.46875      0.4663301595172349       1.000012493080292
                 0.46875      0.5154175447295755       1.000012493080292
                 0.46875      0.5645049299419159       1.000012493080292
                 0.46875      0.6135923151542565       1.000012493080292
                 0.46875       0.662679700366597       1.000012493080292
                 0.46875      0.7117670855789375       1.000012493080292
                 0.46875       0.760854470791278       1.000012493080292
                 0.46875      0.8099418560036186       1.000012493080292
                 0.46875       0.859029241215959       1.000012493080292
                 0.46875      0.9081166264282996       1.000012493080292
                 0.46875      0.9572040116406401       1.000012493080292
                 0.46875       1.006291396852981       1.000012493080292
                 0.46875       1.055378782065321       1.000012493080292
                 0.46875       1.104466167277662       1.000012493080292
                 0.46875       1.153553552490002       1.000012493080292
                 0.46875       1.202640937702343       1.000012493080292
                 0.46875       1.251728322914683       1.000012493080292
                 0.46875       1.300815708127024       1.000012493080292
                 0.46875       1.349903093339364       1.000012493080292
                 0.46875       1.398990478551705       1.000012493080292
                 0.46875       1.448077863764045       1.000012493080292
                 0.46875       1.497165248976386       1.000012493080292
                 0.46875       1.546252634188726       1.000012493080292
                 0.46875       1.595340019401067       1.000012493080292
                 0.46875       1.644427404613407       1.000012493080292
                 0.46875       1.693514789825748       1.000012493080292
                 0.46875       1.742602175038088       1.000012493080292
                 0.46875       1.791689560250429       1.000012493080292
                 0.46875       1.840776945462769       1.000012493080292
                 0.46875        1.88986433067511       1.000012493080292
                 0.46875       1.938951715887451       1.000012493080292
                 0.46875       1.988039101099791       1.000012493080292
                 0.46875       2.037126486312132       1.000012493080292
                 0.46875       2.086213871524472       1.000012493080292
                 0.46875       2.135301256736812       1.000012493080292
                 0.46875       2.184388641949153       1.000012493080292
                 0.46875       2.233476027161494       1.000012493080292
                 0.46875       2.282563412373834       1.000012493080292
                 0.46875       2.331650797586175       1.000012493080292
                 0.46875       2.380738182798515       1.000012493080292
                 0.46875       2.429825568010856       1.000012493080292
                 0.46875       2.478912953223196       1.000012493080292
                 0.46875       2.528000338435537       1.000012493080292
                 0.46875       2.577087723647877       1.000012493080292
                 0.46875       2.626175108860218       1.000012493080292
                 0.46875       2.675262494072558       1.000012493080292
                 0.46875       2.724349879284899       1.000012493080292
                 0.46875       2.773437264497239       1.000012493080292
                 0.46875        2.82252464970958       1.000012493080292
                 0.46875        2.87161203492192       1.000012493080292
                 0.46875       2.920699420134261       1.000012493080292
                 0.46875       2.969786805346601       1.000012493080292
                 0.46875       3.018874190558942       1.000012493080292
                 0.46875       3.067961575771282       1.000012493080292
                 0.46875       3.117048960983623       1.000012493080292

                 0.53125     0.02454369260617026        1.00001200437283
                 0.53125     0.07363107781851078        1.00001200437283
                 0.53125      0.1227184630308513        1.00001200437283
                 0.53125      0.1718058482431918        1.00001200437283
                 0.53125      0.2208932334555323        1.00001200437283
                 0.53125      0.2699806186678728        1.00001200437283
                 0.53125      0.3190680038802134        1.00001200437283
                 0.53125      0.3681553890925539        1.00001200437283
                 0.53125      0.4172427743048944        1.00001200437283
                 0.53125      0.4663301595172349        1.00001200437283
                 0.53125      0.5154175447295755        1.00001200437283
                 0.53125      0.5645049299419159        1.00001200437283
                 0.53125      0.6135923151542565        1.00001200437283
                 0.53125       0.662679700366597        1.00001200437283
                 0.53125      0.7117670855789375        1.00001200437283
                 0.53125       0.760854470791278        1.00001200437283
                 0.53125      0.8099418560036186        1.00001200437283
                 0.53125       0.859029241215959        1.00001200437283
                 0.53125      0.9081166264282996        1.00001200437283
                 0.53125      0.9572040116406401        1.00001200437283
                 0.53125       1.006291396852981        1.00001200437283
                 0.53125       1.055378782065321        1.00001200437283
                 0.53125       1.104466167277662        1.00001200437283
                 0.53125       1.153553552490002        1.00001200437283
                 0.53125       1.202640937702343        1.00001200437283
                 0.53125       1.251728322914683        1.00001200437283
                 0.53125       1.300815708127024        1.00001200437283
                 0.53125       1.349903093339364        1.00001200437283
                 0.53125       1.398990478551705        1.00001200437283
                 0.53125       1.448077863764045        1.00001200437283
                 0.53125       1.497165248976386        1.00001200437283
                 0.53125       1.546252634188726        1.00001200437283
                 0.53125       1.595340019401067        1.00001200437283
                 0.53125       1.644427404613407        1.00001200437283
                 0.53125       1.693514789825748        1.00001200437283
                 0.53125       1.742602175038088        1.00001200437283
                 0.53125       1.791689560250429        1.00001200437283
                 0.53125       1.840776945462769        1.00001200437283
                 0.53125        1.88986433067511        1.00001200437283
                 0.53125       1.938951715887451        1.00001200437283
                 0.53125       1.988039101099791        1.00001200437283
                 0.53125       2.037126486312132        1.00001200437283
                 0.53125       2.086213871524472        1.00001200437283
                 0.53125       2.135301256736812        1.00001200437283
                 0.53125       2.184388641949153        1.00001200437283
                 0.53125       2.233476027161494        1.00001200437283
                 0.53125       2.282563412373834        1.00001200437283
                 0.53125       2.331650797586175        1.00001200437283
                 0.53125       2.380738182798515        1.00001200437283
                 0.53125       2.429825568010856        1.00001200437283
                 0.53125       2.478912953223196        1.00001200437283
                 0.53125       2.528000338435537        1.00001200437283
                 0.53125       2.577087723647877        1.00001200437283
                 0.53125       2.626175108860218        1.00001200437283
                 0.53125       2.675262494072558        1.00001200437283
                 0.53125       2.724349879284899        1.00001200437283
                 0.53125       2.773437264497239        1.00001200437283
                 0.53125        2.82252464970958        1.00001200437283
                 0.53125        2.87161203492192        1.00001200437283
                 0.53125       2.920699420134261        1.00001200437283
                 0.53125       2.969786805346601        1.00001200437283
                 0.53125       3.018874190558942        1.00001200437283
                 0.53125       3.067961575771282        1.00001200437283
                 0.53125       3.117048960983623        1.00001200437283

                 0.59375     0.02454369260617026       1.000011493967566
                 0.59375     0.07363107781851078       1.000011493967566
                 0.59375      0.1227184630308513       1.000011493967566
                 0.59375      0.1718058482431918       1.000011493967566
                 0.59375      0.2208932334555323       1.000011493967566
                 0.59375      0.2699806186678728       1.000011493967566
                 0.59375      0.3190680038802134       1.000011493967566
                 0.59375      0.3681553890925539       1.000011493967566
                 0.59375      0.4172427743048944       1.000011493967566
                 0.59375      0.4663301595172349       1.000011493967566
                 0.59375      0.5154175447295755       1.000011493967566
                 0.59375      0.5645049299419159       1.000011493967566
                 0.59375      0.6135923151542565       1.000011493967566
                 0.59375       0.662679700366597       1.000011493967566
                 0.59375      0.7117670855789375       1.000011493967566
                 0.59375       0.760854470791278       1.000011493967566
                 0.59375      0.8099418560036186       1.000011493967566
                 0.59375       0.859029241215959       1.000011493967566
                 0.59375      0.9081166264282996       1.000011493967566
                 0.59375      0.9572040116406401       1.000011493967566
                 0.59375       1.006291396852981       1.000011493967566
                 0.59375       1.055378782065321       1.000011493967566
                 0.59375       1.104466167277662       1.000011493967566
                 0.59375       1.153553552490002       1.000011493967566
                 0.59375       1.202640937702343       1.000011493967566
                 0.59375       1.251728322914683       1.000011493967566
                 0.59375       1.300815708127024       1.000011493967566
                 0.59375       1.349903093339364       1.000011493967566
                 0.59375       1.398990478551705       1.000011493967566
                 0.59375       1.448077863764045       1.000011493967566
                 0.59375       1.497165248976386       1.000011493967566
                 0.59375       1.546252634188726       1.000011493967566
                 0.59375       1.595340019401067       1.000011493967566
                 0.59375       1.644427404613407       1.000011493967566
                 0.59375       1.693514789825748       1.000011493967566
                 0.59375       1.742602175038088       1.000011493967566
                 0.59375       1.791689560250429       1.000011493967566
                 0.59375       1.840776945462769       1.000011493967566
                 0.59375        1.88986433067511       1.000011493967566
                 0.59375       1.938951715887451       1.000011493967566
                 0.59375       1.988039101099791       1.000011493967566
                 0.59375       2.037126486312132       1.000011493967566
                 0.59375       2.086213871524472       1.000011493967566
                 0.59375       2.135301256736812       1.000011493967566
                 0.59375       2.184388641949153       1.000011493967566
                 0.59375       2.233476027161494       1.000011493967566
                 0.59375       2.282563412373834       1.000011493967566
                 0.59375       2.331650797586175       1.000011493967566
                 0.59375       2.380738182798515       1.000011493967566
                 0.59375       2.429825568010856       1.000011493967566
                 0.59375       2.478912953223196       1.000011493967566
                 0.59375       2.528000338435537       1.000011493967566
                 0.59375       2.577087723647877       1.000011493967566
                 0.59375       2.626175108860218       1.000011493967566
                 0.59375       2.675262494072558       1.000011493967566
                 0.59375       2.724349879284899       1.000011493967566
                 0.59375       2.773437264497239       1.000011493967566
                 0.59375        2.82252464970958       1.000011493967566
                 0.59375        2.87161203492192       1.000011493967566
                 0.59375       2.920699420134261       1.000011493967566
                 0.59375       2.969786805346601       1.000011493967566
                 0.59375       3.018874190558942       1.000011493967566
                 0.59375       3.067961575771282       1.000011493967566
                 0.59375       3.117048960983623       1.000011493967566

                 0.65625     0.02454369260617026       1.000010971289665
                 0.65625     0.07363107781851078       1.000010971289665
                 0.65625      0.1227184630308513       1.000010971289665
                 0.65625      0.1718058482431918       1.000010971289665
                 0.65625      0.2208932334555323       1.000010971289665
                 0.65625      0.2699806186678728       1.000010971289665
                 0.65625      0.3190680038802134       1.000010971289665
                 0.65625      0.3681553890925539       1.000010971289665
                 0.65625      0.4172427743048944       1.000010971289665
                 0.65625      0.4663301595172349       1.000010971289665
                 0.65625      0.5154175447295755       1.000010971289665
                 0.65625      0.5645049299419159       1.000010971289665
                 0.65625      0.6135923151542565       1.000010971289665
                 0.65625       0.662679700366597       1.000010971289665
                 0.65625      0.7117670855789375       1.000010971289665
                 0.65625       0.760854470791278       1.000010971289665
                 0.65625      0.8099418560036186       1.000010971289665
                 0.65625       0.859029241215959       1.000010971289665
                 0.65625      0.9081166264282996       1.000010971289665
                 0.65625      0.9572040116406401       1.000010971289665
                 0.65625       1.006291396852981       1.000010971289665
                 0.65625       1.055378782065321       1.000010971289665
                 0.65625       1.104466167277662       1.000010971289665
                 0.65625       1.153553552490002       1.000010971289665
                 0.65625       1.202640937702343       1.000010971289665
                 0.65625       1.251728322914683       1.000010971289665
                 0.65625       1.300815708127024       1.000010971289665
                 0.65625       1.349903093339364       1.000010971289665
                 0.65625       1.398990478551705       1.000010971289665
                 0.65625       1.448077863764045       1.000010971289665
                 0.65625       1.497165248976386       1.000010971289665
                 0.65625       1.546252634188726       1.000010971289665
                 0.65625       1.595340019401067       1.000010971289665
                 0.65625       1.644427404613407       1.000010971289665
                 0.65625       1.693514789825748       1.000010971289665
                 0.65625       1.742602175038088       1.000010971289665
                 0.65625       1.791689560250429       1.000010971289665
                 0.65625       1.840776945462769       1.000010971289665
                 0.65625        1.88986433067511       1.000010971289665
                 0.65625       1.938951715887451       1.000010971289665
                 0.65625       1.988039101099791       1.000010971289665
                 0.65625       2.037126486312132       1.000010971289665
                 0.65625       2.086213871524472       1.000010971289665
                 0.65625       2.135301256736812       1.000010971289665
                 0.65625       2.184388641949153       1.000010971289665
                 0.65625       2.233476027161494       1.000010971289665
                 0.65625       2.282563412373834       1.000010971289665
                 0.65625       2.331650797586175       1.000010971289665
                 0.65625       2.380738182798515       1.000010971289665
                 0.65625       2.429825568010856       1.000010971289665
                 0.65625       2.478912953223196       1.000010971289665
                 0.65625       2.528000338435537       1.000010971289665
                 0.65625       2.577087723647877       1.000010971289665
                 0.65625       2.626175108860218       1.000010971289665
                 0.65625       2.675262494072558       1.000010971289665
                 0.65625       2.724349879284899       1.000010971289665
                 0.65625       2.773437264497239       1.000010971289665
                 0.65625        2.82252464970958       1.000010971289665
                 0.65625        2.87161203492192       1.000010971289665
                 0.65625       2.920699420134261       1.000010971289665
                 0.65625       2.969786805346601       1.000010971289665
                 0.65625       3.018874190558942       1.000010971289665
                 0.65625       3.067961575771282       1.000010971289665
                 0.65625       3.117048960983623       1.000010971289665

                 0.71875     0.02454369260617026       1.000010444962748
                 0.71875     0.07363107781851078       1.000010444962748
                 0.71875      0.1227184630308513       1.000010444962748
                 0.71875      0.1718058482431918       1.000010444962748
                 0.71875      0.2208932334555323       1.000010444962748
                 0.71875      0.2699806186678728       1.000010444962748
                 0.71875      0.3190680038802134       1.000010444962748
                 0.71875      0.3681553890925539       1.000010444962748
                 0.71875      0.4172427743048944       1.000010444962748
                 0.71875      0.4663301595172349       1.000010444962748
                 0.71875      0.5154175447295755       1.000010444962748
                 0.71875      0.5645049299419159       1.000010444962748
                 0.71875      0.6135923151542565       1.000010444962748
                 0.71875       0.662679700366597       1.000010444962748
                 0.71875      0.7117670855789375       1.000010444962748
                 0.71875       0.760854470791278       1.000010444962748
                 0.71875      0.8099418560036186       1.000010444962748
                 0.71875       0.859029241215959       1.000010444962748
                 0.71875      0.9081166264282996       1.000010444962748
                 0.71875      0.9572040116406401       1.000010444962748
                 0.71875       1.006291396852981       1.000010444962748
                 0.71875       1.055378782065321       1.000010444962748
                 0.71875       1.104466167277662       1.000010444962748
                 0.71875       1.153553552490002       1.000010444962748
                 0.71875       1.202640937702343       1.000010444962748
                 0.71875       1.251728322914683       1.000010444962748
                 0.71875       1.300815708127024       1.000010444962748
                 0.71875       1.349903093339364       1.000010444962748
                 0.71875       1.398990478551705       1.000010444962748
                 0.71875       1.448077863764045       1.000010444962748
                 0.71875       1.497165248976386       1.000010444962748
                 0.71875       1.546252634188726       1.000010444962748
                 0.71875       1.595340019401067       1.000010444962748
                 0.71875       1.644427404613407       1.000010444962748
                 0.71875       1.693514789825748       1.000010444962748
                 0.71875       1.742602175038088       1.000010444962748
                 0.71875       1.791689560250429       1.000010444962748
                 0.71875       1.840776945462769       1.000010444962748
                 0.71875        1.88986433067511       1.000010444962748
                 0.71875       1.938951715887451       1.000010444962748
                 0.71875       1.988039101099791       1.000010444962748
                 0.71875       2.037126486312132       1.000010444962748
                 0.71875       2.086213871524472       1.000010444962748
                 0.71875       2.135301256736812       1.000010444962748
                 0.71875       2.184388641949153       1.000010444962748
                 0.71875       2.233476027161494       1.000010444962748
                 0.71875       2.282563412373834       1.000010444962748
                 0.71875       2.331650797586175       1.000010444962748
                 0.71875       2.380738182798515       1.000010444962748
                 0.71875       2.429825568010856       1.000010444962748
                 0.71875       2.478912953223196       1.000010444962748
                 0.71875       2.528000338435537       1.000010444962748
                 0.71875       2.577087723647877       1.000010444962748
                 0.71875       2.626175108860218       1.000010444962748
                 0.71875       2.675262494072558       1.000010444962748
                 0.71875       2.724349879284899       1.000010444962748
                 0.71875       2.773437264497239       1.000010444962748
                 0.71875        2.82252464970958       1.000010444962748
                 0.71875        2.87161203492192       1.000010444962748
                 0.71875       2.920699420134261       1.000010444962748
                 0.71875       2.969786805346601       1.000010444962748
                 0.71875       3.018874190558942       1.000010444962748
                 0.71875       3.067961575771282       1.000010444962748
                 0.71875       3.117048960983623       1.000010444962748

                 0.78125     0.02454369260617026       1.000009922587143
                 0.78125     0.07363107781851078       1.000009922587143
                 0.78125      0.1227184630308513       1.000009922587143
                 0.78125      0.1718058482431918       1.000009922587143
                 0.78125      0.2208932334555323       1.000009922587143
                 0.78125      0.2699806186678728       1.000009922587143
                 0.78125      0.3190680038802134       1.000009922587143
                 0.78125      0.3681553890925539       1.000009922587143
                 0.78125      0.4172427743048944       1.000009922587143
                 0.78125      0.4663301595172349       1.000009922587143
                 0.78125      0.5154175447295755       1.000009922587143
                 0.78125      0.5645049299419159       1.000009922587143
                 0.78125      0.6135923151542565       1.000009922587143
                 0.78125       0.662679700366597       1.000009922587143
                 0.78125      0.7117670855789375       1.000009922587143
                 0.78125       0.760854470791278       1.000009922587143
                 0.78125      0.8099418560036186       1.000009922587143
                 0.78125       0.859029241215959       1.000009922587143
                 0.78125      0.9081166264282996       1.000009922587143
                 0.78125      0.9572040116406401       1.000009922587143
                 0.78125       1.006291396852981       1.000009922587143
                 0.78125       1.055378782065321       1.000009922587143
                 0.78125       1.104466167277662       1.000009922587143
                 0.78125       1.153553552490002       1.000009922587143
                 0.78125       1.202640937702343       1.000009922587143
                 0.78125       1.251728322914683       1.000009922587143
                 0.78125       1.300815708127024       1.000009922587143
                 0.78125       1.349903093339364       1.000009922587143
                 0.78125       1.398990478551705       1.000009922587143
                 0.78125       1.448077863764045       1.000009922587143
                 0.78125       1.497165248976386       1.000009922587143
                 0.78125       1.546252634188726       1.000009922587143
                 0.78125       1.595340019401067       1.000009922587143
                 0.78125       1.644427404613407       1.000009922587143
                 0.78125       1.693514789825748       1.000009922587143
                 0.78125       1.742602175038088       1.000009922587143
                 0.78125       1.791689560250429       1.000009922587143
                 0.78125       1.840776945462769       1.000009922587143
                 0.78125        1.88986433067511       1.000009922587143
                 0.78125       1.938951715887451       1.000009922587143
                 0.78125       1.988039101099791       1.000009922587143
                 0.78125       2.037126486312132       1.000009922587143
                 0.78125       2.086213871524472       1.000009922587143
                 0.78125       2.135301256736812       1.000009922587143
                 0.78125       2.184388641949153       1.000009922587143
                 0.78125       2.233476027161494       1.000009922587143
                 0.78125       2.282563412373834       1.000009922587143
                 0.78125       2.331650797586175       1.000009922587143
                 0.78125       2.380738182798515       1.000009922587143
                 0.78125       2.429825568010856       1.000009922587143
                 0.78125       2.478912953223196       1.000009922587143
                 0.78125       2.528000338435537       1.000009922587143
                 0.78125       2.577087723647877       1.000009922587143
                 0.78125       2.626175108860218       1.000009922587143
                 0.78125       2.675262494072558       1.000009922587143
                 0.78125       2.724349879284899       1.000009922587143
                 0.78125       2.773437264497239       1.000009922587143
                 0.78125        2.82252464970958       1.000009922587143
                 0.78125        2.87161203492192       1.000009922587143
                 0.78125       2.920699420134261       1.000009922587143
                 0.78125       2.969786805346601       1.000009922587143
                 0.78125       3.018874190558942       1.000009922587143
                 0.78125       3.067961575771282       1.000009922587143
                 0.78125       3.117048960983623       1.000009922587143

                 0.84375     0.02454369260617026       1.000009410600708
                 0.84375     0.07363107781851078       1.000009410600708
                 0.84375      0.1227184630308513       1.000009410600708
                 0.84375      0.1718058482431918       1.000009410600708
                 0.84375      0.2208932334555323       1.000009410600708
                 0.84375      0.2699806186678728       1.000009410600708
                 0.84375      0.3190680038802134       1.000009410600708
                 0.84375      0.3681553890925539       1.000009410600708
                 0.84375      0.4172427743048944       1.000009410600708
                 0.84375      0.4663301595172349       1.000009410600708
                 0.84375      0.5154175447295755       1.000009410600708
                 0.84375      0.5645049299419159       1.000009410600708
                 0.84375      0.6135923151542565       1.000009410600708
                 0.84375       0.662679700366597       1.000009410600708
                 0.84375      0.7117670855789375       1.000009410600708
                 0.84375       0.760854470791278       1.000009410600708
                 0.84375      0.8099418560036186       1.000009410600708
                 0.84375       0.859029241215959       1.000009410600708
                 0.84375      0.9081166264282996       1.000009410600708
                 0.84375      0.9572040116406401       1.000009410600708
                 0.84375       1.006291396852981       1.000009410600708
                 0.84375       1.055378782065321       1.000009410600708
                 0.84375       1.104466167277662       1.000009410600708
                 0.84375       1.153553552490002       1.000009410600708
                 0.84375       1.202640937702343       1.000009410600708
                 0.84375       1.251728322914683       1.000009410600708
                 0.84375       1.300815708127024       1.000009410600708
                 0.84375       1.349903093339364       1.000009410600708
                 0.84375       1.398990478551705       1.000009410600708
                 0.84375       1.448077863764045       1.000009410600708
                 0.84375       1.497165248976386       1.000009410600708
                 0.84375       1.546252634188726       1.000009410600708
                 0.84375       1.595340019401067       1.000009410600708
                 0.84375       1.644427404613407       1.000009410600708
                 0.84375       1.693514789825748       1.000009410600708
                 0.84375       1.742602175038088       1.000009410600708
                 0.84375       1.791689560250429       1.000009410600708
                 0.84375       1.840776945462769       1.000009410600708
                 0.84375        1.88986433067511       1.000009410600708
                 0.84375       1.938951715887451       1.000009410600708
                 0.84375       1.988039101099791       1.000009410600708
                 0.84375       2.037126486312132       1.000009410600708
                 0.84375       2.086213871524472       1.000009410600708
                 0.84375       2.135301256736812       1.000009410600708
                 0.84375       2.184388641949153       1.000009410600708
                 0.84375       2.233476027161494       1.000009410600708
                 0.84375       2.282563412373834       1.000009410600708
                 0.84375       2.331650797586175       1.000009410600708
                 0.84375       2.380738182798515       1.000009410600708
                 0.84375       2.429825568010856       1.000009410600708
                 0.84375       2.478912953223196       1.000009410600708
                 0.84375       2.528000338435537       1.000009410600708
                 0.84375       2.577087723647877       1.000009410600708
                 0.84375       2.626175108860218       1.000009410600708
                 0.84375       2.675262494072558       1.000009410600708
                 0.84375       2.724349879284899       1.000009410600708
                 0.84375       2.773437264497239       1.000009410600708
                 0.84375        2.82252464970958       1.000009410600708
                 0.84375        2.87161203492192       1.000009410600708
                 0.84375       2.920699420134261       1.000009410600708
                 0.84375       2.969786805346601       1.000009410600708
                 0.84375       3.018874190558942       1.000009410600708
                 0.84375       3.067961575771282       1.000009410600708
                 0.84375       3.117048960983623       1.000009410600708

                 0.90625     0.02454369260617026       1.000008914218804
                 0.90625     0.07363107781851078       1.000008914218804
                 0.90625      0.1227184630308513       1.000008914218804
                 0.90625      0.1718058482431918       1.000008914218804
                 0.90625      0.2208932334555323       1.000008914218804
                 0.90625      0.2699806186678728       1.000008914218804
                 0.90625      0.3190680038802134       1.000008914218804
                 0.90625      0.3681553890925539       1.000008914218804
                 0.90625      0.4172427743048944       1.000008914218804
                 0.90625      0.4663301595172349       1.000008914218804
                 0.90625      0.5154175447295755       1.000008914218804
                 0.90625      0.5645049299419159       1.000008914218804
                 0.90625      0.6135923151542565       1.000008914218804
                 0.90625       0.662679700366597       1.000008914218804
                 0.90625      0.7117670855789375       1.000008914218804
                 0.90625       0.760854470791278       1.000008914218804
                 0.90625      0.8099418560036186       1.000008914218804
                 0.90625       0.859029241215959       1.000008914218804
                 0.90625      0.9081166264282996       1.000008914218804
                 0.90625      0.9572040116406401       1.000008914218804
                 0.90625       1.006291396852981       1.000008914218804
                 0.90625       1.055378782065321       1.000008914218804
                 0.90625       1.104466167277662       1.000008914218804
                 0.90625       1.153553552490002       1.000008914218804
                 0.90625       1.202640937702343       1.000008914218804
                 0.90625       1.251728322914683       1.000008914218804
                 0.90625       1.300815708127024       1.000008914218804
                 0.90625       1.349903093339364       1.000008914218804
                 0.90625       1.398990478551705       1.000008914218804
                 0.90625       1.448077863764045       1.000008914218804
                 0.90625       1.497165248976386       1.000008914218804
                 0.90625       1.546252634188726       1.000008914218804
                 0.90625       1.595340019401067       1.000008914218804
                 0.90625       1.644427404613407       1.000008914218804
                 0.90625       1.693514789825748       1.000008914218804
                 0.90625       1.742602175038088       1.000008914218804
                 0.90625       1.791689560250429       1.000008914218804
                 0.90625       1.840776945462769       1.000008914218804
                 0.90625        1.88986433067511       1.000008914218804
                 0.90625       1.938951715887451       1.000008914218804
                 0.90625       1.988039101099791       1.000008914218804
                 0.90625       2.037126486312132       1.000008914218804
                 0.90625       2.086213871524472       1.000008914218804
                 0.90625       2.135301256736812       1.000008914218804
                 0.90625       2.184388641949153       1.000008914218804
                 0.90625       2.233476027161494       1.000008914218804
                 0.90625       2.282563412373834       1.000008914218804
                 0.90625       2.331650797586175       1.000008914218804
                 0.90625       2.380738182798515       1.000008914218804
                 0.90625       2.429825568010856       1.000008914218804
                 0.90625       2.478912953223196       1.000008914218804
                 0.90625       2.528000338435537       1.000008914218804
                 0.90625       2.577087723647877       1.000008914218804
                 0.90625       2.626175108860218       1.000008914218804
                 0.90625       2.675262494072558       1.000008914218804
                 0.90625       2.724349879284899       1.000008914218804
                 0.90625       2.773437264497239       1.000008914218804
                 0.90625        2.82252464970958       1.000008914218804
                 0.90625        2.87161203492192       1.000008914218804
                 0.90625       2.920699420134261       1.000008914218804
                 0.90625       2.969786805346601       1.000008914218804
                 0.90625       3.018874190558942       1.000008914218804
                 0.90625       3.067961575771282       1.000008914218804
                 0.90625       3.117048960983623       1.000008914218804

                 0.96875     0.02454369260617026       1.000008437444524
                 0.96875     0.07363107781851078       1.000008437444524
                 0.96875      0.1227184630308513       1.000008437444524
                 0.96875      0.1718058482431918       1.000008437444524
                 0.96875      0.2208932334555323       1.000008437444524
                 0.96875      0.2699806186678728       1.000008437444524
                 0.96875      0.3190680038802134       1.000008437444524
                 0.96875      0.3681553890925539       1.000008437444524
                 0.96875      0.4172427743048944       1.000008437444524
                 0.96875      0.4663301595172349       1.000008437444524
                 0.96875      0.5154175447295755       1.000008437444524
                 0.96875      0.5645049299419159       1.000008437444524
                 0.96875      0.6135923151542565       1.000008437444524
                 0.96875       0.662679700366597       1.000008437444524
                 0.96875      0.7117670855789375       1.000008437444524
                 0.96875       0.760854470791278       1.000008437444524
                 0.96875      0.8099418560036186       1.000008437444524
                 0.96875       0.859029241215959       1.000008437444524
                 0.96875      0.9081166264282996       1.000008437444524
                 0.96875      0.9572040116406401       1.000008437444524
                 0.96875       1.006291396852981       1.000008437444524
                 0.96875       1.055378782065321       1.000008437444524
                 0.96875       1.104466167277662       1.000008437444524
                 0.96875       1.153553552490002       1.000008437444524
                 0.96875       1.202640937702343       1.000008437444524
                 0.96875       1.251728322914683       1.000008437444524
                 0.96875       1.300815708127024       1.000008437444524
                 0.96875       1.349903093339364       1.000008437444524
                 0.96875       1.398990478551705       1.000008437444524
                 0.96875       1.448077863764045       1.000008437444524
                 0.96875       1.497165248976386       1.000008437444524
                 0.96875       1.546252634188726       1.000008437444524
                 0.96875       1.595340019401067       1.000008437444524
                 0.96875       1.644427404613407       1.000008437444524
                 0.96875       1.693514789825748       1.000008437444524
                 0.96875       1.742602175038088       1.000008437444524
                 0.96875       1.791689560250429       1.000008437444524
                 0.96875       1.840776945462769       1.000008437444524
                 0.96875        1.88986433067511       1.000008437444524
                 0.96875       1.938951715887451       1.000008437444524
                 0.96875       1.988039101099791       1.000008437444524
                 0.96875       2.037126486312132       1.000008437444524
                 0.96875       2.086213871524472       1.000008437444524
                 0.96875       2.135301256736812       1.000008437444524
                 0.96875       2.184388641949153       1.000008437444524
                 0.96875       2.233476027161494       1.000008437444524
                 0.96875       2.282563412373834       1.000008437444524
                 0.96875       2.331650797586175       1.000008437444524
                 0.96875       2.380738182798515       1.000008437444524
                 0.96875       2.429825568010856       1.000008437444524
                 0.96875       2.478912953223196       1.000008437444524
                 0.96875       2.528000338435537       1.000008437444524
                 0.96875       2.577087723647877       1.000008437444524
                 0.96875       2.626175108860218       1.000008437444524
                 0.96875       2.675262494072558       1.000008437444524
                 0.96875       2.724349879284899       1.000008437444524
                 0.96875       2.773437264497239       1.000008437444524
                 0.96875        2.82252464970958       1.000008437444524
                 0.96875        2.87161203492192       1.000008437444524
                 0.96875       2.920699420134261       1.000008437444524
                 0.96875       2.969786805346601       1.000008437444524
                 0.96875       3.018874190558942       1.000008437444524
                 0.96875       3.067961575771282       1.000008437444524
                 0.96875       3.117048960983623       1.000008437444524

                 1.03125     0.02454369260617026       1.000007983136437
                 1.03125     0.07363107781851078       1.000007983136437
                 1.03125      0.1227184630308513       1.000007983136437
                 1.03125      0.1718058482431918       1.000007983136437
                 1.03125      0.2208932334555323       1.000007983136437
                 1.03125      0.2699806186678728       1.000007983136437
                 1.03125      0.3190680038802134       1.000007983136437
                 1.03125      0.3681553890925539       1.000007983136437
                 1.03125      0.4172427743048944       1.000007983136437
                 1.03125      0.4663301595172349       1.000007983136437
                 1.03125      0.5154175447295755       1.000007983136437
                 1.03125      0.5645049299419159       1.000007983136437
                 1.03125      0.6135923151542565       1.000007983136437
                 1.03125       0.662679700366597       1.000007983136437
                 1.03125      0.7117670855789375       1.000007983136437
                 1.03125       0.760854470791278       1.000007983136437
                 1.03125      0.8099418560036186       1.000007983136437
                 1.03125       0.859029241215959       1.000007983136437
                 1.03125      0.9081166264282996       1.000007983136437
                 1.03125      0.9572040116406401       1.000007983136437
                 1.03125       1.006291396852981       1.000007983136437
                 1.03125       1.055378782065321       1.000007983136437
                 1.03125       1.104466167277662       1.000007983136437
                 1.03125       1.153553552490002       1.000007983136437
                 1.03125       1.202640937702343       1.000007983136437
                 1.03125       1.251728322914683       1.000007983136437
                 1.03125       1.300815708127024       1.000007983136437
                 1.03125       1.349903093339364       1.000007983136437
                 1.03125       1.398990478551705       1.000007983136437
                 1.03125       1.448077863764045       1.000007983136437
                 1.03125       1.497165248976386       1.000007983136437
                 1.03125       1.546252634188726       1.000007983136437
                 1.03125       1.595340019401067       1.000007983136437
                 1.03125       1.644427404613407       1.000007983136437
                 1.03125       1.693514789825748       1.000007983136437
                 1.03125       1.742602175038088       1.000007983136437
                 1.03125       1.791689560250429       1.000007983136437
                 1.03125       1.840776945462769       1.000007983136437
                 1.03125        1.88986433067511       1.000007983136437
                 1.03125       1.938951715887451       1.000007983136437
                 1.03125       1.988039101099791       1.000007983136437
                 1.03125       2.037126486312132       1.000007983136437
                 1.03125       2.086213871524472       1.000007983136437
                 1.03125       2.135301256736812       1.000007983136437
                 1.03125       2.184388641949153       1.000007983136437
                 1.03125       2.233476027161494       1.000007983136437
                 1.03125       2.282563412373834       1.000007983136437
                 1.03125       2.331650797586175       1.000007983136437
                 1.03125       2.380738182798515       1.000007983136437
                 1.03125       2.429825568010856       1.000007983136437
                 1.03125       2.478912953223196       1.000007983136437
                 1.03125       2.528000338435537       1.000007983136437
                 1.03125       2.577087723647877       1.000007983136437
                 1.03125       2.626175108860218       1.000007983136437
                 1.03125       2.675262494072558       1.000007983136437
                 1.03125       2.724349879284899       1.000007983136437
                 1.03125       2.773437264497239       1.000007983136437
                 1.03125        2.82252464970958       1.000007983136437
                 1.03125        2.87161203492192       1.000007983136437
                 1.03125       2.920699420134261       1.000007983136437
                 1.03125       2.969786805346601       1.000007983136437
                 1.03125       3.018874190558942       1.000007983136437
                 1.03125       3.067961575771282       1.000007983136437
                 1.03125       3.117048960983623       1.000007983136437

                 1.09375     0.02454369260617026       1.000007553119107
                 1.09375     0.07363107781851078       1.000007553119107
                 1.09375      0.1227184630308513       1.000007553119107
                 1.09375      0.1718058482431918       1.000007553119107
                 1.09375      0.2208932334555323       1.000007553119107
                 1.09375      0.2699806186678728       1.000007553119107
                 1.09375      0.3190680038802134       1.000007553119107
                 1.09375      0.3681553890925539       1.000007553119107
                 1.09375      0.4172427743048944       1.000007553119107
                 1.09375      0.4663301595172349       1.000007553119107
                 1.09375      0.5154175447295755       1.000007553119107
                 1.09375      0.5645049299419159       1.000007553119107
                 1.09375      0.6135923151542565       1.000007553119107
                 1.09375       0.662679700366597       1.000007553119107
                 1.09375      0.7117670855789375       1.000007553119107
                 1.09375       0.760854470791278       1.000007553119107
                 1.09375      0.8099418560036186       1.000007553119107
                 1.09375       0.859029241215959       1.000007553119107
                 1.09375      0.9081166264282996       1.000007553119107
                 1.09375      0.9572040116406401       1.000007553119107
                 1.09375       1.006291396852981       1.000007553119107
                 1.09375       1.055378782065321       1.000007553119107
                 1.09375       1.104466167277662       1.000007553119107
                 1.09375       1.153553552490002       1.000007553119107
                 1.09375       1.202640937702343       1.000007553119107
                 1.09375       1.251728322914683       1.000007553119107
                 1.09375       1.300815708127024       1.000007553119107
                 1.09375       1.349903093339364       1.000007553119107
                 1.09375       1.398990478551705       1.000007553119107
                 1.09375       1.448077863764045       1.000007553119107
                 1.09375       1.497165248976386       1.000007553119107
                 1.09375       1.546252634188726       1.000007553119107
                 1.09375       1.595340019401067       1.000007553119107
                 1.09375       1.644427404613407       1.000007553119107
                 1.09375       1.693514789825748       1.000007553119107
                 1.09375       1.742602175038088       1.000007553119107
                 1.09375       1.791689560250429       1.000007553119107
                 1.09375       1.840776945462769       1.000007553119107
                 1.09375        1.88986433067511       1.000007553119107
                 1.09375       1.938951715887451       1.000007553119107
                 1.09375       1.988039101099791       1.000007553119107
                 1.09375       2.037126486312132       1.000007553119107
                 1.09375       2.086213871524472       1.000007553119107
                 1.09375       2.135301256736812       1.000007553119107
                 1.09375       2.184388641949153       1.000007553119107
                 1.09375       2.233476027161494       1.000007553119107
                 1.09375       2.282563412373834       1.000007553119107
                 1.09375       2.331650797586175       1.000007553119107
                 1.09375       2.380738182798515       1.000007553119107
                 1.09375       2.429825568010856       1.000007553119107
                 1.09375       2.478912953223196       1.000007553119107
                 1.09375       2.528000338435537       1.000007553119107
                 1.09375       2.577087723647877       1.000007553119107
                 1.09375       2.626175108860218       1.000007553119107
                 1.09375       2.675262494072558       1.000007553119107
                 1.09375       2.724349879284899       1.000007553119107
                 1.09375       2.773437264497239       1.000007553119107
                 1.09375        2.82252464970958       1.000007553119107
                 1.09375        2.87161203492192       1.000007553119107
                 1.09375       2.920699420134261       1.000007553119107
                 1.09375       2.969786805346601       1.000007553119107
                 1.09375       3.018874190558942       1.000007553119107
                 1.09375       3.067961575771282       1.000007553119107
                 1.09375       3.117048960983623       1.000007553119107

                 1.15625     0.02454369260617026       1.000007148321315
                 1.15625     0.07363107781851078       1.000007148321315
                 1.15625      0.1227184630308513       1.000007148321315
                 1.15625      0.1718058482431918       1.000007148321315
                 1.15625      0.2208932334555323       1.000007148321315
                 1.15625      0.2699806186678728       1.000007148321315
                 1.15625      0.3190680038802134       1.000007148321315
                 1.15625      0.3681553890925539       1.000007148321315
                 1.15625      0.4172427743048944       1.000007148321315
                 1.15625      0.4663301595172349       1.000007148321315
                 1.15625      0.5154175447295755       1.000007148321315
                 1.15625      0.5645049299419159       1.000007148321315
                 1.15625      0.6135923151542565       1.000007148321315
                 1.15625       0.662679700366597       1.000007148321315
                 1.15625      0.7117670855789375       1.000007148321315
                 1.15625       0.760854470791278       1.000007148321315
                 1.15625      0.8099418560036186       1.000007148321315
                 1.15625       0.859029241215959       1.000007148321315
                 1.15625      0.9081166264282996       1.000007148321315
                 1.15625      0.9572040116406401       1.000007148321315
                 1.15625       1.006291396852981       1.000007148321315
                 1.15625       1.055378782065321       1.000007148321315
                 1.15625       1.104466167277662       1.000007148321315
                 1.15625       1.153553552490002       1.000007148321315
                 1.15625       1.202640937702343       1.000007148321315
                 1.15625       1.251728322914683       1.000007148321315
                 1.15625       1.300815708127024       1.000007148321315
                 1.15625       1.349903093339364       1.000007148321315
                 1.15625       1.398990478551705       1.000007148321315
                 1.15625       1.448077863764045       1.000007148321315
                 1.15625       1.497165248976386       1.000007148321315
                 1.15625       1.546252634188726       1.000007148321315
                 1.15625       1.595340019401067       1.000007148321315
                 1.15625       1.644427404613407       1.000007148321315
                 1.15625       1.693514789825748       1.000007148321315
                 1.15625       1.742602175038088       1.000007148321315
                 1.15625       1.791689560250429       1.000007148321315
                 1.15625       1.840776945462769       1.000007148321315
                 1.15625        1.88986433067511       1.000007148321315
                 1.15625       1.938951715887451       1.000007148321315
                 1.15625       1.988039101099791       1.000007148321315
                 1.15625       2.037126486312132       1.000007148321315
                 1.15625       2.086213871524472       1.000007148321315
                 1.15625       2.135301256736812       1.000007148321315
                 1.15625       2.184388641949153       1.000007148321315
                 1.15625       2.233476027161494       1.000007148321315
                 1.15625       2.282563412373834       1.000007148321315
                 1.15625       2.331650797586175       1.000007148321315
                 1.15625       2.380738182798515       1.000007148321315
                 1.15625       2.429825568010856       1.000007148321315
                 1.15625       2.478912953223196       1.000007148321315
                 1.15625       2.528000338435537       1.000007148321315
                 1.15625       2.577087723647877       1.000007148321315
                 1.15625       2.626175108860218       1.000007148321315
                 1.15625       2.675262494072558       1.000007148321315
                 1.15625       2.724349879284899       1.000007148321315
                 1.15625       2.773437264497239       1.000007148321315
                 1.15625        2.82252464970958       1.000007148321315
                 1.15625        2.87161203492192       1.000007148321315
                 1.15625       2.920699420134261       1.000007148321315
                 1.15625       2.969786805346601       1.000007148321315
                 1.15625       3.018874190558942       1.000007148321315
                 1.15625       3.067961575771282       1.000007148321315
                 1.15625       3.117048960983623       1.000007148321315

                 1.21875     0.02454369260617026       1.000006768927908
                 1.21875     0.07363107781851078       1.000006768927908
                 1.21875      0.1227184630308513       1.000006768927908
                 1.21875      0.1718058482431918       1.000006768927908
                 1.21875      0.2208932334555323       1.000006768927908
                 1.21875      0.2699806186678728       1.000006768927908
                 1.21875      0.3190680038802134       1.000006768927908
                 1.21875      0.3681553890925539       1.000006768927908
                 1.21875      0.4172427743048944       1.000006768927908
                 1.21875      0.4663301595172349       1.000006768927908
                 1.21875      0.5154175447295755       1.000006768927908
                 1.21875      0.5645049299419159       1.000006768927908
                 1.21875      0.6135923151542565       1.000006768927908
                 1.21875       0.662679700366597       1.000006768927908
                 1.21875      0.7117670855789375       1.000006768927908
                 1.21875       0.760854470791278       1.000006768927908
                 1.21875      0.8099418560036186       1.000006768927908
                 1.21875       0.859029241215959       1.000006768927908
                 1.21875      0.9081166264282996       1.000006768927908
                 1.21875      0.9572040116406401       1.000006768927908
                 1.21875       1.006291396852981       1.000006768927908
                 1.21875       1.055378782065321       1.000006768927908
                 1.21875       1.104466167277662       1.000006768927908
                 1.21875       1.153553552490002       1.000006768927908
                 1.21875       1.202640937702343       1.000006768927908
                 1.21875       1.251728322914683       1.000006768927908
                 1.21875       1.300815708127024       1.000006768927908
                 1.21875       1.349903093339364       1.000006768927908
                 1.21875       1.398990478551705       1.000006768927908
                 1.21875       1.448077863764045       1.000006768927908
                 1.21875       1.497165248976386       1.000006768927908
                 1.21875       1.546252634188726       1.000006768927908
                 1.21875       1.595340019401067       1.000006768927908
                 1.21875       1.644427404613407       1.000006768927908
                 1.21875       1.693514789825748       1.000006768927908
                 1.21875       1.742602175038088       1.000006768927908
                 1.21875       1.791689560250429       1.000006768927908
                 1.21875       1.840776945462769       1.000006768927908
                 1.21875        1.88986433067511       1.000006768927908
                 1.21875       1.938951715887451       1.000006768927908
                 1.21875       1.988039101099791       1.000006768927908
                 1.21875       2.037126486312132       1.000006768927908
                 1.21875       2.086213871524472       1.000006768927908
                 1.21875       2.135301256736812       1.000006768927908
                 1.21875       2.184388641949153       1.000006768927908
                 1.21875       2.233476027161494       1.000006768927908
                 1.21875       2.282563412373834       1.000006768927908
                 1.21875       2.331650797586175       1.000006768927908
                 1.21875       2.380738182798515       1.000006768927908
                 1.21875       2.429825568010856       1.000006768927908
                 1.21875       2.478912953223196       1.000006768927908
                 1.21875       2.528000338435537       1.000006768927908
                 1.21875       2.577087723647877       1.000006768927908
                 1.21875       2.626175108860218       1.000006768927908
                 1.21875       2.675262494072558       1.000006768927908
                 1.21875       2.724349879284899       1.000006768927908
                 1.21875       2.773437264497239       1.000006768927908
                 1.21875        2.82252464970958       1.000006768927908
                 1.21875        2.87161203492192       1.000006768927908
                 1.21875       2.920699420134261       1.000006768927908
                 1.21875       2.969786805346601       1.000006768927908
                 1.21875       3.018874190558942       1.000006768927908
                 1.21875       3.067961575771282       1.000006768927908
                 1.21875       3.117048960983623       1.000006768927908

                 1.28125     0.02454369260617026       1.000006414533261
                 1.28125     0.07363107781851078       1.000006414533261
                 1.28125      0.1227184630308513       1.000006414533261
                 1.28125      0.1718058482431918       1.000006414533261
                 1.28125      0.2208932334555323       1.000006414533261
                 1.28125      0.2699806186678728       1.000006414533261
                 1.28125      0.3190680038802134       1.000006414533261
                 1.28125      0.3681553890925539       1.000006414533261
                 1.28125      0.4172427743048944       1.000006414533261
                 1.28125      0.4663301595172349       1.000006414533261
                 1.28125      0.5154175447295755       1.000006414533261
                 1.28125      0.5645049299419159       1.000006414533261
                 1.28125      0.6135923151542565       1.000006414533261
                 1.28125       0.662679700366597       1.000006414533261
                 1.28125      0.7117670855789375       1.000006414533261
                 1.28125       0.760854470791278       1.000006414533261
                 1.28125      0.8099418560036186       1.000006414533261
                 1.28125       0.859029241215959       1.000006414533261
                 1.28125      0.9081166264282996       1.000006414533261
                 1.28125      0.9572040116406401       1.000006414533261
                 1.28125       1.006291396852981       1.000006414533261
                 1.28125       1.055378782065321       1.000006414533261
                 1.28125       1.104466167277662       1.000006414533261
                 1.28125       1.153553552490002       1.000006414533261
                 1.28125       1.202640937702343       1.000006414533261
                 1.28125       1.251728322914683       1.000006414533261
                 1.28125       1.300815708127024       1.000006414533261
                 1.28125       1.349903093339364       1.000006414533261
                 1.28125       1.398990478551705       1.000006414533261
                 1.28125       1.448077863764045       1.000006414533261
                 1.28125       1.497165248976386       1.000006414533261
                 1.28125       1.546252634188726       1.000006414533261
                 1.28125       1.595340019401067       1.000006414533261
                 1.28125       1.644427404613407       1.000006414533261
                 1.28125       1.693514789825748       1.000006414533261
                 1.28125       1.742602175038088       1.000006414533261
                 1.28125       1.791689560250429       1.000006414533261
                 1.28125       1.840776945462769       1.000006414533261
                 1.28125        1.88986433067511       1.000006414533261
                 1.28125       1.938951715887451       1.000006414533261
                 1.28125       1.988039101099791       1.000006414533261
                 1.28125       2.037126486312132       1.000006414533261
                 1.28125       2.086213871524472       1.000006414533261
                 1.28125       2.135301256736812       1.000006414533261
                 1.28125       2.184388641949153       1.000006414533261
                 1.28125       2.233476027161494       1.000006414533261
                 1.28125       2.282563412373834       1.000006414533261
                 1.28125       2.331650797586175       1.000006414533261
                 1.28125       2.380738182798515       1.000006414533261
                 1.28125       2.429825568010856       1.000006414533261
                 1.28125       2.478912953223196       1.000006414533261
                 1.28125       2.528000338435537       1.000006414533261
                 1.28125       2.577087723647877       1.000006414533261
                 1.28125       2.626175108860218       1.000006414533261
                 1.28125       2.675262494072558       1.000006414533261
                 1.28125       2.724349879284899       1.000006414533261
                 1.28125       2.773437264497239       1.000006414533261
                 1.28125        2.82252464970958       1.000006414533261
                 1.28125        2.87161203492192       1.000006414533261
                 1.28125       2.920699420134261       1.000006414533261
                 1.28125       2.969786805346601       1.000006414533261
                 1.28125       3.018874190558942       1.000006414533261
                 1.28125       3.067961575771282       1.000006414533261
                 1.28125       3.117048960983623       1.000006414533261

                 1.34375     0.02454369260617026       1.000006084286918
                 1.34375     0.07363107781851078       1.000006084286918
                 1.34375      0.1227184630308513       1.000006084286918
                 1.34375      0.1718058482431918       1.000006084286918
                 1.34375      0.2208932334555323       1.000006084286918
                 1.34375      0.2699806186678728       1.000006084286918
                 1.34375      0.3190680038802134       1.000006084286918
                 1.34375      0.3681553890925539       1.000006084286918
                 1.34375      0.4172427743048944       1.000006084286918
                 1.34375      0.4663301595172349       1.000006084286918
                 1.34375      0.5154175447295755       1.000006084286918
                 1.34375      0.5645049299419159       1.000006084286918
                 1.34375      0.6135923151542565       1.000006084286918
                 1.34375       0.662679700366597       1.000006084286918
                 1.34375      0.7117670855789375       1.000006084286918
                 1.34375       0.760854470791278       1.000006084286918
                 1.34375      0.8099418560036186       1.000006084286918
                 1.34375       0.859029241215959       1.000006084286918
                 1.34375      0.9081166264282996       1.000006084286918
                 1.34375      0.9572040116406401       1.000006084286918
                 1.34375       1.006291396852981       1.000006084286918
                 1.34375       1.055378782065321       1.000006084286918
                 1.34375       1.104466167277662       1.000006084286918
                 1.34375       1.153553552490002       1.000006084286918
                 1.34375       1.202640937702343       1.000006084286918
                 1.34375       1.251728322914683       1.000006084286918
                 1.34375       1.300815708127024       1.000006084286918
                 1.34375       1.349903093339364       1.000006084286918
                 1.34375       1.398990478551705       1.000006084286918
                 1.34375       1.448077863764045       1.000006084286918
                 1.34375       1.497165248976386       1.000006084286918
                 1.34375       1.546252634188726       1.000006084286918
                 1.34375       1.595340019401067       1.000006084286918
                 1.34375       1.644427404613407       1.000006084286918
                 1.34375       1.693514789825748       1.000006084286918
                 1.34375       1.742602175038088       1.000006084286918
                 1.34375       1.791689560250429       1.000006084286918
                 1.34375       1.840776945462769       1.000006084286918
                 1.34375        1.88986433067511       1.000006084286918
                 1.34375       1.938951715887451       1.000006084286918
                 1.34375       1.988039101099791       1.000006084286918
                 1.34375       2.037126486312132       1.000006084286918
                 1.34375       2.086213871524472       1.000006084286918
                 1.34375       2.135301256736812       1.000006084286918
                 1.34375       2.184388641949153       1.000006084286918
                 1.34375       2.233476027161494       1.000006084286918
                 1.34375       2.282563412373834       1.000006084286918
                 1.34375       2.331650797586175       1.000006084286918
                 1.34375       2.380738182798515       1.000006084286918
                 1.34375       2.429825568010856       1.000006084286918
                 1.34375       2.478912953223196       1.000006084286918
                 1.34375       2.528000338435537       1.000006084286918
                 1.34375       2.577087723647877       1.000006084286918
                 1.34375       2.626175108860218       1.000006084286918
                 1.34375       2.675262494072558       1.000006084286918
                 1.34375       2.724349879284899       1.000006084286918
                 1.34375       2.773437264497239       1.000006084286918
                 1.34375        2.82252464970958       1.000006084286918
                 1.34375        2.87161203492192       1.000006084286918
                 1.34375       2.920699420134261       1.000006084286918
                 1.34375       2.969786805346601       1.000006084286918
                 1.34375       3.018874190558942       1.000006084286918
                 1.34375       3.067961575771282       1.000006084286918
                 1.34375       3.117048960983623       1.000006084286918

                 1.40625     0.02454369260617026       1.000005777024791
                 1.40625     0.07363107781851078       1.000005777024791
                 1.40625      0.1227184630308513       1.000005777024791
                 1.40625      0.1718058482431918       1.000005777024791
                 1.40625      0.2208932334555323       1.000005777024791
                 1.40625      0.2699806186678728       1.000005777024791
                 1.40625      0.3190680038802134       1.000005777024791
                 1.40625      0.3681553890925539       1.000005777024791
                 1.40625      0.4172427743048944       1.000005777024791
                 1.40625      0.4663301595172349       1.000005777024791
                 1.40625      0.5154175447295755       1.000005777024791
                 1.40625      0.5645049299419159       1.000005777024791
                 1.40625      0.6135923151542565       1.000005777024791
                 1.40625       0.662679700366597       1.000005777024791
                 1.40625      0.7117670855789375       1.000005777024791
                 1.40625       0.760854470791278       1.000005777024791
                 1.40625      0.8099418560036186       1.000005777024791
                 1.40625       0.859029241215959       1.000005777024791
                 1.40625      0.9081166264282996       1.000005777024791
                 1.40625      0.9572040116406401       1.000005777024791
                 1.40625       1.006291396852981       1.000005777024791
                 1.40625       1.055378782065321       1.000005777024791
                 1.40625       1.104466167277662       1.000005777024791
                 1.40625       1.153553552490002       1.000005777024791
                 1.40625       1.202640937702343       1.000005777024791
                 1.40625       1.251728322914683       1.000005777024791
                 1.40625       1.300815708127024       1.000005777024791
                 1.40625       1.349903093339364       1.000005777024791
                 1.40625       1.398990478551705       1.000005777024791
                 1.40625       1.448077863764045       1.000005777024791
                 1.40625       1.497165248976386       1.000005777024791
                 1.40625       1.546252634188726       1.000005777024791
                 1.40625       1.595340019401067       1.000005777024791
                 1.40625       1.644427404613407       1.000005777024791
                 1.40625       1.693514789825748       1.000005777024791
                 1.40625       1.742602175038088       1.000005777024791
                 1.40625       1.791689560250429       1.000005777024791
                 1.40625       1.840776945462769       1.000005777024791
                 1.40625        1.88986433067511       1.000005777024791
                 1.40625       1.938951715887451       1.000005777024791
                 1.40625       1.988039101099791       1.000005777024791
                 1.40625       2.037126486312132       1.000005777024791
                 1.40625       2.086213871524472       1.000005777024791
                 1.40625       2.135301256736812       1.000005777024791
                 1.40625       2.184388641949153       1.000005777024791
                 1.40625       2.233476027161494       1.000005777024791
                 1.40625       2.282563412373834       1.000005777024791
                 1.40625       2.331650797586175       1.000005777024791
                 1.40625       2.380738182798515       1.000005777024791
                 1.40625       2.429825568010856       1.000005777024791
                 1.40625       2.478912953223196       1.000005777024791
                 1.40625       2.528000338435537       1.000005777024791
                 1.40625       2.577087723647877       1.000005777024791
                 1.40625       2.626175108860218       1.000005777024791
                 1.40625       2.675262494072558       1.000005777024791
                 1.40625       2.724349879284899       1.000005777024791
                 1.40625       2.773437264497239       1.000005777024791
                 1.40625        2.82252464970958       1.000005777024791
                 1.40625        2.87161203492192       1.000005777024791
                 1.40625       2.920699420134261       1.000005777024791
                 1.40625       2.969786805346601       1.000005777024791
                 1.40625       3.018874190558942       1.000005777024791
                 1.40625       3.067961575771282       1.000005777024791
                 1.40625       3.117048960983623       1.000005777024791

                 1.46875     0.02454369260617026        1.00000549138193
                 1.46875     0.07363107781851078        1.00000549138193
                 1.46875      0.1227184630308513        1.00000549138193
                 1.46875      0.1718058482431918        1.00000549138193
                 1.46875      0.2208932334555323        1.00000549138193
                 1.46875      0.2699806186678728        1.00000549138193
                 1.46875      0.3190680038802134        1.00000549138193
                 1.46875      0.3681553890925539        1.00000549138193
                 1.46875      0.4172427743048944        1.00000549138193
                 1.46875      0.4663301595172349        1.00000549138193
                 1.46875      0.5154175447295755        1.00000549138193
                 1.46875      0.5645049299419159        1.00000549138193
                 1.46875      0.6135923151542565        1.00000549138193
                 1.46875       0.662679700366597        1.00000549138193
                 1.46875      0.7117670855789375        1.00000549138193
                 1.46875       0.760854470791278        1.00000549138193
                 1.46875      0.8099418560036186        1.00000549138193
                 1.46875       0.859029241215959        1.00000549138193
                 1.46875      0.9081166264282996        1.00000549138193
                 1.46875      0.9572040116406401        1.00000549138193
                 1.46875       1.006291396852981        1.00000549138193
                 1.46875       1.055378782065321        1.00000549138193
                 1.46875       1.104466167277662        1.00000549138193
                 1.46875       1.153553552490002        1.00000549138193
                 1.46875       1.202640937702343        1.00000549138193
                 1.46875       1.251728322914683        1.00000549138193
                 1.46875       1.300815708127024        1.00000549138193
                 1.46875       1.349903093339364        1.00000549138193
                 1.46875       1.398990478551705        1.00000549138193
                 1.46875       1.448077863764045        1.00000549138193
                 1.46875       1.497165248976386        1.00000549138193
                 1.46875       1.546252634188726        1.00000549138193
                 1.46875       1.595340019401067        1.00000549138193
                 1.46875       1.644427404613407        1.00000549138193
                 1.46875       1.693514789825748        1.00000549138193
                 1.46875       1.742602175038088        1.00000549138193
                 1.46875       1.791689560250429        1.00000549138193
                 1.46875       1.840776945462769        1.00000549138193
                 1.46875        1.88986433067511        1.00000549138193
                 1.46875       1.938951715887451        1.00000549138193
                 1.46875       1.988039101099791        1.00000549138193
                 1.46875       2.037126486312132        1.00000549138193
                 1.46875       2.086213871524472        1.00000549138193
                 1.46875       2.135301256736812        1.00000549138193
                 1.46875       2.184388641949153        1.00000549138193
                 1.46875       2.233476027161494        1.00000549138193
                 1.46875       2.282563412373834        1.00000549138193
                 1.46875       2.331650797586175        1.00000549138193
                 1.46875       2.380738182798515        1.00000549138193
                 1.46875       2.429825568010856        1.00000549138193
                 1.46875       2.478912953223196        1.00000549138193
                 1.46875       2.528000338435537        1.00000549138193
                 1.46875       2.577087723647877        1.00000549138193
                 1.46875       2.626175108860218        1.00000549138193
                 1.46875       2.675262494072558        1.00000549138193
                 1.46875       2.724349879284899        1.00000549138193
                 1.46875       2.773437264497239        1.00000549138193
                 1.46875        2.82252464970958        1.00000549138193
                 1.46875        2.87161203492192        1.00000549138193
                 1.46875       2.920699420134261        1.00000549138193
                 1.46875       2.969786805346601        1.00000549138193
                 1.46875       3.018874190558942        1.00000549138193
                 1.46875       3.067961575771282        1.00000549138193
                 1.46875       3.117048960983623        1.00000549138193

                 1.53125     0.02454369260617026       1.000005225885222
                 1.53125     0.07363107781851078       1.000005225885222
                 1.53125      0.1227184630308513       1.000005225885222
                 1.53125      0.1718058482431918       1.000005225885222
                 1.53125      0.2208932334555323       1.000005225885222
                 1.53125      0.2699806186678728       1.000005225885222
                 1.53125      0.3190680038802134       1.000005225885222
                 1.53125      0.3681553890925539       1.000005225885222
                 1.53125      0.4172427743048944       1.000005225885222
                 1.53125      0.4663301595172349       1.000005225885222
                 1.53125      0.5154175447295755       1.000005225885222
                 1.53125      0.5645049299419159       1.000005225885222
                 1.53125      0.6135923151542565       1.000005225885222
                 1.53125       0.662679700366597       1.000005225885222
                 1.53125      0.7117670855789375       1.000005225885222
                 1.53125       0.760854470791278       1.000005225885222
                 1.53125      0.8099418560036186       1.000005225885222
                 1.53125       0.859029241215959       1.000005225885222
                 1.53125      0.9081166264282996       1.000005225885222
                 1.53125      0.9572040116406401       1.000005225885222
                 1.53125       1.006291396852981       1.000005225885222
                 1.53125       1.055378782065321       1.000005225885222
                 1.53125       1.104466167277662       1.000005225885222
                 1.53125       1.153553552490002       1.000005225885222
                 1.53125       1.202640937702343       1.000005225885222
                 1.53125       1.251728322914683       1.000005225885222
                 1.53125       1.300815708127024       1.000005225885222
                 1.53125       1.349903093339364       1.000005225885222
                 1.53125       1.398990478551705       1.000005225885222
                 1.53125       1.448077863764045       1.000005225885222
                 1.53125       1.497165248976386       1.000005225885222
                 1.53125       1.546252634188726       1.000005225885222
                 1.53125       1.595340019401067       1.000005225885222
                 1.53125       1.644427404613407       1.000005225885222
                 1.53125       1.693514789825748       1.000005225885222
                 1.53125       1.742602175038088       1.000005225885222
                 1.53125       1.791689560250429       1.000005225885222
                 1.53125       1.840776945462769       1.000005225885222
                 1.53125        1.88986433067511       1.000005225885222
                 1.53125       1.938951715887451       1.000005225885222
                 1.53125       1.988039101099791       1.000005225885222
                 1.53125       2.037126486312132       1.000005225885222
                 1.53125       2.086213871524472       1.000005225885222
                 1.53125       2.135301256736812       1.000005225885222
                 1.53125       2.184388641949153       1.000005225885222
                 1.53125       2.233476027161494       1.000005225885222
                 1.53125       2.282563412373834       1.000005225885222
                 1.53125       2.331650797586175       1.000005225885222
                 1.53125       2.380738182798515       1.000005225885222
                 1.53125       2.429825568010856       1.000005225885222
                 1.53125       2.478912953223196       1.000005225885222
                 1.53125       2.528000338435537       1.000005225885222
                 1.53125       2.577087723647877       1.000005225885222
                 1.53125       2.626175108860218       1.000005225885222
                 1.53125       2.675262494072558       1.000005225885222
                 1.53125       2.724349879284899       1.000005225885222
                 1.53125       2.773437264497239       1.000005225885222
                 1.53125        2.82252464970958       1.000005225885222
                 1.53125        2.87161203492192       1.000005225885222
                 1.53125       2.920699420134261       1.000005225885222
                 1.53125       2.969786805346601       1.000005225885222
                 1.53125       3.018874190558942       1.000005225885222
                 1.53125       3.067961575771282       1.000005225885222
                 1.53125       3.117048960983623       1.000005225885222

                 1.59375     0.02454369260617026       1.000004979026197
                 1.59375     0.07363107781851078       1.000004979026197
                 1.59375      0.1227184630308513       1.000004979026197
                 1.59375      0.1718058482431918       1.000004979026197
                 1.59375      0.2208932334555323       1.000004979026197
                 1.59375      0.2699806186678728       1.000004979026197
                 1.59375      0.3190680038802134       1.000004979026197
                 1.59375      0.3681553890925539       1.000004979026197
                 1.59375      0.4172427743048944       1.000004979026197
                 1.59375      0.4663301595172349       1.000004979026197
                 1.59375      0.5154175447295755       1.000004979026197
                 1.59375      0.5645049299419159       1.000004979026197
                 1.59375      0.6135923151542565       1.000004979026197
                 1.59375       0.662679700366597       1.000004979026197
                 1.59375      0.7117670855789375       1.000004979026197
                 1.59375       0.760854470791278       1.000004979026197
                 1.59375      0.8099418560036186       1.000004979026197
                 1.59375       0.859029241215959       1.000004979026197
                 1.59375      0.9081166264282996       1.000004979026197
                 1.59375      0.9572040116406401       1.000004979026197
                 1.59375       1.006291396852981       1.000004979026197
                 1.59375       1.055378782065321       1.000004979026197
                 1.59375       1.104466167277662       1.000004979026197
                 1.59375       1.153553552490002       1.000004979026197
                 1.59375       1.202640937702343       1.000004979026197
                 1.59375       1.251728322914683       1.000004979026197
                 1.59375       1.300815708127024       1.000004979026197
                 1.59375       1.349903093339364       1.000004979026197
                 1.59375       1.398990478551705       1.000004979026197
                 1.59375       1.448077863764045       1.000004979026197
                 1.59375       1.497165248976386       1.000004979026197
                 1.59375       1.546252634188726       1.000004979026197
                 1.59375       1.595340019401067       1.000004979026197
                 1.59375       1.644427404613407       1.000004979026197
                 1.59375       1.693514789825748       1.000004979026197
                 1.59375       1.742602175038088       1.000004979026197
                 1.59375       1.791689560250429       1.000004979026197
                 1.59375       1.840776945462769       1.000004979026197
                 1.59375        1.88986433067511       1.000004979026197
                 1.59375       1.938951715887451       1.000004979026197
                 1.59375       1.988039101099791       1.000004979026197
                 1.59375       2.037126486312132       1.000004979026197
                 1.59375       2.086213871524472       1.000004979026197
                 1.59375       2.135301256736812       1.000004979026197
                 1.59375       2.184388641949153       1.000004979026197
                 1.59375       2.233476027161494       1.000004979026197
                 1.59375       2.282563412373834       1.000004979026197
                 1.59375       2.331650797586175       1.000004979026197
                 1.59375       2.380738182798515       1.000004979026197
                 1.59375       2.429825568010856       1.000004979026197
                 1.59375       2.478912953223196       1.000004979026197
                 1.59375       2.528000338435537       1.000004979026197
                 1.59375       2.577087723647877       1.000004979026197
                 1.59375       2.626175108860218       1.000004979026197
                 1.59375       2.675262494072558       1.000004979026197
                 1.59375       2.724349879284899       1.000004979026197
                 1.59375       2.773437264497239       1.000004979026197
                 1.59375        2.82252464970958       1.000004979026197
                 1.59375        2.87161203492192       1.000004979026197
                 1.59375       2.920699420134261       1.000004979026197
                 1.59375       2.969786805346601       1.000004979026197
                 1.59375       3.018874190558942       1.000004979026197
                 1.59375       3.067961575771282       1.000004979026197
                 1.59375       3.117048960983623       1.000004979026197

                 1.65625     0.02454369260617026       1.000004749315419
                 1.65625     0.07363107781851078       1.000004749315419
                 1.65625      0.1227184630308513       1.000004749315419
                 1.65625      0.1718058482431918       1.000004749315419
                 1.65625      0.2208932334555323       1.000004749315419
                 1.65625      0.2699806186678728       1.000004749315419
                 1.65625      0.3190680038802134       1.000004749315419
                 1.65625      0.3681553890925539       1.000004749315419
                 1.65625      0.4172427743048944       1.000004749315419
                 1.65625      0.4663301595172349       1.000004749315419
                 1.65625      0.5154175447295755       1.000004749315419
                 1.65625      0.5645049299419159       1.000004749315419
                 1.65625      0.6135923151542565       1.000004749315419
                 1.65625       0.662679700366597       1.000004749315419
                 1.65625      0.7117670855789375       1.000004749315419
                 1.65625       0.760854470791278       1.000004749315419
                 1.65625      0.8099418560036186       1.000004749315419
                 1.65625       0.859029241215959       1.000004749315419
                 1.65625      0.9081166264282996       1.000004749315419
                 1.65625      0.9572040116406401       1.000004749315419
                 1.65625       1.006291396852981       1.000004749315419
                 1.65625       1.055378782065321       1.000004749315419
                 1.65625       1.104466167277662       1.000004749315419
                 1.65625       1.153553552490002       1.000004749315419
                 1.65625       1.202640937702343       1.000004749315419
                 1.65625       1.251728322914683       1.000004749315419
                 1.65625       1.300815708127024       1.000004749315419
                 1.65625       1.349903093339364       1.000004749315419
                 1.65625       1.398990478551705       1.000004749315419
                 1.65625       1.448077863764045       1.000004749315419
                 1.65625       1.497165248976386       1.000004749315419
                 1.65625       1.546252634188726       1.000004749315419
                 1.65625       1.595340019401067       1.000004749315419
                 1.65625       1.644427404613407       1.000004749315419
                 1.65625       1.693514789825748       1.000004749315419
                 1.65625       1.742602175038088       1.000004749315419
                 1.65625       1.791689560250429       1.000004749315419
                 1.65625       1.840776945462769       1.000004749315419
                 1.65625        1.88986433067511       1.000004749315419
                 1.65625       1.938951715887451       1.000004749315419
                 1.65625       1.988039101099791       1.000004749315419
                 1.65625       2.037126486312132       1.000004749315419
                 1.65625       2.086213871524472       1.000004749315419
                 1.65625       2.135301256736812       1.000004749315419
                 1.65625       2.184388641949153       1.000004749315419
                 1.65625       2.233476027161494       1.000004749315419
                 1.65625       2.282563412373834       1.000004749315419
                 1.65625       2.331650797586175       1.000004749315419
                 1.65625       2.380738182798515       1.000004749315419
                 1.65625       2.429825568010856       1.000004749315419
                 1.65625       2.478912953223196       1.000004749315419
                 1.65625       2.528000338435537       1.000004749315419
                 1.65625       2.577087723647877       1.000004749315419
                 1.65625       2.626175108860218       1.000004749315419
                 1.65625       2.675262494072558       1.000004749315419
                 1.65625       2.724349879284899       1.000004749315419
                 1.65625       2.773437264497239       1.000004749315419
                 1.65625        2.82252464970958       1.000004749315419
                 1.65625        2.87161203492192       1.000004749315419
                 1.65625       2.920699420134261       1.000004749315419
                 1.65625       2.969786805346601       1.000004749315419
                 1.65625       3.018874190558942       1.000004749315419
                 1.65625       3.067961575771282       1.000004749315419
                 1.65625       3.117048960983623       1.000004749315419

                 1.71875     0.02454369260617026        1.00000453532079
                 1.71875     0.07363107781851078        1.00000453532079
                 1.71875      0.1227184630308513        1.00000453532079
                 1.71875      0.1718058482431918        1.00000453532079
                 1.71875      0.2208932334555323        1.00000453532079
                 1.71875      0.2699806186678728        1.00000453532079
                 1.71875      0.3190680038802134        1.00000453532079
                 1.71875      0.3681553890925539        1.00000453532079
                 1.71875      0.4172427743048944        1.00000453532079
                 1.71875      0.4663301595172349        1.00000453532079
                 1.71875      0.5154175447295755        1.00000453532079
                 1.71875      0.5645049299419159        1.00000453532079
                 1.71875      0.6135923151542565        1.00000453532079
                 1.71875       0.662679700366597        1.00000453532079
                 1.71875      0.7117670855789375        1.00000453532079
                 1.71875       0.760854470791278        1.00000453532079
                 1.71875      0.8099418560036186        1.00000453532079
                 1.71875       0.859029241215959        1.00000453532079
                 1.71875      0.9081166264282996        1.00000453532079
                 1.71875      0.9572040116406401        1.00000453532079
                 1.71875       1.006291396852981        1.00000453532079
                 1.71875       1.055378782065321        1.00000453532079
                 1.71875       1.104466167277662        1.00000453532079
                 1.71875       1.153553552490002        1.00000453532079
                 1.71875       1.202640937702343        1.00000453532079
                 1.71875       1.251728322914683        1.00000453532079
                 1.71875       1.300815708127024        1.00000453532079
                 1.71875       1.349903093339364        1.00000453532079
                 1.71875       1.398990478551705        1.00000453532079
                 1.71875       1.448077863764045        1.00000453532079
                 1.71875       1.497165248976386        1.00000453532079
                 1.71875       1.546252634188726        1.00000453532079
                 1.71875       1.595340019401067        1.00000453532079
                 1.71875       1.644427404613407        1.00000453532079
                 1.71875       1.693514789825748        1.00000453532079
                 1.71875       1.742602175038088        1.00000453532079
                 1.71875       1.791689560250429        1.00000453532079
                 1.71875       1.840776945462769        1.00000453532079
                 1.71875        1.88986433067511        1.00000453532079
                 1.71875       1.938951715887451        1.00000453532079
                 1.71875       1.988039101099791        1.00000453532079
                 1.71875       2.037126486312132        1.00000453532079
                 1.71875       2.086213871524472        1.00000453532079
                 1.71875       2.135301256736812        1.00000453532079
                 1.71875       2.184388641949153        1.00000453532079
                 1.71875       2.233476027161494        1.00000453532079
                 1.71875       2.282563412373834        1.00000453532079
                 1.71875       2.331650797586175        1.00000453532079
                 1.71875       2.380738182798515        1.00000453532079
                 1.71875       2.429825568010856        1.00000453532079
                 1.71875       2.478912953223196        1.00000453532079
                 1.71875       2.528000338435537        1.00000453532079
                 1.71875       2.577087723647877        1.00000453532079
                 1.71875       2.626175108860218        1.00000453532079
                 1.71875       2.675262494072558        1.00000453532079
                 1.71875       2.724349879284899        1.00000453532079
                 1.71875       2.773437264497239        1.00000453532079
                 1.71875        2.82252464970958        1.00000453532079
                 1.71875        2.87161203492192        1.00000453532079
                 1.71875       2.920699420134261        1.00000453532079
                 1.71875       2.969786805346601        1.00000453532079
                 1.71875       3.018874190558942        1.00000453532079
                 1.71875       3.067961575771282        1.00000453532079
                 1.71875       3.117048960983623        1.00000453532079

                 1.78125     0.02454369260617026        1.00000433569244
                 1.78125     0.07363107781851078        1.00000433569244
                 1.78125      0.1227184630308513        1.00000433569244
                 1.78125      0.1718058482431918        1.00000433569244
                 1.78125      0.2208932334555323        1.00000433569244
                 1.78125      0.2699806186678728        1.00000433569244
                 1.78125      0.3190680038802134        1.00000433569244
                 1.78125      0.3681553890925539        1.00000433569244
                 1.78125      0.4172427743048944        1.00000433569244
                 1.78125      0.4663301595172349        1.00000433569244
                 1.78125      0.5154175447295755        1.00000433569244
                 1.78125      0.5645049299419159        1.00000433569244
                 1.78125      0.6135923151542565        1.00000433569244
                 1.78125       0.662679700366597        1.00000433569244
                 1.78125      0.7117670855789375        1.00000433569244
                 1.78125       0.760854470791278        1.00000433569244
                 1.78125      0.8099418560036186        1.00000433569244
                 1.78125       0.859029241215959        1.00000433569244
                 1.78125      0.9081166264282996        1.00000433569244
                 1.78125      0.9572040116406401        1.00000433569244
                 1.78125       1.006291396852981        1.00000433569244
                 1.78125       1.055378782065321        1.00000433569244
                 1.78125       1.104466167277662        1.00000433569244
                 1.78125       1.153553552490002        1.00000433569244
                 1.78125       1.202640937702343        1.00000433569244
                 1.78125       1.251728322914683        1.00000433569244
                 1.78125       1.300815708127024        1.00000433569244
                 1.78125       1.349903093339364        1.00000433569244
                 1.78125       1.398990478551705        1.00000433569244
                 1.78125       1.448077863764045        1.00000433569244
                 1.78125       1.497165248976386        1.00000433569244
                 1.78125       1.546252634188726        1.00000433569244
                 1.78125       1.595340019401067        1.00000433569244
                 1.78125       1.644427404613407        1.00000433569244
                 1.78125       1.693514789825748        1.00000433569244
                 1.78125       1.742602175038088        1.00000433569244
                 1.78125       1.791689560250429        1.00000433569244
                 1.78125       1.840776945462769        1.00000433569244
                 1.78125        1.88986433067511        1.00000433569244
                 1.78125       1.938951715887451        1.00000433569244
                 1.78125       1.988039101099791        1.00000433569244
                 1.78125       2.037126486312132        1.00000433569244
                 1.78125       2.086213871524472        1.00000433569244
                 1.78125       2.135301256736812        1.00000433569244
                 1.78125       2.184388641949153        1.00000433569244
                 1.78125       2.233476027161494        1.00000433569244
                 1.78125       2.282563412373834        1.00000433569244
                 1.78125       2.331650797586175        1.00000433569244
                 1.78125       2.380738182798515        1.00000433569244
                 1.78125       2.429825568010856        1.00000433569244
                 1.78125       2.478912953223196        1.00000433569244
                 1.78125       2.528000338435537        1.00000433569244
                 1.78125       2.577087723647877        1.00000433569244
                 1.78125       2.626175108860218        1.00000433569244
                 1.78125       2.675262494072558        1.00000433569244
                 1.78125       2.724349879284899        1.00000433569244
                 1.78125       2.773437264497239        1.00000433569244
                 1.78125        2.82252464970958        1.00000433569244
                 1.78125        2.87161203492192        1.00000433569244
                 1.78125       2.920699420134261        1.00000433569244
                 1.78125       2.969786805346601        1.00000433569244
                 1.78125       3.018874190558942        1.00000433569244
                 1.78125       3.067961575771282        1.00000433569244
                 1.78125       3.117048960983623        1.00000433569244

                 1.84375     0.02454369260617026       1.000004149176973
                 1.84375     0.07363107781851078       1.000004149176973
                 1.84375      0.1227184630308513       1.000004149176973
                 1.84375      0.1718058482431918       1.000004149176973
                 1.84375      0.2208932334555323       1.000004149176973
                 1.84375      0.2699806186678728       1.000004149176973
                 1.84375      0.3190680038802134       1.000004149176973
                 1.84375      0.3681553890925539       1.000004149176973
                 1.84375      0.4172427743048944       1.000004149176973
                 1.84375      0.4663301595172349       1.000004149176973
                 1.84375      0.5154175447295755       1.000004149176973
                 1.84375      0.5645049299419159       1.000004149176973
                 1.84375      0.6135923151542565       1.000004149176973
                 1.84375       0.662679700366597       1.000004149176973
                 1.84375      0.7117670855789375       1.000004149176973
                 1.84375       0.760854470791278       1.000004149176973
                 1.84375      0.8099418560036186       1.000004149176973
                 1.84375       0.859029241215959       1.000004149176973
                 1.84375      0.9081166264282996       1.000004149176973
                 1.84375      0.9572040116406401       1.000004149176973
                 1.84375       1.006291396852981       1.000004149176973
                 1.84375       1.055378782065321       1.000004149176973
                 1.84375       1.104466167277662       1.000004149176973
                 1.84375       1.153553552490002       1.000004149176973
                 1.84375       1.202640937702343       1.000004149176973
                 1.84375       1.251728322914683       1.000004149176973
                 1.84375       1.300815708127024       1.000004149176973
                 1.84375       1.349903093339364       1.000004149176973
                 1.84375       1.398990478551705       1.000004149176973
                 1.84375       1.448077863764045       1.000004149176973
                 1.84375       1.497165248976386       1.000004149176973
                 1.84375       1.546252634188726       1.000004149176973
                 1.84375       1.595340019401067       1.000004149176973
                 1.84375       1.644427404613407       1.000004149176973
                 1.84375       1.693514789825748       1.000004149176973
                 1.84375       1.742602175038088       1.000004149176973
                 1.84375       1.791689560250429       1.000004149176973
                 1.84375       1.840776945462769       1.000004149176973
                 1.84375        1.88986433067511       1.000004149176973
                 1.84375       1.938951715887451       1.000004149176973
                 1.84375       1.988039101099791       1.000004149176973
                 1.84375       2.037126486312132       1.000004149176973
                 1.84375       2.086213871524472       1.000004149176973
                 1.84375       2.135301256736812       1.000004149176973
                 1.84375       2.184388641949153       1.000004149176973
                 1.84375       2.233476027161494       1.000004149176973
                 1.84375       2.282563412373834       1.000004149176973
                 1.84375       2.331650797586175       1.000004149176973
                 1.84375       2.380738182798515       1.000004149176973
                 1.84375       2.429825568010856       1.000004149176973
                 1.84375       2.478912953223196       1.000004149176973
                 1.84375       2.528000338435537       1.000004149176973
                 1.84375       2.577087723647877       1.000004149176973
                 1.84375       2.626175108860218       1.000004149176973
                 1.84375       2.675262494072558       1.000004149176973
                 1.84375       2.724349879284899       1.000004149176973
                 1.84375       2.773437264497239       1.000004149176973
                 1.84375        2.82252464970958       1.000004149176973
                 1.84375        2.87161203492192       1.000004149176973
                 1.84375       2.920699420134261       1.000004149176973
                 1.84375       2.969786805346601       1.000004149176973
                 1.84375       3.018874190558942       1.000004149176973
                 1.84375       3.067961575771282       1.000004149176973
                 1.84375       3.117048960983623       1.000004149176973

                 1.90625     0.02454369260617026       1.000003974623648
                 1.90625     0.07363107781851078       1.000003974623648
                 1.90625      0.1227184630308513       1.000003974623648
                 1.90625      0.1718058482431918       1.000003974623648
                 1.90625      0.2208932334555323       1.000003974623648
                 1.90625      0.2699806186678728       1.000003974623648
                 1.90625      0.3190680038802134       1.000003974623648
                 1.90625      0.3681553890925539       1.000003974623648
                 1.90625      0.4172427743048944       1.000003974623648
                 1.90625      0.4663301595172349       1.000003974623648
                 1.90625      0.5154175447295755       1.000003974623648
                 1.90625      0.5645049299419159       1.000003974623648
                 1.90625      0.6135923151542565       1.000003974623648
                 1.90625       0.662679700366597       1.000003974623648
                 1.90625      0.7117670855789375       1.000003974623648
                 1.90625       0.760854470791278       1.000003974623648
                 1.90625      0.8099418560036186       1.000003974623648
                 1.90625       0.859029241215959       1.000003974623648
                 1.90625      0.9081166264282996       1.000003974623648
                 1.90625      0.9572040116406401       1.000003974623648
                 1.90625       1.006291396852981       1.000003974623648
                 1.90625       1.055378782065321       1.000003974623648
                 1.90625       1.104466167277662       1.000003974623648
                 1.90625       1.153553552490002       1.000003974623648
                 1.90625       1.202640937702343       1.000003974623648
                 1.90625       1.251728322914683       1.000003974623648
                 1.90625       1.300815708127024       1.000003974623648
                 1.90625       1.349903093339364       1.000003974623648
                 1.90625       1.398990478551705       1.000003974623648
                 1.90625       1.448077863764045       1.000003974623648
                 1.90625       1.497165248976386       1.000003974623648
                 1.90625       1.546252634188726       1.000003974623648
                 1.90625       1.595340019401067       1.000003974623648
                 1.90625       1.644427404613407       1.000003974623648
                 1.90625       1.693514789825748       1.000003974623648
                 1.90625       1.742602175038088       1.000003974623648
                 1.90625       1.791689560250429       1.000003974623648
                 1.90625       1.840776945462769       1.000003974623648
                 1.90625        1.88986433067511       1.000003974623648
                 1.90625       1.938951715887451       1.000003974623648
                 1.90625       1.988039101099791       1.000003974623648
                 1.90625       2.037126486312132       1.000003974623648
                 1.90625       2.086213871524472       1.000003974623648
                 1.90625       2.135301256736812       1.000003974623648
                 1.90625       2.184388641949153       1.000003974623648
                 1.90625       2.233476027161494       1.000003974623648
                 1.90625       2.282563412373834       1.000003974623648
                 1.90625       2.331650797586175       1.000003974623648
                 1.90625       2.380738182798515       1.000003974623648
                 1.90625       2.429825568010856       1.000003974623648
                 1.90625       2.478912953223196       1.000003974623648
                 1.90625       2.528000338435537       1.000003974623648
                 1.90625       2.577087723647877       1.000003974623648
                 1.90625       2.626175108860218       1.000003974623648
                 1.90625       2.675262494072558       1.000003974623648
                 1.90625       2.724349879284899       1.000003974623648
                 1.90625       2.773437264497239       1.000003974623648
                 1.90625        2.82252464970958       1.000003974623648
                 1.90625        2.87161203492192       1.000003974623648
                 1.90625       2.920699420134261       1.000003974623648
                 1.90625       2.969786805346601       1.000003974623648
                 1.90625       3.018874190558942       1.000003974623648
                 1.90625       3.067961575771282       1.000003974623648
                 1.90625       3.117048960983623       1.000003974623648

                 1.96875     0.02454369260617026       1.000003810984738
                 1.96875     0.07363107781851078       1.000003810984738
                 1.96875      0.1227184630308513       1.000003810984738
                 1.96875      0.1718058482431918       1.000003810984738
                 1.96875      0.2208932334555323       1.000003810984738
                 1.96875      0.2699806186678728       1.000003810984738
                 1.96875      0.3190680038802134       1.000003810984738
                 1.96875      0.3681553890925539       1.000003810984738
                 1.96875      0.4172427743048944       1.000003810984738
                 1.96875      0.4663301595172349       1.000003810984738
                 1.96875      0.5154175447295755       1.000003810984738
                 1.96875      0.5645049299419159       1.000003810984738
                 1.96875      0.6135923151542565       1.000003810984738
                 1.96875       0.662679700366597       1.000003810984738
                 1.96875      0.7117670855789375       1.000003810984738
                 1.96875       0.760854470791278       1.000003810984738
                 1.96875      0.8099418560036186       1.000003810984738
                 1.96875       0.859029241215959       1.000003810984738
                 1.96875      0.9081166264282996       1.000003810984738
                 1.96875      0.9572040116406401       1.000003810984738
                 1.96875       1.006291396852981       1.000003810984738
                 1.96875       1.055378782065321       1.000003810984738
                 1.96875       1.104466167277662       1.000003810984738
                 1.96875       1.153553552490002       1.000003810984738
                 1.96875       1.202640937702343       1.000003810984738
                 1.96875       1.251728322914683       1.000003810984738
                 1.96875       1.300815708127024       1.000003810984738
                 1.96875       1.349903093339364       1.000003810984738
                 1.96875       1.398990478551705       1.000003810984738
                 1.96875       1.448077863764045       1.000003810984738
                 1.96875       1.497165248976386       1.000003810984738
                 1.96875       1.546252634188726       1.000003810984738
                 1.96875       1.595340019401067       1.000003810984738
                 1.96875       1.644427404613407       1.000003810984738
                 1.96875       1.693514789825748       1.000003810984738
                 1.96875       1.742602175038088       1.000003810984738
                 1.96875       1.791689560250429       1.000003810984738
                 1.96875       1.840776945462769       1.000003810984738
                 1.96875        1.88986433067511       1.000003810984738
                 1.96875       1.938951715887451       1.000003810984738
                 1.96875       1.988039101099791       1.000003810984738
                 1.96875       2.037126486312132       1.000003810984738
                 1.96875       2.086213871524472       1.000003810984738
                 1.96875       2.135301256736812       1.000003810984738
                 1.96875       2.184388641949153       1.000003810984738
                 1.96875       2.233476027161494       1.000003810984738
                 1.96875       2.282563412373834       1.000003810984738
                 1.96875       2.331650797586175       1.000003810984738
                 1.96875       2.380738182798515       1.000003810984738
                 1.96875       2.429825568010856       1.000003810984738
                 1.96875       2.478912953223196       1.000003810984738
                 1.96875       2.528000338435537       1.000003810984738
                 1.96875       2.577087723647877       1.000003810984738
                 1.96875       2.626175108860218       1.000003810984738
                 1.96875       2.675262494072558       1.000003810984738
                 1.96875       2.724349879284899       1.000003810984738
                 1.96875       2.773437264497239       1.000003810984738
                 1.96875        2.82252464970958       1.000003810984738
                 1.96875        2.87161203492192       1.000003810984738
                 1.96875       2.920699420134261       1.000003810984738
                 1.96875       2.969786805346601       1.000003810984738
                 1.96875       3.018874190558942       1.000003810984738
                 1.96875       3.067961575771282       1.000003810984738
                 1.96875       3.117048960983623       1.000003810984738

                 2.03125     0.02454369260617026       1.000003657311972
                 2.03125     0.07363107781851078       1.000003657311972
                 2.03125      0.1227184630308513       1.000003657311972
                 2.03125      0.1718058482431918       1.000003657311972
                 2.03125      0.2208932334555323       1.000003657311972
                 2.03125      0.2699806186678728       1.000003657311972
                 2.03125      0.3190680038802134       1.000003657311972
                 2.03125      0.3681553890925539       1.000003657311972
                 2.03125      0.4172427743048944       1.000003657311972
                 2.03125      0.4663301595172349       1.000003657311972
                 2.03125      0.5154175447295755       1.000003657311972
                 2.03125      0.5645049299419159       1.000003657311972
                 2.03125      0.6135923151542565       1.000003657311972
                 2.03125       0.662679700366597       1.000003657311972
                 2.03125      0.7117670855789375       1.000003657311972
                 2.03125       0.760854470791278       1.000003657311972
                 2.03125      0.8099418560036186       1.000003657311972
                 2.03125       0.859029241215959       1.000003657311972
                 2.03125      0.9081166264282996       1.000003657311972
                 2.03125      0.9572040116406401       1.000003657311972
                 2.03125       1.006291396852981       1.000003657311972
                 2.03125       1.055378782065321       1.000003657311972
                 2.03125       1.104466167277662       1.000003657311972
                 2.03125       1.153553552490002       1.000003657311972
                 2.03125       1.202640937702343       1.000003657311972
                 2.03125       1.251728322914683       1.000003657311972
                 2.03125       1.300815708127024       1.000003657311972
                 2.03125       1.349903093339364       1.000003657311972
                 2.03125       1.398990478551705       1.000003657311972
                 2.03125       1.448077863764045       1.000003657311972
                 2.03125       1.497165248976386       1.000003657311972
                 2.03125       1.546252634188726       1.000003657311972
                 2.03125       1.595340019401067       1.000003657311972
                 2.03125       1.644427404613407       1.000003657311972
                 2.03125       1.693514789825748       1.000003657311972
                 2.03125       1.742602175038088       1.000003657311972
                 2.03125       1.791689560250429       1.000003657311972
                 2.03125       1.840776945462769       1.000003657311972
                 2.03125        1.88986433067511       1.000003657311972
                 2.03125       1.938951715887451       1.000003657311972
                 2.03125       1.988039101099791       1.000003657311972
                 2.03125       2.037126486312132       1.000003657311972
                 2.03125       2.086213871524472       1.000003657311972
                 2.03125       2.135301256736812       1.000003657311972
                 2.03125       2.184388641949153       1.000003657311972
                 2.03125       2.233476027161494       1.000003657311972
                 2.03125       2.282563412373834       1.000003657311972
                 2.03125       2.331650797586175       1.000003657311972
                 2.03125       2.380738182798515       1.000003657311972
                 2.03125       2.429825568010856       1.000003657311972
                 2.03125       2.478912953223196       1.000003657311972
                 2.03125       2.528000338435537       1.000003657311972
                 2.03125       2.577087723647877       1.000003657311972
                 2.03125       2.626175108860218       1.000003657311972
                 2.03125       2.675262494072558       1.000003657311972
                 2.03125       2.724349879284899       1.000003657311972
                 2.03125       2.773437264497239       1.000003657311972
                 2.03125        2.82252464970958       1.000003657311972
                 2.03125        2.87161203492192       1.000003657311972
                 2.03125       2.920699420134261       1.000003657311972
                 2.03125       2.969786805346601       1.000003657311972
                 2.03125       3.018874190558942       1.000003657311972
                 2.03125       3.067961575771282       1.000003657311972
                 2.03125       3.117048960983623       1.000003657311972

                 2.09375     0.02454369260617026       1.000003512750512
                 2.09375     0.07363107781851078       1.000003512750512
                 2.09375      0.1227184630308513       1.000003512750512
                 2.09375      0.1718058482431918       1.000003512750512
                 2.09375      0.2208932334555323       1.000003512750512
                 2.09375      0.2699806186678728       1.000003512750512
                 2.09375      0.3190680038802134       1.000003512750512
                 2.09375      0.3681553890925539       1.000003512750512
                 2.09375      0.4172427743048944       1.000003512750512
                 2.09375      0.4663301595172349       1.000003512750512
                 2.09375      0.5154175447295755       1.000003512750512
                 2.09375      0.5645049299419159       1.000003512750512
                 2.09375      0.6135923151542565       1.000003512750512
                 2.09375       0.662679700366597       1.000003512750512
                 2.09375      0.7117670855789375       1.000003512750512
                 2.09375       0.760854470791278       1.000003512750512
                 2.09375      0.8099418560036186       1.000003512750512
                 2.09375       0.859029241215959       1.000003512750512
                 2.09375      0.9081166264282996       1.000003512750512
                 2.09375      0.9572040116406401       1.000003512750512
                 2.09375       1.006291396852981       1.000003512750512
                 2.09375       1.055378782065321       1.000003512750512
                 2.09375       1.104466167277662       1.000003512750512
                 2.09375       1.153553552490002       1.000003512750512
                 2.09375       1.202640937702343       1.000003512750512
                 2.09375       1.251728322914683       1.000003512750512
                 2.09375       1.300815708127024       1.000003512750512
                 2.09375       1.349903093339364       1.000003512750512
                 2.09375       1.398990478551705       1.000003512750512
                 2.09375       1.448077863764045       1.000003512750512
                 2.09375       1.497165248976386       1.000003512750512
                 2.09375       1.546252634188726       1.000003512750512
                 2.09375       1.595340019401067       1.000003512750512
                 2.09375       1.644427404613407       1.000003512750512
                 2.09375       1.693514789825748       1.000003512750512
                 2.09375       1.742602175038088       1.000003512750512
                 2.09375       1.791689560250429       1.000003512750512
                 2.09375       1.840776945462769       1.000003512750512
                 2.09375        1.88986433067511       1.000003512750512
                 2.09375       1.938951715887451       1.000003512750512
                 2.09375       1.988039101099791       1.000003512750512
                 2.09375       2.037126486312132       1.000003512750512
                 2.09375       2.086213871524472       1.000003512750512
                 2.09375       2.135301256736812       1.000003512750512
                 2.09375       2.184388641949153       1.000003512750512
                 2.09375       2.233476027161494       1.000003512750512
                 2.09375       2.282563412373834       1.000003512750512
                 2.09375       2.331650797586175       1.000003512750512
                 2.09375       2.380738182798515       1.000003512750512
                 2.09375       2.429825568010856       1.000003512750512
                 2.09375       2.478912953223196       1.000003512750512
                 2.09375       2.528000338435537       1.000003512750512
                 2.09375       2.577087723647877       1.000003512750512
                 2.09375       2.626175108860218       1.000003512750512
                 2.09375       2.675262494072558       1.000003512750512
                 2.09375       2.724349879284899       1.000003512750512
                 2.09375       2.773437264497239       1.000003512750512
                 2.09375        2.82252464970958       1.000003512750512
                 2.09375        2.87161203492192       1.000003512750512
                 2.09375       2.920699420134261       1.000003512750512
                 2.09375       2.969786805346601       1.000003512750512
                 2.09375       3.018874190558942       1.000003512750512
                 2.09375       3.067961575771282       1.000003512750512
                 2.09375       3.117048960983623       1.000003512750512

                 2.15625     0.02454369260617026       1.000003376531611
                 2.15625     0.07363107781851078       1.000003376531611
                 2.15625      0.1227184630308513       1.000003376531611
                 2.15625      0.1718058482431918       1.000003376531611
                 2.15625      0.2208932334555323       1.000003376531611
                 2.15625      0.2699806186678728       1.000003376531611
                 2.15625      0.3190680038802134       1.000003376531611
                 2.15625      0.3681553890925539       1.000003376531611
                 2.15625      0.4172427743048944       1.000003376531611
                 2.15625      0.4663301595172349       1.000003376531611
                 2.15625      0.5154175447295755       1.000003376531611
                 2.15625      0.5645049299419159       1.000003376531611
                 2.15625      0.6135923151542565       1.000003376531611
                 2.15625       0.662679700366597       1.000003376531611
                 2.15625      0.7117670855789375       1.000003376531611
                 2.15625       0.760854470791278       1.000003376531611
                 2.15625      0.8099418560036186       1.000003376531611
                 2.15625       0.859029241215959       1.000003376531611
                 2.15625      0.9081166264282996       1.000003376531611
                 2.15625      0.9572040116406401       1.000003376531611
                 2.15625       1.006291396852981       1.000003376531611
                 2.15625       1.055378782065321       1.000003376531611
                 2.15625       1.104466167277662       1.000003376531611
                 2.15625       1.153553552490002       1.000003376531611
                 2.15625       1.202640937702343       1.000003376531611
                 2.15625       1.251728322914683       1.000003376531611
                 2.15625       1.300815708127024       1.000003376531611
                 2.15625       1.349903093339364       1.000003376531611
                 2.15625       1.398990478551705       1.000003376531611
                 2.15625       1.448077863764045       1.000003376531611
                 2.15625       1.497165248976386       1.000003376531611
                 2.15625       1.546252634188726       1.000003376531611
                 2.15625       1.595340019401067       1.000003376531611
                 2.15625       1.644427404613407       1.000003376531611
                 2.15625       1.693514789825748       1.000003376531611
                 2.15625       1.742602175038088       1.000003376531611
                 2.15625       1.791689560250429       1.000003376531611
                 2.15625       1.840776945462769       1.000003376531611
                 2.15625        1.88986433067511       1.000003376531611
                 2.15625       1.938951715887451       1.000003376531611
                 2.15625       1.988039101099791       1.000003376531611
                 2.15625       2.037126486312132       1.000003376531611
                 2.15625       2.086213871524472       1.000003376531611
                 2.15625       2.135301256736812       1.000003376531611
                 2.15625       2.184388641949153       1.000003376531611
                 2.15625       2.233476027161494       1.000003376531611
                 2.15625       2.282563412373834       1.000003376531611
                 2.15625       2.331650797586175       1.000003376531611
                 2.15625       2.380738182798515       1.000003376531611
                 2.15625       2.429825568010856       1.000003376531611
                 2.15625       2.478912953223196       1.000003376531611
                 2.15625       2.528000338435537       1.000003376531611
                 2.15625       2.577087723647877       1.000003376531611
                 2.15625       2.626175108860218       1.000003376531611
                 2.15625       2.675262494072558       1.000003376531611
                 2.15625       2.724349879284899       1.000003376531611
                 2.15625       2.773437264497239       1.000003376531611
                 2.15625        2.82252464970958       1.000003376531611
                 2.15625        2.87161203492192       1.000003376531611
                 2.15625       2.920699420134261       1.000003376531611
                 2.15625       2.969786805346601       1.000003376531611
                 2.15625       3.018874190558942       1.000003376531611
                 2.15625       3.067961575771282       1.000003376531611
                 2.15625       3.117048960983623       1.000003376531611

                 2.21875     0.02454369260617026       1.000003247964733
                 2.21875     0.07363107781851078       1.000003247964733
                 2.21875      0.1227184630308513       1.000003247964733
                 2.21875      0.1718058482431918       1.000003247964733
                 2.21875      0.2208932334555323       1.000003247964733
                 2.21875      0.2699806186678728       1.000003247964733
                 2.21875      0.3190680038802134       1.000003247964733
                 2.21875      0.3681553890925539       1.000003247964733
                 2.21875      0.4172427743048944       1.000003247964733
                 2.21875      0.4663301595172349       1.000003247964733
                 2.21875      0.5154175447295755       1.000003247964733
                 2.21875      0.5645049299419159       1.000003247964733
                 2.21875      0.6135923151542565       1.000003247964733
                 2.21875       0.662679700366597       1.000003247964733
                 2.21875      0.7117670855789375       1.000003247964733
                 2.21875       0.760854470791278       1.000003247964733
                 2.21875      0.8099418560036186       1.000003247964733
                 2.21875       0.859029241215959       1.000003247964733
                 2.21875      0.9081166264282996       1.000003247964733
                 2.21875      0.9572040116406401       1.000003247964733
                 2.21875       1.006291396852981       1.000003247964733
                 2.21875       1.055378782065321       1.000003247964733
                 2.21875       1.104466167277662       1.000003247964733
                 2.21875       1.153553552490002       1.000003247964733
                 2.21875       1.202640937702343       1.000003247964733
                 2.21875       1.251728322914683       1.000003247964733
                 2.21875       1.300815708127024       1.000003247964733
                 2.21875       1.349903093339364       1.000003247964733
                 2.21875       1.398990478551705       1.000003247964733
                 2.21875       1.448077863764045       1.000003247964733
                 2.21875       1.497165248976386       1.000003247964733
                 2.21875       1.546252634188726       1.000003247964733
                 2.21875       1.595340019401067       1.000003247964733
                 2.21875       1.644427404613407       1.000003247964733
                 2.21875       1.693514789825748       1.000003247964733
                 2.21875       1.742602175038088       1.000003247964733
                 2.21875       1.791689560250429       1.000003247964733
                 2.21875       1.840776945462769       1.000003247964733
                 2.21875        1.88986433067511       1.000003247964733
                 2.21875       1.938951715887451       1.000003247964733
                 2.21875       1.988039101099791       1.000003247964733
                 2.21875       2.037126486312132       1.000003247964733
                 2.21875       2.086213871524472       1.000003247964733
                 2.21875       2.135301256736812       1.000003247964733
                 2.21875       2.184388641949153       1.000003247964733
                 2.21875       2.233476027161494       1.000003247964733
                 2.21875       2.282563412373834       1.000003247964733
                 2.21875       2.331650797586175       1.000003247964733
                 2.21875       2.380738182798515       1.000003247964733
                 2.21875       2.429825568010856       1.000003247964733
                 2.21875       2.478912953223196       1.000003247964733
                 2.21875       2.528000338435537       1.000003247964733
                 2.21875       2.577087723647877       1.000003247964733
                 2.21875       2.626175108860218       1.000003247964733
                 2.21875       2.675262494072558       1.000003247964733
                 2.21875       2.724349879284899       1.000003247964733
                 2.21875       2.773437264497239       1.000003247964733
                 2.21875        2.82252464970958       1.000003247964733
                 2.21875        2.87161203492192       1.000003247964733
                 2.21875       2.920699420134261       1.000003247964733
                 2.21875       2.969786805346601       1.000003247964733
                 2.21875       3.018874190558942       1.000003247964733
                 2.21875       3.067961575771282       1.000003247964733
                 2.21875       3.117048960983623       1.000003247964733

                 2.28125     0.02454369260617026        1.00000312642969
                 2.28125     0.07363107781851078        1.00000312642969
                 2.28125      0.1227184630308513        1.00000312642969
                 2.28125      0.1718058482431918        1.00000312642969
                 2.28125      0.2208932334555323        1.00000312642969
                 2.28125      0.2699806186678728        1.00000312642969
                 2.28125      0.3190680038802134        1.00000312642969
                 2.28125      0.3681553890925539        1.00000312642969
                 2.28125      0.4172427743048944        1.00000312642969
                 2.28125      0.4663301595172349        1.00000312642969
                 2.28125      0.5154175447295755        1.00000312642969
                 2.28125      0.5645049299419159        1.00000312642969
                 2.28125      0.6135923151542565        1.00000312642969
                 2.28125       0.662679700366597        1.00000312642969
                 2.28125      0.7117670855789375        1.00000312642969
                 2.28125       0.760854470791278        1.00000312642969
                 2.28125      0.8099418560036186        1.00000312642969
                 2.28125       0.859029241215959        1.00000312642969
                 2.28125      0.9081166264282996        1.00000312642969
                 2.28125      0.9572040116406401        1.00000312642969
                 2.28125       1.006291396852981        1.00000312642969
                 2.28125       1.055378782065321        1.00000312642969
                 2.28125       1.104466167277662        1.00000312642969
                 2.28125       1.153553552490002        1.00000312642969
                 2.28125       1.202640937702343        1.00000312642969
                 2.28125       1.251728322914683        1.00000312642969
                 2.28125       1.300815708127024        1.00000312642969
                 2.28125       1.349903093339364        1.00000312642969
                 2.28125       1.398990478551705        1.00000312642969
                 2.28125       1.448077863764045        1.00000312642969
                 2.28125       1.497165248976386        1.00000312642969
                 2.28125       1.546252634188726        1.00000312642969
                 2.28125       1.595340019401067        1.00000312642969
                 2.28125       1.644427404613407        1.00000312642969
                 2.28125       1.693514789825748        1.00000312642969
                 2.28125       1.742602175038088        1.00000312642969
                 2.28125       1.791689560250429        1.00000312642969
                 2.28125       1.840776945462769        1.00000312642969
                 2.28125        1.88986433067511        1.00000312642969
                 2.28125       1.938951715887451        1.00000312642969
                 2.28125       1.988039101099791        1.00000312642969
                 2.28125       2.037126486312132        1.00000312642969
                 2.28125       2.086213871524472        1.00000312642969
                 2.28125       2.135301256736812        1.00000312642969
                 2.28125       2.184388641949153        1.00000312642969
                 2.28125       2.233476027161494        1.00000312642969
                 2.28125       2.282563412373834        1.00000312642969
                 2.28125       2.331650797586175        1.00000312642969
                 2.28125       2.380738182798515        1.00000312642969
                 2.28125       2.429825568010856        1.00000312642969
                 2.28125       2.478912953223196        1.00000312642969
                 2.28125       2.528000338435537        1.00000312642969
                 2.28125       2.577087723647877        1.00000312642969
                 2.28125       2.626175108860218        1.00000312642969
                 2.28125       2.675262494072558        1.00000312642969
                 2.28125       2.724349879284899        1.00000312642969
                 2.28125       2.773437264497239        1.00000312642969
                 2.28125        2.82252464970958        1.00000312642969
                 2.28125        2.87161203492192        1.00000312642969
                 2.28125       2.920699420134261        1.00000312642969
                 2.28125       2.969786805346601        1.00000312642969
                 2.28125       3.018874190558942        1.00000312642969
                 2.28125       3.067961575771282        1.00000312642969
                 2.28125       3.117048960983623        1.00000312642969

                 2.34375     0.02454369260617026       1.000003011369136
                 2.34375     0.07363107781851078       1.000003011369136
                 2.34375      0.1227184630308513       1.000003011369136
                 2.34375      0.1718058482431918       1.000003011369136
                 2.34375      0.2208932334555323       1.000003011369136
                 2.34375      0.2699806186678728       1.000003011369136
                 2.34375      0.3190680038802134       1.000003011369136
                 2.34375      0.3681553890925539       1.000003011369136
                 2.34375      0.4172427743048944       1.000003011369136
                 2.34375      0.4663301595172349       1.000003011369136
                 2.34375      0.5154175447295755       1.000003011369136
                 2.34375      0.5645049299419159       1.000003011369136
                 2.34375      0.6135923151542565       1.000003011369136
                 2.34375       0.662679700366597       1.000003011369136
                 2.34375      0.7117670855789375       1.000003011369136
                 2.34375       0.760854470791278       1.000003011369136
                 2.34375      0.8099418560036186       1.000003011369136
                 2.34375       0.859029241215959       1.000003011369136
                 2.34375      0.9081166264282996       1.000003011369136
                 2.34375      0.9572040116406401       1.000003011369136
                 2.34375       1.006291396852981       1.000003011369136
                 2.34375       1.055378782065321       1.000003011369136
                 2.34375       1.104466167277662       1.000003011369136
                 2.34375       1.153553552490002       1.000003011369136
                 2.34375       1.202640937702343       1.000003011369136
                 2.34375       1.251728322914683       1.000003011369136
                 2.34375       1.300815708127024       1.000003011369136
                 2.34375       1.349903093339364       1.000003011369136
                 2.34375       1.398990478551705       1.000003011369136
                 2.34375       1.448077863764045       1.000003011369136
                 2.34375       1.497165248976386       1.000003011369136
                 2.34375       1.546252634188726       1.000003011369136
                 2.34375       1.595340019401067       1.000003011369136
                 2.34375       1.644427404613407       1.000003011369136
                 2.34375       1.693514789825748       1.000003011369136
                 2.34375       1.742602175038088       1.000003011369136
                 2.34375       1.791689560250429       1.000003011369136
                 2.34375       1.840776945462769       1.000003011369136
                 2.34375        1.88986433067511       1.000003011369136
                 2.34375       1.938951715887451       1.000003011369136
                 2.34375       1.988039101099791       1.000003011369136
                 2.34375       2.037126486312132       1.000003011369136
                 2.34375       2.086213871524472       1.000003011369136
                 2.34375       2.135301256736812       1.000003011369136
                 2.34375       2.184388641949153       1.000003011369136
                 2.34375       2.233476027161494       1.000003011369136
                 2.34375       2.282563412373834       1.000003011369136
                 2.34375       2.331650797586175       1.000003011369136
                 2.34375       2.380738182798515       1.000003011369136
                 2.34375       2.429825568010856       1.000003011369136
                 2.34375       2.478912953223196       1.000003011369136
                 2.34375       2.528000338435537       1.000003011369136
                 2.34375       2.577087723647877       1.000003011369136
                 2.34375       2.626175108860218       1.000003011369136
                 2.34375       2.675262494072558       1.000003011369136
                 2.34375       2.724349879284899       1.000003011369136
                 2.34375       2.773437264497239       1.000003011369136
                 2.34375        2.82252464970958       1.000003011369136
                 2.34375        2.87161203492192       1.000003011369136
                 2.34375       2.920699420134261       1.000003011369136
                 2.34375       2.969786805346601       1.000003011369136
                 2.34375       3.018874190558942       1.000003011369136
                 2.34375       3.067961575771282       1.000003011369136
                 2.34375       3.117048960983623       1.000003011369136

                 2.40625     0.02454369260617026       1.000002902281603
                 2.40625     0.07363107781851078       1.000002902281603
                 2.40625      0.1227184630308513       1.000002902281603
                 2.40625      0.1718058482431918       1.000002902281603
                 2.40625      0.2208932334555323       1.000002902281603
                 2.40625      0.2699806186678728       1.000002902281603
                 2.40625      0.3190680038802134       1.000002902281603
                 2.40625      0.3681553890925539       1.000002902281603
                 2.40625      0.4172427743048944       1.000002902281603
                 2.40625      0.4663301595172349       1.000002902281603
                 2.40625      0.5154175447295755       1.000002902281603
                 2.40625      0.5645049299419159       1.000002902281603
                 2.40625      0.6135923151542565       1.000002902281603
                 2.40625       0.662679700366597       1.000002902281603
                 2.40625      0.7117670855789375       1.000002902281603
                 2.40625       0.760854470791278       1.000002902281603
                 2.40625      0.8099418560036186       1.000002902281603
                 2.40625       0.859029241215959       1.000002902281603
                 2.40625      0.9081166264282996       1.000002902281603
                 2.40625      0.9572040116406401       1.000002902281603
                 2.40625       1.006291396852981       1.000002902281603
                 2.40625       1.055378782065321       1.000002902281603
                 2.40625       1.104466167277662       1.000002902281603
                 2.40625       1.153553552490002       1.000002902281603
                 2.40625       1.202640937702343       1.000002902281603
                 2.40625       1.251728322914683       1.000002902281603
                 2.40625       1.300815708127024       1.000002902281603
                 2.40625       1.349903093339364       1.000002902281603
                 2.40625       1.398990478551705       1.000002902281603
                 2.40625       1.448077863764045       1.000002902281603
                 2.40625       1.497165248976386       1.000002902281603
                 2.40625       1.546252634188726       1.000002902281603
                 2.40625       1.595340019401067       1.000002902281603
                 2.40625       1.644427404613407       1.000002902281603
                 2.40625       1.693514789825748       1.000002902281603
                 2.40625       1.742602175038088       1.000002902281603
                 2.40625       1.791689560250429       1.000002902281603
                 2.40625       1.840776945462769       1.000002902281603
                 2.40625        1.88986433067511       1.000002902281603
                 2.40625       1.938951715887451       1.000002902281603
                 2.40625       1.988039101099791       1.000002902281603
                 2.40625       2.037126486312132       1.000002902281603
                 2.40625       2.086213871524472       1.000002902281603
                 2.40625       2.135301256736812       1.000002902281603
                 2.40625       2.184388641949153       1.000002902281603
                 2.40625       2.233476027161494       1.000002902281603
                 2.40625       2.282563412373834       1.000002902281603
                 2.40625       2.331650797586175       1.000002902281603
                 2.40625       2.380738182798515       1.000002902281603
                 2.40625       2.429825568010856       1.000002902281603
                 2.40625       2.478912953223196       1.000002902281603
                 2.40625       2.528000338435537       1.000002902281603
                 2.40625       2.577087723647877       1.000002902281603
                 2.40625       2.626175108860218       1.000002902281603
                 2.40625       2.675262494072558       1.000002902281603
                 2.40625       2.724349879284899       1.000002902281603
                 2.40625       2.773437264497239       1.000002902281603
                 2.40625        2.82252464970958       1.000002902281603
                 2.40625        2.87161203492192       1.000002902281603
                 2.40625       2.920699420134261       1.000002902281603
                 2.40625       2.969786805346601       1.000002902281603
                 2.40625       3.018874190558942       1.000002902281603
                 2.40625       3.067961575771282       1.000002902281603
                 2.40625       3.117048960983623       1.000002902281603

                 2.46875     0.02454369260617026       1.000002798715192
                 2.46875     0.07363107781851078       1.000002798715192
                 2.46875      0.1227184630308513       1.000002798715192
                 2.46875      0.1718058482431918       1.000002798715192
                 2.46875      0.2208932334555323       1.000002798715192
                 2.46875      0.2699806186678728       1.000002798715192
                 2.46875      0.3190680038802134       1.000002798715192
                 2.46875      0.3681553890925539       1.000002798715192
                 2.46875      0.4172427743048944       1.000002798715192
                 2.46875      0.4663301595172349       1.000002798715192
                 2.46875      0.5154175447295755       1.000002798715192
                 2.46875      0.5645049299419159       1.000002798715192
                 2.46875      0.6135923151542565       1.000002798715192
                 2.46875       0.662679700366597       1.000002798715192
                 2.46875      0.7117670855789375       1.000002798715192
                 2.46875       0.760854470791278       1.000002798715192
                 2.46875      0.8099418560036186       1.000002798715192
                 2.46875       0.859029241215959       1.000002798715192
                 2.46875      0.9081166264282996       1.000002798715192
                 2.46875      0.9572040116406401       1.000002798715192
                 2.46875       1.006291396852981       1.000002798715192
                 2.46875       1.055378782065321       1.000002798715192
                 2.46875       1.104466167277662       1.000002798715192
                 2.46875       1.153553552490002       1.000002798715192
                 2.46875       1.202640937702343       1.000002798715192
                 2.46875       1.251728322914683       1.000002798715192
                 2.46875       1.300815708127024       1.000002798715192
                 2.46875       1.349903093339364       1.000002798715192
                 2.46875       1.398990478551705       1.000002798715192
                 2.46875       1.448077863764045       1.000002798715192
                 2.46875       1.497165248976386       1.000002798715192
                 2.46875       1.546252634188726       1.000002798715192
                 2.46875       1.595340019401067       1.000002798715192
                 2.46875       1.644427404613407       1.000002798715192
                 2.46875       1.693514789825748       1.000002798715192
                 2.46875       1.742602175038088       1.000002798715192
                 2.46875       1.791689560250429       1.000002798715192
                 2.46875       1.840776945462769       1.000002798715192
                 2.46875        1.88986433067511       1.000002798715192
                 2.46875       1.938951715887451       1.000002798715192
                 2.46875       1.988039101099791       1.000002798715192
                 2.46875       2.037126486312132       1.000002798715192
                 2.46875       2.086213871524472       1.000002798715192
                 2.46875       2.135301256736812       1.000002798715192
                 2.46875       2.184388641949153       1.000002798715192
                 2.46875       2.233476027161494       1.000002798715192
                 2.46875       2.282563412373834       1.000002798715192
                 2.46875       2.331650797586175       1.000002798715192
                 2.46875       2.380738182798515       1.000002798715192
                 2.46875       2.429825568010856       1.000002798715192
                 2.46875       2.478912953223196       1.000002798715192
                 2.46875       2.528000338435537       1.000002798715192
                 2.46875       2.577087723647877       1.000002798715192
                 2.46875       2.626175108860218       1.000002798715192
                 2.46875       2.675262494072558       1.000002798715192
                 2.46875       2.724349879284899       1.000002798715192
                 2.46875       2.773437264497239       1.000002798715192
                 2.46875        2.82252464970958       1.000002798715192
                 2.46875        2.87161203492192       1.000002798715192
                 2.46875       2.920699420134261       1.000002798715192
                 2.46875       2.969786805346601       1.000002798715192
                 2.46875       3.018874190558942       1.000002798715192
                 2.46875       3.067961575771282       1.000002798715192
                 2.46875       3.117048960983623       1.000002798715192

                 2.53125     0.02454369260617026       1.000002700261919
                 2.53125     0.07363107781851078       1.000002700261919
                 2.53125      0.1227184630308513       1.000002700261919
                 2.53125      0.1718058482431918       1.000002700261919
                 2.53125      0.2208932334555323       1.000002700261919
                 2.53125      0.2699806186678728       1.000002700261919
                 2.53125      0.3190680038802134       1.000002700261919
                 2.53125      0.3681553890925539       1.000002700261919
                 2.53125      0.4172427743048944       1.000002700261919
                 2.53125      0.4663301595172349       1.000002700261919
                 2.53125      0.5154175447295755       1.000002700261919
                 2.53125      0.5645049299419159       1.000002700261919
                 2.53125      0.6135923151542565       1.000002700261919
                 2.53125       0.662679700366597       1.000002700261919
                 2.53125      0.7117670855789375       1.000002700261919
                 2.53125       0.760854470791278       1.000002700261919
                 2.53125      0.8099418560036186       1.000002700261919
                 2.53125       0.859029241215959       1.000002700261919
                 2.53125      0.9081166264282996       1.000002700261919
                 2.53125      0.9572040116406401       1.000002700261919
                 2.53125       1.006291396852981       1.000002700261919
                 2.53125       1.055378782065321       1.000002700261919
                 2.53125       1.104466167277662       1.000002700261919
                 2.53125       1.153553552490002       1.000002700261919
                 2.53125       1.202640937702343       1.000002700261919
                 2.53125       1.251728322914683       1.000002700261919
                 2.53125       1.300815708127024       1.000002700261919
                 2.53125       1.349903093339364       1.000002700261919
                 2.53125       1.398990478551705       1.000002700261919
                 2.53125       1.448077863764045       1.000002700261919
                 2.53125       1.497165248976386       1.000002700261919
                 2.53125       1.546252634188726       1.000002700261919
                 2.53125       1.595340019401067       1.000002700261919
                 2.53125       1.644427404613407       1.000002700261919
                 2.53125       1.693514789825748       1.000002700261919
                 2.53125       1.742602175038088       1.000002700261919
                 2.53125       1.791689560250429       1.000002700261919
                 2.53125       1.840776945462769       1.000002700261919
                 2.53125        1.88986433067511       1.000002700261919
                 2.53125       1.938951715887451       1.000002700261919
                 2.53125       1.988039101099791       1.000002700261919
                 2.53125       2.037126486312132       1.000002700261919
                 2.53125       2.086213871524472       1.000002700261919
                 2.53125       2.135301256736812       1.000002700261919
                 2.53125       2.184388641949153       1.000002700261919
                 2.53125       2.233476027161494       1.000002700261919
                 2.53125       2.282563412373834       1.000002700261919
                 2.53125       2.331650797586175       1.000002700261919
                 2.53125       2.380738182798515       1.000002700261919
                 2.53125       2.429825568010856       1.000002700261919
                 2.53125       2.478912953223196       1.000002700261919
                 2.53125       2.528000338435537       1.000002700261919
                 2.53125       2.577087723647877       1.000002700261919
                 2.53125       2.626175108860218       1.000002700261919
                 2.53125       2.675262494072558       1.000002700261919
                 2.53125       2.724349879284899       1.000002700261919
                 2.53125       2.773437264497239       1.000002700261919
                 2.53125        2.82252464970958       1.000002700261919
                 2.53125        2.87161203492192       1.000002700261919
                 2.53125       2.920699420134261       1.000002700261919
                 2.53125       2.969786805346601       1.000002700261919
                 2.53125       3.018874190558942       1.000002700261919
                 2.53125       3.067961575771282       1.000002700261919
                 2.53125       3.117048960983623       1.000002700261919

                 2.59375     0.02454369260617026       1.000002606552711
                 2.59375     0.07363107781851078       1.000002606552711
                 2.59375      0.1227184630308513       1.000002606552711
                 2.59375      0.1718058482431918       1.000002606552711
                 2.59375      0.2208932334555323       1.000002606552711
                 2.59375      0.2699806186678728       1.000002606552711
                 2.59375      0.3190680038802134       1.000002606552711
                 2.59375      0.3681553890925539       1.000002606552711
                 2.59375      0.4172427743048944       1.000002606552711
                 2.59375      0.4663301595172349       1.000002606552711
                 2.59375      0.5154175447295755       1.000002606552711
                 2.59375      0.5645049299419159       1.000002606552711
                 2.59375      0.6135923151542565       1.000002606552711
                 2.59375       0.662679700366597       1.000002606552711
                 2.59375      0.7117670855789375       1.000002606552711
                 2.59375       0.760854470791278       1.000002606552711
                 2.59375      0.8099418560036186       1.000002606552711
                 2.59375       0.859029241215959       1.000002606552711
                 2.59375      0.9081166264282996       1.000002606552711
                 2.59375      0.9572040116406401       1.000002606552711
                 2.59375       1.006291396852981       1.000002606552711
                 2.59375       1.055378782065321       1.000002606552711
                 2.59375       1.104466167277662       1.000002606552711
                 2.59375       1.153553552490002       1.000002606552711
                 2.59375       1.202640937702343       1.000002606552711
                 2.59375       1.251728322914683       1.000002606552711
                 2.59375       1.300815708127024       1.000002606552711
                 2.59375       1.349903093339364       1.000002606552711
                 2.59375       1.398990478551705       1.000002606552711
                 2.59375       1.448077863764045       1.000002606552711
                 2.59375       1.497165248976386       1.000002606552711
                 2.59375       1.546252634188726       1.000002606552711
                 2.59375       1.595340019401067       1.000002606552711
                 2.59375       1.644427404613407       1.000002606552711
                 2.59375       1.693514789825748       1.000002606552711
                 2.59375       1.742602175038088       1.000002606552711
                 2.59375       1.791689560250429       1.000002606552711
                 2.59375       1.840776945462769       1.000002606552711
                 2.59375        1.88986433067511       1.000002606552711
                 2.59375       1.938951715887451       1.000002606552711
                 2.59375       1.988039101099791       1.000002606552711
                 2.59375       2.037126486312132       1.000002606552711
                 2.59375       2.086213871524472       1.000002606552711
                 2.59375       2.135301256736812       1.000002606552711
                 2.59375       2.184388641949153       1.000002606552711
                 2.59375       2.233476027161494       1.000002606552711
                 2.59375       2.282563412373834       1.000002606552711
                 2.59375       2.331650797586175       1.000002606552711
                 2.59375       2.380738182798515       1.000002606552711
                 2.59375       2.429825568010856       1.000002606552711
                 2.59375       2.478912953223196       1.000002606552711
                 2.59375       2.528000338435537       1.000002606552711
                 2.59375       2.577087723647877       1.000002606552711
                 2.59375       2.626175108860218       1.000002606552711
                 2.59375       2.675262494072558       1.000002606552711
                 2.59375       2.724349879284899       1.000002606552711
                 2.59375       2.773437264497239       1.000002606552711
                 2.59375        2.82252464970958       1.000002606552711
                 2.59375        2.87161203492192       1.000002606552711
                 2.59375       2.920699420134261       1.000002606552711
                 2.59375       2.969786805346601       1.000002606552711
                 2.59375       3.018874190558942       1.000002606552711
                 2.59375       3.067961575771282       1.000002606552711
                 2.59375       3.117048960983623       1.000002606552711

                 2.65625     0.02454369260617026       1.000002517252991
                 2.65625     0.07363107781851078       1.000002517252991
                 2.65625      0.1227184630308513       1.000002517252991
                 2.65625      0.1718058482431918       1.000002517252991
                 2.65625      0.2208932334555323       1.000002517252991
                 2.65625      0.2699806186678728       1.000002517252991
                 2.65625      0.3190680038802134       1.000002517252991
                 2.65625      0.3681553890925539       1.000002517252991
                 2.65625      0.4172427743048944       1.000002517252991
                 2.65625      0.4663301595172349       1.000002517252991
                 2.65625      0.5154175447295755       1.000002517252991
                 2.65625      0.5645049299419159       1.000002517252991
                 2.65625      0.6135923151542565       1.000002517252991
                 2.65625       0.662679700366597       1.000002517252991
                 2.65625      0.7117670855789375       1.000002517252991
                 2.65625       0.760854470791278       1.000002517252991
                 2.65625      0.8099418560036186       1.000002517252991
                 2.65625       0.859029241215959       1.000002517252991
                 2.65625      0.9081166264282996       1.000002517252991
                 2.65625      0.9572040116406401       1.000002517252991
                 2.65625       1.006291396852981       1.000002517252991
                 2.65625       1.055378782065321       1.000002517252991
                 2.65625       1.104466167277662       1.000002517252991
                 2.65625       1.153553552490002       1.000002517252991
                 2.65625       1.202640937702343       1.000002517252991
                 2.65625       1.251728322914683       1.000002517252991
                 2.65625       1.300815708127024       1.000002517252991
                 2.65625       1.349903093339364       1.000002517252991
                 2.65625       1.398990478551705       1.000002517252991
                 2.65625       1.448077863764045       1.000002517252991
                 2.65625       1.497165248976386       1.000002517252991
                 2.65625       1.546252634188726       1.000002517252991
                 2.65625       1.595340019401067       1.000002517252991
                 2.65625       1.644427404613407       1.000002517252991
                 2.65625       1.693514789825748       1.000002517252991
                 2.65625       1.742602175038088       1.000002517252991
                 2.65625       1.791689560250429       1.000002517252991
                 2.65625       1.840776945462769       1.000002517252991
                 2.65625        1.88986433067511       1.000002517252991
                 2.65625       1.938951715887451       1.000002517252991
                 2.65625       1.988039101099791       1.000002517252991
                 2.65625       2.037126486312132       1.000002517252991
                 2.65625       2.086213871524472       1.000002517252991
                 2.65625       2.135301256736812       1.000002517252991
                 2.65625       2.184388641949153       1.000002517252991
                 2.65625       2.233476027161494       1.000002517252991
                 2.65625       2.282563412373834       1.000002517252991
                 2.65625       2.331650797586175       1.000002517252991
                 2.65625       2.380738182798515       1.000002517252991
                 2.65625       2.429825568010856       1.000002517252991
                 2.65625       2.478912953223196       1.000002517252991
                 2.65625       2.528000338435537       1.000002517252991
                 2.65625       2.577087723647877       1.000002517252991
                 2.65625       2.626175108860218       1.000002517252991
                 2.65625       2.675262494072558       1.000002517252991
                 2.65625       2.724349879284899       1.000002517252991
                 2.65625       2.773437264497239       1.000002517252991
                 2.65625        2.82252464970958       1.000002517252991
                 2.65625        2.87161203492192       1.000002517252991
                 2.65625       2.920699420134261       1.000002517252991
                 2.65625       2.969786805346601       1.000002517252991
                 2.65625       3.018874190558942       1.000002517252991
                 2.65625       3.067961575771282       1.000002517252991
                 2.65625       3.117048960983623       1.000002517252991

                 2.71875     0.02454369260617026       1.000002432058821
                 2.71875     0.07363107781851078       1.000002432058821
                 2.71875      0.1227184630308513       1.000002432058821
                 2.71875      0.1718058482431918       1.000002432058821
                 2.71875      0.2208932334555323       1.000002432058821
                 2.71875      0.2699806186678728       1.000002432058821
                 2.71875      0.3190680038802134       1.000002432058821
                 2.71875      0.3681553890925539       1.000002432058821
                 2.71875      0.4172427743048944       1.000002432058821
                 2.71875      0.4663301595172349       1.000002432058821
                 2.71875      0.5154175447295755       1.000002432058821
                 2.71875      0.5645049299419159       1.000002432058821
                 2.71875      0.6135923151542565       1.000002432058821
                 2.71875       0.662679700366597       1.000002432058821
                 2.71875      0.7117670855789375       1.000002432058821
                 2.71875       0.760854470791278       1.000002432058821
                 2.71875      0.8099418560036186       1.000002432058821
                 2.71875       0.859029241215959       1.000002432058821
                 2.71875      0.9081166264282996       1.000002432058821
                 2.71875      0.9572040116406401       1.000002432058821
                 2.71875       1.006291396852981       1.000002432058821
                 2.71875       1.055378782065321       1.000002432058821
                 2.71875       1.104466167277662       1.000002432058821
                 2.71875       1.153553552490002       1.000002432058821
                 2.71875       1.202640937702343       1.000002432058821
                 2.71875       1.251728322914683       1.000002432058821
                 2.71875       1.300815708127024       1.000002432058821
                 2.71875       1.349903093339364       1.000002432058821
                 2.71875       1.398990478551705       1.000002432058821
                 2.71875       1.448077863764045       1.000002432058821
                 2.71875       1.497165248976386       1.000002432058821
                 2.71875       1.546252634188726       1.000002432058821
                 2.71875       1.595340019401067       1.000002432058821
                 2.71875       1.644427404613407       1.000002432058821
                 2.71875       1.693514789825748       1.000002432058821
                 2.71875       1.742602175038088       1.000002432058821
                 2.71875       1.791689560250429       1.000002432058821
                 2.71875       1.840776945462769       1.000002432058821
                 2.71875        1.88986433067511       1.000002432058821
                 2.71875       1.938951715887451       1.000002432058821
                 2.71875       1.988039101099791       1.000002432058821
                 2.71875       2.037126486312132       1.000002432058821
                 2.71875       2.086213871524472       1.000002432058821
                 2.71875       2.135301256736812       1.000002432058821
                 2.71875       2.184388641949153       1.000002432058821
                 2.71875       2.233476027161494       1.000002432058821
                 2.71875       2.282563412373834       1.000002432058821
                 2.71875       2.331650797586175       1.000002432058821
                 2.71875       2.380738182798515       1.000002432058821
                 2.71875       2.429825568010856       1.000002432058821
                 2.71875       2.478912953223196       1.000002432058821
                 2.71875       2.528000338435537       1.000002432058821
                 2.71875       2.577087723647877       1.000002432058821
                 2.71875       2.626175108860218       1.000002432058821
                 2.71875       2.675262494072558       1.000002432058821
                 2.71875       2.724349879284899       1.000002432058821
                 2.71875       2.773437264497239       1.000002432058821
                 2.71875        2.82252464970958       1.000002432058821
                 2.71875        2.87161203492192       1.000002432058821
                 2.71875       2.920699420134261       1.000002432058821
                 2.71875       2.969786805346601       1.000002432058821
                 2.71875       3.018874190558942       1.000002432058821
                 2.71875       3.067961575771282       1.000002432058821
                 2.71875       3.117048960983623       1.000002432058821

                 2.78125     0.02454369260617026       1.000002350693508
                 2.78125     0.07363107781851078       1.000002350693508
                 2.78125      0.1227184630308513       1.000002350693508
                 2.78125      0.1718058482431918       1.000002350693508
                 2.78125      0.2208932334555323       1.000002350693508
                 2.78125      0.2699806186678728       1.000002350693508
                 2.78125      0.3190680038802134       1.000002350693508
                 2.78125      0.3681553890925539       1.000002350693508
                 2.78125      0.4172427743048944       1.000002350693508
                 2.78125      0.4663301595172349       1.000002350693508
                 2.78125      0.5154175447295755       1.000002350693508
                 2.78125      0.5645049299419159       1.000002350693508
                 2.78125      0.6135923151542565       1.000002350693508
                 2.78125       0.662679700366597       1.000002350693508
                 2.78125      0.7117670855789375       1.000002350693508
                 2.78125       0.760854470791278       1.000002350693508
                 2.78125      0.8099418560036186       1.000002350693508
                 2.78125       0.859029241215959       1.000002350693508
                 2.78125      0.9081166264282996       1.000002350693508
                 2.78125      0.9572040116406401       1.000002350693508
                 2.78125       1.006291396852981       1.000002350693508
                 2.78125       1.055378782065321       1.000002350693508
                 2.78125       1.104466167277662       1.000002350693508
                 2.78125       1.153553552490002       1.000002350693508
                 2.78125       1.202640937702343       1.000002350693508
                 2.78125       1.251728322914683       1.000002350693508
                 2.78125       1.300815708127024       1.000002350693508
                 2.78125       1.349903093339364       1.000002350693508
                 2.78125       1.398990478551705       1.000002350693508
                 2.78125       1.448077863764045       1.000002350693508
                 2.78125       1.497165248976386       1.000002350693508
                 2.78125       1.546252634188726       1.000002350693508
                 2.78125       1.595340019401067       1.000002350693508
                 2.78125       1.644427404613407       1.000002350693508
                 2.78125       1.693514789825748       1.000002350693508
                 2.78125       1.742602175038088       1.000002350693508
                 2.78125       1.791689560250429       1.000002350693508
                 2.78125       1.840776945462769       1.000002350693508
                 2.78125        1.88986433067511       1.000002350693508
                 2.78125       1.938951715887451       1.000002350693508
                 2.78125       1.988039101099791       1.000002350693508
                 2.78125       2.037126486312132       1.000002350693508
                 2.78125       2.086213871524472       1.000002350693508
                 2.78125       2.135301256736812       1.000002350693508
                 2.78125       2.184388641949153       1.000002350693508
                 2.78125       2.233476027161494       1.000002350693508
                 2.78125       2.282563412373834       1.000002350693508
                 2.78125       2.331650797586175       1.000002350693508
                 2.78125       2.380738182798515       1.000002350693508
                 2.78125       2.429825568010856       1.000002350693508
                 2.78125       2.478912953223196       1.000002350693508
                 2.78125       2.528000338435537       1.000002350693508
                 2.78125       2.577087723647877       1.000002350693508
                 2.78125       2.626175108860218       1.000002350693508
                 2.78125       2.675262494072558       1.000002350693508
                 2.78125       2.724349879284899       1.000002350693508
                 2.78125       2.773437264497239       1.000002350693508
                 2.78125        2.82252464970958       1.000002350693508
                 2.78125        2.87161203492192       1.000002350693508
                 2.78125       2.920699420134261       1.000002350693508
                 2.78125       2.969786805346601       1.000002350693508
                 2.78125       3.018874190558942       1.000002350693508
                 2.78125       3.067961575771282       1.000002350693508
                 2.78125       3.117048960983623       1.000002350693508

                 2.84375     0.02454369260617026       1.000002272904644
                 2.84375     0.07363107781851078       1.000002272904644
                 2.84375      0.1227184630308513       1.000002272904644
                 2.84375      0.1718058482431918       1.000002272904644
                 2.84375      0.2208932334555323       1.000002272904644
                 2.84375      0.2699806186678728       1.000002272904644
                 2.84375      0.3190680038802134       1.000002272904644
                 2.84375      0.3681553890925539       1.000002272904644
                 2.84375      0.4172427743048944       1.000002272904644
                 2.84375      0.4663301595172349       1.000002272904644
                 2.84375      0.5154175447295755       1.000002272904644
                 2.84375      0.5645049299419159       1.000002272904644
                 2.84375      0.6135923151542565       1.000002272904644
                 2.84375       0.662679700366597       1.000002272904644
                 2.84375      0.7117670855789375       1.000002272904644
                 2.84375       0.760854470791278       1.000002272904644
                 2.84375      0.8099418560036186       1.000002272904644
                 2.84375       0.859029241215959       1.000002272904644
                 2.84375      0.9081166264282996       1.000002272904644
                 2.84375      0.9572040116406401       1.000002272904644
                 2.84375       1.006291396852981       1.000002272904644
                 2.84375       1.055378782065321       1.000002272904644
                 2.84375       1.104466167277662       1.000002272904644
                 2.84375       1.153553552490002       1.000002272904644
                 2.84375       1.202640937702343       1.000002272904644
                 2.84375       1.251728322914683       1.000002272904644
                 2.84375       1.300815708127024       1.000002272904644
                 2.84375       1.349903093339364       1.000002272904644
                 2.84375       1.398990478551705       1.000002272904644
                 2.84375       1.448077863764045       1.000002272904644
                 2.84375       1.497165248976386       1.000002272904644
                 2.84375       1.546252634188726       1.000002272904644
                 2.84375       1.595340019401067       1.000002272904644
                 2.84375       1.644427404613407       1.000002272904644
                 2.84375       1.693514789825748       1.000002272904644
                 2.84375       1.742602175038088       1.000002272904644
                 2.84375       1.791689560250429       1.000002272904644
                 2.84375       1.840776945462769       1.000002272904644
                 2.84375        1.88986433067511       1.000002272904644
                 2.84375       1.938951715887451       1.000002272904644
                 2.84375       1.988039101099791       1.000002272904644
                 2.84375       2.037126486312132       1.000002272904644
                 2.84375       2.086213871524472       1.000002272904644
                 2.84375       2.135301256736812       1.000002272904644
                 2.84375       2.184388641949153       1.000002272904644
                 2.84375       2.233476027161494       1.000002272904644
                 2.84375       2.282563412373834       1.000002272904644
                 2.84375       2.331650797586175       1.000002272904644
                 2.84375       2.380738182798515       1.000002272904644
                 2.84375       2.429825568010856       1.000002272904644
                 2.84375       2.478912953223196       1.000002272904644
                 2.84375       2.528000338435537       1.000002272904644
                 2.84375       2.577087723647877       1.000002272904644
                 2.84375       2.626175108860218       1.000002272904644
                 2.84375       2.675262494072558       1.000002272904644
                 2.84375       2.724349879284899       1.000002272904644
                 2.84375       2.773437264497239       1.000002272904644
                 2.84375        2.82252464970958       1.000002272904644
                 2.84375        2.87161203492192       1.000002272904644
                 2.84375       2.920699420134261       1.000002272904644
                 2.84375       2.969786805346601       1.000002272904644
                 2.84375       3.018874190558942       1.000002272904644
                 2.84375       3.067961575771282       1.000002272904644
                 2.84375       3.117048960983623       1.000002272904644

                 2.90625     0.02454369260617026       1.000002198461513
                 2.90625     0.07363107781851078       1.000002198461513
                 2.90625      0.1227184630308513       1.000002198461513
                 2.90625      0.1718058482431918       1.000002198461513
                 2.90625      0.2208932334555323       1.000002198461513
                 2.90625      0.2699806186678728       1.000002198461513
                 2.90625      0.3190680038802134       1.000002198461513
                 2.90625      0.3681553890925539       1.000002198461513
                 2.90625      0.4172427743048944       1.000002198461513
                 2.90625      0.4663301595172349       1.000002198461513
                 2.90625      0.5154175447295755       1.000002198461513
                 2.90625      0.5645049299419159       1.000002198461513
                 2.90625      0.6135923151542565       1.000002198461513
                 2.90625       0.662679700366597       1.000002198461513
                 2.90625      0.7117670855789375       1.000002198461513
                 2.90625       0.760854470791278       1.000002198461513
                 2.90625      0.8099418560036186       1.000002198461513
                 2.90625       0.859029241215959       1.000002198461513
                 2.90625      0.9081166264282996       1.000002198461513
                 2.90625      0.9572040116406401       1.000002198461513
                 2.90625       1.006291396852981       1.000002198461513
                 2.90625       1.055378782065321       1.000002198461513
                 2.90625       1.104466167277662       1.000002198461513
                 2.90625       1.153553552490002       1.000002198461513
                 2.90625       1.202640937702343       1.000002198461513
                 2.90625       1.251728322914683       1.000002198461513
                 2.90625       1.300815708127024       1.000002198461513
                 2.90625       1.349903093339364       1.000002198461513
                 2.90625       1.398990478551705       1.000002198461513
                 2.90625       1.448077863764045       1.000002198461513
                 2.90625       1.497165248976386       1.000002198461513
                 2.90625       1.546252634188726       1.000002198461513
                 2.90625       1.595340019401067       1.000002198461513
                 2.90625       1.644427404613407       1.000002198461513
                 2.90625       1.693514789825748       1.000002198461513
                 2.90625       1.742602175038088       1.000002198461513
                 2.90625       1.791689560250429       1.000002198461513
                 2.90625       1.840776945462769       1.000002198461513
                 2.90625        1.88986433067511       1.000002198461513
                 2.90625       1.938951715887451       1.000002198461513
                 2.90625       1.988039101099791       1.000002198461513
                 2.90625       2.037126486312132       1.000002198461513
                 2.90625       2.086213871524472       1.000002198461513
                 2.90625       2.135301256736812       1.000002198461513
                 2.90625       2.184388641949153       1.000002198461513
                 2.90625       2.233476027161494       1.000002198461513
                 2.90625       2.282563412373834       1.000002198461513
                 2.90625       2.331650797586175       1.000002198461513
                 2.90625       2.380738182798515       1.000002198461513
                 2.90625       2.429825568010856       1.000002198461513
                 2.90625       2.478912953223196       1.000002198461513
                 2.90625       2.528000338435537       1.000002198461513
                 2.90625       2.577087723647877       1.000002198461513
                 2.90625       2.626175108860218       1.000002198461513
                 2.90625       2.675262494072558       1.000002198461513
                 2.90625       2.724349879284899       1.000002198461513
                 2.90625       2.773437264497239       1.000002198461513
                 2.90625        2.82252464970958       1.000002198461513
                 2.90625        2.87161203492192       1.000002198461513
                 2.90625       2.920699420134261       1.000002198461513
                 2.90625       2.969786805346601       1.000002198461513
                 2.90625       3.018874190558942       1.000002198461513
                 2.90625       3.067961575771282       1.000002198461513
                 2.90625       3.117048960983623       1.000002198461513

                 2.96875     0.02454369260617026       1.000002127152818
                 2.96875     0.07363107781851078       1.000002127152818
                 2.96875      0.1227184630308513       1.000002127152818
                 2.96875      0.1718058482431918       1.000002127152818
                 2.96875      0.2208932334555323       1.000002127152818
                 2.96875      0.2699806186678728       1.000002127152818
                 2.96875      0.3190680038802134       1.000002127152818
                 2.96875      0.3681553890925539       1.000002127152818
                 2.96875      0.4172427743048944       1.000002127152818
                 2.96875      0.4663301595172349       1.000002127152818
                 2.96875      0.5154175447295755       1.000002127152818
                 2.96875      0.5645049299419159       1.000002127152818
                 2.96875      0.6135923151542565       1.000002127152818
                 2.96875       0.662679700366597       1.000002127152818
                 2.96875      0.7117670855789375       1.000002127152818
                 2.96875       0.760854470791278       1.000002127152818
                 2.96875      0.8099418560036186       1.000002127152818
                 2.96875       0.859029241215959       1.000002127152818
                 2.96875      0.9081166264282996       1.000002127152818
                 2.96875      0.9572040116406401       1.000002127152818
                 2.96875       1.006291396852981       1.000002127152818
                 2.96875       1.055378782065321       1.000002127152818
                 2.96875       1.104466167277662       1.000002127152818
                 2.96875       1.153553552490002       1.000002127152818
                 2.96875       1.202640937702343       1.000002127152818
                 2.96875       1.251728322914683       1.000002127152818
                 2.96875       1.300815708127024       1.000002127152818
                 2.96875       1.349903093339364       1.000002127152818
                 2.96875       1.398990478551705       1.000002127152818
                 2.96875       1.448077863764045       1.000002127152818
                 2.96875       1.497165248976386       1.000002127152818
                 2.96875       1.546252634188726       1.000002127152818
                 2.96875       1.595340019401067       1.000002127152818
                 2.96875       1.644427404613407       1.000002127152818
                 2.96875       1.693514789825748       1.000002127152818
                 2.96875       1.742602175038088       1.000002127152818
                 2.96875       1.791689560250429       1.000002127152818
                 2.96875       1.840776945462769       1.000002127152818
                 2.96875        1.88986433067511       1.000002127152818
                 2.96875       1.938951715887451       1.000002127152818
                 2.96875       1.988039101099791       1.000002127152818
                 2.96875       2.037126486312132       1.000002127152818
                 2.96875       2.086213871524472       1.000002127152818
                 2.96875       2.135301256736812       1.000002127152818
                 2.96875       2.184388641949153       1.000002127152818
                 2.96875       2.233476027161494       1.000002127152818
                 2.96875       2.282563412373834       1.000002127152818
                 2.96875       2.331650797586175       1.000002127152818
                 2.96875       2.380738182798515       1.000002127152818
                 2.96875       2.429825568010856       1.000002127152818
                 2.96875       2.478912953223196       1.000002127152818
                 2.96875       2.528000338435537       1.000002127152818
                 2.96875       2.577087723647877       1.000002127152818
                 2.96875       2.626175108860218       1.000002127152818
                 2.96875       2.675262494072558       1.000002127152818
                 2.96875       2.724349879284899       1.000002127152818
                 2.96875       2.773437264497239       1.000002127152818
                 2.96875        2.82252464970958       1.000002127152818
                 2.96875        2.87161203492192       1.000002127152818
                 2.96875       2.920699420134261       1.000002127152818
                 2.96875       2.969786805346601       1.000002127152818
                 2.96875       3.018874190558942       1.000002127152818
                 2.96875       3.067961575771282       1.000002127152818
                 2.96875       3.117048960983623       1.000002127152818

                 3.03125     0.02454369260617026       1.000002058784681
                 3.03125     0.07363107781851078       1.000002058784681
                 3.03125      0.1227184630308513       1.000002058784681
                 3.03125      0.1718058482431918       1.000002058784681
                 3.03125      0.2208932334555323       1.000002058784681
                 3.03125      0.2699806186678728       1.000002058784681
                 3.03125      0.3190680038802134       1.000002058784681
                 3.03125      0.3681553890925539       1.000002058784681
                 3.03125      0.4172427743048944       1.000002058784681
                 3.03125      0.4663301595172349       1.000002058784681
                 3.03125      0.5154175447295755       1.000002058784681
                 3.03125      0.5645049299419159       1.000002058784681
                 3.03125      0.6135923151542565       1.000002058784681
                 3.03125       0.662679700366597       1.000002058784681
                 3.03125      0.7117670855789375       1.000002058784681
                 3.03125       0.760854470791278       1.000002058784681
                 3.03125      0.8099418560036186       1.000002058784681
                 3.03125       0.859029241215959       1.000002058784681
                 3.03125      0.9081166264282996       1.000002058784681
                 3.03125      0.9572040116406401       1.000002058784681
                 3.03125       1.006291396852981       1.000002058784681
                 3.03125       1.055378782065321       1.000002058784681
                 3.03125       1.104466167277662       1.000002058784681
                 3.03125       1.153553552490002       1.000002058784681
                 3.03125       1.202640937702343       1.000002058784681
                 3.03125       1.251728322914683       1.000002058784681
                 3.03125       1.300815708127024       1.000002058784681
                 3.03125       1.349903093339364       1.000002058784681
                 3.03125       1.398990478551705       1.000002058784681
                 3.03125       1.448077863764045       1.000002058784681
                 3.03125       1.497165248976386       1.000002058784681
                 3.03125       1.546252634188726       1.000002058784681
                 3.03125       1.595340019401067       1.000002058784681
                 3.03125       1.644427404613407       1.000002058784681
                 3.03125       1.693514789825748       1.000002058784681
                 3.03125       1.742602175038088       1.000002058784681
                 3.03125       1.791689560250429       1.000002058784681
                 3.03125       1.840776945462769       1.000002058784681
                 3.03125        1.88986433067511       1.000002058784681
                 3.03125       1.938951715887451       1.000002058784681
                 3.03125       1.988039101099791       1.000002058784681
                 3.03125       2.037126486312132       1.000002058784681
                 3.03125       2.086213871524472       1.000002058784681
                 3.03125       2.135301256736812       1.000002058784681
                 3.03125       2.184388641949153       1.000002058784681
                 3.03125       2.233476027161494       1.000002058784681
                 3.03125       2.282563412373834       1.000002058784681
                 3.03125       2.331650797586175       1.000002058784681
                 3.03125       2.380738182798515       1.000002058784681
                 3.03125       2.429825568010856       1.000002058784681
                 3.03125       2.478912953223196       1.000002058784681
                 3.03125       2.528000338435537       1.000002058784681
                 3.03125       2.577087723647877       1.000002058784681
                 3.03125       2.626175108860218       1.000002058784681
                 3.03125       2.675262494072558       1.000002058784681
                 3.03125       2.724349879284899       1.000002058784681
                 3.03125       2.773437264497239       1.000002058784681
                 3.03125        2.82252464970958       1.000002058784681
                 3.03125        2.87161203492192       1.000002058784681
                 3.03125       2.920699420134261       1.000002058784681
                 3.03125       2.969786805346601       1.000002058784681
                 3.03125       3.018874190558942       1.000002058784681
                 3.03125       3.067961575771282       1.000002058784681
                 3.03125       3.117048960983623       1.000002058784681

                 3.09375     0.02454369260617026       1.000001993178891
                 3.09375     0.07363107781851078       1.000001993178891
                 3.09375      0.1227184630308513       1.000001993178891
                 3.09375      0.1718058482431918       1.000001993178891
                 3.09375      0.2208932334555323       1.000001993178891
                 3.09375      0.2699806186678728       1.000001993178891
                 3.09375      0.3190680038802134       1.000001993178891
                 3.09375      0.3681553890925539       1.000001993178891
                 3.09375      0.4172427743048944       1.000001993178891
                 3.09375      0.4663301595172349       1.000001993178891
                 3.09375      0.5154175447295755       1.000001993178891
                 3.09375      0.5645049299419159       1.000001993178891
                 3.09375      0.6135923151542565       1.000001993178891
                 3.09375       0.662679700366597       1.000001993178891
                 3.09375      0.7117670855789375       1.000001993178891
                 3.09375       0.760854470791278       1.000001993178891
                 3.09375      0.8099418560036186       1.000001993178891
                 3.09375       0.859029241215959       1.000001993178891
                 3.09375      0.9081166264282996       1.000001993178891
                 3.09375      0.9572040116406401       1.000001993178891
                 3.09375       1.006291396852981       1.000001993178891
                 3.09375       1.055378782065321       1.000001993178891
                 3.09375       1.104466167277662       1.000001993178891
                 3.09375       1.153553552490002       1.000001993178891
                 3.09375       1.202640937702343       1.000001993178891
                 3.09375       1.251728322914683       1.000001993178891
                 3.09375       1.300815708127024       1.000001993178891
                 3.09375       1.349903093339364       1.000001993178891
                 3.09375       1.398990478551705       1.000001993178891
                 3.09375       1.448077863764045       1.000001993178891
                 3.09375       1.497165248976386       1.000001993178891
                 3.09375       1.546252634188726       1.000001993178891
                 3.09375       1.595340019401067       1.000001993178891
                 3.09375       1.644427404613407       1.000001993178891
                 3.09375       1.693514789825748       1.000001993178891
                 3.09375       1.742602175038088       1.000001993178891
                 3.09375       1.791689560250429       1.000001993178891
                 3.09375       1.840776945462769       1.000001993178891
                 3.09375        1.88986433067511       1.000001993178891
                 3.09375       1.938951715887451       1.000001993178891
                 3.09375       1.988039101099791       1.000001993178891
                 3.09375       2.037126486312132       1.000001993178891
                 3.09375       2.086213871524472       1.000001993178891
                 3.09375       2.135301256736812       1.000001993178891
                 3.09375       2.184388641949153       1.000001993178891
                 3.09375       2.233476027161494       1.000001993178891
                 3.09375       2.282563412373834       1.000001993178891
                 3.09375       2.331650797586175       1.000001993178891
                 3.09375       2.380738182798515       1.000001993178891
                 3.09375       2.429825568010856       1.000001993178891
                 3.09375       2.478912953223196       1.000001993178891
                 3.09375       2.528000338435537       1.000001993178891
                 3.09375       2.577087723647877       1.000001993178891
                 3.09375       2.626175108860218       1.000001993178891
                 3.09375       2.675262494072558       1.000001993178891
                 3.09375       2.724349879284899       1.000001993178891
                 3.09375       2.773437264497239       1.000001993178891
                 3.09375        2.82252464970958       1.000001993178891
                 3.09375        2.87161203492192       1.000001993178891
                 3.09375       2.920699420134261       1.000001993178891
                 3.09375       2.969786805346601       1.000001993178891
                 3.09375       3.018874190558942       1.000001993178891
                 3.09375       3.067961575771282       1.000001993178891
                 3.09375       3.117048960983623       1.000001993178891

                 3.15625     0.02454369260617026       1.000001930171348
                 3.15625     0.07363107781851078       1.000001930171348
                 3.15625      0.1227184630308513       1.000001930171348
                 3.15625      0.1718058482431918       1.000001930171348
                 3.15625      0.2208932334555323       1.000001930171348
                 3.15625      0.2699806186678728       1.000001930171348
                 3.15625      0.3190680038802134       1.000001930171348
                 3.15625      0.3681553890925539       1.000001930171348
                 3.15625      0.4172427743048944       1.000001930171348
                 3.15625      0.4663301595172349       1.000001930171348
                 3.15625      0.5154175447295755       1.000001930171348
                 3.15625      0.5645049299419159       1.000001930171348
                 3.15625      0.6135923151542565       1.000001930171348
                 3.15625       0.662679700366597       1.000001930171348
                 3.15625      0.7117670855789375       1.000001930171348
                 3.15625       0.760854470791278       1.000001930171348
                 3.15625      0.8099418560036186       1.000001930171348
                 3.15625       0.859029241215959       1.000001930171348
                 3.15625      0.9081166264282996       1.000001930171348
                 3.15625      0.9572040116406401       1.000001930171348
                 3.15625       1.006291396852981       1.000001930171348
                 3.15625       1.055378782065321       1.000001930171348
                 3.15625       1.104466167277662       1.000001930171348
                 3.15625       1.153553552490002       1.000001930171348
                 3.15625       1.202640937702343       1.000001930171348
                 3.15625       1.251728322914683       1.000001930171348
                 3.15625       1.300815708127024       1.000001930171348
                 3.15625       1.349903093339364       1.000001930171348
                 3.15625       1.398990478551705       1.000001930171348
                 3.15625       1.448077863764045       1.000001930171348
                 3.15625       1.497165248976386       1.000001930171348
                 3.15625       1.546252634188726       1.000001930171348
                 3.15625       1.595340019401067       1.000001930171348
                 3.15625       1.644427404613407       1.000001930171348
                 3.15625       1.693514789825748       1.000001930171348
                 3.15625       1.742602175038088       1.000001930171348
                 3.15625       1.791689560250429       1.000001930171348
                 3.15625       1.840776945462769       1.000001930171348
                 3.15625        1.88986433067511       1.000001930171348
                 3.15625       1.938951715887451       1.000001930171348
                 3.15625       1.988039101099791       1.000001930171348
                 3.15625       2.037126486312132       1.000001930171348
                 3.15625       2.086213871524472       1.000001930171348
                 3.15625       2.135301256736812       1.000001930171348
                 3.15625       2.184388641949153       1.000001930171348
                 3.15625       2.233476027161494       1.000001930171348
                 3.15625       2.282563412373834       1.000001930171348
                 3.15625       2.331650797586175       1.000001930171348
                 3.15625       2.380738182798515       1.000001930171348
                 3.15625       2.429825568010856       1.000001930171348
                 3.15625       2.478912953223196       1.000001930171348
                 3.15625       2.528000338435537       1.000001930171348
                 3.15625       2.577087723647877       1.000001930171348
                 3.15625       2.626175108860218       1.000001930171348
                 3.15625       2.675262494072558       1.000001930171348
                 3.15625       2.724349879284899       1.000001930171348
                 3.15625       2.773437264497239       1.000001930171348
                 3.15625        2.82252464970958       1.000001930171348
                 3.15625        2.87161203492192       1.000001930171348
                 3.15625       2.920699420134261       1.000001930171348
                 3.15625       2.969786805346601       1.000001930171348
                 3.15625       3.018874190558942       1.000001930171348
                 3.15625       3.067961575771282       1.000001930171348
                 3.15625       3.117048960983623       1.000001930171348

                 3.21875     0.02454369260617026         1.0000018696107
                 3.21875     0.07363107781851078         1.0000018696107
                 3.21875      0.1227184630308513         1.0000018696107
                 3.21875      0.1718058482431918         1.0000018696107
                 3.21875      0.2208932334555323         1.0000018696107
                 3.21875      0.2699806186678728         1.0000018696107
                 3.21875      0.3190680038802134         1.0000018696107
                 3.21875      0.3681553890925539         1.0000018696107
                 3.21875      0.4172427743048944         1.0000018696107
                 3.21875      0.4663301595172349         1.0000018696107
                 3.21875      0.5154175447295755         1.0000018696107
                 3.21875      0.5645049299419159         1.0000018696107
                 3.21875      0.6135923151542565         1.0000018696107
                 3.21875       0.662679700366597         1.0000018696107
                 3.21875      0.7117670855789375         1.0000018696107
                 3.21875       0.760854470791278         1.0000018696107
                 3.21875      0.8099418560036186         1.0000018696107
                 3.21875       0.859029241215959         1.0000018696107
                 3.21875      0.9081166264282996         1.0000018696107
                 3.21875      0.9572040116406401         1.0000018696107
                 3.21875       1.006291396852981         1.0000018696107
                 3.21875       1.055378782065321         1.0000018696107
                 3.21875       1.104466167277662         1.0000018696107
                 3.21875       1.153553552490002         1.0000018696107
                 3.21875       1.202640937702343         1.0000018696107
                 3.21875       1.251728322914683         1.0000018696107
                 3.21875       1.300815708127024         1.0000018696107
                 3.21875       1.349903093339364         1.0000018696107
                 3.21875       1.398990478551705         1.0000018696107
                 3.21875       1.448077863764045         1.0000018696107
                 3.21875       1.497165248976386         1.0000018696107
                 3.21875       1.546252634188726         1.0000018696107
                 3.21875       1.595340019401067         1.0000018696107
                 3.21875       1.644427404613407         1.0000018696107
                 3.21875       1.693514789825748         1.0000018696107
                 3.21875       1.742602175038088         1.0000018696107
                 3.21875       1.791689560250429         1.0000018696107
                 3.21875       1.840776945462769         1.0000018696107
                 3.21875        1.88986433067511         1.0000018696107
                 3.21875       1.938951715887451         1.0000018696107
                 3.21875       1.988039101099791         1.0000018696107
                 3.21875       2.037126486312132         1.0000018696107
                 3.21875       2.086213871524472         1.0000018696107
                 3.21875       2.135301256736812         1.0000018696107
                 3.21875       2.184388641949153         1.0000018696107
                 3.21875       2.233476027161494         1.0000018696107
                 3.21875       2.282563412373834         1.0000018696107
                 3.21875       2.331650797586175         1.0000018696107
                 3.21875       2.380738182798515         1.0000018696107
                 3.21875       2.429825568010856         1.0000018696107
                 3.21875       2.478912953223196         1.0000018696107
                 3.21875       2.528000338435537         1.0000018696107
                 3.21875       2.577087723647877         1.0000018696107
                 3.21875       2.626175108860218         1.0000018696107
                 3.21875       2.675262494072558         1.0000018696107
                 3.21875       2.724349879284899         1.0000018696107
                 3.21875       2.773437264497239         1.0000018696107
                 3.21875        2.82252464970958         1.0000018696107
                 3.21875        2.87161203492192         1.0000018696107
                 3.21875       2.920699420134261         1.0000018696107
                 3.21875       2.969786805346601         1.0000018696107
                 3.21875       3.018874190558942         1.0000018696107
                 3.21875       3.067961575771282         1.0000018696107
                 3.21875       3.117048960983623         1.0000018696107

                 3.28125     0.02454369260617026       1.000001811357123
                 3.28125     0.07363107781851078       1.000001811357123
                 3.28125      0.1227184630308513       1.000001811357123
                 3.28125      0.1718058482431918       1.000001811357123
                 3.28125      0.2208932334555323       1.000001811357123
                 3.28125      0.2699806186678728       1.000001811357123
                 3.28125      0.3190680038802134       1.000001811357123
                 3.28125      0.3681553890925539       1.000001811357123
                 3.28125      0.4172427743048944       1.000001811357123
                 3.28125      0.4663301595172349       1.000001811357123
                 3.28125      0.5154175447295755       1.000001811357123
                 3.28125      0.5645049299419159       1.000001811357123
                 3.28125      0.6135923151542565       1.000001811357123
                 3.28125       0.662679700366597       1.000001811357123
                 3.28125      0.7117670855789375       1.000001811357123
                 3.28125       0.760854470791278       1.000001811357123
                 3.28125      0.8099418560036186       1.000001811357123
                 3.28125       0.859029241215959       1.000001811357123
                 3.28125      0.9081166264282996       1.000001811357123
                 3.28125      0.9572040116406401       1.000001811357123
                 3.28125       1.006291396852981       1.000001811357123
                 3.28125       1.055378782065321       1.000001811357123
                 3.28125       1.104466167277662       1.000001811357123
                 3.28125       1.153553552490002       1.000001811357123
                 3.28125       1.202640937702343       1.000001811357123
                 3.28125       1.251728322914683       1.000001811357123
                 3.28125       1.300815708127024       1.000001811357123
                 3.28125       1.349903093339364       1.000001811357123
                 3.28125       1.398990478551705       1.000001811357123
                 3.28125       1.448077863764045       1.000001811357123
                 3.28125       1.497165248976386       1.000001811357123
                 3.28125       1.546252634188726       1.000001811357123
                 3.28125       1.595340019401067       1.000001811357123
                 3.28125       1.644427404613407       1.000001811357123
                 3.28125       1.693514789825748       1.000001811357123
                 3.28125       1.742602175038088       1.000001811357123
                 3.28125       1.791689560250429       1.000001811357123
                 3.28125       1.840776945462769       1.000001811357123
                 3.28125        1.88986433067511       1.000001811357123
                 3.28125       1.938951715887451       1.000001811357123
                 3.28125       1.988039101099791       1.000001811357123
                 3.28125       2.037126486312132       1.000001811357123
                 3.28125       2.086213871524472       1.000001811357123
                 3.28125       2.135301256736812       1.000001811357123
                 3.28125       2.184388641949153       1.000001811357123
                 3.28125       2.233476027161494       1.000001811357123
                 3.28125       2.282563412373834       1.000001811357123
                 3.28125       2.331650797586175       1.000001811357123
                 3.28125       2.380738182798515       1.000001811357123
                 3.28125       2.429825568010856       1.000001811357123
                 3.28125       2.478912953223196       1.000001811357123
                 3.28125       2.528000338435537       1.000001811357123
                 3.28125       2.577087723647877       1.000001811357123
                 3.28125       2.626175108860218       1.000001811357123
                 3.28125       2.675262494072558       1.000001811357123
                 3.28125       2.724349879284899       1.000001811357123
                 3.28125       2.773437264497239       1.000001811357123
                 3.28125        2.82252464970958       1.000001811357123
                 3.28125        2.87161203492192       1.000001811357123
                 3.28125       2.920699420134261       1.000001811357123
                 3.28125       2.969786805346601       1.000001811357123
                 3.28125       3.018874190558942       1.000001811357123
                 3.28125       3.067961575771282       1.000001811357123
                 3.28125       3.117048960983623       1.000001811357123

                 3.34375     0.02454369260617026       1.000001755281249
                 3.34375     0.07363107781851078       1.000001755281249
                 3.34375      0.1227184630308513       1.000001755281249
                 3.34375      0.1718058482431918       1.000001755281249
                 3.34375      0.2208932334555323       1.000001755281249
                 3.34375      0.2699806186678728       1.000001755281249
                 3.34375      0.3190680038802134       1.000001755281249
                 3.34375      0.3681553890925539       1.000001755281249
                 3.34375      0.4172427743048944       1.000001755281249
                 3.34375      0.4663301595172349       1.000001755281249
                 3.34375      0.5154175447295755       1.000001755281249
                 3.34375      0.5645049299419159       1.000001755281249
                 3.34375      0.6135923151542565       1.000001755281249
                 3.34375       0.662679700366597       1.000001755281249
                 3.34375      0.7117670855789375       1.000001755281249
                 3.34375       0.760854470791278       1.000001755281249
                 3.34375      0.8099418560036186       1.000001755281249
                 3.34375       0.859029241215959       1.000001755281249
                 3.34375      0.9081166264282996       1.000001755281249
                 3.34375      0.9572040116406401       1.000001755281249
                 3.34375       1.006291396852981       1.000001755281249
                 3.34375       1.055378782065321       1.000001755281249
                 3.34375       1.104466167277662       1.000001755281249
                 3.34375       1.153553552490002       1.000001755281249
                 3.34375       1.202640937702343       1.000001755281249
                 3.34375       1.251728322914683       1.000001755281249
                 3.34375       1.300815708127024       1.000001755281249
                 3.34375       1.349903093339364       1.000001755281249
                 3.34375       1.398990478551705       1.000001755281249
                 3.34375       1.448077863764045       1.000001755281249
                 3.34375       1.497165248976386       1.000001755281249
                 3.34375       1.546252634188726       1.000001755281249
                 3.34375       1.595340019401067       1.000001755281249
                 3.34375       1.644427404613407       1.000001755281249
                 3.34375       1.693514789825748       1.000001755281249
                 3.34375       1.742602175038088       1.000001755281249
                 3.34375       1.791689560250429       1.000001755281249
                 3.34375       1.840776945462769       1.000001755281249
                 3.34375        1.88986433067511       1.000001755281249
                 3.34375       1.938951715887451       1.000001755281249
                 3.34375       1.988039101099791       1.000001755281249
                 3.34375       2.037126486312132       1.000001755281249
                 3.34375       2.086213871524472       1.000001755281249
                 3.34375       2.135301256736812       1.000001755281249
                 3.34375       2.184388641949153       1.000001755281249
                 3.34375       2.233476027161494       1.000001755281249
                 3.34375       2.282563412373834       1.000001755281249
                 3.34375       2.331650797586175       1.000001755281249
                 3.34375       2.380738182798515       1.000001755281249
                 3.34375       2.429825568010856       1.000001755281249
                 3.34375       2.478912953223196       1.000001755281249
                 3.34375       2.528000338435537       1.000001755281249
                 3.34375       2.577087723647877       1.000001755281249
                 3.34375       2.626175108860218       1.000001755281249
                 3.34375       2.675262494072558       1.000001755281249
                 3.34375       2.724349879284899       1.000001755281249
                 3.34375       2.773437264497239       1.000001755281249
                 3.34375        2.82252464970958       1.000001755281249
                 3.34375        2.87161203492192       1.000001755281249
                 3.34375       2.920699420134261       1.000001755281249
                 3.34375       2.969786805346601       1.000001755281249
                 3.34375       3.018874190558942       1.000001755281249
                 3.34375       3.067961575771282       1.000001755281249
                 3.34375       3.117048960983623       1.000001755281249

                 3.40625     0.02454369260617026       1.000001701263206
                 3.40625     0.07363107781851078       1.000001701263206
                 3.40625      0.1227184630308513       1.000001701263206
                 3.40625      0.1718058482431918       1.000001701263206
                 3.40625      0.2208932334555323       1.000001701263206
                 3.40625      0.2699806186678728       1.000001701263206
                 3.40625      0.3190680038802134       1.000001701263206
                 3.40625      0.3681553890925539       1.000001701263206
                 3.40625      0.4172427743048944       1.000001701263206
                 3.40625      0.4663301595172349       1.000001701263206
                 3.40625      0.5154175447295755       1.000001701263206
                 3.40625      0.5645049299419159       1.000001701263206
                 3.40625      0.6135923151542565       1.000001701263206
                 3.40625       0.662679700366597       1.000001701263206
                 3.40625      0.7117670855789375       1.000001701263206
                 3.40625       0.760854470791278       1.000001701263206
                 3.40625      0.8099418560036186       1.000001701263206
                 3.40625       0.859029241215959       1.000001701263206
                 3.40625      0.9081166264282996       1.000001701263206
                 3.40625      0.9572040116406401       1.000001701263206
                 3.40625       1.006291396852981       1.000001701263206
                 3.40625       1.055378782065321       1.000001701263206
                 3.40625       1.104466167277662       1.000001701263206
                 3.40625       1.153553552490002       1.000001701263206
                 3.40625       1.202640937702343       1.000001701263206
                 3.40625       1.251728322914683       1.000001701263206
                 3.40625       1.300815708127024       1.000001701263206
                 3.40625       1.349903093339364       1.000001701263206
                 3.40625       1.398990478551705       1.000001701263206
                 3.40625       1.448077863764045       1.000001701263206
                 3.40625       1.497165248976386       1.000001701263206
                 3.40625       1.546252634188726       1.000001701263206
                 3.40625       1.595340019401067       1.000001701263206
                 3.40625       1.644427404613407       1.000001701263206
                 3.40625       1.693514789825748       1.000001701263206
                 3.40625       1.742602175038088       1.000001701263206
                 3.40625       1.791689560250429       1.000001701263206
                 3.40625       1.840776945462769       1.000001701263206
                 3.40625        1.88986433067511       1.000001701263206
                 3.40625       1.938951715887451       1.000001701263206
                 3.40625       1.988039101099791       1.000001701263206
                 3.40625       2.037126486312132       1.000001701263206
                 3.40625       2.086213871524472       1.000001701263206
                 3.40625       2.135301256736812       1.000001701263206
                 3.40625       2.184388641949153       1.000001701263206
                 3.40625       2.233476027161494       1.000001701263206
                 3.40625       2.282563412373834       1.000001701263206
                 3.40625       2.331650797586175       1.000001701263206
                 3.40625       2.380738182798515       1.000001701263206
                 3.40625       2.429825568010856       1.000001701263206
                 3.40625       2.478912953223196       1.000001701263206
                 3.40625       2.528000338435537       1.000001701263206
                 3.40625       2.577087723647877       1.000001701263206
                 3.40625       2.626175108860218       1.000001701263206
                 3.40625       2.675262494072558       1.000001701263206
                 3.40625       2.724349879284899       1.000001701263206
                 3.40625       2.773437264497239       1.000001701263206
                 3.40625        2.82252464970958       1.000001701263206
                 3.40625        2.87161203492192       1.000001701263206
                 3.40625       2.920699420134261       1.000001701263206
                 3.40625       2.969786805346601       1.000001701263206
                 3.40625       3.018874190558942       1.000001701263206
                 3.40625       3.067961575771282       1.000001701263206
                 3.40625       3.117048960983623       1.000001701263206

                 3.46875     0.02454369260617026       1.000001649191759
                 3.46875     0.07363107781851078       1.000001649191759
                 3.46875      0.1227184630308513       1.000001649191759
                 3.46875      0.1718058482431918       1.000001649191759
                 3.46875      0.2208932334555323       1.000001649191759
                 3.46875      0.2699806186678728       1.000001649191759
                 3.46875      0.3190680038802134       1.000001649191759
                 3.46875      0.3681553890925539       1.000001649191759
                 3.46875      0.4172427743048944       1.000001649191759
                 3.46875      0.4663301595172349       1.000001649191759
                 3.46875      0.5154175447295755       1.000001649191759
                 3.46875      0.5645049299419159       1.000001649191759
                 3.46875      0.6135923151542565       1.000001649191759
                 3.46875       0.662679700366597       1.000001649191759
                 3.46875      0.7117670855789375       1.000001649191759
                 3.46875       0.760854470791278       1.000001649191759
                 3.46875      0.8099418560036186       1.000001649191759
                 3.46875       0.859029241215959       1.000001649191759
                 3.46875      0.9081166264282996       1.000001649191759
                 3.46875      0.9572040116406401       1.000001649191759
                 3.46875       1.006291396852981       1.000001649191759
                 3.46875       1.055378782065321       1.000001649191759
                 3.46875       1.104466167277662       1.000001649191759
                 3.46875       1.153553552490002       1.000001649191759
                 3.46875       1.202640937702343       1.000001649191759
                 3.46875       1.251728322914683       1.000001649191759
                 3.46875       1.300815708127024       1.000001649191759
                 3.46875       1.349903093339364       1.000001649191759
                 3.46875       1.398990478551705       1.000001649191759
                 3.46875       1.448077863764045       1.000001649191759
                 3.46875       1.497165248976386       1.000001649191759
                 3.46875       1.546252634188726       1.000001649191759
                 3.46875       1.595340019401067       1.000001649191759
                 3.46875       1.644427404613407       1.000001649191759
                 3.46875       1.693514789825748       1.000001649191759
                 3.46875       1.742602175038088       1.000001649191759
                 3.46875       1.791689560250429       1.000001649191759
                 3.46875       1.840776945462769       1.000001649191759
                 3.46875        1.88986433067511       1.000001649191759
                 3.46875       1.938951715887451       1.000001649191759
                 3.46875       1.988039101099791       1.000001649191759
                 3.46875       2.037126486312132       1.000001649191759
                 3.46875       2.086213871524472       1.000001649191759
                 3.46875       2.135301256736812       1.000001649191759
                 3.46875       2.184388641949153       1.000001649191759
                 3.46875       2.233476027161494       1.000001649191759
                 3.46875       2.282563412373834       1.000001649191759
                 3.46875       2.331650797586175       1.000001649191759
                 3.46875       2.380738182798515       1.000001649191759
                 3.46875       2.429825568010856       1.000001649191759
                 3.46875       2.478912953223196       1.000001649191759
                 3.46875       2.528000338435537       1.000001649191759
                 3.46875       2.577087723647877       1.000001649191759
                 3.46875       2.626175108860218       1.000001649191759
                 3.46875       2.675262494072558       1.000001649191759
                 3.46875       2.724349879284899       1.000001649191759
                 3.46875       2.773437264497239       1.000001649191759
                 3.46875        2.82252464970958       1.000001649191759
                 3.46875        2.87161203492192       1.000001649191759
                 3.46875       2.920699420134261       1.000001649191759
                 3.46875       2.969786805346601       1.000001649191759
                 3.46875       3.018874190558942       1.000001649191759
                 3.46875       3.067961575771282       1.000001649191759
                 3.46875       3.117048960983623       1.000001649191759

                 3.53125     0.02454369260617026       1.000001598963549
                 3.53125     0.07363107781851078       1.000001598963549
                 3.53125      0.1227184630308513       1.000001598963549
                 3.53125      0.1718058482431918       1.000001598963549
                 3.53125      0.2208932334555323       1.000001598963549
                 3.53125      0.2699806186678728       1.000001598963549
                 3.53125      0.3190680038802134       1.000001598963549
                 3.53125      0.3681553890925539       1.000001598963549
                 3.53125      0.4172427743048944       1.000001598963549
                 3.53125      0.4663301595172349       1.000001598963549
                 3.53125      0.5154175447295755       1.000001598963549
                 3.53125      0.5645049299419159       1.000001598963549
                 3.53125      0.6135923151542565       1.000001598963549
                 3.53125       0.662679700366597       1.000001598963549
                 3.53125      0.7117670855789375       1.000001598963549
                 3.53125       0.760854470791278       1.000001598963549
                 3.53125      0.8099418560036186       1.000001598963549
                 3.53125       0.859029241215959       1.000001598963549
                 3.53125      0.9081166264282996       1.000001598963549
                 3.53125      0.9572040116406401       1.000001598963549
                 3.53125       1.006291396852981       1.000001598963549
                 3.53125       1.055378782065321       1.000001598963549
                 3.53125       1.104466167277662       1.000001598963549
                 3.53125       1.153553552490002       1.000001598963549
                 3.53125       1.202640937702343       1.000001598963549
                 3.53125       1.251728322914683       1.000001598963549
                 3.53125       1.300815708127024       1.000001598963549
                 3.53125       1.349903093339364       1.000001598963549
                 3.53125       1.398990478551705       1.000001598963549
                 3.53125       1.448077863764045       1.000001598963549
                 3.53125       1.497165248976386       1.000001598963549
                 3.53125       1.546252634188726       1.000001598963549
                 3.53125       1.595340019401067       1.000001598963549
                 3.53125       1.644427404613407       1.000001598963549
                 3.53125       1.693514789825748       1.000001598963549
                 3.53125       1.742602175038088       1.000001598963549
                 3.53125       1.791689560250429       1.000001598963549
                 3.53125       1.840776945462769       1.000001598963549
                 3.53125        1.88986433067511       1.000001598963549
                 3.53125       1.938951715887451       1.000001598963549
                 3.53125       1.988039101099791       1.000001598963549
                 3.53125       2.037126486312132       1.000001598963549
                 3.53125       2.086213871524472       1.000001598963549
                 3.53125       2.135301256736812       1.000001598963549
                 3.53125       2.184388641949153       1.000001598963549
                 3.53125       2.233476027161494       1.000001598963549
                 3.53125       2.282563412373834       1.000001598963549
                 3.53125       2.331650797586175       1.000001598963549
                 3.53125       2.380738182798515       1.000001598963549
                 3.53125       2.429825568010856       1.000001598963549
                 3.53125       2.478912953223196       1.000001598963549
                 3.53125       2.528000338435537       1.000001598963549
                 3.53125       2.577087723647877       1.000001598963549
                 3.53125       2.626175108860218       1.000001598963549
                 3.53125       2.675262494072558       1.000001598963549
                 3.53125       2.724349879284899       1.000001598963549
                 3.53125       2.773437264497239       1.000001598963549
                 3.53125        2.82252464970958       1.000001598963549
                 3.53125        2.87161203492192       1.000001598963549
                 3.53125       2.920699420134261       1.000001598963549
                 3.53125       2.969786805346601       1.000001598963549
                 3.53125       3.018874190558942       1.000001598963549
                 3.53125       3.067961575771282       1.000001598963549
                 3.53125       3.117048960983623       1.000001598963549

                 3.59375     0.02454369260617026       1.000001550482407
                 3.59375     0.07363107781851078       1.000001550482407
                 3.59375      0.1227184630308513       1.000001550482407
                 3.59375      0.1718058482431918       1.000001550482407
                 3.59375      0.2208932334555323       1.000001550482407
                 3.59375      0.2699806186678728       1.000001550482407
                 3.59375      0.3190680038802134       1.000001550482407
                 3.59375      0.3681553890925539       1.000001550482407
                 3.59375      0.4172427743048944       1.000001550482407
                 3.59375      0.4663301595172349       1.000001550482407
                 3.59375      0.5154175447295755       1.000001550482407
                 3.59375      0.5645049299419159       1.000001550482407
                 3.59375      0.6135923151542565       1.000001550482407
                 3.59375       0.662679700366597       1.000001550482407
                 3.59375      0.7117670855789375       1.000001550482407
                 3.59375       0.760854470791278       1.000001550482407
                 3.59375      0.8099418560036186       1.000001550482407
                 3.59375       0.859029241215959       1.000001550482407
                 3.59375      0.9081166264282996       1.000001550482407
                 3.59375      0.9572040116406401       1.000001550482407
                 3.59375       1.006291396852981       1.000001550482407
                 3.59375       1.055378782065321       1.000001550482407
                 3.59375       1.104466167277662       1.000001550482407
                 3.59375       1.153553552490002       1.000001550482407
                 3.59375       1.202640937702343       1.000001550482407
                 3.59375       1.251728322914683       1.000001550482407
                 3.59375       1.300815708127024       1.000001550482407
                 3.59375       1.349903093339364       1.000001550482407
                 3.59375       1.398990478551705       1.000001550482407
                 3.59375       1.448077863764045       1.000001550482407
                 3.59375       1.497165248976386       1.000001550482407
                 3.59375       1.546252634188726       1.000001550482407
                 3.59375       1.595340019401067       1.000001550482407
                 3.59375       1.644427404613407       1.000001550482407
                 3.59375       1.693514789825748       1.000001550482407
                 3.59375       1.742602175038088       1.000001550482407
                 3.59375       1.791689560250429       1.000001550482407
                 3.59375       1.840776945462769       1.000001550482407
                 3.59375        1.88986433067511       1.000001550482407
                 3.59375       1.938951715887451       1.000001550482407
                 3.59375       1.988039101099791       1.000001550482407
                 3.59375       2.037126486312132       1.000001550482407
                 3.59375       2.086213871524472       1.000001550482407
                 3.59375       2.135301256736812       1.000001550482407
                 3.59375       2.184388641949153       1.000001550482407
                 3.59375       2.233476027161494       1.000001550482407
                 3.59375       2.282563412373834       1.000001550482407
                 3.59375       2.331650797586175       1.000001550482407
                 3.59375       2.380738182798515       1.000001550482407
                 3.59375       2.429825568010856       1.000001550482407
                 3.59375       2.478912953223196       1.000001550482407
                 3.59375       2.528000338435537       1.000001550482407
                 3.59375       2.577087723647877       1.000001550482407
                 3.59375       2.626175108860218       1.000001550482407
                 3.59375       2.675262494072558       1.000001550482407
                 3.59375       2.724349879284899       1.000001550482407
                 3.59375       2.773437264497239       1.000001550482407
                 3.59375        2.82252464970958       1.000001550482407
                 3.59375        2.87161203492192       1.000001550482407
                 3.59375       2.920699420134261       1.000001550482407
                 3.59375       2.969786805346601       1.000001550482407
                 3.59375       3.018874190558942       1.000001550482407
                 3.59375       3.067961575771282       1.000001550482407
                 3.59375       3.117048960983623       1.000001550482407

                 3.65625     0.02454369260617026       1.000001503658739
                 3.65625     0.07363107781851078       1.000001503658739
                 3.65625      0.1227184630308513       1.000001503658739
                 3.65625      0.1718058482431918       1.000001503658739
                 3.65625      0.2208932334555323       1.000001503658739
                 3.65625      0.2699806186678728       1.000001503658739
                 3.65625      0.3190680038802134       1.000001503658739
                 3.65625      0.3681553890925539       1.000001503658739
                 3.65625      0.4172427743048944       1.000001503658739
                 3.65625      0.4663301595172349       1.000001503658739
                 3.65625      0.5154175447295755       1.000001503658739
                 3.65625      0.5645049299419159       1.000001503658739
                 3.65625      0.6135923151542565       1.000001503658739
                 3.65625       0.662679700366597       1.000001503658739
                 3.65625      0.7117670855789375       1.000001503658739
                 3.65625       0.760854470791278       1.000001503658739
                 3.65625      0.8099418560036186       1.000001503658739
                 3.65625       0.859029241215959       1.000001503658739
                 3.65625      0.9081166264282996       1.000001503658739
                 3.65625      0.9572040116406401       1.000001503658739
                 3.65625       1.006291396852981       1.000001503658739
                 3.65625       1.055378782065321       1.000001503658739
                 3.65625       1.104466167277662       1.000001503658739
                 3.65625       1.153553552490002       1.000001503658739
                 3.65625       1.202640937702343       1.000001503658739
                 3.65625       1.251728322914683       1.000001503658739
                 3.65625       1.300815708127024       1.000001503658739
                 3.65625       1.349903093339364       1.000001503658739
                 3.65625       1.398990478551705       1.000001503658739
                 3.65625       1.448077863764045       1.000001503658739
                 3.65625       1.497165248976386       1.000001503658739
                 3.65625       1.546252634188726       1.000001503658739
                 3.65625       1.595340019401067       1.000001503658739
                 3.65625       1.644427404613407       1.000001503658739
                 3.65625       1.693514789825748       1.000001503658739
                 3.65625       1.742602175038088       1.000001503658739
                 3.65625       1.791689560250429       1.000001503658739
                 3.65625       1.840776945462769       1.000001503658739
                 3.65625        1.88986433067511       1.000001503658739
                 3.65625       1.938951715887451       1.000001503658739
                 3.65625       1.988039101099791       1.000001503658739
                 3.65625       2.037126486312132       1.000001503658739
                 3.65625       2.086213871524472       1.000001503658739
                 3.65625       2.135301256736812       1.000001503658739
                 3.65625       2.184388641949153       1.000001503658739
                 3.65625       2.233476027161494       1.000001503658739
                 3.65625       2.282563412373834       1.000001503658739
                 3.65625       2.331650797586175       1.000001503658739
                 3.65625       2.380738182798515       1.000001503658739
                 3.65625       2.429825568010856       1.000001503658739
                 3.65625       2.478912953223196       1.000001503658739
                 3.65625       2.528000338435537       1.000001503658739
                 3.65625       2.577087723647877       1.000001503658739
                 3.65625       2.626175108860218       1.000001503658739
                 3.65625       2.675262494072558       1.000001503658739
                 3.65625       2.724349879284899       1.000001503658739
                 3.65625       2.773437264497239       1.000001503658739
                 3.65625        2.82252464970958       1.000001503658739
                 3.65625        2.87161203492192       1.000001503658739
                 3.65625       2.920699420134261       1.000001503658739
                 3.65625       2.969786805346601       1.000001503658739
                 3.65625       3.018874190558942       1.000001503658739
                 3.65625       3.067961575771282       1.000001503658739
                 3.65625       3.117048960983623       1.000001503658739

                 3.71875     0.02454369260617026       1.000001458408977
                 3.71875     0.07363107781851078       1.000001458408977
                 3.71875      0.1227184630308513       1.000001458408977
                 3.71875      0.1718058482431918       1.000001458408977
                 3.71875      0.2208932334555323       1.000001458408977
                 3.71875      0.2699806186678728       1.000001458408977
                 3.71875      0.3190680038802134       1.000001458408977
                 3.71875      0.3681553890925539       1.000001458408977
                 3.71875      0.4172427743048944       1.000001458408977
                 3.71875      0.4663301595172349       1.000001458408977
                 3.71875      0.5154175447295755       1.000001458408977
                 3.71875      0.5645049299419159       1.000001458408977
                 3.71875      0.6135923151542565       1.000001458408977
                 3.71875       0.662679700366597       1.000001458408977
                 3.71875      0.7117670855789375       1.000001458408977
                 3.71875       0.760854470791278       1.000001458408977
                 3.71875      0.8099418560036186       1.000001458408977
                 3.71875       0.859029241215959       1.000001458408977
                 3.71875      0.9081166264282996       1.000001458408977
                 3.71875      0.9572040116406401       1.000001458408977
                 3.71875       1.006291396852981       1.000001458408977
                 3.71875       1.055378782065321       1.000001458408977
                 3.71875       1.104466167277662       1.000001458408977
                 3.71875       1.153553552490002       1.000001458408977
                 3.71875       1.202640937702343       1.000001458408977
                 3.71875       1.251728322914683       1.000001458408977
                 3.71875       1.300815708127024       1.000001458408977
                 3.71875       1.349903093339364       1.000001458408977
                 3.71875       1.398990478551705       1.000001458408977
                 3.71875       1.448077863764045       1.000001458408977
                 3.71875       1.497165248976386       1.000001458408977
                 3.71875       1.546252634188726       1.000001458408977
                 3.71875       1.595340019401067       1.000001458408977
                 3.71875       1.644427404613407       1.000001458408977
                 3.71875       1.693514789825748       1.000001458408977
                 3.71875       1.742602175038088       1.000001458408977
                 3.71875       1.791689560250429       1.000001458408977
                 3.71875       1.840776945462769       1.000001458408977
                 3.71875        1.88986433067511       1.000001458408977
                 3.71875       1.938951715887451       1.000001458408977
                 3.71875       1.988039101099791       1.000001458408977
                 3.71875       2.037126486312132       1.000001458408977
                 3.71875       2.086213871524472       1.000001458408977
                 3.71875       2.135301256736812       1.000001458408977
                 3.71875       2.184388641949153       1.000001458408977
                 3.71875       2.233476027161494       1.000001458408977
                 3.71875       2.282563412373834       1.000001458408977
                 3.71875       2.331650797586175       1.000001458408977
                 3.71875       2.380738182798515       1.000001458408977
                 3.71875       2.429825568010856       1.000001458408977
                 3.71875       2.478912953223196       1.000001458408977
                 3.71875       2.528000338435537       1.000001458408977
                 3.71875       2.577087723647877       1.000001458408977
                 3.71875       2.626175108860218       1.000001458408977
                 3.71875       2.675262494072558       1.000001458408977
                 3.71875       2.724349879284899       1.000001458408977
                 3.71875       2.773437264497239       1.000001458408977
                 3.71875        2.82252464970958       1.000001458408977
                 3.71875        2.87161203492192       1.000001458408977
                 3.71875       2.920699420134261       1.000001458408977
                 3.71875       2.969786805346601       1.000001458408977
                 3.71875       3.018874190558942       1.000001458408977
                 3.71875       3.067961575771282       1.000001458408977
                 3.71875       3.117048960983623       1.000001458408977

                 3.78125     0.02454369260617026       1.000001414655074
                 3.78125     0.07363107781851078       1.000001414655074
                 3.78125      0.1227184630308513       1.000001414655074
                 3.78125      0.1718058482431918       1.000001414655074
                 3.78125      0.2208932334555323       1.000001414655074
                 3.78125      0.2699806186678728       1.000001414655074
                 3.78125      0.3190680038802134       1.000001414655074
                 3.78125      0.3681553890925539       1.000001414655074
                 3.78125      0.4172427743048944       1.000001414655074
                 3.78125      0.4663301595172349       1.000001414655074
                 3.78125      0.5154175447295755       1.000001414655074
                 3.78125      0.5645049299419159       1.000001414655074
                 3.78125      0.6135923151542565       1.000001414655074
                 3.78125       0.662679700366597       1.000001414655074
                 3.78125      0.7117670855789375       1.000001414655074
                 3.78125       0.760854470791278       1.000001414655074
                 3.78125      0.8099418560036186       1.000001414655074
                 3.78125       0.859029241215959       1.000001414655074
                 3.78125      0.9081166264282996       1.000001414655074
                 3.78125      0.9572040116406401       1.000001414655074
                 3.78125       1.006291396852981       1.000001414655074
                 3.78125       1.055378782065321       1.000001414655074
                 3.78125       1.104466167277662       1.000001414655074
                 3.78125       1.153553552490002       1.000001414655074
                 3.78125       1.202640937702343       1.000001414655074
                 3.78125       1.251728322914683       1.000001414655074
                 3.78125       1.300815708127024       1.000001414655074
                 3.78125       1.349903093339364       1.000001414655074
                 3.78125       1.398990478551705       1.000001414655074
                 3.78125       1.448077863764045       1.000001414655074
                 3.78125       1.497165248976386       1.000001414655074
                 3.78125       1.546252634188726       1.000001414655074
                 3.78125       1.595340019401067       1.000001414655074
                 3.78125       1.644427404613407       1.000001414655074
                 3.78125       1.693514789825748       1.000001414655074
                 3.78125       1.742602175038088       1.000001414655074
                 3.78125       1.791689560250429       1.000001414655074
                 3.78125       1.840776945462769       1.000001414655074
                 3.78125        1.88986433067511       1.000001414655074
                 3.78125       1.938951715887451       1.000001414655074
                 3.78125       1.988039101099791       1.000001414655074
                 3.78125       2.037126486312132       1.000001414655074
                 3.78125       2.086213871524472       1.000001414655074
                 3.78125       2.135301256736812       1.000001414655074
                 3.78125       2.184388641949153       1.000001414655074
                 3.78125       2.233476027161494       1.000001414655074
                 3.78125       2.282563412373834       1.000001414655074
                 3.78125       2.331650797586175       1.000001414655074
                 3.78125       2.380738182798515       1.000001414655074
                 3.78125       2.429825568010856       1.000001414655074
                 3.78125       2.478912953223196       1.000001414655074
                 3.78125       2.528000338435537       1.000001414655074
                 3.78125       2.577087723647877       1.000001414655074
                 3.78125       2.626175108860218       1.000001414655074
                 3.78125       2.675262494072558       1.000001414655074
                 3.78125       2.724349879284899       1.000001414655074
                 3.78125       2.773437264497239       1.000001414655074
                 3.78125        2.82252464970958       1.000001414655074
                 3.78125        2.87161203492192       1.000001414655074
                 3.78125       2.920699420134261       1.000001414655074
                 3.78125       2.969786805346601       1.000001414655074
                 3.78125       3.018874190558942       1.000001414655074
                 3.78125       3.067961575771282       1.000001414655074
                 3.78125       3.117048960983623       1.000001414655074

                 3.84375     0.02454369260617026       1.000001372324062
                 3.84375     0.07363107781851078       1.000001372324062
                 3.84375      0.1227184630308513       1.000001372324062
                 3.84375      0.1718058482431918       1.000001372324062
                 3.84375      0.2208932334555323       1.000001372324062
                 3.84375      0.2699806186678728       1.000001372324062
                 3.84375      0.3190680038802134       1.000001372324062
                 3.84375      0.3681553890925539       1.000001372324062
                 3.84375      0.4172427743048944       1.000001372324062
                 3.84375      0.4663301595172349       1.000001372324062
                 3.84375      0.5154175447295755       1.000001372324062
                 3.84375      0.5645049299419159       1.000001372324062
                 3.84375      0.6135923151542565       1.000001372324062
                 3.84375       0.662679700366597       1.000001372324062
                 3.84375      0.7117670855789375       1.000001372324062
                 3.84375       0.760854470791278       1.000001372324062
                 3.84375      0.8099418560036186       1.000001372324062
                 3.84375       0.859029241215959       1.000001372324062
                 3.84375      0.9081166264282996       1.000001372324062
                 3.84375      0.9572040116406401       1.000001372324062
                 3.84375       1.006291396852981       1.000001372324062
                 3.84375       1.055378782065321       1.000001372324062
                 3.84375       1.104466167277662       1.000001372324062
                 3.84375       1.153553552490002       1.000001372324062
                 3.84375       1.202640937702343       1.000001372324062
                 3.84375       1.251728322914683       1.000001372324062
                 3.84375       1.300815708127024       1.000001372324062
                 3.84375       1.349903093339364       1.000001372324062
                 3.84375       1.398990478551705       1.000001372324062
                 3.84375       1.448077863764045       1.000001372324062
                 3.84375       1.497165248976386       1.000001372324062
                 3.84375       1.546252634188726       1.000001372324062
                 3.84375       1.595340019401067       1.000001372324062
                 3.84375       1.644427404613407       1.000001372324062
                 3.84375       1.693514789825748       1.000001372324062
                 3.84375       1.742602175038088       1.000001372324062
                 3.84375       1.791689560250429       1.000001372324062
                 3.84375       1.840776945462769       1.000001372324062
                 3.84375        1.88986433067511       1.000001372324062
                 3.84375       1.938951715887451       1.000001372324062
                 3.84375       1.988039101099791       1.000001372324062
                 3.84375       2.037126486312132       1.000001372324062
                 3.84375       2.086213871524472       1.000001372324062
                 3.84375       2.135301256736812       1.000001372324062
                 3.84375       2.184388641949153       1.000001372324062
                 3.84375       2.233476027161494       1.000001372324062
                 3.84375       2.282563412373834       1.000001372324062
                 3.84375       2.331650797586175       1.000001372324062
                 3.84375       2.380738182798515       1.000001372324062
                 3.84375       2.429825568010856       1.000001372324062
                 3.84375       2.478912953223196       1.000001372324062
                 3.84375       2.528000338435537       1.000001372324062
                 3.84375       2.577087723647877       1.000001372324062
                 3.84375       2.626175108860218       1.000001372324062
                 3.84375       2.675262494072558       1.000001372324062
                 3.84375       2.724349879284899       1.000001372324062
                 3.84375       2.773437264497239       1.000001372324062
                 3.84375        2.82252464970958       1.000001372324062
                 3.84375        2.87161203492192       1.000001372324062
                 3.84375       2.920699420134261       1.000001372324062
                 3.84375       2.969786805346601       1.000001372324062
                 3.84375       3.018874190558942       1.000001372324062
                 3.84375       3.067961575771282       1.000001372324062
                 3.84375       3.117048960983623       1.000001372324062

                 3.90625     0.02454369260617026       1.000001331347643
                 3.90625     0.07363107781851078       1.000001331347643
                 3.90625      0.1227184630308513       1.000001331347643
                 3.90625      0.1718058482431918       1.000001331347643
                 3.90625      0.2208932334555323       1.000001331347643
                 3.90625      0.2699806186678728       1.000001331347643
                 3.90625      0.3190680038802134       1.000001331347643
                 3.90625      0.3681553890925539       1.000001331347643
                 3.90625      0.4172427743048944       1.000001331347643
                 3.90625      0.4663301595172349       1.000001331347643
                 3.90625      0.5154175447295755       1.000001331347643
                 3.90625      0.5645049299419159       1.000001331347643
                 3.90625      0.6135923151542565       1.000001331347643
                 3.90625       0.662679700366597       1.000001331347643
                 3.90625      0.7117670855789375       1.000001331347643
                 3.90625       0.760854470791278       1.000001331347643
                 3.90625      0.8099418560036186       1.000001331347643
                 3.90625       0.859029241215959       1.000001331347643
                 3.90625      0.9081166264282996       1.000001331347643
                 3.90625      0.9572040116406401       1.000001331347643
                 3.90625       1.006291396852981       1.000001331347643
                 3.90625       1.055378782065321       1.000001331347643
                 3.90625       1.104466167277662       1.000001331347643
                 3.90625       1.153553552490002       1.000001331347643
                 3.90625       1.202640937702343       1.000001331347643
                 3.90625       1.251728322914683       1.000001331347643
                 3.90625       1.300815708127024       1.000001331347643
                 3.90625       1.349903093339364       1.000001331347643
                 3.90625       1.398990478551705       1.000001331347643
                 3.90625       1.448077863764045       1.000001331347643
                 3.90625       1.497165248976386       1.000001331347643
                 3.90625       1.546252634188726       1.000001331347643
                 3.90625       1.595340019401067       1.000001331347643
                 3.90625       1.644427404613407       1.000001331347643
                 3.90625       1.693514789825748       1.000001331347643
                 3.90625       1.742602175038088       1.000001331347643
                 3.90625       1.791689560250429       1.000001331347643
                 3.90625       1.840776945462769       1.000001331347643
                 3.90625        1.88986433067511       1.000001331347643
                 3.90625       1.938951715887451       1.000001331347643
                 3.90625       1.988039101099791       1.000001331347643
                 3.90625       2.037126486312132       1.000001331347643
                 3.90625       2.086213871524472       1.000001331347643
                 3.90625       2.135301256736812       1.000001331347643
                 3.90625       2.184388641949153       1.000001331347643
                 3.90625       2.233476027161494       1.000001331347643
                 3.90625       2.282563412373834       1.000001331347643
                 3.90625       2.331650797586175       1.000001331347643
                 3.90625       2.380738182798515       1.000001331347643
                 3.90625       2.429825568010856       1.000001331347643
                 3.90625       2.478912953223196       1.000001331347643
                 3.90625       2.528000338435537       1.000001331347643
                 3.90625       2.577087723647877       1.000001331347643
                 3.90625       2.626175108860218       1.000001331347643
                 3.90625       2.675262494072558       1.000001331347643
                 3.90625       2.724349879284899       1.000001331347643
                 3.90625       2.773437264497239       1.000001331347643
                 3.90625        2.82252464970958       1.000001331347643
                 3.90625        2.87161203492192       1.000001331347643
                 3.90625       2.920699420134261       1.000001331347643
                 3.90625       2.969786805346601       1.000001331347643
                 3.90625       3.018874190558942       1.000001331347643
                 3.90625       3.067961575771282       1.000001331347643
                 3.90625       3.117048960983623       1.000001331347643

                 3.96875     0.02454369260617026       1.000001291661819
                 3.96875     0.07363107781851078       1.000001291661819
                 3.96875      0.1227184630308513       1.000001291661819
                 3.96875      0.1718058482431918       1.000001291661819
                 3.96875      0.2208932334555323       1.000001291661819
                 3.96875      0.2699806186678728       1.000001291661819
                 3.96875      0.3190680038802134       1.000001291661819
                 3.96875      0.3681553890925539       1.000001291661819
                 3.96875      0.4172427743048944       1.000001291661819
                 3.96875      0.4663301595172349       1.000001291661819
                 3.96875      0.5154175447295755       1.000001291661819
                 3.96875      0.5645049299419159       1.000001291661819
                 3.96875      0.6135923151542565       1.000001291661819
                 3.96875       0.662679700366597       1.000001291661819
                 3.96875      0.7117670855789375       1.000001291661819
                 3.96875       0.760854470791278       1.000001291661819
                 3.96875      0.8099418560036186       1.000001291661819
                 3.96875       0.859029241215959       1.000001291661819
                 3.96875      0.9081166264282996       1.000001291661819
                 3.96875      0.9572040116406401       1.000001291661819
                 3.96875       1.006291396852981       1.000001291661819
                 3.96875       1.055378782065321       1.000001291661819
                 3.96875       1.104466167277662       1.000001291661819
                 3.96875       1.153553552490002       1.000001291661819
                 3.96875       1.202640937702343       1.000001291661819
                 3.96875       1.251728322914683       1.000001291661819
                 3.96875       1.300815708127024       1.000001291661819
                 3.96875       1.349903093339364       1.000001291661819
                 3.96875       1.398990478551705       1.000001291661819
                 3.96875       1.448077863764045       1.000001291661819
                 3.96875       1.497165248976386       1.000001291661819
                 3.96875       1.546252634188726       1.000001291661819
                 3.96875       1.595340019401067       1.000001291661819
                 3.96875       1.644427404613407       1.000001291661819
                 3.96875       1.693514789825748       1.000001291661819
                 3.96875       1.742602175038088       1.000001291661819
                 3.96875       1.791689560250429       1.000001291661819
                 3.96875       1.840776945462769       1.000001291661819
                 3.96875        1.88986433067511       1.000001291661819
                 3.96875       1.938951715887451       1.000001291661819
                 3.96875       1.988039101099791       1.000001291661819
                 3.96875       2.037126486312132       1.000001291661819
                 3.96875       2.086213871524472       1.000001291661819
                 3.96875       2.135301256736812       1.000001291661819
                 3.96875       2.184388641949153       1.000001291661819
                 3.96875       2.233476027161494       1.000001291661819
                 3.96875       2.282563412373834       1.000001291661819
                 3.96875       2.331650797586175       1.000001291661819
                 3.96875       2.380738182798515       1.000001291661819
                 3.96875       2.429825568010856       1.000001291661819
                 3.96875       2.478912953223196       1.000001291661819
                 3.96875       2.528000338435537       1.000001291661819
                 3.96875       2.577087723647877       1.000001291661819
                 3.96875       2.626175108860218       1.000001291661819
                 3.96875       2.675262494072558       1.000001291661819
                 3.96875       2.724349879284899       1.000001291661819
                 3.96875       2.773437264497239       1.000001291661819
                 3.96875        2.82252464970958       1.000001291661819
                 3.96875        2.87161203492192       1.000001291661819
                 3.96875       2.920699420134261       1.000001291661819
                 3.96875       2.969786805346601       1.000001291661819
                 3.96875       3.018874190558942       1.000001291661819
                 3.96875       3.067961575771282       1.000001291661819
                 3.96875       3.117048960983623       1.000001291661819

                 4.03125     0.02454369260617026       1.000001253206564
                 4.03125     0.07363107781851078       1.000001253206564
                 4.03125      0.1227184630308513       1.000001253206564
                 4.03125      0.1718058482431918       1.000001253206564
                 4.03125      0.2208932334555323       1.000001253206564
                 4.03125      0.2699806186678728       1.000001253206564
                 4.03125      0.3190680038802134       1.000001253206564
                 4.03125      0.3681553890925539       1.000001253206564
                 4.03125      0.4172427743048944       1.000001253206564
                 4.03125      0.4663301595172349       1.000001253206564
                 4.03125      0.5154175447295755       1.000001253206564
                 4.03125      0.5645049299419159       1.000001253206564
                 4.03125      0.6135923151542565       1.000001253206564
                 4.03125       0.662679700366597       1.000001253206564
                 4.03125      0.7117670855789375       1.000001253206564
                 4.03125       0.760854470791278       1.000001253206564
                 4.03125      0.8099418560036186       1.000001253206564
                 4.03125       0.859029241215959       1.000001253206564
                 4.03125      0.9081166264282996       1.000001253206564
                 4.03125      0.9572040116406401       1.000001253206564
                 4.03125       1.006291396852981       1.000001253206564
                 4.03125       1.055378782065321       1.000001253206564
                 4.03125       1.104466167277662       1.000001253206564
                 4.03125       1.153553552490002       1.000001253206564
                 4.03125       1.202640937702343       1.000001253206564
                 4.03125       1.251728322914683       1.000001253206564
                 4.03125       1.300815708127024       1.000001253206564
                 4.03125       1.349903093339364       1.000001253206564
                 4.03125       1.398990478551705       1.000001253206564
                 4.03125       1.448077863764045       1.000001253206564
                 4.03125       1.497165248976386       1.000001253206564
                 4.03125       1.546252634188726       1.000001253206564
                 4.03125       1.595340019401067       1.000001253206564
                 4.03125       1.644427404613407       1.000001253206564
                 4.03125       1.693514789825748       1.000001253206564
                 4.03125       1.742602175038088       1.000001253206564
                 4.03125       1.791689560250429       1.000001253206564
                 4.03125       1.840776945462769       1.000001253206564
                 4.03125        1.88986433067511       1.000001253206564
                 4.03125       1.938951715887451       1.000001253206564
                 4.03125       1.988039101099791       1.000001253206564
                 4.03125       2.037126486312132       1.000001253206564
                 4.03125       2.086213871524472       1.000001253206564
                 4.03125       2.135301256736812       1.000001253206564
                 4.03125       2.184388641949153       1.000001253206564
                 4.03125       2.233476027161494       1.000001253206564
                 4.03125       2.282563412373834       1.000001253206564
                 4.03125       2.331650797586175       1.000001253206564
                 4.03125       2.380738182798515       1.000001253206564
                 4.03125       2.429825568010856       1.000001253206564
                 4.03125       2.478912953223196       1.000001253206564
                 4.03125       2.528000338435537       1.000001253206564
                 4.03125       2.577087723647877       1.000001253206564
                 4.03125       2.626175108860218       1.000001253206564
                 4.03125       2.675262494072558       1.000001253206564
                 4.03125       2.724349879284899       1.000001253206564
                 4.03125       2.773437264497239       1.000001253206564
                 4.03125        2.82252464970958       1.000001253206564
                 4.03125        2.87161203492192       1.000001253206564
                 4.03125       2.920699420134261       1.000001253206564
                 4.03125       2.969786805346601       1.000001253206564
                 4.03125       3.018874190558942       1.000001253206564
                 4.03125       3.067961575771282       1.000001253206564
                 4.03125       3.117048960983623       1.000001253206564

                 4.09375     0.02454369260617026       1.000001215925514
                 4.09375     0.07363107781851078       1.000001215925514
                 4.09375      0.1227184630308513       1.000001215925514
                 4.09375      0.1718058482431918       1.000001215925514
                 4.09375      0.2208932334555323       1.000001215925514
                 4.09375      0.2699806186678728       1.000001215925514
                 4.09375      0.3190680038802134       1.000001215925514
                 4.09375      0.3681553890925539       1.000001215925514
                 4.09375      0.4172427743048944       1.000001215925514
                 4.09375      0.4663301595172349       1.000001215925514
                 4.09375      0.5154175447295755       1.000001215925514
                 4.09375      0.5645049299419159       1.000001215925514
                 4.09375      0.6135923151542565       1.000001215925514
                 4.09375       0.662679700366597       1.000001215925514
                 4.09375      0.7117670855789375       1.000001215925514
                 4.09375       0.760854470791278       1.000001215925514
                 4.09375      0.8099418560036186       1.000001215925514
                 4.09375       0.859029241215959       1.000001215925514
                 4.09375      0.9081166264282996       1.000001215925514
                 4.09375      0.9572040116406401       1.000001215925514
                 4.09375       1.006291396852981       1.000001215925514
                 4.09375       1.055378782065321       1.000001215925514
                 4.09375       1.104466167277662       1.000001215925514
                 4.09375       1.153553552490002       1.000001215925514
                 4.09375       1.202640937702343       1.000001215925514
                 4.09375       1.251728322914683       1.000001215925514
                 4.09375       1.300815708127024       1.000001215925514
                 4.09375       1.349903093339364       1.000001215925514
                 4.09375       1.398990478551705       1.000001215925514
                 4.09375       1.448077863764045       1.000001215925514
                 4.09375       1.497165248976386       1.000001215925514
                 4.09375       1.546252634188726       1.000001215925514
                 4.09375       1.595340019401067       1.000001215925514
                 4.09375       1.644427404613407       1.000001215925514
                 4.09375       1.693514789825748       1.000001215925514
                 4.09375       1.742602175038088       1.000001215925514
                 4.09375       1.791689560250429       1.000001215925514
                 4.09375       1.840776945462769       1.000001215925514
                 4.09375        1.88986433067511       1.000001215925514
                 4.09375       1.938951715887451       1.000001215925514
                 4.09375       1.988039101099791       1.000001215925514
                 4.09375       2.037126486312132       1.000001215925514
                 4.09375       2.086213871524472       1.000001215925514
                 4.09375       2.135301256736812       1.000001215925514
                 4.09375       2.184388641949153       1.000001215925514
                 4.09375       2.233476027161494       1.000001215925514
                 4.09375       2.282563412373834       1.000001215925514
                 4.09375       2.331650797586175       1.000001215925514
                 4.09375       2.380738182798515       1.000001215925514
                 4.09375       2.429825568010856       1.000001215925514
                 4.09375       2.478912953223196       1.000001215925514
                 4.09375       2.528000338435537       1.000001215925514
                 4.09375       2.577087723647877       1.000001215925514
                 4.09375       2.626175108860218       1.000001215925514
                 4.09375       2.675262494072558       1.000001215925514
                 4.09375       2.724349879284899       1.000001215925514
                 4.09375       2.773437264497239       1.000001215925514
                 4.09375        2.82252464970958       1.000001215925514
                 4.09375        2.87161203492192       1.000001215925514
                 4.09375       2.920699420134261       1.000001215925514
                 4.09375       2.969786805346601       1.000001215925514
                 4.09375       3.018874190558942       1.000001215925514
                 4.09375       3.067961575771282       1.000001215925514
                 4.09375       3.117048960983623       1.000001215925514

                 4.15625     0.02454369260617026         1.0000011797657
                 4.15625     0.07363107781851078         1.0000011797657
                 4.15625      0.1227184630308513         1.0000011797657
                 4.15625      0.1718058482431918         1.0000011797657
                 4.15625      0.2208932334555323         1.0000011797657
                 4.15625      0.2699806186678728         1.0000011797657
                 4.15625      0.3190680038802134         1.0000011797657
                 4.15625      0.3681553890925539         1.0000011797657
                 4.15625      0.4172427743048944         1.0000011797657
                 4.15625      0.4663301595172349         1.0000011797657
                 4.15625      0.5154175447295755         1.0000011797657
                 4.15625      0.5645049299419159         1.0000011797657
                 4.15625      0.6135923151542565         1.0000011797657
                 4.15625       0.662679700366597         1.0000011797657
                 4.15625      0.7117670855789375         1.0000011797657
                 4.15625       0.760854470791278         1.0000011797657
                 4.15625      0.8099418560036186         1.0000011797657
                 4.15625       0.859029241215959         1.0000011797657
                 4.15625      0.9081166264282996         1.0000011797657
                 4.15625      0.9572040116406401         1.0000011797657
                 4.15625       1.006291396852981         1.0000011797657
                 4.15625       1.055378782065321         1.0000011797657
                 4.15625       1.104466167277662         1.0000011797657
                 4.15625       1.153553552490002         1.0000011797657
                 4.15625       1.202640937702343         1.0000011797657
                 4.15625       1.251728322914683         1.0000011797657
                 4.15625       1.300815708127024         1.0000011797657
                 4.15625       1.349903093339364         1.0000011797657
                 4.15625       1.398990478551705         1.0000011797657
                 4.15625       1.448077863764045         1.0000011797657
                 4.15625       1.497165248976386         1.0000011797657
                 4.15625       1.546252634188726         1.0000011797657
                 4.15625       1.595340019401067         1.0000011797657
                 4.15625       1.644427404613407         1.0000011797657
                 4.15625       1.693514789825748         1.0000011797657
                 4.15625       1.742602175038088         1.0000011797657
                 4.15625       1.791689560250429         1.0000011797657
                 4.15625       1.840776945462769         1.0000011797657
                 4.15625        1.88986433067511         1.0000011797657
                 4.15625       1.938951715887451         1.0000011797657
                 4.15625       1.988039101099791         1.0000011797657
                 4.15625       2.037126486312132         1.0000011797657
                 4.15625       2.086213871524472         1.0000011797657
                 4.15625       2.135301256736812         1.0000011797657
                 4.15625       2.184388641949153         1.0000011797657
                 4.15625       2.233476027161494         1.0000011797657
                 4.15625       2.282563412373834         1.0000011797657
                 4.15625       2.331650797586175         1.0000011797657
                 4.15625       2.380738182798515         1.0000011797657
                 4.15625       2.429825568010856         1.0000011797657
                 4.15625       2.478912953223196         1.0000011797657
                 4.15625       2.528000338435537         1.0000011797657
                 4.15625       2.577087723647877         1.0000011797657
                 4.15625       2.626175108860218         1.0000011797657
                 4.15625       2.675262494072558         1.0000011797657
                 4.15625       2.724349879284899         1.0000011797657
                 4.15625       2.773437264497239         1.0000011797657
                 4.15625        2.82252464970958         1.0000011797657
                 4.15625        2.87161203492192         1.0000011797657
                 4.15625       2.920699420134261         1.0000011797657
                 4.15625       2.969786805346601         1.0000011797657
                 4.15625       3.018874190558942         1.0000011797657
                 4.15625       3.067961575771282         1.0000011797657
                 4.15625       3.117048960983623         1.0000011797657

                 4.21875     0.02454369260617026       1.000001144677287
                 4.21875     0.07363107781851078       1.000001144677287
                 4.21875      0.1227184630308513       1.000001144677287
                 4.21875      0.1718058482431918       1.000001144677287
                 4.21875      0.2208932334555323       1.000001144677287
                 4.21875      0.2699806186678728       1.000001144677287
                 4.21875      0.3190680038802134       1.000001144677287
                 4.21875      0.3681553890925539       1.000001144677287
                 4.21875      0.4172427743048944       1.000001144677287
                 4.21875      0.4663301595172349       1.000001144677287
                 4.21875      0.5154175447295755       1.000001144677287
                 4.21875      0.5645049299419159       1.000001144677287
                 4.21875      0.6135923151542565       1.000001144677287
                 4.21875       0.662679700366597       1.000001144677287
                 4.21875      0.7117670855789375       1.000001144677287
                 4.21875       0.760854470791278       1.000001144677287
                 4.21875      0.8099418560036186       1.000001144677287
                 4.21875       0.859029241215959       1.000001144677287
                 4.21875      0.9081166264282996       1.000001144677287
                 4.21875      0.9572040116406401       1.000001144677287
                 4.21875       1.006291396852981       1.000001144677287
                 4.21875       1.055378782065321       1.000001144677287
                 4.21875       1.104466167277662       1.000001144677287
                 4.21875       1.153553552490002       1.000001144677287
                 4.21875       1.202640937702343       1.000001144677287
                 4.21875       1.251728322914683       1.000001144677287
                 4.21875       1.300815708127024       1.000001144677287
                 4.21875       1.349903093339364       1.000001144677287
                 4.21875       1.398990478551705       1.000001144677287
                 4.21875       1.448077863764045       1.000001144677287
                 4.21875       1.497165248976386       1.000001144677287
                 4.21875       1.546252634188726       1.000001144677287
                 4.21875       1.595340019401067       1.000001144677287
                 4.21875       1.644427404613407       1.000001144677287
                 4.21875       1.693514789825748       1.000001144677287
                 4.21875       1.742602175038088       1.000001144677287
                 4.21875       1.791689560250429       1.000001144677287
                 4.21875       1.840776945462769       1.000001144677287
                 4.21875        1.88986433067511       1.000001144677287
                 4.21875       1.938951715887451       1.000001144677287
                 4.21875       1.988039101099791       1.000001144677287
                 4.21875       2.037126486312132       1.000001144677287
                 4.21875       2.086213871524472       1.000001144677287
                 4.21875       2.135301256736812       1.000001144677287
                 4.21875       2.184388641949153       1.000001144677287
                 4.21875       2.233476027161494       1.000001144677287
                 4.21875       2.282563412373834       1.000001144677287
                 4.21875       2.331650797586175       1.000001144677287
                 4.21875       2.380738182798515       1.000001144677287
                 4.21875       2.429825568010856       1.000001144677287
                 4.21875       2.478912953223196       1.000001144677287
                 4.21875       2.528000338435537       1.000001144677287
                 4.21875       2.577087723647877       1.000001144677287
                 4.21875       2.626175108860218       1.000001144677287
                 4.21875       2.675262494072558       1.000001144677287
                 4.21875       2.724349879284899       1.000001144677287
                 4.21875       2.773437264497239       1.000001144677287
                 4.21875        2.82252464970958       1.000001144677287
                 4.21875        2.87161203492192       1.000001144677287
                 4.21875       2.920699420134261       1.000001144677287
                 4.21875       2.969786805346601       1.000001144677287
                 4.21875       3.018874190558942       1.000001144677287
                 4.21875       3.067961575771282       1.000001144677287
                 4.21875       3.117048960983623       1.000001144677287

                 4.28125     0.02454369260617026       1.000001110613353
                 4.28125     0.07363107781851078       1.000001110613353
                 4.28125      0.1227184630308513       1.000001110613353
                 4.28125      0.1718058482431918       1.000001110613353
                 4.28125      0.2208932334555323       1.000001110613353
                 4.28125      0.2699806186678728       1.000001110613353
                 4.28125      0.3190680038802134       1.000001110613353
                 4.28125      0.3681553890925539       1.000001110613353
                 4.28125      0.4172427743048944       1.000001110613353
                 4.28125      0.4663301595172349       1.000001110613353
                 4.28125      0.5154175447295755       1.000001110613353
                 4.28125      0.5645049299419159       1.000001110613353
                 4.28125      0.6135923151542565       1.000001110613353
                 4.28125       0.662679700366597       1.000001110613353
                 4.28125      0.7117670855789375       1.000001110613353
                 4.28125       0.760854470791278       1.000001110613353
                 4.28125      0.8099418560036186       1.000001110613353
                 4.28125       0.859029241215959       1.000001110613353
                 4.28125      0.9081166264282996       1.000001110613353
                 4.28125      0.9572040116406401       1.000001110613353
                 4.28125       1.006291396852981       1.000001110613353
                 4.28125       1.055378782065321       1.000001110613353
                 4.28125       1.104466167277662       1.000001110613353
                 4.28125       1.153553552490002       1.000001110613353
                 4.28125       1.202640937702343       1.000001110613353
                 4.28125       1.251728322914683       1.000001110613353
                 4.28125       1.300815708127024       1.000001110613353
                 4.28125       1.349903093339364       1.000001110613353
                 4.28125       1.398990478551705       1.000001110613353
                 4.28125       1.448077863764045       1.000001110613353
                 4.28125       1.497165248976386       1.000001110613353
                 4.28125       1.546252634188726       1.000001110613353
                 4.28125       1.595340019401067       1.000001110613353
                 4.28125       1.644427404613407       1.000001110613353
                 4.28125       1.693514789825748       1.000001110613353
                 4.28125       1.742602175038088       1.000001110613353
                 4.28125       1.791689560250429       1.000001110613353
                 4.28125       1.840776945462769       1.000001110613353
                 4.28125        1.88986433067511       1.000001110613353
                 4.28125       1.938951715887451       1.000001110613353
                 4.28125       1.988039101099791       1.000001110613353
                 4.28125       2.037126486312132       1.000001110613353
                 4.28125       2.086213871524472       1.000001110613353
                 4.28125       2.135301256736812       1.000001110613353
                 4.28125       2.184388641949153       1.000001110613353
                 4.28125       2.233476027161494       1.000001110613353
                 4.28125       2.282563412373834       1.000001110613353
                 4.28125       2.331650797586175       1.000001110613353
                 4.28125       2.380738182798515       1.000001110613353
                 4.28125       2.429825568010856       1.000001110613353
                 4.28125       2.478912953223196       1.000001110613353
                 4.28125       2.528000338435537       1.000001110613353
                 4.28125       2.577087723647877       1.000001110613353
                 4.28125       2.626175108860218       1.000001110613353
                 4.28125       2.675262494072558       1.000001110613353
                 4.28125       2.724349879284899       1.000001110613353
                 4.28125       2.773437264497239       1.000001110613353
                 4.28125        2.82252464970958       1.000001110613353
                 4.28125        2.87161203492192       1.000001110613353
                 4.28125       2.920699420134261       1.000001110613353
                 4.28125       2.969786805346601       1.000001110613353
                 4.28125       3.018874190558942       1.000001110613353
                 4.28125       3.067961575771282       1.000001110613353
                 4.28125       3.117048960983623       1.000001110613353

                 4.34375     0.02454369260617026       1.000001077529676
                 4.34375     0.07363107781851078       1.000001077529676
                 4.34375      0.1227184630308513       1.000001077529676
                 4.34375      0.1718058482431918       1.000001077529676
                 4.34375      0.2208932334555323       1.000001077529676
                 4.34375      0.2699806186678728       1.000001077529676
                 4.34375      0.3190680038802134       1.000001077529676
                 4.34375      0.3681553890925539       1.000001077529676
                 4.34375      0.4172427743048944       1.000001077529676
                 4.34375      0.4663301595172349       1.000001077529676
                 4.34375      0.5154175447295755       1.000001077529676
                 4.34375      0.5645049299419159       1.000001077529676
                 4.34375      0.6135923151542565       1.000001077529676
                 4.34375       0.662679700366597       1.000001077529676
                 4.34375      0.7117670855789375       1.000001077529676
                 4.34375       0.760854470791278       1.000001077529676
                 4.34375      0.8099418560036186       1.000001077529676
                 4.34375       0.859029241215959       1.000001077529676
                 4.34375      0.9081166264282996       1.000001077529676
                 4.34375      0.9572040116406401       1.000001077529676
                 4.34375       1.006291396852981       1.000001077529676
                 4.34375       1.055378782065321       1.000001077529676
                 4.34375       1.104466167277662       1.000001077529676
                 4.34375       1.153553552490002       1.000001077529676
                 4.34375       1.202640937702343       1.000001077529676
                 4.34375       1.251728322914683       1.000001077529676
                 4.34375       1.300815708127024       1.000001077529676
                 4.34375       1.349903093339364       1.000001077529676
                 4.34375       1.398990478551705       1.000001077529676
                 4.34375       1.448077863764045       1.000001077529676
                 4.34375       1.497165248976386       1.000001077529676
                 4.34375       1.546252634188726       1.000001077529676
                 4.34375       1.595340019401067       1.000001077529676
                 4.34375       1.644427404613407       1.000001077529676
                 4.34375       1.693514789825748       1.000001077529676
                 4.34375       1.742602175038088       1.000001077529676
                 4.34375       1.791689560250429       1.000001077529676
                 4.34375       1.840776945462769       1.000001077529676
                 4.34375        1.88986433067511       1.000001077529676
                 4.34375       1.938951715887451       1.000001077529676
                 4.34375       1.988039101099791       1.000001077529676
                 4.34375       2.037126486312132       1.000001077529676
                 4.34375       2.086213871524472       1.000001077529676
                 4.34375       2.135301256736812       1.000001077529676
                 4.34375       2.184388641949153       1.000001077529676
                 4.34375       2.233476027161494       1.000001077529676
                 4.34375       2.282563412373834       1.000001077529676
                 4.34375       2.331650797586175       1.000001077529676
                 4.34375       2.380738182798515       1.000001077529676
                 4.34375       2.429825568010856       1.000001077529676
                 4.34375       2.478912953223196       1.000001077529676
                 4.34375       2.528000338435537       1.000001077529676
                 4.34375       2.577087723647877       1.000001077529676
                 4.34375       2.626175108860218       1.000001077529676
                 4.34375       2.675262494072558       1.000001077529676
                 4.34375       2.724349879284899       1.000001077529676
                 4.34375       2.773437264497239       1.000001077529676
                 4.34375        2.82252464970958       1.000001077529676
                 4.34375        2.87161203492192       1.000001077529676
                 4.34375       2.920699420134261       1.000001077529676
                 4.34375       2.969786805346601       1.000001077529676
                 4.34375       3.018874190558942       1.000001077529676
                 4.34375       3.067961575771282       1.000001077529676
                 4.34375       3.117048960983623       1.000001077529676

                 4.40625     0.02454369260617026       1.000001045384544
                 4.40625     0.07363107781851078       1.000001045384544
                 4.40625      0.1227184630308513       1.000001045384544
                 4.40625      0.1718058482431918       1.000001045384544
                 4.40625      0.2208932334555323       1.000001045384544
                 4.40625      0.2699806186678728       1.000001045384544
                 4.40625      0.3190680038802134       1.000001045384544
                 4.40625      0.3681553890925539       1.000001045384544
                 4.40625      0.4172427743048944       1.000001045384544
                 4.40625      0.4663301595172349       1.000001045384544
                 4.40625      0.5154175447295755       1.000001045384544
                 4.40625      0.5645049299419159       1.000001045384544
                 4.40625      0.6135923151542565       1.000001045384544
                 4.40625       0.662679700366597       1.000001045384544
                 4.40625      0.7117670855789375       1.000001045384544
                 4.40625       0.760854470791278       1.000001045384544
                 4.40625      0.8099418560036186       1.000001045384544
                 4.40625       0.859029241215959       1.000001045384544
                 4.40625      0.9081166264282996       1.000001045384544
                 4.40625      0.9572040116406401       1.000001045384544
                 4.40625       1.006291396852981       1.000001045384544
                 4.40625       1.055378782065321       1.000001045384544
                 4.40625       1.104466167277662       1.000001045384544
                 4.40625       1.153553552490002       1.000001045384544
                 4.40625       1.202640937702343       1.000001045384544
                 4.40625       1.251728322914683       1.000001045384544
                 4.40625       1.300815708127024       1.000001045384544
                 4.40625       1.349903093339364       1.000001045384544
                 4.40625       1.398990478551705       1.000001045384544
                 4.40625       1.448077863764045       1.000001045384544
                 4.40625       1.497165248976386       1.000001045384544
                 4.40625       1.546252634188726       1.000001045384544
                 4.40625       1.595340019401067       1.000001045384544
                 4.40625       1.644427404613407       1.000001045384544
                 4.40625       1.693514789825748       1.000001045384544
                 4.40625       1.742602175038088       1.000001045384544
                 4.40625       1.791689560250429       1.000001045384544
                 4.40625       1.840776945462769       1.000001045384544
                 4.40625        1.88986433067511       1.000001045384544
                 4.40625       1.938951715887451       1.000001045384544
                 4.40625       1.988039101099791       1.000001045384544
                 4.40625       2.037126486312132       1.000001045384544
                 4.40625       2.086213871524472       1.000001045384544
                 4.40625       2.135301256736812       1.000001045384544
                 4.40625       2.184388641949153       1.000001045384544
                 4.40625       2.233476027161494       1.000001045384544
                 4.40625       2.282563412373834       1.000001045384544
                 4.40625       2.331650797586175       1.000001045384544
                 4.40625       2.380738182798515       1.000001045384544
                 4.40625       2.429825568010856       1.000001045384544
                 4.40625       2.478912953223196       1.000001045384544
                 4.40625       2.528000338435537       1.000001045384544
                 4.40625       2.577087723647877       1.000001045384544
                 4.40625       2.626175108860218       1.000001045384544
                 4.40625       2.675262494072558       1.000001045384544
                 4.40625       2.724349879284899       1.000001045384544
                 4.40625       2.773437264497239       1.000001045384544
                 4.40625        2.82252464970958       1.000001045384544
                 4.40625        2.87161203492192       1.000001045384544
                 4.40625       2.920699420134261       1.000001045384544
                 4.40625       2.969786805346601       1.000001045384544
                 4.40625       3.018874190558942       1.000001045384544
                 4.40625       3.067961575771282       1.000001045384544
                 4.40625       3.117048960983623       1.000001045384544

                 4.46875     0.02454369260617026       1.000001014138576
                 4.46875     0.07363107781851078       1.000001014138576
                 4.46875      0.1227184630308513       1.000001014138576
                 4.46875      0.1718058482431918       1.000001014138576
                 4.46875      0.2208932334555323       1.000001014138576
                 4.46875      0.2699806186678728       1.000001014138576
                 4.46875      0.3190680038802134       1.000001014138576
                 4.46875      0.3681553890925539       1.000001014138576
                 4.46875      0.4172427743048944       1.000001014138576
                 4.46875      0.4663301595172349       1.000001014138576
                 4.46875      0.5154175447295755       1.000001014138576
                 4.46875      0.5645049299419159       1.000001014138576
                 4.46875      0.6135923151542565       1.000001014138576
                 4.46875       0.662679700366597       1.000001014138576
                 4.46875      0.7117670855789375       1.000001014138576
                 4.46875       0.760854470791278       1.000001014138576
                 4.46875      0.8099418560036186       1.000001014138576
                 4.46875       0.859029241215959       1.000001014138576
                 4.46875      0.9081166264282996       1.000001014138576
                 4.46875      0.9572040116406401       1.000001014138576
                 4.46875       1.006291396852981       1.000001014138576
                 4.46875       1.055378782065321       1.000001014138576
                 4.46875       1.104466167277662       1.000001014138576
                 4.46875       1.153553552490002       1.000001014138576
                 4.46875       1.202640937702343       1.000001014138576
                 4.46875       1.251728322914683       1.000001014138576
                 4.46875       1.300815708127024       1.000001014138576
                 4.46875       1.349903093339364       1.000001014138576
                 4.46875       1.398990478551705       1.000001014138576
                 4.46875       1.448077863764045       1.000001014138576
                 4.46875       1.497165248976386       1.000001014138576
                 4.46875       1.546252634188726       1.000001014138576
                 4.46875       1.595340019401067       1.000001014138576
                 4.46875       1.644427404613407       1.000001014138576
                 4.46875       1.693514789825748       1.000001014138576
                 4.46875       1.742602175038088       1.000001014138576
                 4.46875       1.791689560250429       1.000001014138576
                 4.46875       1.840776945462769       1.000001014138576
                 4.46875        1.88986433067511       1.000001014138576
                 4.46875       1.938951715887451       1.000001014138576
                 4.46875       1.988039101099791       1.000001014138576
                 4.46875       2.037126486312132       1.000001014138576
                 4.46875       2.086213871524472       1.000001014138576
                 4.46875       2.135301256736812       1.000001014138576
                 4.46875       2.184388641949153       1.000001014138576
                 4.46875       2.233476027161494       1.000001014138576
                 4.46875       2.282563412373834       1.000001014138576
                 4.46875       2.331650797586175       1.000001014138576
                 4.46875       2.380738182798515       1.000001014138576
                 4.46875       2.429825568010856       1.000001014138576
                 4.46875       2.478912953223196       1.000001014138576
                 4.46875       2.528000338435537       1.000001014138576
                 4.46875       2.577087723647877       1.000001014138576
                 4.46875       2.626175108860218       1.000001014138576
                 4.46875       2.675262494072558       1.000001014138576
                 4.46875       2.724349879284899       1.000001014138576
                 4.46875       2.773437264497239       1.000001014138576
                 4.46875        2.82252464970958       1.000001014138576
                 4.46875        2.87161203492192       1.000001014138576
                 4.46875       2.920699420134261       1.000001014138576
                 4.46875       2.969786805346601       1.000001014138576
                 4.46875       3.018874190558942       1.000001014138576
                 4.46875       3.067961575771282       1.000001014138576
                 4.46875       3.117048960983623       1.000001014138576

                 4.53125     0.02454369260617026       1.000000983754565
                 4.53125     0.07363107781851078       1.000000983754565
                 4.53125      0.1227184630308513       1.000000983754565
                 4.53125      0.1718058482431918       1.000000983754565
                 4.53125      0.2208932334555323       1.000000983754565
                 4.53125      0.2699806186678728       1.000000983754565
                 4.53125      0.3190680038802134       1.000000983754565
                 4.53125      0.3681553890925539       1.000000983754565
                 4.53125      0.4172427743048944       1.000000983754565
                 4.53125      0.4663301595172349       1.000000983754565
                 4.53125      0.5154175447295755       1.000000983754565
                 4.53125      0.5645049299419159       1.000000983754565
                 4.53125      0.6135923151542565       1.000000983754565
                 4.53125       0.662679700366597       1.000000983754565
                 4.53125      0.7117670855789375       1.000000983754565
                 4.53125       0.760854470791278       1.000000983754565
                 4.53125      0.8099418560036186       1.000000983754565
                 4.53125       0.859029241215959       1.000000983754565
                 4.53125      0.9081166264282996       1.000000983754565
                 4.53125      0.9572040116406401       1.000000983754565
                 4.53125       1.006291396852981       1.000000983754565
                 4.53125       1.055378782065321       1.000000983754565
                 4.53125       1.104466167277662       1.000000983754565
                 4.53125       1.153553552490002       1.000000983754565
                 4.53125       1.202640937702343       1.000000983754565
                 4.53125       1.251728322914683       1.000000983754565
                 4.53125       1.300815708127024       1.000000983754565
                 4.53125       1.349903093339364       1.000000983754565
                 4.53125       1.398990478551705       1.000000983754565
                 4.53125       1.448077863764045       1.000000983754565
                 4.53125       1.497165248976386       1.000000983754565
                 4.53125       1.546252634188726       1.000000983754565
                 4.53125       1.595340019401067       1.000000983754565
                 4.53125       1.644427404613407       1.000000983754565
                 4.53125       1.693514789825748       1.000000983754565
                 4.53125       1.742602175038088       1.000000983754565
                 4.53125       1.791689560250429       1.000000983754565
                 4.53125       1.840776945462769       1.000000983754565
                 4.53125        1.88986433067511       1.000000983754565
                 4.53125       1.938951715887451       1.000000983754565
                 4.53125       1.988039101099791       1.000000983754565
                 4.53125       2.037126486312132       1.000000983754565
                 4.53125       2.086213871524472       1.000000983754565
                 4.53125       2.135301256736812       1.000000983754565
                 4.53125       2.184388641949153       1.000000983754565
                 4.53125       2.233476027161494       1.000000983754565
                 4.53125       2.282563412373834       1.000000983754565
                 4.53125       2.331650797586175       1.000000983754565
                 4.53125       2.380738182798515       1.000000983754565
                 4.53125       2.429825568010856       1.000000983754565
                 4.53125       2.478912953223196       1.000000983754565
                 4.53125       2.528000338435537       1.000000983754565
                 4.53125       2.577087723647877       1.000000983754565
                 4.53125       2.626175108860218       1.000000983754565
                 4.53125       2.675262494072558       1.000000983754565
                 4.53125       2.724349879284899       1.000000983754565
                 4.53125       2.773437264497239       1.000000983754565
                 4.53125        2.82252464970958       1.000000983754565
                 4.53125        2.87161203492192       1.000000983754565
                 4.53125       2.920699420134261       1.000000983754565
                 4.53125       2.969786805346601       1.000000983754565
                 4.53125       3.018874190558942       1.000000983754565
                 4.53125       3.067961575771282       1.000000983754565
                 4.53125       3.117048960983623       1.000000983754565

                 4.59375     0.02454369260617026       1.000000954197331
                 4.59375     0.07363107781851078       1.000000954197331
                 4.59375      0.1227184630308513       1.000000954197331
                 4.59375      0.1718058482431918       1.000000954197331
                 4.59375      0.2208932334555323       1.000000954197331
                 4.59375      0.2699806186678728       1.000000954197331
                 4.59375      0.3190680038802134       1.000000954197331
                 4.59375      0.3681553890925539       1.000000954197331
                 4.59375      0.4172427743048944       1.000000954197331
                 4.59375      0.4663301595172349       1.000000954197331
                 4.59375      0.5154175447295755       1.000000954197331
                 4.59375      0.5645049299419159       1.000000954197331
                 4.59375      0.6135923151542565       1.000000954197331
                 4.59375       0.662679700366597       1.000000954197331
                 4.59375      0.7117670855789375       1.000000954197331
                 4.59375       0.760854470791278       1.000000954197331
                 4.59375      0.8099418560036186       1.000000954197331
                 4.59375       0.859029241215959       1.000000954197331
                 4.59375      0.9081166264282996       1.000000954197331
                 4.59375      0.9572040116406401       1.000000954197331
                 4.59375       1.006291396852981       1.000000954197331
                 4.59375       1.055378782065321       1.000000954197331
                 4.59375       1.104466167277662       1.000000954197331
                 4.59375       1.153553552490002       1.000000954197331
                 4.59375       1.202640937702343       1.000000954197331
                 4.59375       1.251728322914683       1.000000954197331
                 4.59375       1.300815708127024       1.000000954197331
                 4.59375       1.349903093339364       1.000000954197331
                 4.59375       1.398990478551705       1.000000954197331
                 4.59375       1.448077863764045       1.000000954197331
                 4.59375       1.497165248976386       1.000000954197331
                 4.59375       1.546252634188726       1.000000954197331
                 4.59375       1.595340019401067       1.000000954197331
                 4.59375       1.644427404613407       1.000000954197331
                 4.59375       1.693514789825748       1.000000954197331
                 4.59375       1.742602175038088       1.000000954197331
                 4.59375       1.791689560250429       1.000000954197331
                 4.59375       1.840776945462769       1.000000954197331
                 4.59375        1.88986433067511       1.000000954197331
                 4.59375       1.938951715887451       1.000000954197331
                 4.59375       1.988039101099791       1.000000954197331
                 4.59375       2.037126486312132       1.000000954197331
                 4.59375       2.086213871524472       1.000000954197331
                 4.59375       2.135301256736812       1.000000954197331
                 4.59375       2.184388641949153       1.000000954197331
                 4.59375       2.233476027161494       1.000000954197331
                 4.59375       2.282563412373834       1.000000954197331
                 4.59375       2.331650797586175       1.000000954197331
                 4.59375       2.380738182798515       1.000000954197331
                 4.59375       2.429825568010856       1.000000954197331
                 4.59375       2.478912953223196       1.000000954197331
                 4.59375       2.528000338435537       1.000000954197331
                 4.59375       2.577087723647877       1.000000954197331
                 4.59375       2.626175108860218       1.000000954197331
                 4.59375       2.675262494072558       1.000000954197331
                 4.59375       2.724349879284899       1.000000954197331
                 4.59375       2.773437264497239       1.000000954197331
                 4.59375        2.82252464970958       1.000000954197331
                 4.59375        2.87161203492192       1.000000954197331
                 4.59375       2.920699420134261       1.000000954197331
                 4.59375       2.969786805346601       1.000000954197331
                 4.59375       3.018874190558942       1.000000954197331
                 4.59375       3.067961575771282       1.000000954197331
                 4.59375       3.117048960983623       1.000000954197331

                 4.65625     0.02454369260617026       1.000000925433579
                 4.65625     0.07363107781851078       1.000000925433579
                 4.65625      0.1227184630308513       1.000000925433579
                 4.65625      0.1718058482431918       1.000000925433579
                 4.65625      0.2208932334555323       1.000000925433579
                 4.65625      0.2699806186678728       1.000000925433579
                 4.65625      0.3190680038802134       1.000000925433579
                 4.65625      0.3681553890925539       1.000000925433579
                 4.65625      0.4172427743048944       1.000000925433579
                 4.65625      0.4663301595172349       1.000000925433579
                 4.65625      0.5154175447295755       1.000000925433579
                 4.65625      0.5645049299419159       1.000000925433579
                 4.65625      0.6135923151542565       1.000000925433579
                 4.65625       0.662679700366597       1.000000925433579
                 4.65625      0.7117670855789375       1.000000925433579
                 4.65625       0.760854470791278       1.000000925433579
                 4.65625      0.8099418560036186       1.000000925433579
                 4.65625       0.859029241215959       1.000000925433579
                 4.65625      0.9081166264282996       1.000000925433579
                 4.65625      0.9572040116406401       1.000000925433579
                 4.65625       1.006291396852981       1.000000925433579
                 4.65625       1.055378782065321       1.000000925433579
                 4.65625       1.104466167277662       1.000000925433579
                 4.65625       1.153553552490002       1.000000925433579
                 4.65625       1.202640937702343       1.000000925433579
                 4.65625       1.251728322914683       1.000000925433579
                 4.65625       1.300815708127024       1.000000925433579
                 4.65625       1.349903093339364       1.000000925433579
                 4.65625       1.398990478551705       1.000000925433579
                 4.65625       1.448077863764045       1.000000925433579
                 4.65625       1.497165248976386       1.000000925433579
                 4.65625       1.546252634188726       1.000000925433579
                 4.65625       1.595340019401067       1.000000925433579
                 4.65625       1.644427404613407       1.000000925433579
                 4.65625       1.693514789825748       1.000000925433579
                 4.65625       1.742602175038088       1.000000925433579
                 4.65625       1.791689560250429       1.000000925433579
                 4.65625       1.840776945462769       1.000000925433579
                 4.65625        1.88986433067511       1.000000925433579
                 4.65625       1.938951715887451       1.000000925433579
                 4.65625       1.988039101099791       1.000000925433579
                 4.65625       2.037126486312132       1.000000925433579
                 4.65625       2.086213871524472       1.000000925433579
                 4.65625       2.135301256736812       1.000000925433579
                 4.65625       2.184388641949153       1.000000925433579
                 4.65625       2.233476027161494       1.000000925433579
                 4.65625       2.282563412373834       1.000000925433579
                 4.65625       2.331650797586175       1.000000925433579
                 4.65625       2.380738182798515       1.000000925433579
                 4.65625       2.429825568010856       1.000000925433579
                 4.65625       2.478912953223196       1.000000925433579
                 4.65625       2.528000338435537       1.000000925433579
                 4.65625       2.577087723647877       1.000000925433579
                 4.65625       2.626175108860218       1.000000925433579
                 4.65625       2.675262494072558       1.000000925433579
                 4.65625       2.724349879284899       1.000000925433579
                 4.65625       2.773437264497239       1.000000925433579
                 4.65625        2.82252464970958       1.000000925433579
                 4.65625        2.87161203492192       1.000000925433579
                 4.65625       2.920699420134261       1.000000925433579
                 4.65625       2.969786805346601       1.000000925433579
                 4.65625       3.018874190558942       1.000000925433579
                 4.65625       3.067961575771282       1.000000925433579
                 4.65625       3.117048960983623       1.000000925433579

                 4.71875     0.02454369260617026       1.000000897431781
                 4.71875     0.07363107781851078       1.000000897431781
                 4.71875      0.1227184630308513       1.000000897431781
                 4.71875      0.1718058482431918       1.000000897431781
                 4.71875      0.2208932334555323       1.000000897431781
                 4.71875      0.2699806186678728       1.000000897431781
                 4.71875      0.3190680038802134       1.000000897431781
                 4.71875      0.3681553890925539       1.000000897431781
                 4.71875      0.4172427743048944       1.000000897431781
                 4.71875      0.4663301595172349       1.000000897431781
                 4.71875      0.5154175447295755       1.000000897431781
                 4.71875      0.5645049299419159       1.000000897431781
                 4.71875      0.6135923151542565       1.000000897431781
                 4.71875       0.662679700366597       1.000000897431781
                 4.71875      0.7117670855789375       1.000000897431781
                 4.71875       0.760854470791278       1.000000897431781
                 4.71875      0.8099418560036186       1.000000897431781
                 4.71875       0.859029241215959       1.000000897431781
                 4.71875      0.9081166264282996       1.000000897431781
                 4.71875      0.9572040116406401       1.000000897431781
                 4.71875       1.006291396852981       1.000000897431781
                 4.71875       1.055378782065321       1.000000897431781
                 4.71875       1.104466167277662       1.000000897431781
                 4.71875       1.153553552490002       1.000000897431781
                 4.71875       1.202640937702343       1.000000897431781
                 4.71875       1.251728322914683       1.000000897431781
                 4.71875       1.300815708127024       1.000000897431781
                 4.71875       1.349903093339364       1.000000897431781
                 4.71875       1.398990478551705       1.000000897431781
                 4.71875       1.448077863764045       1.000000897431781
                 4.71875       1.497165248976386       1.000000897431781
                 4.71875       1.546252634188726       1.000000897431781
                 4.71875       1.595340019401067       1.000000897431781
                 4.71875       1.644427404613407       1.000000897431781
                 4.71875       1.693514789825748       1.000000897431781
                 4.71875       1.742602175038088       1.000000897431781
                 4.71875       1.791689560250429       1.000000897431781
                 4.71875       1.840776945462769       1.000000897431781
                 4.71875        1.88986433067511       1.000000897431781
                 4.71875       1.938951715887451       1.000000897431781
                 4.71875       1.988039101099791       1.000000897431781
                 4.71875       2.037126486312132       1.000000897431781
                 4.71875       2.086213871524472       1.000000897431781
                 4.71875       2.135301256736812       1.000000897431781
                 4.71875       2.184388641949153       1.000000897431781
                 4.71875       2.233476027161494       1.000000897431781
                 4.71875       2.282563412373834       1.000000897431781
                 4.71875       2.331650797586175       1.000000897431781
                 4.71875       2.380738182798515       1.000000897431781
                 4.71875       2.429825568010856       1.000000897431781
                 4.71875       2.478912953223196       1.000000897431781
                 4.71875       2.528000338435537       1.000000897431781
                 4.71875       2.577087723647877       1.000000897431781
                 4.71875       2.626175108860218       1.000000897431781
                 4.71875       2.675262494072558       1.000000897431781
                 4.71875       2.724349879284899       1.000000897431781
                 4.71875       2.773437264497239       1.000000897431781
                 4.71875        2.82252464970958       1.000000897431781
                 4.71875        2.87161203492192       1.000000897431781
                 4.71875       2.920699420134261       1.000000897431781
                 4.71875       2.969786805346601       1.000000897431781
                 4.71875       3.018874190558942       1.000000897431781
                 4.71875       3.067961575771282       1.000000897431781
                 4.71875       3.117048960983623       1.000000897431781

                 4.78125     0.02454369260617026       1.000000870162056
                 4.78125     0.07363107781851078       1.000000870162056
                 4.78125      0.1227184630308513       1.000000870162056
                 4.78125      0.1718058482431918       1.000000870162056
                 4.78125      0.2208932334555323       1.000000870162056
                 4.78125      0.2699806186678728       1.000000870162056
                 4.78125      0.3190680038802134       1.000000870162056
                 4.78125      0.3681553890925539       1.000000870162056
                 4.78125      0.4172427743048944       1.000000870162056
                 4.78125      0.4663301595172349       1.000000870162056
                 4.78125      0.5154175447295755       1.000000870162056
                 4.78125      0.5645049299419159       1.000000870162056
                 4.78125      0.6135923151542565       1.000000870162056
                 4.78125       0.662679700366597       1.000000870162056
                 4.78125      0.7117670855789375       1.000000870162056
                 4.78125       0.760854470791278       1.000000870162056
                 4.78125      0.8099418560036186       1.000000870162056
                 4.78125       0.859029241215959       1.000000870162056
                 4.78125      0.9081166264282996       1.000000870162056
                 4.78125      0.9572040116406401       1.000000870162056
                 4.78125       1.006291396852981       1.000000870162056
                 4.78125       1.055378782065321       1.000000870162056
                 4.78125       1.104466167277662       1.000000870162056
                 4.78125       1.153553552490002       1.000000870162056
                 4.78125       1.202640937702343       1.000000870162056
                 4.78125       1.251728322914683       1.000000870162056
                 4.78125       1.300815708127024       1.000000870162056
                 4.78125       1.349903093339364       1.000000870162056
                 4.78125       1.398990478551705       1.000000870162056
                 4.78125       1.448077863764045       1.000000870162056
                 4.78125       1.497165248976386       1.000000870162056
                 4.78125       1.546252634188726       1.000000870162056
                 4.78125       1.595340019401067       1.000000870162056
                 4.78125       1.644427404613407       1.000000870162056
                 4.78125       1.693514789825748       1.000000870162056
                 4.78125       1.742602175038088       1.000000870162056
                 4.78125       1.791689560250429       1.000000870162056
                 4.78125       1.840776945462769       1.000000870162056
                 4.78125        1.88986433067511       1.000000870162056
                 4.78125       1.938951715887451       1.000000870162056
                 4.78125       1.988039101099791       1.000000870162056
                 4.78125       2.037126486312132       1.000000870162056
                 4.78125       2.086213871524472       1.000000870162056
                 4.78125       2.135301256736812       1.000000870162056
                 4.78125       2.184388641949153       1.000000870162056
                 4.78125       2.233476027161494       1.000000870162056
                 4.78125       2.282563412373834       1.000000870162056
                 4.78125       2.331650797586175       1.000000870162056
                 4.78125       2.380738182798515       1.000000870162056
                 4.78125       2.429825568010856       1.000000870162056
                 4.78125       2.478912953223196       1.000000870162056
                 4.78125       2.528000338435537       1.000000870162056
                 4.78125       2.577087723647877       1.000000870162056
                 4.78125       2.626175108860218       1.000000870162056
                 4.78125       2.675262494072558       1.000000870162056
                 4.78125       2.724349879284899       1.000000870162056
                 4.78125       2.773437264497239       1.000000870162056
                 4.78125        2.82252464970958       1.000000870162056
                 4.78125        2.87161203492192       1.000000870162056
                 4.78125       2.920699420134261       1.000000870162056
                 4.78125       2.969786805346601       1.000000870162056
                 4.78125       3.018874190558942       1.000000870162056
                 4.78125       3.067961575771282       1.000000870162056
                 4.78125       3.117048960983623       1.000000870162056

                 4.84375     0.02454369260617026       1.000000843596066
                 4.84375     0.07363107781851078       1.000000843596066
                 4.84375      0.1227184630308513       1.000000843596066
                 4.84375      0.1718058482431918       1.000000843596066
                 4.84375      0.2208932334555323       1.000000843596066
                 4.84375      0.2699806186678728       1.000000843596066
                 4.84375      0.3190680038802134       1.000000843596066
                 4.84375      0.3681553890925539       1.000000843596066
                 4.84375      0.4172427743048944       1.000000843596066
                 4.84375      0.4663301595172349       1.000000843596066
                 4.84375      0.5154175447295755       1.000000843596066
                 4.84375      0.5645049299419159       1.000000843596066
                 4.84375      0.6135923151542565       1.000000843596066
                 4.84375       0.662679700366597       1.000000843596066
                 4.84375      0.7117670855789375       1.000000843596066
                 4.84375       0.760854470791278       1.000000843596066
                 4.84375      0.8099418560036186       1.000000843596066
                 4.84375       0.859029241215959       1.000000843596066
                 4.84375      0.9081166264282996       1.000000843596066
                 4.84375      0.9572040116406401       1.000000843596066
                 4.84375       1.006291396852981       1.000000843596066
                 4.84375       1.055378782065321       1.000000843596066
                 4.84375       1.104466167277662       1.000000843596066
                 4.84375       1.153553552490002       1.000000843596066
                 4.84375       1.202640937702343       1.000000843596066
                 4.84375       1.251728322914683       1.000000843596066
                 4.84375       1.300815708127024       1.000000843596066
                 4.84375       1.349903093339364       1.000000843596066
                 4.84375       1.398990478551705       1.000000843596066
                 4.84375       1.448077863764045       1.000000843596066
                 4.84375       1.497165248976386       1.000000843596066
                 4.84375       1.546252634188726       1.000000843596066
                 4.84375       1.595340019401067       1.000000843596066
                 4.84375       1.644427404613407       1.000000843596066
                 4.84375       1.693514789825748       1.000000843596066
                 4.84375       1.742602175038088       1.000000843596066
                 4.84375       1.791689560250429       1.000000843596066
                 4.84375       1.840776945462769       1.000000843596066
                 4.84375        1.88986433067511       1.000000843596066
                 4.84375       1.938951715887451       1.000000843596066
                 4.84375       1.988039101099791       1.000000843596066
                 4.84375       2.037126486312132       1.000000843596066
                 4.84375       2.086213871524472       1.000000843596066
                 4.84375       2.135301256736812       1.000000843596066
                 4.84375       2.184388641949153       1.000000843596066
                 4.84375       2.233476027161494       1.000000843596066
                 4.84375       2.282563412373834       1.000000843596066
                 4.84375       2.331650797586175       1.000000843596066
                 4.84375       2.380738182798515       1.000000843596066
                 4.84375       2.429825568010856       1.000000843596066
                 4.84375       2.478912953223196       1.000000843596066
                 4.84375       2.528000338435537       1.000000843596066
                 4.84375       2.577087723647877       1.000000843596066
                 4.84375       2.626175108860218       1.000000843596066
                 4.84375       2.675262494072558       1.000000843596066
                 4.84375       2.724349879284899       1.000000843596066
                 4.84375       2.773437264497239       1.000000843596066
                 4.84375        2.82252464970958       1.000000843596066
                 4.84375        2.87161203492192       1.000000843596066
                 4.84375       2.920699420134261       1.000000843596066
                 4.84375       2.969786805346601       1.000000843596066
                 4.84375       3.018874190558942       1.000000843596066
                 4.84375       3.067961575771282       1.000000843596066
                 4.84375       3.117048960983623       1.000000843596066

                 4.90625     0.02454369260617026       1.000000817706916
                 4.90625     0.07363107781851078       1.000000817706916
                 4.90625      0.1227184630308513       1.000000817706916
                 4.90625      0.1718058482431918       1.000000817706916
                 4.90625      0.2208932334555323       1.000000817706916
                 4.90625      0.2699806186678728       1.000000817706916
                 4.90625      0.3190680038802134       1.000000817706916
                 4.90625      0.3681553890925539       1.000000817706916
                 4.90625      0.4172427743048944       1.000000817706916
                 4.90625      0.4663301595172349       1.000000817706916
                 4.90625      0.5154175447295755       1.000000817706916
                 4.90625      0.5645049299419159       1.000000817706916
                 4.90625      0.6135923151542565       1.000000817706916
                 4.90625       0.662679700366597       1.000000817706916
                 4.90625      0.7117670855789375       1.000000817706916
                 4.90625       0.760854470791278       1.000000817706916
                 4.90625      0.8099418560036186       1.000000817706916
                 4.90625       0.859029241215959       1.000000817706916
                 4.90625      0.9081166264282996       1.000000817706916
                 4.90625      0.9572040116406401       1.000000817706916
                 4.90625       1.006291396852981       1.000000817706916
                 4.90625       1.055378782065321       1.000000817706916
                 4.90625       1.104466167277662       1.000000817706916
                 4.90625       1.153553552490002       1.000000817706916
                 4.90625       1.202640937702343       1.000000817706916
                 4.90625       1.251728322914683       1.000000817706916
                 4.90625       1.300815708127024       1.000000817706916
                 4.90625       1.349903093339364       1.000000817706916
                 4.90625       1.398990478551705       1.000000817706916
                 4.90625       1.448077863764045       1.000000817706916
                 4.90625       1.497165248976386       1.000000817706916
                 4.90625       1.546252634188726       1.000000817706916
                 4.90625       1.595340019401067       1.000000817706916
                 4.90625       1.644427404613407       1.000000817706916
                 4.90625       1.693514789825748       1.000000817706916
                 4.90625       1.742602175038088       1.000000817706916
                 4.90625       1.791689560250429       1.000000817706916
                 4.90625       1.840776945462769       1.000000817706916
                 4.90625        1.88986433067511       1.000000817706916
                 4.90625       1.938951715887451       1.000000817706916
                 4.90625       1.988039101099791       1.000000817706916
                 4.90625       2.037126486312132       1.000000817706916
                 4.90625       2.086213871524472       1.000000817706916
                 4.90625       2.135301256736812       1.000000817706916
                 4.90625       2.184388641949153       1.000000817706916
                 4.90625       2.233476027161494       1.000000817706916
                 4.90625       2.282563412373834       1.000000817706916
                 4.90625       2.331650797586175       1.000000817706916
                 4.90625       2.380738182798515       1.000000817706916
                 4.90625       2.429825568010856       1.000000817706916
                 4.90625       2.478912953223196       1.000000817706916
                 4.90625       2.528000338435537       1.000000817706916
                 4.90625       2.577087723647877       1.000000817706916
                 4.90625       2.626175108860218       1.000000817706916
                 4.90625       2.675262494072558       1.000000817706916
                 4.90625       2.724349879284899       1.000000817706916
                 4.90625       2.773437264497239       1.000000817706916
                 4.90625        2.82252464970958       1.000000817706916
                 4.90625        2.87161203492192       1.000000817706916
                 4.90625       2.920699420134261       1.000000817706916
                 4.90625       2.969786805346601       1.000000817706916
                 4.90625       3.018874190558942       1.000000817706916
                 4.90625       3.067961575771282       1.000000817706916
                 4.90625       3.117048960983623       1.000000817706916

                 4.96875     0.02454369260617026       1.000000792469066
                 4.96875     0.07363107781851078       1.000000792469066
                 4.96875      0.1227184630308513       1.000000792469066
                 4.96875      0.1718058482431918       1.000000792469066
                 4.96875      0.2208932334555323       1.000000792469066
                 4.96875      0.2699806186678728       1.000000792469066
                 4.96875      0.3190680038802134       1.000000792469066
                 4.96875      0.3681553890925539       1.000000792469066
                 4.96875      0.4172427743048944       1.000000792469066
                 4.96875      0.4663301595172349       1.000000792469066
                 4.96875      0.5154175447295755       1.000000792469066
                 4.96875      0.5645049299419159       1.000000792469066
                 4.96875      0.6135923151542565       1.000000792469066
                 4.96875       0.662679700366597       1.000000792469066
                 4.96875      0.7117670855789375       1.000000792469066
                 4.96875       0.760854470791278       1.000000792469066
                 4.96875      0.8099418560036186       1.000000792469066
                 4.96875       0.859029241215959       1.000000792469066
                 4.96875      0.9081166264282996       1.000000792469066
                 4.96875      0.9572040116406401       1.000000792469066
                 4.96875       1.006291396852981       1.000000792469066
                 4.96875       1.055378782065321       1.000000792469066
                 4.96875       1.104466167277662       1.000000792469066
                 4.96875       1.153553552490002       1.000000792469066
                 4.96875       1.202640937702343       1.000000792469066
                 4.96875       1.251728322914683       1.000000792469066
                 4.96875       1.300815708127024       1.000000792469066
                 4.96875       1.349903093339364       1.000000792469066
                 4.96875       1.398990478551705       1.000000792469066
                 4.96875       1.448077863764045       1.000000792469066
                 4.96875       1.497165248976386       1.000000792469066
                 4.96875       1.546252634188726       1.000000792469066
                 4.96875       1.595340019401067       1.000000792469066
                 4.96875       1.644427404613407       1.000000792469066
                 4.96875       1.693514789825748       1.000000792469066
                 4.96875       1.742602175038088       1.000000792469066
                 4.96875       1.791689560250429       1.000000792469066
                 4.96875       1.840776945462769       1.000000792469066
                 4.96875        1.88986433067511       1.000000792469066
                 4.96875       1.938951715887451       1.000000792469066
                 4.96875       1.988039101099791       1.000000792469066
                 4.96875       2.037126486312132       1.000000792469066
                 4.96875       2.086213871524472       1.000000792469066
                 4.96875       2.135301256736812       1.000000792469066
                 4.96875       2.184388641949153       1.000000792469066
                 4.96875       2.233476027161494       1.000000792469066
                 4.96875       2.282563412373834       1.000000792469066
                 4.96875       2.331650797586175       1.000000792469066
                 4.96875       2.380738182798515       1.000000792469066
                 4.96875       2.429825568010856       1.000000792469066
                 4.96875       2.478912953223196       1.000000792469066
                 4.96875       2.528000338435537       1.000000792469066
                 4.96875       2.577087723647877       1.000000792469066
                 4.96875       2.626175108860218       1.000000792469066
                 4.96875       2.675262494072558       1.000000792469066
                 4.96875       2.724349879284899       1.000000792469066
                 4.96875       2.773437264497239       1.000000792469066
                 4.96875        2.82252464970958       1.000000792469066
                 4.96875        2.87161203492192       1.000000792469066
                 4.96875       2.920699420134261       1.000000792469066
                 4.96875       2.969786805346601       1.000000792469066
                 4.96875       3.018874190558942       1.000000792469066
                 4.96875       3.067961575771282       1.000000792469066
                 4.96875       3.117048960983623       1.000000792469066

                 5.03125     0.02454369260617026       1.000000767858243
                 5.03125     0.07363107781851078       1.000000767858243
                 5.03125      0.1227184630308513       1.000000767858243
                 5.03125      0.1718058482431918       1.000000767858243
                 5.03125      0.2208932334555323       1.000000767858243
                 5.03125      0.2699806186678728       1.000000767858243
                 5.03125      0.3190680038802134       1.000000767858243
                 5.03125      0.3681553890925539       1.000000767858243
                 5.03125      0.4172427743048944       1.000000767858243
                 5.03125      0.4663301595172349       1.000000767858243
                 5.03125      0.5154175447295755       1.000000767858243
                 5.03125      0.5645049299419159       1.000000767858243
                 5.03125      0.6135923151542565       1.000000767858243
                 5.03125       0.662679700366597       1.000000767858243
                 5.03125      0.7117670855789375       1.000000767858243
                 5.03125       0.760854470791278       1.000000767858243
                 5.03125      0.8099418560036186       1.000000767858243
                 5.03125       0.859029241215959       1.000000767858243
                 5.03125      0.9081166264282996       1.000000767858243
                 5.03125      0.9572040116406401       1.000000767858243
                 5.03125       1.006291396852981       1.000000767858243
                 5.03125       1.055378782065321       1.000000767858243
                 5.03125       1.104466167277662       1.000000767858243
                 5.03125       1.153553552490002       1.000000767858243
                 5.03125       1.202640937702343       1.000000767858243
                 5.03125       1.251728322914683       1.000000767858243
                 5.03125       1.300815708127024       1.000000767858243
                 5.03125       1.349903093339364       1.000000767858243
                 5.03125       1.398990478551705       1.000000767858243
                 5.03125       1.448077863764045       1.000000767858243
                 5.03125       1.497165248976386       1.000000767858243
                 5.03125       1.546252634188726       1.000000767858243
                 5.03125       1.595340019401067       1.000000767858243
                 5.03125       1.644427404613407       1.000000767858243
                 5.03125       1.693514789825748       1.000000767858243
                 5.03125       1.742602175038088       1.000000767858243
                 5.03125       1.791689560250429       1.000000767858243
                 5.03125       1.840776945462769       1.000000767858243
                 5.03125        1.88986433067511       1.000000767858243
                 5.03125       1.938951715887451       1.000000767858243
                 5.03125       1.988039101099791       1.000000767858243
                 5.03125       2.037126486312132       1.000000767858243
                 5.03125       2.086213871524472       1.000000767858243
                 5.03125       2.135301256736812       1.000000767858243
                 5.03125       2.184388641949153       1.000000767858243
                 5.03125       2.233476027161494       1.000000767858243
                 5.03125       2.282563412373834       1.000000767858243
                 5.03125       2.331650797586175       1.000000767858243
                 5.03125       2.380738182798515       1.000000767858243
                 5.03125       2.429825568010856       1.000000767858243
                 5.03125       2.478912953223196       1.000000767858243
                 5.03125       2.528000338435537       1.000000767858243
                 5.03125       2.577087723647877       1.000000767858243
                 5.03125       2.626175108860218       1.000000767858243
                 5.03125       2.675262494072558       1.000000767858243
                 5.03125       2.724349879284899       1.000000767858243
                 5.03125       2.773437264497239       1.000000767858243
                 5.03125        2.82252464970958       1.000000767858243
                 5.03125        2.87161203492192       1.000000767858243
                 5.03125       2.920699420134261       1.000000767858243
                 5.03125       2.969786805346601       1.000000767858243
                 5.03125       3.018874190558942       1.000000767858243
                 5.03125       3.067961575771282       1.000000767858243
                 5.03125       3.117048960983623       1.000000767858243

                 5.09375     0.02454369260617026       1.000000743851366
                 5.09375     0.07363107781851078       1.000000743851366
                 5.09375      0.1227184630308513       1.000000743851366
                 5.09375      0.1718058482431918       1.000000743851366
                 5.09375      0.2208932334555323       1.000000743851366
                 5.09375      0.2699806186678728       1.000000743851366
                 5.09375      0.3190680038802134       1.000000743851366
                 5.09375      0.3681553890925539       1.000000743851366
                 5.09375      0.4172427743048944       1.000000743851366
                 5.09375      0.4663301595172349       1.000000743851366
                 5.09375      0.5154175447295755       1.000000743851366
                 5.09375      0.5645049299419159       1.000000743851366
                 5.09375      0.6135923151542565       1.000000743851366
                 5.09375       0.662679700366597       1.000000743851366
                 5.09375      0.7117670855789375       1.000000743851366
                 5.09375       0.760854470791278       1.000000743851366
                 5.09375      0.8099418560036186       1.000000743851366
                 5.09375       0.859029241215959       1.000000743851366
                 5.09375      0.9081166264282996       1.000000743851366
                 5.09375      0.9572040116406401       1.000000743851366
                 5.09375       1.006291396852981       1.000000743851366
                 5.09375       1.055378782065321       1.000000743851366
                 5.09375       1.104466167277662       1.000000743851366
                 5.09375       1.153553552490002       1.000000743851366
                 5.09375       1.202640937702343       1.000000743851366
                 5.09375       1.251728322914683       1.000000743851366
                 5.09375       1.300815708127024       1.000000743851366
                 5.09375       1.349903093339364       1.000000743851366
                 5.09375       1.398990478551705       1.000000743851366
                 5.09375       1.448077863764045       1.000000743851366
                 5.09375       1.497165248976386       1.000000743851366
                 5.09375       1.546252634188726       1.000000743851366
                 5.09375       1.595340019401067       1.000000743851366
                 5.09375       1.644427404613407       1.000000743851366
                 5.09375       1.693514789825748       1.000000743851366
                 5.09375       1.742602175038088       1.000000743851366
                 5.09375       1.791689560250429       1.000000743851366
                 5.09375       1.840776945462769       1.000000743851366
                 5.09375        1.88986433067511       1.000000743851366
                 5.09375       1.938951715887451       1.000000743851366
                 5.09375       1.988039101099791       1.000000743851366
                 5.09375       2.037126486312132       1.000000743851366
                 5.09375       2.086213871524472       1.000000743851366
                 5.09375       2.135301256736812       1.000000743851366
                 5.09375       2.184388641949153       1.000000743851366
                 5.09375       2.233476027161494       1.000000743851366
                 5.09375       2.282563412373834       1.000000743851366
                 5.09375       2.331650797586175       1.000000743851366
                 5.09375       2.380738182798515       1.000000743851366
                 5.09375       2.429825568010856       1.000000743851366
                 5.09375       2.478912953223196       1.000000743851366
                 5.09375       2.528000338435537       1.000000743851366
                 5.09375       2.577087723647877       1.000000743851366
                 5.09375       2.626175108860218       1.000000743851366
                 5.09375       2.675262494072558       1.000000743851366
                 5.09375       2.724349879284899       1.000000743851366
                 5.09375       2.773437264497239       1.000000743851366
                 5.09375        2.82252464970958       1.000000743851366
                 5.09375        2.87161203492192       1.000000743851366
                 5.09375       2.920699420134261       1.000000743851366
                 5.09375       2.969786805346601       1.000000743851366
                 5.09375       3.018874190558942       1.000000743851366
                 5.09375       3.067961575771282       1.000000743851366
                 5.09375       3.117048960983623       1.000000743851366

                 5.15625     0.02454369260617026       1.000000720426475
                 5.15625     0.07363107781851078       1.000000720426475
                 5.15625      0.1227184630308513       1.000000720426475
                 5.15625      0.1718058482431918       1.000000720426475
                 5.15625      0.2208932334555323       1.000000720426475
                 5.15625      0.2699806186678728       1.000000720426475
                 5.15625      0.3190680038802134       1.000000720426475
                 5.15625      0.3681553890925539       1.000000720426475
                 5.15625      0.4172427743048944       1.000000720426475
                 5.15625      0.4663301595172349       1.000000720426475
                 5.15625      0.5154175447295755       1.000000720426475
                 5.15625      0.5645049299419159       1.000000720426475
                 5.15625      0.6135923151542565       1.000000720426475
                 5.15625       0.662679700366597       1.000000720426475
                 5.15625      0.7117670855789375       1.000000720426475
                 5.15625       0.760854470791278       1.000000720426475
                 5.15625      0.8099418560036186       1.000000720426475
                 5.15625       0.859029241215959       1.000000720426475
                 5.15625      0.9081166264282996       1.000000720426475
                 5.15625      0.9572040116406401       1.000000720426475
                 5.15625       1.006291396852981       1.000000720426475
                 5.15625       1.055378782065321       1.000000720426475
                 5.15625       1.104466167277662       1.000000720426475
                 5.15625       1.153553552490002       1.000000720426475
                 5.15625       1.202640937702343       1.000000720426475
                 5.15625       1.251728322914683       1.000000720426475
                 5.15625       1.300815708127024       1.000000720426475
                 5.15625       1.349903093339364       1.000000720426475
                 5.15625       1.398990478551705       1.000000720426475
                 5.15625       1.448077863764045       1.000000720426475
                 5.15625       1.497165248976386       1.000000720426475
                 5.15625       1.546252634188726       1.000000720426475
                 5.15625       1.595340019401067       1.000000720426475
                 5.15625       1.644427404613407       1.000000720426475
                 5.15625       1.693514789825748       1.000000720426475
                 5.15625       1.742602175038088       1.000000720426475
                 5.15625       1.791689560250429       1.000000720426475
                 5.15625       1.840776945462769       1.000000720426475
                 5.15625        1.88986433067511       1.000000720426475
                 5.15625       1.938951715887451       1.000000720426475
                 5.15625       1.988039101099791       1.000000720426475
                 5.15625       2.037126486312132       1.000000720426475
                 5.15625       2.086213871524472       1.000000720426475
                 5.15625       2.135301256736812       1.000000720426475
                 5.15625       2.184388641949153       1.000000720426475
                 5.15625       2.233476027161494       1.000000720426475
                 5.15625       2.282563412373834       1.000000720426475
                 5.15625       2.331650797586175       1.000000720426475
                 5.15625       2.380738182798515       1.000000720426475
                 5.15625       2.429825568010856       1.000000720426475
                 5.15625       2.478912953223196       1.000000720426475
                 5.15625       2.528000338435537       1.000000720426475
                 5.15625       2.577087723647877       1.000000720426475
                 5.15625       2.626175108860218       1.000000720426475
                 5.15625       2.675262494072558       1.000000720426475
                 5.15625       2.724349879284899       1.000000720426475
                 5.15625       2.773437264497239       1.000000720426475
                 5.15625        2.82252464970958       1.000000720426475
                 5.15625        2.87161203492192       1.000000720426475
                 5.15625       2.920699420134261       1.000000720426475
                 5.15625       2.969786805346601       1.000000720426475
                 5.15625       3.018874190558942       1.000000720426475
                 5.15625       3.067961575771282       1.000000720426475
                 5.15625       3.117048960983623       1.000000720426475

                 5.21875     0.02454369260617026       1.000000697562658
                 5.21875     0.07363107781851078       1.000000697562658
                 5.21875      0.1227184630308513       1.000000697562658
                 5.21875      0.1718058482431918       1.000000697562658
                 5.21875      0.2208932334555323       1.000000697562658
                 5.21875      0.2699806186678728       1.000000697562658
                 5.21875      0.3190680038802134       1.000000697562658
                 5.21875      0.3681553890925539       1.000000697562658
                 5.21875      0.4172427743048944       1.000000697562658
                 5.21875      0.4663301595172349       1.000000697562658
                 5.21875      0.5154175447295755       1.000000697562658
                 5.21875      0.5645049299419159       1.000000697562658
                 5.21875      0.6135923151542565       1.000000697562658
                 5.21875       0.662679700366597       1.000000697562658
                 5.21875      0.7117670855789375       1.000000697562658
                 5.21875       0.760854470791278       1.000000697562658
                 5.21875      0.8099418560036186       1.000000697562658
                 5.21875       0.859029241215959       1.000000697562658
                 5.21875      0.9081166264282996       1.000000697562658
                 5.21875      0.9572040116406401       1.000000697562658
                 5.21875       1.006291396852981       1.000000697562658
                 5.21875       1.055378782065321       1.000000697562658
                 5.21875       1.104466167277662       1.000000697562658
                 5.21875       1.153553552490002       1.000000697562658
                 5.21875       1.202640937702343       1.000000697562658
                 5.21875       1.251728322914683       1.000000697562658
                 5.21875       1.300815708127024       1.000000697562658
                 5.21875       1.349903093339364       1.000000697562658
                 5.21875       1.398990478551705       1.000000697562658
                 5.21875       1.448077863764045       1.000000697562658
                 5.21875       1.497165248976386       1.000000697562658
                 5.21875       1.546252634188726       1.000000697562658
                 5.21875       1.595340019401067       1.000000697562658
                 5.21875       1.644427404613407       1.000000697562658
                 5.21875       1.693514789825748       1.000000697562658
                 5.21875       1.742602175038088       1.000000697562658
                 5.21875       1.791689560250429       1.000000697562658
                 5.21875       1.840776945462769       1.000000697562658
                 5.21875        1.88986433067511       1.000000697562658
                 5.21875       1.938951715887451       1.000000697562658
                 5.21875       1.988039101099791       1.000000697562658
                 5.21875       2.037126486312132       1.000000697562658
                 5.21875       2.086213871524472       1.000000697562658
                 5.21875       2.135301256736812       1.000000697562658
                 5.21875       2.184388641949153       1.000000697562658
                 5.21875       2.233476027161494       1.000000697562658
                 5.21875       2.282563412373834       1.000000697562658
                 5.21875       2.331650797586175       1.000000697562658
                 5.21875       2.380738182798515       1.000000697562658
                 5.21875       2.429825568010856       1.000000697562658
                 5.21875       2.478912953223196       1.000000697562658
                 5.21875       2.528000338435537       1.000000697562658
                 5.21875       2.577087723647877       1.000000697562658
                 5.21875       2.626175108860218       1.000000697562658
                 5.21875       2.675262494072558       1.000000697562658
                 5.21875       2.724349879284899       1.000000697562658
                 5.21875       2.773437264497239       1.000000697562658
                 5.21875        2.82252464970958       1.000000697562658
                 5.21875        2.87161203492192       1.000000697562658
                 5.21875       2.920699420134261       1.000000697562658
                 5.21875       2.969786805346601       1.000000697562658
                 5.21875       3.018874190558942       1.000000697562658
                 5.21875       3.067961575771282       1.000000697562658
                 5.21875       3.117048960983623       1.000000697562658

                 5.28125     0.02454369260617026       1.000000675239997
                 5.28125     0.07363107781851078       1.000000675239997
                 5.28125      0.1227184630308513       1.000000675239997
                 5.28125      0.1718058482431918       1.000000675239997
                 5.28125      0.2208932334555323       1.000000675239997
                 5.28125      0.2699806186678728       1.000000675239997
                 5.28125      0.3190680038802134       1.000000675239997
                 5.28125      0.3681553890925539       1.000000675239997
                 5.28125      0.4172427743048944       1.000000675239997
                 5.28125      0.4663301595172349       1.000000675239997
                 5.28125      0.5154175447295755       1.000000675239997
                 5.28125      0.5645049299419159       1.000000675239997
                 5.28125      0.6135923151542565       1.000000675239997
                 5.28125       0.662679700366597       1.000000675239997
                 5.28125      0.7117670855789375       1.000000675239997
                 5.28125       0.760854470791278       1.000000675239997
                 5.28125      0.8099418560036186       1.000000675239997
                 5.28125       0.859029241215959       1.000000675239997
                 5.28125      0.9081166264282996       1.000000675239997
                 5.28125      0.9572040116406401       1.000000675239997
                 5.28125       1.006291396852981       1.000000675239997
                 5.28125       1.055378782065321       1.000000675239997
                 5.28125       1.104466167277662       1.000000675239997
                 5.28125       1.153553552490002       1.000000675239997
                 5.28125       1.202640937702343       1.000000675239997
                 5.28125       1.251728322914683       1.000000675239997
                 5.28125       1.300815708127024       1.000000675239997
                 5.28125       1.349903093339364       1.000000675239997
                 5.28125       1.398990478551705       1.000000675239997
                 5.28125       1.448077863764045       1.000000675239997
                 5.28125       1.497165248976386       1.000000675239997
                 5.28125       1.546252634188726       1.000000675239997
                 5.28125       1.595340019401067       1.000000675239997
                 5.28125       1.644427404613407       1.000000675239997
                 5.28125       1.693514789825748       1.000000675239997
                 5.28125       1.742602175038088       1.000000675239997
                 5.28125       1.791689560250429       1.000000675239997
                 5.28125       1.840776945462769       1.000000675239997
                 5.28125        1.88986433067511       1.000000675239997
                 5.28125       1.938951715887451       1.000000675239997
                 5.28125       1.988039101099791       1.000000675239997
                 5.28125       2.037126486312132       1.000000675239997
                 5.28125       2.086213871524472       1.000000675239997
                 5.28125       2.135301256736812       1.000000675239997
                 5.28125       2.184388641949153       1.000000675239997
                 5.28125       2.233476027161494       1.000000675239997
                 5.28125       2.282563412373834       1.000000675239997
                 5.28125       2.331650797586175       1.000000675239997
                 5.28125       2.380738182798515       1.000000675239997
                 5.28125       2.429825568010856       1.000000675239997
                 5.28125       2.478912953223196       1.000000675239997
                 5.28125       2.528000338435537       1.000000675239997
                 5.28125       2.577087723647877       1.000000675239997
                 5.28125       2.626175108860218       1.000000675239997
                 5.28125       2.675262494072558       1.000000675239997
                 5.28125       2.724349879284899       1.000000675239997
                 5.28125       2.773437264497239       1.000000675239997
                 5.28125        2.82252464970958       1.000000675239997
                 5.28125        2.87161203492192       1.000000675239997
                 5.28125       2.920699420134261       1.000000675239997
                 5.28125       2.969786805346601       1.000000675239997
                 5.28125       3.018874190558942       1.000000675239997
                 5.28125       3.067961575771282       1.000000675239997
                 5.28125       3.117048960983623       1.000000675239997

                 5.34375     0.02454369260617026       1.000000653439504
                 5.34375     0.07363107781851078       1.000000653439504
                 5.34375      0.1227184630308513       1.000000653439504
                 5.34375      0.1718058482431918       1.000000653439504
                 5.34375      0.2208932334555323       1.000000653439504
                 5.34375      0.2699806186678728       1.000000653439504
                 5.34375      0.3190680038802134       1.000000653439504
                 5.34375      0.3681553890925539       1.000000653439504
                 5.34375      0.4172427743048944       1.000000653439504
                 5.34375      0.4663301595172349       1.000000653439504
                 5.34375      0.5154175447295755       1.000000653439504
                 5.34375      0.5645049299419159       1.000000653439504
                 5.34375      0.6135923151542565       1.000000653439504
                 5.34375       0.662679700366597       1.000000653439504
                 5.34375      0.7117670855789375       1.000000653439504
                 5.34375       0.760854470791278       1.000000653439504
                 5.34375      0.8099418560036186       1.000000653439504
                 5.34375       0.859029241215959       1.000000653439504
                 5.34375      0.9081166264282996       1.000000653439504
                 5.34375      0.9572040116406401       1.000000653439504
                 5.34375       1.006291396852981       1.000000653439504
                 5.34375       1.055378782065321       1.000000653439504
                 5.34375       1.104466167277662       1.000000653439504
                 5.34375       1.153553552490002       1.000000653439504
                 5.34375       1.202640937702343       1.000000653439504
                 5.34375       1.251728322914683       1.000000653439504
                 5.34375       1.300815708127024       1.000000653439504
                 5.34375       1.349903093339364       1.000000653439504
                 5.34375       1.398990478551705       1.000000653439504
                 5.34375       1.448077863764045       1.000000653439504
                 5.34375       1.497165248976386       1.000000653439504
                 5.34375       1.546252634188726       1.000000653439504
                 5.34375       1.595340019401067       1.000000653439504
                 5.34375       1.644427404613407       1.000000653439504
                 5.34375       1.693514789825748       1.000000653439504
                 5.34375       1.742602175038088       1.000000653439504
                 5.34375       1.791689560250429       1.000000653439504
                 5.34375       1.840776945462769       1.000000653439504
                 5.34375        1.88986433067511       1.000000653439504
                 5.34375       1.938951715887451       1.000000653439504
                 5.34375       1.988039101099791       1.000000653439504
                 5.34375       2.037126486312132       1.000000653439504
                 5.34375       2.086213871524472       1.000000653439504
                 5.34375       2.135301256736812       1.000000653439504
                 5.34375       2.184388641949153       1.000000653439504
                 5.34375       2.233476027161494       1.000000653439504
                 5.34375       2.282563412373834       1.000000653439504
                 5.34375       2.331650797586175       1.000000653439504
                 5.34375       2.380738182798515       1.000000653439504
                 5.34375       2.429825568010856       1.000000653439504
                 5.34375       2.478912953223196       1.000000653439504
                 5.34375       2.528000338435537       1.000000653439504
                 5.34375       2.577087723647877       1.000000653439504
                 5.34375       2.626175108860218       1.000000653439504
                 5.34375       2.675262494072558       1.000000653439504
                 5.34375       2.724349879284899       1.000000653439504
                 5.34375       2.773437264497239       1.000000653439504
                 5.34375        2.82252464970958       1.000000653439504
                 5.34375        2.87161203492192       1.000000653439504
                 5.34375       2.920699420134261       1.000000653439504
                 5.34375       2.969786805346601       1.000000653439504
                 5.34375       3.018874190558942       1.000000653439504
                 5.34375       3.067961575771282       1.000000653439504
                 5.34375       3.117048960983623       1.000000653439504

                 5.40625     0.02454369260617026       1.000000632143068
                 5.40625     0.07363107781851078       1.000000632143068
                 5.40625      0.1227184630308513       1.000000632143068
                 5.40625      0.1718058482431918       1.000000632143068
                 5.40625      0.2208932334555323       1.000000632143068
                 5.40625      0.2699806186678728       1.000000632143068
                 5.40625      0.3190680038802134       1.000000632143068
                 5.40625      0.3681553890925539       1.000000632143068
                 5.40625      0.4172427743048944       1.000000632143068
                 5.40625      0.4663301595172349       1.000000632143068
                 5.40625      0.5154175447295755       1.000000632143068
                 5.40625      0.5645049299419159       1.000000632143068
                 5.40625      0.6135923151542565       1.000000632143068
                 5.40625       0.662679700366597       1.000000632143068
                 5.40625      0.7117670855789375       1.000000632143068
                 5.40625       0.760854470791278       1.000000632143068
                 5.40625      0.8099418560036186       1.000000632143068
                 5.40625       0.859029241215959       1.000000632143068
                 5.40625      0.9081166264282996       1.000000632143068
                 5.40625      0.9572040116406401       1.000000632143068
                 5.40625       1.006291396852981       1.000000632143068
                 5.40625       1.055378782065321       1.000000632143068
                 5.40625       1.104466167277662       1.000000632143068
                 5.40625       1.153553552490002       1.000000632143068
                 5.40625       1.202640937702343       1.000000632143068
                 5.40625       1.251728322914683       1.000000632143068
                 5.40625       1.300815708127024       1.000000632143068
                 5.40625       1.349903093339364       1.000000632143068
                 5.40625       1.398990478551705       1.000000632143068
                 5.40625       1.448077863764045       1.000000632143068
                 5.40625       1.497165248976386       1.000000632143068
                 5.40625       1.546252634188726       1.000000632143068
                 5.40625       1.595340019401067       1.000000632143068
                 5.40625       1.644427404613407       1.000000632143068
                 5.40625       1.693514789825748       1.000000632143068
                 5.40625       1.742602175038088       1.000000632143068
                 5.40625       1.791689560250429       1.000000632143068
                 5.40625       1.840776945462769       1.000000632143068
                 5.40625        1.88986433067511       1.000000632143068
                 5.40625       1.938951715887451       1.000000632143068
                 5.40625       1.988039101099791       1.000000632143068
                 5.40625       2.037126486312132       1.000000632143068
                 5.40625       2.086213871524472       1.000000632143068
                 5.40625       2.135301256736812       1.000000632143068
                 5.40625       2.184388641949153       1.000000632143068
                 5.40625       2.233476027161494       1.000000632143068
                 5.40625       2.282563412373834       1.000000632143068
                 5.40625       2.331650797586175       1.000000632143068
                 5.40625       2.380738182798515       1.000000632143068
                 5.40625       2.429825568010856       1.000000632143068
                 5.40625       2.478912953223196       1.000000632143068
                 5.40625       2.528000338435537       1.000000632143068
                 5.40625       2.577087723647877       1.000000632143068
                 5.40625       2.626175108860218       1.000000632143068
                 5.40625       2.675262494072558       1.000000632143068
                 5.40625       2.724349879284899       1.000000632143068
                 5.40625       2.773437264497239       1.000000632143068
                 5.40625        2.82252464970958       1.000000632143068
                 5.40625        2.87161203492192       1.000000632143068
                 5.40625       2.920699420134261       1.000000632143068
                 5.40625       2.969786805346601       1.000000632143068
                 5.40625       3.018874190558942       1.000000632143068
                 5.40625       3.067961575771282       1.000000632143068
                 5.40625       3.117048960983623       1.000000632143068

                 5.46875     0.02454369260617026       1.000000611333408
                 5.46875     0.07363107781851078       1.000000611333408
                 5.46875      0.1227184630308513       1.000000611333408
                 5.46875      0.1718058482431918       1.000000611333408
                 5.46875      0.2208932334555323       1.000000611333408
                 5.46875      0.2699806186678728       1.000000611333408
                 5.46875      0.3190680038802134       1.000000611333408
                 5.46875      0.3681553890925539       1.000000611333408
                 5.46875      0.4172427743048944       1.000000611333408
                 5.46875      0.4663301595172349       1.000000611333408
                 5.46875      0.5154175447295755       1.000000611333408
                 5.46875      0.5645049299419159       1.000000611333408
                 5.46875      0.6135923151542565       1.000000611333408
                 5.46875       0.662679700366597       1.000000611333408
                 5.46875      0.7117670855789375       1.000000611333408
                 5.46875       0.760854470791278       1.000000611333408
                 5.46875      0.8099418560036186       1.000000611333408
                 5.46875       0.859029241215959       1.000000611333408
                 5.46875      0.9081166264282996       1.000000611333408
                 5.46875      0.9572040116406401       1.000000611333408
                 5.46875       1.006291396852981       1.000000611333408
                 5.46875       1.055378782065321       1.000000611333408
                 5.46875       1.104466167277662       1.000000611333408
                 5.46875       1.153553552490002       1.000000611333408
                 5.46875       1.202640937702343       1.000000611333408
                 5.46875       1.251728322914683       1.000000611333408
                 5.46875       1.300815708127024       1.000000611333408
                 5.46875       1.349903093339364       1.000000611333408
                 5.46875       1.398990478551705       1.000000611333408
                 5.46875       1.448077863764045       1.000000611333408
                 5.46875       1.497165248976386       1.000000611333408
                 5.46875       1.546252634188726       1.000000611333408
                 5.46875       1.595340019401067       1.000000611333408
                 5.46875       1.644427404613407       1.000000611333408
                 5.46875       1.693514789825748       1.000000611333408
                 5.46875       1.742602175038088       1.000000611333408
                 5.46875       1.791689560250429       1.000000611333408
                 5.46875       1.840776945462769       1.000000611333408
                 5.46875        1.88986433067511       1.000000611333408
                 5.46875       1.938951715887451       1.000000611333408
                 5.46875       1.988039101099791       1.000000611333408
                 5.46875       2.037126486312132       1.000000611333408
                 5.46875       2.086213871524472       1.000000611333408
                 5.46875       2.135301256736812       1.000000611333408
                 5.46875       2.184388641949153       1.000000611333408
                 5.46875       2.233476027161494       1.000000611333408
                 5.46875       2.282563412373834       1.000000611333408
                 5.46875       2.331650797586175       1.000000611333408
                 5.46875       2.380738182798515       1.000000611333408
                 5.46875       2.429825568010856       1.000000611333408
                 5.46875       2.478912953223196       1.000000611333408
                 5.46875       2.528000338435537       1.000000611333408
                 5.46875       2.577087723647877       1.000000611333408
                 5.46875       2.626175108860218       1.000000611333408
                 5.46875       2.675262494072558       1.000000611333408
                 5.46875       2.724349879284899       1.000000611333408
                 5.46875       2.773437264497239       1.000000611333408
                 5.46875        2.82252464970958       1.000000611333408
                 5.46875        2.87161203492192       1.000000611333408
                 5.46875       2.920699420134261       1.000000611333408
                 5.46875       2.969786805346601       1.000000611333408
                 5.46875       3.018874190558942       1.000000611333408
                 5.46875       3.067961575771282       1.000000611333408
                 5.46875       3.117048960983623       1.000000611333408

                 5.53125     0.02454369260617026       1.000000590994023
                 5.53125     0.07363107781851078       1.000000590994023
                 5.53125      0.1227184630308513       1.000000590994023
                 5.53125      0.1718058482431918       1.000000590994023
                 5.53125      0.2208932334555323       1.000000590994023
                 5.53125      0.2699806186678728       1.000000590994023
                 5.53125      0.3190680038802134       1.000000590994023
                 5.53125      0.3681553890925539       1.000000590994023
                 5.53125      0.4172427743048944       1.000000590994023
                 5.53125      0.4663301595172349       1.000000590994023
                 5.53125      0.5154175447295755       1.000000590994023
                 5.53125      0.5645049299419159       1.000000590994023
                 5.53125      0.6135923151542565       1.000000590994023
                 5.53125       0.662679700366597       1.000000590994023
                 5.53125      0.7117670855789375       1.000000590994023
                 5.53125       0.760854470791278       1.000000590994023
                 5.53125      0.8099418560036186       1.000000590994023
                 5.53125       0.859029241215959       1.000000590994023
                 5.53125      0.9081166264282996       1.000000590994023
                 5.53125      0.9572040116406401       1.000000590994023
                 5.53125       1.006291396852981       1.000000590994023
                 5.53125       1.055378782065321       1.000000590994023
                 5.53125       1.104466167277662       1.000000590994023
                 5.53125       1.153553552490002       1.000000590994023
                 5.53125       1.202640937702343       1.000000590994023
                 5.53125       1.251728322914683       1.000000590994023
                 5.53125       1.300815708127024       1.000000590994023
                 5.53125       1.349903093339364       1.000000590994023
                 5.53125       1.398990478551705       1.000000590994023
                 5.53125       1.448077863764045       1.000000590994023
                 5.53125       1.497165248976386       1.000000590994023
                 5.53125       1.546252634188726       1.000000590994023
                 5.53125       1.595340019401067       1.000000590994023
                 5.53125       1.644427404613407       1.000000590994023
                 5.53125       1.693514789825748       1.000000590994023
                 5.53125       1.742602175038088       1.000000590994023
                 5.53125       1.791689560250429       1.000000590994023
                 5.53125       1.840776945462769       1.000000590994023
                 5.53125        1.88986433067511       1.000000590994023
                 5.53125       1.938951715887451       1.000000590994023
                 5.53125       1.988039101099791       1.000000590994023
                 5.53125       2.037126486312132       1.000000590994023
                 5.53125       2.086213871524472       1.000000590994023
                 5.53125       2.135301256736812       1.000000590994023
                 5.53125       2.184388641949153       1.000000590994023
                 5.53125       2.233476027161494       1.000000590994023
                 5.53125       2.282563412373834       1.000000590994023
                 5.53125       2.331650797586175       1.000000590994023
                 5.53125       2.380738182798515       1.000000590994023
                 5.53125       2.429825568010856       1.000000590994023
                 5.53125       2.478912953223196       1.000000590994023
                 5.53125       2.528000338435537       1.000000590994023
                 5.53125       2.577087723647877       1.000000590994023
                 5.53125       2.626175108860218       1.000000590994023
                 5.53125       2.675262494072558       1.000000590994023
                 5.53125       2.724349879284899       1.000000590994023
                 5.53125       2.773437264497239       1.000000590994023
                 5.53125        2.82252464970958       1.000000590994023
                 5.53125        2.87161203492192       1.000000590994023
                 5.53125       2.920699420134261       1.000000590994023
                 5.53125       2.969786805346601       1.000000590994023
                 5.53125       3.018874190558942       1.000000590994023
                 5.53125       3.067961575771282       1.000000590994023
                 5.53125       3.117048960983623       1.000000590994023

                 5.59375     0.02454369260617026       1.000000571109149
                 5.59375     0.07363107781851078       1.000000571109149
                 5.59375      0.1227184630308513       1.000000571109149
                 5.59375      0.1718058482431918       1.000000571109149
                 5.59375      0.2208932334555323       1.000000571109149
                 5.59375      0.2699806186678728       1.000000571109149
                 5.59375      0.3190680038802134       1.000000571109149
                 5.59375      0.3681553890925539       1.000000571109149
                 5.59375      0.4172427743048944       1.000000571109149
                 5.59375      0.4663301595172349       1.000000571109149
                 5.59375      0.5154175447295755       1.000000571109149
                 5.59375      0.5645049299419159       1.000000571109149
                 5.59375      0.6135923151542565       1.000000571109149
                 5.59375       0.662679700366597       1.000000571109149
                 5.59375      0.7117670855789375       1.000000571109149
                 5.59375       0.760854470791278       1.000000571109149
                 5.59375      0.8099418560036186       1.000000571109149
                 5.59375       0.859029241215959       1.000000571109149
                 5.59375      0.9081166264282996       1.000000571109149
                 5.59375      0.9572040116406401       1.000000571109149
                 5.59375       1.006291396852981       1.000000571109149
                 5.59375       1.055378782065321       1.000000571109149
                 5.59375       1.104466167277662       1.000000571109149
                 5.59375       1.153553552490002       1.000000571109149
                 5.59375       1.202640937702343       1.000000571109149
                 5.59375       1.251728322914683       1.000000571109149
                 5.59375       1.300815708127024       1.000000571109149
                 5.59375       1.349903093339364       1.000000571109149
                 5.59375       1.398990478551705       1.000000571109149
                 5.59375       1.448077863764045       1.000000571109149
                 5.59375       1.497165248976386       1.000000571109149
                 5.59375       1.546252634188726       1.000000571109149
                 5.59375       1.595340019401067       1.000000571109149
                 5.59375       1.644427404613407       1.000000571109149
                 5.59375       1.693514789825748       1.000000571109149
                 5.59375       1.742602175038088       1.000000571109149
                 5.59375       1.791689560250429       1.000000571109149
                 5.59375       1.840776945462769       1.000000571109149
                 5.59375        1.88986433067511       1.000000571109149
                 5.59375       1.938951715887451       1.000000571109149
                 5.59375       1.988039101099791       1.000000571109149
                 5.59375       2.037126486312132       1.000000571109149
                 5.59375       2.086213871524472       1.000000571109149
                 5.59375       2.135301256736812       1.000000571109149
                 5.59375       2.184388641949153       1.000000571109149
                 5.59375       2.233476027161494       1.000000571109149
                 5.59375       2.282563412373834       1.000000571109149
                 5.59375       2.331650797586175       1.000000571109149
                 5.59375       2.380738182798515       1.000000571109149
                 5.59375       2.429825568010856       1.000000571109149
                 5.59375       2.478912953223196       1.000000571109149
                 5.59375       2.528000338435537       1.000000571109149
                 5.59375       2.577087723647877       1.000000571109149
                 5.59375       2.626175108860218       1.000000571109149
                 5.59375       2.675262494072558       1.000000571109149
                 5.59375       2.724349879284899       1.000000571109149
                 5.59375       2.773437264497239       1.000000571109149
                 5.59375        2.82252464970958       1.000000571109149
                 5.59375        2.87161203492192       1.000000571109149
                 5.59375       2.920699420134261       1.000000571109149
                 5.59375       2.969786805346601       1.000000571109149
                 5.59375       3.018874190558942       1.000000571109149
                 5.59375       3.067961575771282       1.000000571109149
                 5.59375       3.117048960983623       1.000000571109149

                 5.65625     0.02454369260617026        1.00000055166372
                 5.65625     0.07363107781851078        1.00000055166372
                 5.65625      0.1227184630308513        1.00000055166372
                 5.65625      0.1718058482431918        1.00000055166372
                 5.65625      0.2208932334555323        1.00000055166372
                 5.65625      0.2699806186678728        1.00000055166372
                 5.65625      0.3190680038802134        1.00000055166372
                 5.65625      0.3681553890925539        1.00000055166372
                 5.65625      0.4172427743048944        1.00000055166372
                 5.65625      0.4663301595172349        1.00000055166372
                 5.65625      0.5154175447295755        1.00000055166372
                 5.65625      0.5645049299419159        1.00000055166372
                 5.65625      0.6135923151542565        1.00000055166372
                 5.65625       0.662679700366597        1.00000055166372
                 5.65625      0.7117670855789375        1.00000055166372
                 5.65625       0.760854470791278        1.00000055166372
                 5.65625      0.8099418560036186        1.00000055166372
                 5.65625       0.859029241215959        1.00000055166372
                 5.65625      0.9081166264282996        1.00000055166372
                 5.65625      0.9572040116406401        1.00000055166372
                 5.65625       1.006291396852981        1.00000055166372
                 5.65625       1.055378782065321        1.00000055166372
                 5.65625       1.104466167277662        1.00000055166372
                 5.65625       1.153553552490002        1.00000055166372
                 5.65625       1.202640937702343        1.00000055166372
                 5.65625       1.251728322914683        1.00000055166372
                 5.65625       1.300815708127024        1.00000055166372
                 5.65625       1.349903093339364        1.00000055166372
                 5.65625       1.398990478551705        1.00000055166372
                 5.65625       1.448077863764045        1.00000055166372
                 5.65625       1.497165248976386        1.00000055166372
                 5.65625       1.546252634188726        1.00000055166372
                 5.65625       1.595340019401067        1.00000055166372
                 5.65625       1.644427404613407        1.00000055166372
                 5.65625       1.693514789825748        1.00000055166372
                 5.65625       1.742602175038088        1.00000055166372
                 5.65625       1.791689560250429        1.00000055166372
                 5.65625       1.840776945462769        1.00000055166372
                 5.65625        1.88986433067511        1.00000055166372
                 5.65625       1.938951715887451        1.00000055166372
                 5.65625       1.988039101099791        1.00000055166372
                 5.65625       2.037126486312132        1.00000055166372
                 5.65625       2.086213871524472        1.00000055166372
                 5.65625       2.135301256736812        1.00000055166372
                 5.65625       2.184388641949153        1.00000055166372
                 5.65625       2.233476027161494        1.00000055166372
                 5.65625       2.282563412373834        1.00000055166372
                 5.65625       2.331650797586175        1.00000055166372
                 5.65625       2.380738182798515        1.00000055166372
                 5.65625       2.429825568010856        1.00000055166372
                 5.65625       2.478912953223196        1.00000055166372
                 5.65625       2.528000338435537        1.00000055166372
                 5.65625       2.577087723647877        1.00000055166372
                 5.65625       2.626175108860218        1.00000055166372
                 5.65625       2.675262494072558        1.00000055166372
                 5.65625       2.724349879284899        1.00000055166372
                 5.65625       2.773437264497239        1.00000055166372
                 5.65625        2.82252464970958        1.00000055166372
                 5.65625        2.87161203492192        1.00000055166372
                 5.65625       2.920699420134261        1.00000055166372
                 5.65625       2.969786805346601        1.00000055166372
                 5.65625       3.018874190558942        1.00000055166372
                 5.65625       3.067961575771282        1.00000055166372
                 5.65625       3.117048960983623        1.00000055166372

                 5.71875     0.02454369260617026       1.000000532643327
                 5.71875     0.07363107781851078       1.000000532643327
                 5.71875      0.1227184630308513       1.000000532643327
                 5.71875      0.1718058482431918       1.000000532643327
                 5.71875      0.2208932334555323       1.000000532643327
                 5.71875      0.2699806186678728       1.000000532643327
                 5.71875      0.3190680038802134       1.000000532643327
                 5.71875      0.3681553890925539       1.000000532643327
                 5.71875      0.4172427743048944       1.000000532643327
                 5.71875      0.4663301595172349       1.000000532643327
                 5.71875      0.5154175447295755       1.000000532643327
                 5.71875      0.5645049299419159       1.000000532643327
                 5.71875      0.6135923151542565       1.000000532643327
                 5.71875       0.662679700366597       1.000000532643327
                 5.71875      0.7117670855789375       1.000000532643327
                 5.71875       0.760854470791278       1.000000532643327
                 5.71875      0.8099418560036186       1.000000532643327
                 5.71875       0.859029241215959       1.000000532643327
                 5.71875      0.9081166264282996       1.000000532643327
                 5.71875      0.9572040116406401       1.000000532643327
                 5.71875       1.006291396852981       1.000000532643327
                 5.71875       1.055378782065321       1.000000532643327
                 5.71875       1.104466167277662       1.000000532643327
                 5.71875       1.153553552490002       1.000000532643327
                 5.71875       1.202640937702343       1.000000532643327
                 5.71875       1.251728322914683       1.000000532643327
                 5.71875       1.300815708127024       1.000000532643327
                 5.71875       1.349903093339364       1.000000532643327
                 5.71875       1.398990478551705       1.000000532643327
                 5.71875       1.448077863764045       1.000000532643327
                 5.71875       1.497165248976386       1.000000532643327
                 5.71875       1.546252634188726       1.000000532643327
                 5.71875       1.595340019401067       1.000000532643327
                 5.71875       1.644427404613407       1.000000532643327
                 5.71875       1.693514789825748       1.000000532643327
                 5.71875       1.742602175038088       1.000000532643327
                 5.71875       1.791689560250429       1.000000532643327
                 5.71875       1.840776945462769       1.000000532643327
                 5.71875        1.88986433067511       1.000000532643327
                 5.71875       1.938951715887451       1.000000532643327
                 5.71875       1.988039101099791       1.000000532643327
                 5.71875       2.037126486312132       1.000000532643327
                 5.71875       2.086213871524472       1.000000532643327
                 5.71875       2.135301256736812       1.000000532643327
                 5.71875       2.184388641949153       1.000000532643327
                 5.71875       2.233476027161494       1.000000532643327
                 5.71875       2.282563412373834       1.000000532643327
                 5.71875       2.331650797586175       1.000000532643327
                 5.71875       2.380738182798515       1.000000532643327
                 5.71875       2.429825568010856       1.000000532643327
                 5.71875       2.478912953223196       1.000000532643327
                 5.71875       2.528000338435537       1.000000532643327
                 5.71875       2.577087723647877       1.000000532643327
                 5.71875       2.626175108860218       1.000000532643327
                 5.71875       2.675262494072558       1.000000532643327
                 5.71875       2.724349879284899       1.000000532643327
                 5.71875       2.773437264497239       1.000000532643327
                 5.71875        2.82252464970958       1.000000532643327
                 5.71875        2.87161203492192       1.000000532643327
                 5.71875       2.920699420134261       1.000000532643327
                 5.71875       2.969786805346601       1.000000532643327
                 5.71875       3.018874190558942       1.000000532643327
                 5.71875       3.067961575771282       1.000000532643327
                 5.71875       3.117048960983623       1.000000532643327

                 5.78125     0.02454369260617026       1.000000514034187
                 5.78125     0.07363107781851078       1.000000514034187
                 5.78125      0.1227184630308513       1.000000514034187
                 5.78125      0.1718058482431918       1.000000514034187
                 5.78125      0.2208932334555323       1.000000514034187
                 5.78125      0.2699806186678728       1.000000514034187
                 5.78125      0.3190680038802134       1.000000514034187
                 5.78125      0.3681553890925539       1.000000514034187
                 5.78125      0.4172427743048944       1.000000514034187
                 5.78125      0.4663301595172349       1.000000514034187
                 5.78125      0.5154175447295755       1.000000514034187
                 5.78125      0.5645049299419159       1.000000514034187
                 5.78125      0.6135923151542565       1.000000514034187
                 5.78125       0.662679700366597       1.000000514034187
                 5.78125      0.7117670855789375       1.000000514034187
                 5.78125       0.760854470791278       1.000000514034187
                 5.78125      0.8099418560036186       1.000000514034187
                 5.78125       0.859029241215959       1.000000514034187
                 5.78125      0.9081166264282996       1.000000514034187
                 5.78125      0.9572040116406401       1.000000514034187
                 5.78125       1.006291396852981       1.000000514034187
                 5.78125       1.055378782065321       1.000000514034187
                 5.78125       1.104466167277662       1.000000514034187
                 5.78125       1.153553552490002       1.000000514034187
                 5.78125       1.202640937702343       1.000000514034187
                 5.78125       1.251728322914683       1.000000514034187
                 5.78125       1.300815708127024       1.000000514034187
                 5.78125       1.349903093339364       1.000000514034187
                 5.78125       1.398990478551705       1.000000514034187
                 5.78125       1.448077863764045       1.000000514034187
                 5.78125       1.497165248976386       1.000000514034187
                 5.78125       1.546252634188726       1.000000514034187
                 5.78125       1.595340019401067       1.000000514034187
                 5.78125       1.644427404613407       1.000000514034187
                 5.78125       1.693514789825748       1.000000514034187
                 5.78125       1.742602175038088       1.000000514034187
                 5.78125       1.791689560250429       1.000000514034187
                 5.78125       1.840776945462769       1.000000514034187
                 5.78125        1.88986433067511       1.000000514034187
                 5.78125       1.938951715887451       1.000000514034187
                 5.78125       1.988039101099791       1.000000514034187
                 5.78125       2.037126486312132       1.000000514034187
                 5.78125       2.086213871524472       1.000000514034187
                 5.78125       2.135301256736812       1.000000514034187
                 5.78125       2.184388641949153       1.000000514034187
                 5.78125       2.233476027161494       1.000000514034187
                 5.78125       2.282563412373834       1.000000514034187
                 5.78125       2.331650797586175       1.000000514034187
                 5.78125       2.380738182798515       1.000000514034187
                 5.78125       2.429825568010856       1.000000514034187
                 5.78125       2.478912953223196       1.000000514034187
                 5.78125       2.528000338435537       1.000000514034187
                 5.78125       2.577087723647877       1.000000514034187
                 5.78125       2.626175108860218       1.000000514034187
                 5.78125       2.675262494072558       1.000000514034187
                 5.78125       2.724349879284899       1.000000514034187
                 5.78125       2.773437264497239       1.000000514034187
                 5.78125        2.82252464970958       1.000000514034187
                 5.78125        2.87161203492192       1.000000514034187
                 5.78125       2.920699420134261       1.000000514034187
                 5.78125       2.969786805346601       1.000000514034187
                 5.78125       3.018874190558942       1.000000514034187
                 5.78125       3.067961575771282       1.000000514034187
                 5.78125       3.117048960983623       1.000000514034187

                 5.84375     0.02454369260617026       1.000000495823103
                 5.84375     0.07363107781851078       1.000000495823103
                 5.84375      0.1227184630308513       1.000000495823103
                 5.84375      0.1718058482431918       1.000000495823103
                 5.84375      0.2208932334555323       1.000000495823103
                 5.84375      0.2699806186678728       1.000000495823103
                 5.84375      0.3190680038802134       1.000000495823103
                 5.84375      0.3681553890925539       1.000000495823103
                 5.84375      0.4172427743048944       1.000000495823103
                 5.84375      0.4663301595172349       1.000000495823103
                 5.84375      0.5154175447295755       1.000000495823103
                 5.84375      0.5645049299419159       1.000000495823103
                 5.84375      0.6135923151542565       1.000000495823103
                 5.84375       0.662679700366597       1.000000495823103
                 5.84375      0.7117670855789375       1.000000495823103
                 5.84375       0.760854470791278       1.000000495823103
                 5.84375      0.8099418560036186       1.000000495823103
                 5.84375       0.859029241215959       1.000000495823103
                 5.84375      0.9081166264282996       1.000000495823103
                 5.84375      0.9572040116406401       1.000000495823103
                 5.84375       1.006291396852981       1.000000495823103
                 5.84375       1.055378782065321       1.000000495823103
                 5.84375       1.104466167277662       1.000000495823103
                 5.84375       1.153553552490002       1.000000495823103
                 5.84375       1.202640937702343       1.000000495823103
                 5.84375       1.251728322914683       1.000000495823103
                 5.84375       1.300815708127024       1.000000495823103
                 5.84375       1.349903093339364       1.000000495823103
                 5.84375       1.398990478551705       1.000000495823103
                 5.84375       1.448077863764045       1.000000495823103
                 5.84375       1.497165248976386       1.000000495823103
                 5.84375       1.546252634188726       1.000000495823103
                 5.84375       1.595340019401067       1.000000495823103
                 5.84375       1.644427404613407       1.000000495823103
                 5.84375       1.693514789825748       1.000000495823103
                 5.84375       1.742602175038088       1.000000495823103
                 5.84375       1.791689560250429       1.000000495823103
                 5.84375       1.840776945462769       1.000000495823103
                 5.84375        1.88986433067511       1.000000495823103
                 5.84375       1.938951715887451       1.000000495823103
                 5.84375       1.988039101099791       1.000000495823103
                 5.84375       2.037126486312132       1.000000495823103
                 5.84375       2.086213871524472       1.000000495823103
                 5.84375       2.135301256736812       1.000000495823103
                 5.84375       2.184388641949153       1.000000495823103
                 5.84375       2.233476027161494       1.000000495823103
                 5.84375       2.282563412373834       1.000000495823103
                 5.84375       2.331650797586175       1.000000495823103
                 5.84375       2.380738182798515       1.000000495823103
                 5.84375       2.429825568010856       1.000000495823103
                 5.84375       2.478912953223196       1.000000495823103
                 5.84375       2.528000338435537       1.000000495823103
                 5.84375       2.577087723647877       1.000000495823103
                 5.84375       2.626175108860218       1.000000495823103
                 5.84375       2.675262494072558       1.000000495823103
                 5.84375       2.724349879284899       1.000000495823103
                 5.84375       2.773437264497239       1.000000495823103
                 5.84375        2.82252464970958       1.000000495823103
                 5.84375        2.87161203492192       1.000000495823103
                 5.84375       2.920699420134261       1.000000495823103
                 5.84375       2.969786805346601       1.000000495823103
                 5.84375       3.018874190558942       1.000000495823103
                 5.84375       3.067961575771282       1.000000495823103
                 5.84375       3.117048960983623       1.000000495823103

                 5.90625     0.02454369260617026       1.000000477997438
                 5.90625     0.07363107781851078       1.000000477997438
                 5.90625      0.1227184630308513       1.000000477997438
                 5.90625      0.1718058482431918       1.000000477997438
                 5.90625      0.2208932334555323       1.000000477997438
                 5.90625      0.2699806186678728       1.000000477997438
                 5.90625      0.3190680038802134       1.000000477997438
                 5.90625      0.3681553890925539       1.000000477997438
                 5.90625      0.4172427743048944       1.000000477997438
                 5.90625      0.4663301595172349       1.000000477997438
                 5.90625      0.5154175447295755       1.000000477997438
                 5.90625      0.5645049299419159       1.000000477997438
                 5.90625      0.6135923151542565       1.000000477997438
                 5.90625       0.662679700366597       1.000000477997438
                 5.90625      0.7117670855789375       1.000000477997438
                 5.90625       0.760854470791278       1.000000477997438
                 5.90625      0.8099418560036186       1.000000477997438
                 5.90625       0.859029241215959       1.000000477997438
                 5.90625      0.9081166264282996       1.000000477997438
                 5.90625      0.9572040116406401       1.000000477997438
                 5.90625       1.006291396852981       1.000000477997438
                 5.90625       1.055378782065321       1.000000477997438
                 5.90625       1.104466167277662       1.000000477997438
                 5.90625       1.153553552490002       1.000000477997438
                 5.90625       1.202640937702343       1.000000477997438
                 5.90625       1.251728322914683       1.000000477997438
                 5.90625       1.300815708127024       1.000000477997438
                 5.90625       1.349903093339364       1.000000477997438
                 5.90625       1.398990478551705       1.000000477997438
                 5.90625       1.448077863764045       1.000000477997438
                 5.90625       1.497165248976386       1.000000477997438
                 5.90625       1.546252634188726       1.000000477997438
                 5.90625       1.595340019401067       1.000000477997438
                 5.90625       1.644427404613407       1.000000477997438
                 5.90625       1.693514789825748       1.000000477997438
                 5.90625       1.742602175038088       1.000000477997438
                 5.90625       1.791689560250429       1.000000477997438
                 5.90625       1.840776945462769       1.000000477997438
                 5.90625        1.88986433067511       1.000000477997438
                 5.90625       1.938951715887451       1.000000477997438
                 5.90625       1.988039101099791       1.000000477997438
                 5.90625       2.037126486312132       1.000000477997438
                 5.90625       2.086213871524472       1.000000477997438
                 5.90625       2.135301256736812       1.000000477997438
                 5.90625       2.184388641949153       1.000000477997438
                 5.90625       2.233476027161494       1.000000477997438
                 5.90625       2.282563412373834       1.000000477997438
                 5.90625       2.331650797586175       1.000000477997438
                 5.90625       2.380738182798515       1.000000477997438
                 5.90625       2.429825568010856       1.000000477997438
                 5.90625       2.478912953223196       1.000000477997438
                 5.90625       2.528000338435537       1.000000477997438
                 5.90625       2.577087723647877       1.000000477997438
                 5.90625       2.626175108860218       1.000000477997438
                 5.90625       2.675262494072558       1.000000477997438
                 5.90625       2.724349879284899       1.000000477997438
                 5.90625       2.773437264497239       1.000000477997438
                 5.90625        2.82252464970958       1.000000477997438
                 5.90625        2.87161203492192       1.000000477997438
                 5.90625       2.920699420134261       1.000000477997438
                 5.90625       2.969786805346601       1.000000477997438
                 5.90625       3.018874190558942       1.000000477997438
                 5.90625       3.067961575771282       1.000000477997438
                 5.90625       3.117048960983623       1.000000477997438

                 5.96875     0.02454369260617026       1.000000460545086
                 5.96875     0.07363107781851078       1.000000460545086
                 5.96875      0.1227184630308513       1.000000460545086
                 5.96875      0.1718058482431918       1.000000460545086
                 5.96875      0.2208932334555323       1.000000460545086
                 5.96875      0.2699806186678728       1.000000460545086
                 5.96875      0.3190680038802134       1.000000460545086
                 5.96875      0.3681553890925539       1.000000460545086
                 5.96875      0.4172427743048944       1.000000460545086
                 5.96875      0.4663301595172349       1.000000460545086
                 5.96875      0.5154175447295755       1.000000460545086
                 5.96875      0.5645049299419159       1.000000460545086
                 5.96875      0.6135923151542565       1.000000460545086
                 5.96875       0.662679700366597       1.000000460545086
                 5.96875      0.7117670855789375       1.000000460545086
                 5.96875       0.760854470791278       1.000000460545086
                 5.96875      0.8099418560036186       1.000000460545086
                 5.96875       0.859029241215959       1.000000460545086
                 5.96875      0.9081166264282996       1.000000460545086
                 5.96875      0.9572040116406401       1.000000460545086
                 5.96875       1.006291396852981       1.000000460545086
                 5.96875       1.055378782065321       1.000000460545086
                 5.96875       1.104466167277662       1.000000460545086
                 5.96875       1.153553552490002       1.000000460545086
                 5.96875       1.202640937702343       1.000000460545086
                 5.96875       1.251728322914683       1.000000460545086
                 5.96875       1.300815708127024       1.000000460545086
                 5.96875       1.349903093339364       1.000000460545086
                 5.96875       1.398990478551705       1.000000460545086
                 5.96875       1.448077863764045       1.000000460545086
                 5.96875       1.497165248976386       1.000000460545086
                 5.96875       1.546252634188726       1.000000460545086
                 5.96875       1.595340019401067       1.000000460545086
                 5.96875       1.644427404613407       1.000000460545086
                 5.96875       1.693514789825748       1.000000460545086
                 5.96875       1.742602175038088       1.000000460545086
                 5.96875       1.791689560250429       1.000000460545086
                 5.96875       1.840776945462769       1.000000460545086
                 5.96875        1.88986433067511       1.000000460545086
                 5.96875       1.938951715887451       1.000000460545086
                 5.96875       1.988039101099791       1.000000460545086
                 5.96875       2.037126486312132       1.000000460545086
                 5.96875       2.086213871524472       1.000000460545086
                 5.96875       2.135301256736812       1.000000460545086
                 5.96875       2.184388641949153       1.000000460545086
                 5.96875       2.233476027161494       1.000000460545086
                 5.96875       2.282563412373834       1.000000460545086
                 5.96875       2.331650797586175       1.000000460545086
                 5.96875       2.380738182798515       1.000000460545086
                 5.96875       2.429825568010856       1.000000460545086
                 5.96875       2.478912953223196       1.000000460545086
                 5.96875       2.528000338435537       1.000000460545086
                 5.96875       2.577087723647877       1.000000460545086
                 5.96875       2.626175108860218       1.000000460545086
                 5.96875       2.675262494072558       1.000000460545086
                 5.96875       2.724349879284899       1.000000460545086
                 5.96875       2.773437264497239       1.000000460545086
                 5.96875        2.82252464970958       1.000000460545086
                 5.96875        2.87161203492192       1.000000460545086
                 5.96875       2.920699420134261       1.000000460545086
                 5.96875       2.969786805346601       1.000000460545086
                 5.96875       3.018874190558942       1.000000460545086
                 5.96875       3.067961575771282       1.000000460545086
                 5.96875       3.117048960983623       1.000000460545086

                 6.03125     0.02454369260617026       1.000000443454441
                 6.03125     0.07363107781851078       1.000000443454441
                 6.03125      0.1227184630308513       1.000000443454441
                 6.03125      0.1718058482431918       1.000000443454441
                 6.03125      0.2208932334555323       1.000000443454441
                 6.03125      0.2699806186678728       1.000000443454441
                 6.03125      0.3190680038802134       1.000000443454441
                 6.03125      0.3681553890925539       1.000000443454441
                 6.03125      0.4172427743048944       1.000000443454441
                 6.03125      0.4663301595172349       1.000000443454441
                 6.03125      0.5154175447295755       1.000000443454441
                 6.03125      0.5645049299419159       1.000000443454441
                 6.03125      0.6135923151542565       1.000000443454441
                 6.03125       0.662679700366597       1.000000443454441
                 6.03125      0.7117670855789375       1.000000443454441
                 6.03125       0.760854470791278       1.000000443454441
                 6.03125      0.8099418560036186       1.000000443454441
                 6.03125       0.859029241215959       1.000000443454441
                 6.03125      0.9081166264282996       1.000000443454441
                 6.03125      0.9572040116406401       1.000000443454441
                 6.03125       1.006291396852981       1.000000443454441
                 6.03125       1.055378782065321       1.000000443454441
                 6.03125       1.104466167277662       1.000000443454441
                 6.03125       1.153553552490002       1.000000443454441
                 6.03125       1.202640937702343       1.000000443454441
                 6.03125       1.251728322914683       1.000000443454441
                 6.03125       1.300815708127024       1.000000443454441
                 6.03125       1.349903093339364       1.000000443454441
                 6.03125       1.398990478551705       1.000000443454441
                 6.03125       1.448077863764045       1.000000443454441
                 6.03125       1.497165248976386       1.000000443454441
                 6.03125       1.546252634188726       1.000000443454441
                 6.03125       1.595340019401067       1.000000443454441
                 6.03125       1.644427404613407       1.000000443454441
                 6.03125       1.693514789825748       1.000000443454441
                 6.03125       1.742602175038088       1.000000443454441
                 6.03125       1.791689560250429       1.000000443454441
                 6.03125       1.840776945462769       1.000000443454441
                 6.03125        1.88986433067511       1.000000443454441
                 6.03125       1.938951715887451       1.000000443454441
                 6.03125       1.988039101099791       1.000000443454441
                 6.03125       2.037126486312132       1.000000443454441
                 6.03125       2.086213871524472       1.000000443454441
                 6.03125       2.135301256736812       1.000000443454441
                 6.03125       2.184388641949153       1.000000443454441
                 6.03125       2.233476027161494       1.000000443454441
                 6.03125       2.282563412373834       1.000000443454441
                 6.03125       2.331650797586175       1.000000443454441
                 6.03125       2.380738182798515       1.000000443454441
                 6.03125       2.429825568010856       1.000000443454441
                 6.03125       2.478912953223196       1.000000443454441
                 6.03125       2.528000338435537       1.000000443454441
                 6.03125       2.577087723647877       1.000000443454441
                 6.03125       2.626175108860218       1.000000443454441
                 6.03125       2.675262494072558       1.000000443454441
                 6.03125       2.724349879284899       1.000000443454441
                 6.03125       2.773437264497239       1.000000443454441
                 6.03125        2.82252464970958       1.000000443454441
                 6.03125        2.87161203492192       1.000000443454441
                 6.03125       2.920699420134261       1.000000443454441
                 6.03125       2.969786805346601       1.000000443454441
                 6.03125       3.018874190558942       1.000000443454441
                 6.03125       3.067961575771282       1.000000443454441
                 6.03125       3.117048960983623       1.000000443454441

                 6.09375     0.02454369260617026       1.000000426714373
                 6.09375     0.07363107781851078       1.000000426714373
                 6.09375      0.1227184630308513       1.000000426714373
                 6.09375      0.1718058482431918       1.000000426714373
                 6.09375      0.2208932334555323       1.000000426714373
                 6.09375      0.2699806186678728       1.000000426714373
                 6.09375      0.3190680038802134       1.000000426714373
                 6.09375      0.3681553890925539       1.000000426714373
                 6.09375      0.4172427743048944       1.000000426714373
                 6.09375      0.4663301595172349       1.000000426714373
                 6.09375      0.5154175447295755       1.000000426714373
                 6.09375      0.5645049299419159       1.000000426714373
                 6.09375      0.6135923151542565       1.000000426714373
                 6.09375       0.662679700366597       1.000000426714373
                 6.09375      0.7117670855789375       1.000000426714373
                 6.09375       0.760854470791278       1.000000426714373
                 6.09375      0.8099418560036186       1.000000426714373
                 6.09375       0.859029241215959       1.000000426714373
                 6.09375      0.9081166264282996       1.000000426714373
                 6.09375      0.9572040116406401       1.000000426714373
                 6.09375       1.006291396852981       1.000000426714373
                 6.09375       1.055378782065321       1.000000426714373
                 6.09375       1.104466167277662       1.000000426714373
                 6.09375       1.153553552490002       1.000000426714373
                 6.09375       1.202640937702343       1.000000426714373
                 6.09375       1.251728322914683       1.000000426714373
                 6.09375       1.300815708127024       1.000000426714373
                 6.09375       1.349903093339364       1.000000426714373
                 6.09375       1.398990478551705       1.000000426714373
                 6.09375       1.448077863764045       1.000000426714373
                 6.09375       1.497165248976386       1.000000426714373
                 6.09375       1.546252634188726       1.000000426714373
                 6.09375       1.595340019401067       1.000000426714373
                 6.09375       1.644427404613407       1.000000426714373
                 6.09375       1.693514789825748       1.000000426714373
                 6.09375       1.742602175038088       1.000000426714373
                 6.09375       1.791689560250429       1.000000426714373
                 6.09375       1.840776945462769       1.000000426714373
                 6.09375        1.88986433067511       1.000000426714373
                 6.09375       1.938951715887451       1.000000426714373
                 6.09375       1.988039101099791       1.000000426714373
                 6.09375       2.037126486312132       1.000000426714373
                 6.09375       2.086213871524472       1.000000426714373
                 6.09375       2.135301256736812       1.000000426714373
                 6.09375       2.184388641949153       1.000000426714373
                 6.09375       2.233476027161494       1.000000426714373
                 6.09375       2.282563412373834       1.000000426714373
                 6.09375       2.331650797586175       1.000000426714373
                 6.09375       2.380738182798515       1.000000426714373
                 6.09375       2.429825568010856       1.000000426714373
                 6.09375       2.478912953223196       1.000000426714373
                 6.09375       2.528000338435537       1.000000426714373
                 6.09375       2.577087723647877       1.000000426714373
                 6.09375       2.626175108860218       1.000000426714373
                 6.09375       2.675262494072558       1.000000426714373
                 6.09375       2.724349879284899       1.000000426714373
                 6.09375       2.773437264497239       1.000000426714373
                 6.09375        2.82252464970958       1.000000426714373
                 6.09375        2.87161203492192       1.000000426714373
                 6.09375       2.920699420134261       1.000000426714373
                 6.09375       2.969786805346601       1.000000426714373
                 6.09375       3.018874190558942       1.000000426714373
                 6.09375       3.067961575771282       1.000000426714373
                 6.09375       3.117048960983623       1.000000426714373

                 6.15625     0.02454369260617026       1.000000410314204
                 6.15625     0.07363107781851078       1.000000410314204
                 6.15625      0.1227184630308513       1.000000410314204
                 6.15625      0.1718058482431918       1.000000410314204
                 6.15625      0.2208932334555323       1.000000410314204
                 6.15625      0.2699806186678728       1.000000410314204
                 6.15625      0.3190680038802134       1.000000410314204
                 6.15625      0.3681553890925539       1.000000410314204
                 6.15625      0.4172427743048944       1.000000410314204
                 6.15625      0.4663301595172349       1.000000410314204
                 6.15625      0.5154175447295755       1.000000410314204
                 6.15625      0.5645049299419159       1.000000410314204
                 6.15625      0.6135923151542565       1.000000410314204
                 6.15625       0.662679700366597       1.000000410314204
                 6.15625      0.7117670855789375       1.000000410314204
                 6.15625       0.760854470791278       1.000000410314204
                 6.15625      0.8099418560036186       1.000000410314204
                 6.15625       0.859029241215959       1.000000410314204
                 6.15625      0.9081166264282996       1.000000410314204
                 6.15625      0.9572040116406401       1.000000410314204
                 6.15625       1.006291396852981       1.000000410314204
                 6.15625       1.055378782065321       1.000000410314204
                 6.15625       1.104466167277662       1.000000410314204
                 6.15625       1.153553552490002       1.000000410314204
                 6.15625       1.202640937702343       1.000000410314204
                 6.15625       1.251728322914683       1.000000410314204
                 6.15625       1.300815708127024       1.000000410314204
                 6.15625       1.349903093339364       1.000000410314204
                 6.15625       1.398990478551705       1.000000410314204
                 6.15625       1.448077863764045       1.000000410314204
                 6.15625       1.497165248976386       1.000000410314204
                 6.15625       1.546252634188726       1.000000410314204
                 6.15625       1.595340019401067       1.000000410314204
                 6.15625       1.644427404613407       1.000000410314204
                 6.15625       1.693514789825748       1.000000410314204
                 6.15625       1.742602175038088       1.000000410314204
                 6.15625       1.791689560250429       1.000000410314204
                 6.15625       1.840776945462769       1.000000410314204
                 6.15625        1.88986433067511       1.000000410314204
                 6.15625       1.938951715887451       1.000000410314204
                 6.15625       1.988039101099791       1.000000410314204
                 6.15625       2.037126486312132       1.000000410314204
                 6.15625       2.086213871524472       1.000000410314204
                 6.15625       2.135301256736812       1.000000410314204
                 6.15625       2.184388641949153       1.000000410314204
                 6.15625       2.233476027161494       1.000000410314204
                 6.15625       2.282563412373834       1.000000410314204
                 6.15625       2.331650797586175       1.000000410314204
                 6.15625       2.380738182798515       1.000000410314204
                 6.15625       2.429825568010856       1.000000410314204
                 6.15625       2.478912953223196       1.000000410314204
                 6.15625       2.528000338435537       1.000000410314204
                 6.15625       2.577087723647877       1.000000410314204
                 6.15625       2.626175108860218       1.000000410314204
                 6.15625       2.675262494072558       1.000000410314204
                 6.15625       2.724349879284899       1.000000410314204
                 6.15625       2.773437264497239       1.000000410314204
                 6.15625        2.82252464970958       1.000000410314204
                 6.15625        2.87161203492192       1.000000410314204
                 6.15625       2.920699420134261       1.000000410314204
                 6.15625       2.969786805346601       1.000000410314204
                 6.15625       3.018874190558942       1.000000410314204
                 6.15625       3.067961575771282       1.000000410314204
                 6.15625       3.117048960983623       1.000000410314204

                 6.21875     0.02454369260617026       1.000000394243688
                 6.21875     0.07363107781851078       1.000000394243688
                 6.21875      0.1227184630308513       1.000000394243688
                 6.21875      0.1718058482431918       1.000000394243688
                 6.21875      0.2208932334555323       1.000000394243688
                 6.21875      0.2699806186678728       1.000000394243688
                 6.21875      0.3190680038802134       1.000000394243688
                 6.21875      0.3681553890925539       1.000000394243688
                 6.21875      0.4172427743048944       1.000000394243688
                 6.21875      0.4663301595172349       1.000000394243688
                 6.21875      0.5154175447295755       1.000000394243688
                 6.21875      0.5645049299419159       1.000000394243688
                 6.21875      0.6135923151542565       1.000000394243688
                 6.21875       0.662679700366597       1.000000394243688
                 6.21875      0.7117670855789375       1.000000394243688
                 6.21875       0.760854470791278       1.000000394243688
                 6.21875      0.8099418560036186       1.000000394243688
                 6.21875       0.859029241215959       1.000000394243688
                 6.21875      0.9081166264282996       1.000000394243688
                 6.21875      0.9572040116406401       1.000000394243688
                 6.21875       1.006291396852981       1.000000394243688
                 6.21875       1.055378782065321       1.000000394243688
                 6.21875       1.104466167277662       1.000000394243688
                 6.21875       1.153553552490002       1.000000394243688
                 6.21875       1.202640937702343       1.000000394243688
                 6.21875       1.251728322914683       1.000000394243688
                 6.21875       1.300815708127024       1.000000394243688
                 6.21875       1.349903093339364       1.000000394243688
                 6.21875       1.398990478551705       1.000000394243688
                 6.21875       1.448077863764045       1.000000394243688
                 6.21875       1.497165248976386       1.000000394243688
                 6.21875       1.546252634188726       1.000000394243688
                 6.21875       1.595340019401067       1.000000394243688
                 6.21875       1.644427404613407       1.000000394243688
                 6.21875       1.693514789825748       1.000000394243688
                 6.21875       1.742602175038088       1.000000394243688
                 6.21875       1.791689560250429       1.000000394243688
                 6.21875       1.840776945462769       1.000000394243688
                 6.21875        1.88986433067511       1.000000394243688
                 6.21875       1.938951715887451       1.000000394243688
                 6.21875       1.988039101099791       1.000000394243688
                 6.21875       2.037126486312132       1.000000394243688
                 6.21875       2.086213871524472       1.000000394243688
                 6.21875       2.135301256736812       1.000000394243688
                 6.21875       2.184388641949153       1.000000394243688
                 6.21875       2.233476027161494       1.000000394243688
                 6.21875       2.282563412373834       1.000000394243688
                 6.21875       2.331650797586175       1.000000394243688
                 6.21875       2.380738182798515       1.000000394243688
                 6.21875       2.429825568010856       1.000000394243688
                 6.21875       2.478912953223196       1.000000394243688
                 6.21875       2.528000338435537       1.000000394243688
                 6.21875       2.577087723647877       1.000000394243688
                 6.21875       2.626175108860218       1.000000394243688
                 6.21875       2.675262494072558       1.000000394243688
                 6.21875       2.724349879284899       1.000000394243688
                 6.21875       2.773437264497239       1.000000394243688
                 6.21875        2.82252464970958       1.000000394243688
                 6.21875        2.87161203492192       1.000000394243688
                 6.21875       2.920699420134261       1.000000394243688
                 6.21875       2.969786805346601       1.000000394243688
                 6.21875       3.018874190558942       1.000000394243688
                 6.21875       3.067961575771282       1.000000394243688
                 6.21875       3.117048960983623       1.000000394243688

                 6.28125     0.02454369260617026       1.000000378492983
                 6.28125     0.07363107781851078       1.000000378492983
                 6.28125      0.1227184630308513       1.000000378492983
                 6.28125      0.1718058482431918       1.000000378492983
                 6.28125      0.2208932334555323       1.000000378492983
                 6.28125      0.2699806186678728       1.000000378492983
                 6.28125      0.3190680038802134       1.000000378492983
                 6.28125      0.3681553890925539       1.000000378492983
                 6.28125      0.4172427743048944       1.000000378492983
                 6.28125      0.4663301595172349       1.000000378492983
                 6.28125      0.5154175447295755       1.000000378492983
                 6.28125      0.5645049299419159       1.000000378492983
                 6.28125      0.6135923151542565       1.000000378492983
                 6.28125       0.662679700366597       1.000000378492983
                 6.28125      0.7117670855789375       1.000000378492983
                 6.28125       0.760854470791278       1.000000378492983
                 6.28125      0.8099418560036186       1.000000378492983
                 6.28125       0.859029241215959       1.000000378492983
                 6.28125      0.9081166264282996       1.000000378492983
                 6.28125      0.9572040116406401       1.000000378492983
                 6.28125       1.006291396852981       1.000000378492983
                 6.28125       1.055378782065321       1.000000378492983
                 6.28125       1.104466167277662       1.000000378492983
                 6.28125       1.153553552490002       1.000000378492983
                 6.28125       1.202640937702343       1.000000378492983
                 6.28125       1.251728322914683       1.000000378492983
                 6.28125       1.300815708127024       1.000000378492983
                 6.28125       1.349903093339364       1.000000378492983
                 6.28125       1.398990478551705       1.000000378492983
                 6.28125       1.448077863764045       1.000000378492983
                 6.28125       1.497165248976386       1.000000378492983
                 6.28125       1.546252634188726       1.000000378492983
                 6.28125       1.595340019401067       1.000000378492983
                 6.28125       1.644427404613407       1.000000378492983
                 6.28125       1.693514789825748       1.000000378492983
                 6.28125       1.742602175038088       1.000000378492983
                 6.28125       1.791689560250429       1.000000378492983
                 6.28125       1.840776945462769       1.000000378492983
                 6.28125        1.88986433067511       1.000000378492983
                 6.28125       1.938951715887451       1.000000378492983
                 6.28125       1.988039101099791       1.000000378492983
                 6.28125       2.037126486312132       1.000000378492983
                 6.28125       2.086213871524472       1.000000378492983
                 6.28125       2.135301256736812       1.000000378492983
                 6.28125       2.184388641949153       1.000000378492983
                 6.28125       2.233476027161494       1.000000378492983
                 6.28125       2.282563412373834       1.000000378492983
                 6.28125       2.331650797586175       1.000000378492983
                 6.28125       2.380738182798515       1.000000378492983
                 6.28125       2.429825568010856       1.000000378492983
                 6.28125       2.478912953223196       1.000000378492983
                 6.28125       2.528000338435537       1.000000378492983
                 6.28125       2.577087723647877       1.000000378492983
                 6.28125       2.626175108860218       1.000000378492983
                 6.28125       2.675262494072558       1.000000378492983
                 6.28125       2.724349879284899       1.000000378492983
                 6.28125       2.773437264497239       1.000000378492983
                 6.28125        2.82252464970958       1.000000378492983
                 6.28125        2.87161203492192       1.000000378492983
                 6.28125       2.920699420134261       1.000000378492983
                 6.28125       2.969786805346601       1.000000378492983
                 6.28125       3.018874190558942       1.000000378492983
                 6.28125       3.067961575771282       1.000000378492983
                 6.28125       3.117048960983623       1.000000378492983

                 6.34375     0.02454369260617026       1.000000363052636
                 6.34375     0.07363107781851078       1.000000363052636
                 6.34375      0.1227184630308513       1.000000363052636
                 6.34375      0.1718058482431918       1.000000363052636
                 6.34375      0.2208932334555323       1.000000363052636
                 6.34375      0.2699806186678728       1.000000363052636
                 6.34375      0.3190680038802134       1.000000363052636
                 6.34375      0.3681553890925539       1.000000363052636
                 6.34375      0.4172427743048944       1.000000363052636
                 6.34375      0.4663301595172349       1.000000363052636
                 6.34375      0.5154175447295755       1.000000363052636
                 6.34375      0.5645049299419159       1.000000363052636
                 6.34375      0.6135923151542565       1.000000363052636
                 6.34375       0.662679700366597       1.000000363052636
                 6.34375      0.7117670855789375       1.000000363052636
                 6.34375       0.760854470791278       1.000000363052636
                 6.34375      0.8099418560036186       1.000000363052636
                 6.34375       0.859029241215959       1.000000363052636
                 6.34375      0.9081166264282996       1.000000363052636
                 6.34375      0.9572040116406401       1.000000363052636
                 6.34375       1.006291396852981       1.000000363052636
                 6.34375       1.055378782065321       1.000000363052636
                 6.34375       1.104466167277662       1.000000363052636
                 6.34375       1.153553552490002       1.000000363052636
                 6.34375       1.202640937702343       1.000000363052636
                 6.34375       1.251728322914683       1.000000363052636
                 6.34375       1.300815708127024       1.000000363052636
                 6.34375       1.349903093339364       1.000000363052636
                 6.34375       1.398990478551705       1.000000363052636
                 6.34375       1.448077863764045       1.000000363052636
                 6.34375       1.497165248976386       1.000000363052636
                 6.34375       1.546252634188726       1.000000363052636
                 6.34375       1.595340019401067       1.000000363052636
                 6.34375       1.644427404613407       1.000000363052636
                 6.34375       1.693514789825748       1.000000363052636
                 6.34375       1.742602175038088       1.000000363052636
                 6.34375       1.791689560250429       1.000000363052636
                 6.34375       1.840776945462769       1.000000363052636
                 6.34375        1.88986433067511       1.000000363052636
                 6.34375       1.938951715887451       1.000000363052636
                 6.34375       1.988039101099791       1.000000363052636
                 6.34375       2.037126486312132       1.000000363052636
                 6.34375       2.086213871524472       1.000000363052636
                 6.34375       2.135301256736812       1.000000363052636
                 6.34375       2.184388641949153       1.000000363052636
                 6.34375       2.233476027161494       1.000000363052636
                 6.34375       2.282563412373834       1.000000363052636
                 6.34375       2.331650797586175       1.000000363052636
                 6.34375       2.380738182798515       1.000000363052636
                 6.34375       2.429825568010856       1.000000363052636
                 6.34375       2.478912953223196       1.000000363052636
                 6.34375       2.528000338435537       1.000000363052636
                 6.34375       2.577087723647877       1.000000363052636
                 6.34375       2.626175108860218       1.000000363052636
                 6.34375       2.675262494072558       1.000000363052636
                 6.34375       2.724349879284899       1.000000363052636
                 6.34375       2.773437264497239       1.000000363052636
                 6.34375        2.82252464970958       1.000000363052636
                 6.34375        2.87161203492192       1.000000363052636
                 6.34375       2.920699420134261       1.000000363052636
                 6.34375       2.969786805346601       1.000000363052636
                 6.34375       3.018874190558942       1.000000363052636
                 6.34375       3.067961575771282       1.000000363052636
                 6.34375       3.117048960983623       1.000000363052636

                 6.40625     0.02454369260617026       1.000000347913565
                 6.40625     0.07363107781851078       1.000000347913565
                 6.40625      0.1227184630308513       1.000000347913565
                 6.40625      0.1718058482431918       1.000000347913565
                 6.40625      0.2208932334555323       1.000000347913565
                 6.40625      0.2699806186678728       1.000000347913565
                 6.40625      0.3190680038802134       1.000000347913565
                 6.40625      0.3681553890925539       1.000000347913565
                 6.40625      0.4172427743048944       1.000000347913565
                 6.40625      0.4663301595172349       1.000000347913565
                 6.40625      0.5154175447295755       1.000000347913565
                 6.40625      0.5645049299419159       1.000000347913565
                 6.40625      0.6135923151542565       1.000000347913565
                 6.40625       0.662679700366597       1.000000347913565
                 6.40625      0.7117670855789375       1.000000347913565
                 6.40625       0.760854470791278       1.000000347913565
                 6.40625      0.8099418560036186       1.000000347913565
                 6.40625       0.859029241215959       1.000000347913565
                 6.40625      0.9081166264282996       1.000000347913565
                 6.40625      0.9572040116406401       1.000000347913565
                 6.40625       1.006291396852981       1.000000347913565
                 6.40625       1.055378782065321       1.000000347913565
                 6.40625       1.104466167277662       1.000000347913565
                 6.40625       1.153553552490002       1.000000347913565
                 6.40625       1.202640937702343       1.000000347913565
                 6.40625       1.251728322914683       1.000000347913565
                 6.40625       1.300815708127024       1.000000347913565
                 6.40625       1.349903093339364       1.000000347913565
                 6.40625       1.398990478551705       1.000000347913565
                 6.40625       1.448077863764045       1.000000347913565
                 6.40625       1.497165248976386       1.000000347913565
                 6.40625       1.546252634188726       1.000000347913565
                 6.40625       1.595340019401067       1.000000347913565
                 6.40625       1.644427404613407       1.000000347913565
                 6.40625       1.693514789825748       1.000000347913565
                 6.40625       1.742602175038088       1.000000347913565
                 6.40625       1.791689560250429       1.000000347913565
                 6.40625       1.840776945462769       1.000000347913565
                 6.40625        1.88986433067511       1.000000347913565
                 6.40625       1.938951715887451       1.000000347913565
                 6.40625       1.988039101099791       1.000000347913565
                 6.40625       2.037126486312132       1.000000347913565
                 6.40625       2.086213871524472       1.000000347913565
                 6.40625       2.135301256736812       1.000000347913565
                 6.40625       2.184388641949153       1.000000347913565
                 6.40625       2.233476027161494       1.000000347913565
                 6.40625       2.282563412373834       1.000000347913565
                 6.40625       2.331650797586175       1.000000347913565
                 6.40625       2.380738182798515       1.000000347913565
                 6.40625       2.429825568010856       1.000000347913565
                 6.40625       2.478912953223196       1.000000347913565
                 6.40625       2.528000338435537       1.000000347913565
                 6.40625       2.577087723647877       1.000000347913565
                 6.40625       2.626175108860218       1.000000347913565
                 6.40625       2.675262494072558       1.000000347913565
                 6.40625       2.724349879284899       1.000000347913565
                 6.40625       2.773437264497239       1.000000347913565
                 6.40625        2.82252464970958       1.000000347913565
                 6.40625        2.87161203492192       1.000000347913565
                 6.40625       2.920699420134261       1.000000347913565
                 6.40625       2.969786805346601       1.000000347913565
                 6.40625       3.018874190558942       1.000000347913565
                 6.40625       3.067961575771282       1.000000347913565
                 6.40625       3.117048960983623       1.000000347913565

                 6.46875     0.02454369260617026       1.000000333067036
                 6.46875     0.07363107781851078       1.000000333067036
                 6.46875      0.1227184630308513       1.000000333067036
                 6.46875      0.1718058482431918       1.000000333067036
                 6.46875      0.2208932334555323       1.000000333067036
                 6.46875      0.2699806186678728       1.000000333067036
                 6.46875      0.3190680038802134       1.000000333067036
                 6.46875      0.3681553890925539       1.000000333067036
                 6.46875      0.4172427743048944       1.000000333067036
                 6.46875      0.4663301595172349       1.000000333067036
                 6.46875      0.5154175447295755       1.000000333067036
                 6.46875      0.5645049299419159       1.000000333067036
                 6.46875      0.6135923151542565       1.000000333067036
                 6.46875       0.662679700366597       1.000000333067036
                 6.46875      0.7117670855789375       1.000000333067036
                 6.46875       0.760854470791278       1.000000333067036
                 6.46875      0.8099418560036186       1.000000333067036
                 6.46875       0.859029241215959       1.000000333067036
                 6.46875      0.9081166264282996       1.000000333067036
                 6.46875      0.9572040116406401       1.000000333067036
                 6.46875       1.006291396852981       1.000000333067036
                 6.46875       1.055378782065321       1.000000333067036
                 6.46875       1.104466167277662       1.000000333067036
                 6.46875       1.153553552490002       1.000000333067036
                 6.46875       1.202640937702343       1.000000333067036
                 6.46875       1.251728322914683       1.000000333067036
                 6.46875       1.300815708127024       1.000000333067036
                 6.46875       1.349903093339364       1.000000333067036
                 6.46875       1.398990478551705       1.000000333067036
                 6.46875       1.448077863764045       1.000000333067036
                 6.46875       1.497165248976386       1.000000333067036
                 6.46875       1.546252634188726       1.000000333067036
                 6.46875       1.595340019401067       1.000000333067036
                 6.46875       1.644427404613407       1.000000333067036
                 6.46875       1.693514789825748       1.000000333067036
                 6.46875       1.742602175038088       1.000000333067036
                 6.46875       1.791689560250429       1.000000333067036
                 6.46875       1.840776945462769       1.000000333067036
                 6.46875        1.88986433067511       1.000000333067036
                 6.46875       1.938951715887451       1.000000333067036
                 6.46875       1.988039101099791       1.000000333067036
                 6.46875       2.037126486312132       1.000000333067036
                 6.46875       2.086213871524472       1.000000333067036
                 6.46875       2.135301256736812       1.000000333067036
                 6.46875       2.184388641949153       1.000000333067036
                 6.46875       2.233476027161494       1.000000333067036
                 6.46875       2.282563412373834       1.000000333067036
                 6.46875       2.331650797586175       1.000000333067036
                 6.46875       2.380738182798515       1.000000333067036
                 6.46875       2.429825568010856       1.000000333067036
                 6.46875       2.478912953223196       1.000000333067036
                 6.46875       2.528000338435537       1.000000333067036
                 6.46875       2.577087723647877       1.000000333067036
                 6.46875       2.626175108860218       1.000000333067036
                 6.46875       2.675262494072558       1.000000333067036
                 6.46875       2.724349879284899       1.000000333067036
                 6.46875       2.773437264497239       1.000000333067036
                 6.46875        2.82252464970958       1.000000333067036
                 6.46875        2.87161203492192       1.000000333067036
                 6.46875       2.920699420134261       1.000000333067036
                 6.46875       2.969786805346601       1.000000333067036
                 6.46875       3.018874190558942       1.000000333067036
                 6.46875       3.067961575771282       1.000000333067036
                 6.46875       3.117048960983623       1.000000333067036

                 6.53125     0.02454369260617026        1.00000031850465
                 6.53125     0.07363107781851078        1.00000031850465
                 6.53125      0.1227184630308513        1.00000031850465
                 6.53125      0.1718058482431918        1.00000031850465
                 6.53125      0.2208932334555323        1.00000031850465
                 6.53125      0.2699806186678728        1.00000031850465
                 6.53125      0.3190680038802134        1.00000031850465
                 6.53125      0.3681553890925539        1.00000031850465
                 6.53125      0.4172427743048944        1.00000031850465
                 6.53125      0.4663301595172349        1.00000031850465
                 6.53125      0.5154175447295755        1.00000031850465
                 6.53125      0.5645049299419159        1.00000031850465
                 6.53125      0.6135923151542565        1.00000031850465
                 6.53125       0.662679700366597        1.00000031850465
                 6.53125      0.7117670855789375        1.00000031850465
                 6.53125       0.760854470791278        1.00000031850465
                 6.53125      0.8099418560036186        1.00000031850465
                 6.53125       0.859029241215959        1.00000031850465
                 6.53125      0.9081166264282996        1.00000031850465
                 6.53125      0.9572040116406401        1.00000031850465
                 6.53125       1.006291396852981        1.00000031850465
                 6.53125       1.055378782065321        1.00000031850465
                 6.53125       1.104466167277662        1.00000031850465
                 6.53125       1.153553552490002        1.00000031850465
                 6.53125       1.202640937702343        1.00000031850465
                 6.53125       1.251728322914683        1.00000031850465
                 6.53125       1.300815708127024        1.00000031850465
                 6.53125       1.349903093339364        1.00000031850465
                 6.53125       1.398990478551705        1.00000031850465
                 6.53125       1.448077863764045        1.00000031850465
                 6.53125       1.497165248976386        1.00000031850465
                 6.53125       1.546252634188726        1.00000031850465
                 6.53125       1.595340019401067        1.00000031850465
                 6.53125       1.644427404613407        1.00000031850465
                 6.53125       1.693514789825748        1.00000031850465
                 6.53125       1.742602175038088        1.00000031850465
                 6.53125       1.791689560250429        1.00000031850465
                 6.53125       1.840776945462769        1.00000031850465
                 6.53125        1.88986433067511        1.00000031850465
                 6.53125       1.938951715887451        1.00000031850465
                 6.53125       1.988039101099791        1.00000031850465
                 6.53125       2.037126486312132        1.00000031850465
                 6.53125       2.086213871524472        1.00000031850465
                 6.53125       2.135301256736812        1.00000031850465
                 6.53125       2.184388641949153        1.00000031850465
                 6.53125       2.233476027161494        1.00000031850465
                 6.53125       2.282563412373834        1.00000031850465
                 6.53125       2.331650797586175        1.00000031850465
                 6.53125       2.380738182798515        1.00000031850465
                 6.53125       2.429825568010856        1.00000031850465
                 6.53125       2.478912953223196        1.00000031850465
                 6.53125       2.528000338435537        1.00000031850465
                 6.53125       2.577087723647877        1.00000031850465
                 6.53125       2.626175108860218        1.00000031850465
                 6.53125       2.675262494072558        1.00000031850465
                 6.53125       2.724349879284899        1.00000031850465
                 6.53125       2.773437264497239        1.00000031850465
                 6.53125        2.82252464970958        1.00000031850465
                 6.53125        2.87161203492192        1.00000031850465
                 6.53125       2.920699420134261        1.00000031850465
                 6.53125       2.969786805346601        1.00000031850465
                 6.53125       3.018874190558942        1.00000031850465
                 6.53125       3.067961575771282        1.00000031850465
                 6.53125       3.117048960983623        1.00000031850465

                 6.59375     0.02454369260617026        1.00000030421833
                 6.59375     0.07363107781851078        1.00000030421833
                 6.59375      0.1227184630308513        1.00000030421833
                 6.59375      0.1718058482431918        1.00000030421833
                 6.59375      0.2208932334555323        1.00000030421833
                 6.59375      0.2699806186678728        1.00000030421833
                 6.59375      0.3190680038802134        1.00000030421833
                 6.59375      0.3681553890925539        1.00000030421833
                 6.59375      0.4172427743048944        1.00000030421833
                 6.59375      0.4663301595172349        1.00000030421833
                 6.59375      0.5154175447295755        1.00000030421833
                 6.59375      0.5645049299419159        1.00000030421833
                 6.59375      0.6135923151542565        1.00000030421833
                 6.59375       0.662679700366597        1.00000030421833
                 6.59375      0.7117670855789375        1.00000030421833
                 6.59375       0.760854470791278        1.00000030421833
                 6.59375      0.8099418560036186        1.00000030421833
                 6.59375       0.859029241215959        1.00000030421833
                 6.59375      0.9081166264282996        1.00000030421833
                 6.59375      0.9572040116406401        1.00000030421833
                 6.59375       1.006291396852981        1.00000030421833
                 6.59375       1.055378782065321        1.00000030421833
                 6.59375       1.104466167277662        1.00000030421833
                 6.59375       1.153553552490002        1.00000030421833
                 6.59375       1.202640937702343        1.00000030421833
                 6.59375       1.251728322914683        1.00000030421833
                 6.59375       1.300815708127024        1.00000030421833
                 6.59375       1.349903093339364        1.00000030421833
                 6.59375       1.398990478551705        1.00000030421833
                 6.59375       1.448077863764045        1.00000030421833
                 6.59375       1.497165248976386        1.00000030421833
                 6.59375       1.546252634188726        1.00000030421833
                 6.59375       1.595340019401067        1.00000030421833
                 6.59375       1.644427404613407        1.00000030421833
                 6.59375       1.693514789825748        1.00000030421833
                 6.59375       1.742602175038088        1.00000030421833
                 6.59375       1.791689560250429        1.00000030421833
                 6.59375       1.840776945462769        1.00000030421833
                 6.59375        1.88986433067511        1.00000030421833
                 6.59375       1.938951715887451        1.00000030421833
                 6.59375       1.988039101099791        1.00000030421833
                 6.59375       2.037126486312132        1.00000030421833
                 6.59375       2.086213871524472        1.00000030421833
                 6.59375       2.135301256736812        1.00000030421833
                 6.59375       2.184388641949153        1.00000030421833
                 6.59375       2.233476027161494        1.00000030421833
                 6.59375       2.282563412373834        1.00000030421833
                 6.59375       2.331650797586175        1.00000030421833
                 6.59375       2.380738182798515        1.00000030421833
                 6.59375       2.429825568010856        1.00000030421833
                 6.59375       2.478912953223196        1.00000030421833
                 6.59375       2.528000338435537        1.00000030421833
                 6.59375       2.577087723647877        1.00000030421833
                 6.59375       2.626175108860218        1.00000030421833
                 6.59375       2.675262494072558        1.00000030421833
                 6.59375       2.724349879284899        1.00000030421833
                 6.59375       2.773437264497239        1.00000030421833
                 6.59375        2.82252464970958        1.00000030421833
                 6.59375        2.87161203492192        1.00000030421833
                 6.59375       2.920699420134261        1.00000030421833
                 6.59375       2.969786805346601        1.00000030421833
                 6.59375       3.018874190558942        1.00000030421833
                 6.59375       3.067961575771282        1.00000030421833
                 6.59375       3.117048960983623        1.00000030421833

                 6.65625     0.02454369260617026       1.000000290200296
                 6.65625     0.07363107781851078       1.000000290200296
                 6.65625      0.1227184630308513       1.000000290200296
                 6.65625      0.1718058482431918       1.000000290200296
                 6.65625      0.2208932334555323       1.000000290200296
                 6.65625      0.2699806186678728       1.000000290200296
                 6.65625      0.3190680038802134       1.000000290200296
                 6.65625      0.3681553890925539       1.000000290200296
                 6.65625      0.4172427743048944       1.000000290200296
                 6.65625      0.4663301595172349       1.000000290200296
                 6.65625      0.5154175447295755       1.000000290200296
                 6.65625      0.5645049299419159       1.000000290200296
                 6.65625      0.6135923151542565       1.000000290200296
                 6.65625       0.662679700366597       1.000000290200296
                 6.65625      0.7117670855789375       1.000000290200296
                 6.65625       0.760854470791278       1.000000290200296
                 6.65625      0.8099418560036186       1.000000290200296
                 6.65625       0.859029241215959       1.000000290200296
                 6.65625      0.9081166264282996       1.000000290200296
                 6.65625      0.9572040116406401       1.000000290200296
                 6.65625       1.006291396852981       1.000000290200296
                 6.65625       1.055378782065321       1.000000290200296
                 6.65625       1.104466167277662       1.000000290200296
                 6.65625       1.153553552490002       1.000000290200296
                 6.65625       1.202640937702343       1.000000290200296
                 6.65625       1.251728322914683       1.000000290200296
                 6.65625       1.300815708127024       1.000000290200296
                 6.65625       1.349903093339364       1.000000290200296
                 6.65625       1.398990478551705       1.000000290200296
                 6.65625       1.448077863764045       1.000000290200296
                 6.65625       1.497165248976386       1.000000290200296
                 6.65625       1.546252634188726       1.000000290200296
                 6.65625       1.595340019401067       1.000000290200296
                 6.65625       1.644427404613407       1.000000290200296
                 6.65625       1.693514789825748       1.000000290200296
                 6.65625       1.742602175038088       1.000000290200296
                 6.65625       1.791689560250429       1.000000290200296
                 6.65625       1.840776945462769       1.000000290200296
                 6.65625        1.88986433067511       1.000000290200296
                 6.65625       1.938951715887451       1.000000290200296
                 6.65625       1.988039101099791       1.000000290200296
                 6.65625       2.037126486312132       1.000000290200296
                 6.65625       2.086213871524472       1.000000290200296
                 6.65625       2.135301256736812       1.000000290200296
                 6.65625       2.184388641949153       1.000000290200296
                 6.65625       2.233476027161494       1.000000290200296
                 6.65625       2.282563412373834       1.000000290200296
                 6.65625       2.331650797586175       1.000000290200296
                 6.65625       2.380738182798515       1.000000290200296
                 6.65625       2.429825568010856       1.000000290200296
                 6.65625       2.478912953223196       1.000000290200296
                 6.65625       2.528000338435537       1.000000290200296
                 6.65625       2.577087723647877       1.000000290200296
                 6.65625       2.626175108860218       1.000000290200296
                 6.65625       2.675262494072558       1.000000290200296
                 6.65625       2.724349879284899       1.000000290200296
                 6.65625       2.773437264497239       1.000000290200296
                 6.65625        2.82252464970958       1.000000290200296
                 6.65625        2.87161203492192       1.000000290200296
                 6.65625       2.920699420134261       1.000000290200296
                 6.65625       2.969786805346601       1.000000290200296
                 6.65625       3.018874190558942       1.000000290200296
                 6.65625       3.067961575771282       1.000000290200296
                 6.65625       3.117048960983623       1.000000290200296

                 6.71875     0.02454369260617026       1.000000276443064
                 6.71875     0.07363107781851078       1.000000276443064
                 6.71875      0.1227184630308513       1.000000276443064
                 6.71875      0.1718058482431918       1.000000276443064
                 6.71875      0.2208932334555323       1.000000276443064
                 6.71875      0.2699806186678728       1.000000276443064
                 6.71875      0.3190680038802134       1.000000276443064
                 6.71875      0.3681553890925539       1.000000276443064
                 6.71875      0.4172427743048944       1.000000276443064
                 6.71875      0.4663301595172349       1.000000276443064
                 6.71875      0.5154175447295755       1.000000276443064
                 6.71875      0.5645049299419159       1.000000276443064
                 6.71875      0.6135923151542565       1.000000276443064
                 6.71875       0.662679700366597       1.000000276443064
                 6.71875      0.7117670855789375       1.000000276443064
                 6.71875       0.760854470791278       1.000000276443064
                 6.71875      0.8099418560036186       1.000000276443064
                 6.71875       0.859029241215959       1.000000276443064
                 6.71875      0.9081166264282996       1.000000276443064
                 6.71875      0.9572040116406401       1.000000276443064
                 6.71875       1.006291396852981       1.000000276443064
                 6.71875       1.055378782065321       1.000000276443064
                 6.71875       1.104466167277662       1.000000276443064
                 6.71875       1.153553552490002       1.000000276443064
                 6.71875       1.202640937702343       1.000000276443064
                 6.71875       1.251728322914683       1.000000276443064
                 6.71875       1.300815708127024       1.000000276443064
                 6.71875       1.349903093339364       1.000000276443064
                 6.71875       1.398990478551705       1.000000276443064
                 6.71875       1.448077863764045       1.000000276443064
                 6.71875       1.497165248976386       1.000000276443064
                 6.71875       1.546252634188726       1.000000276443064
                 6.71875       1.595340019401067       1.000000276443064
                 6.71875       1.644427404613407       1.000000276443064
                 6.71875       1.693514789825748       1.000000276443064
                 6.71875       1.742602175038088       1.000000276443064
                 6.71875       1.791689560250429       1.000000276443064
                 6.71875       1.840776945462769       1.000000276443064
                 6.71875        1.88986433067511       1.000000276443064
                 6.71875       1.938951715887451       1.000000276443064
                 6.71875       1.988039101099791       1.000000276443064
                 6.71875       2.037126486312132       1.000000276443064
                 6.71875       2.086213871524472       1.000000276443064
                 6.71875       2.135301256736812       1.000000276443064
                 6.71875       2.184388641949153       1.000000276443064
                 6.71875       2.233476027161494       1.000000276443064
                 6.71875       2.282563412373834       1.000000276443064
                 6.71875       2.331650797586175       1.000000276443064
                 6.71875       2.380738182798515       1.000000276443064
                 6.71875       2.429825568010856       1.000000276443064
                 6.71875       2.478912953223196       1.000000276443064
                 6.71875       2.528000338435537       1.000000276443064
                 6.71875       2.577087723647877       1.000000276443064
                 6.71875       2.626175108860218       1.000000276443064
                 6.71875       2.675262494072558       1.000000276443064
                 6.71875       2.724349879284899       1.000000276443064
                 6.71875       2.773437264497239       1.000000276443064
                 6.71875        2.82252464970958       1.000000276443064
                 6.71875        2.87161203492192       1.000000276443064
                 6.71875       2.920699420134261       1.000000276443064
                 6.71875       2.969786805346601       1.000000276443064
                 6.71875       3.018874190558942       1.000000276443064
                 6.71875       3.067961575771282       1.000000276443064
                 6.71875       3.117048960983623       1.000000276443064

                 6.78125     0.02454369260617026       1.000000262939421
                 6.78125     0.07363107781851078       1.000000262939421
                 6.78125      0.1227184630308513       1.000000262939421
                 6.78125      0.1718058482431918       1.000000262939421
                 6.78125      0.2208932334555323       1.000000262939421
                 6.78125      0.2699806186678728       1.000000262939421
                 6.78125      0.3190680038802134       1.000000262939421
                 6.78125      0.3681553890925539       1.000000262939421
                 6.78125      0.4172427743048944       1.000000262939421
                 6.78125      0.4663301595172349       1.000000262939421
                 6.78125      0.5154175447295755       1.000000262939421
                 6.78125      0.5645049299419159       1.000000262939421
                 6.78125      0.6135923151542565       1.000000262939421
                 6.78125       0.662679700366597       1.000000262939421
                 6.78125      0.7117670855789375       1.000000262939421
                 6.78125       0.760854470791278       1.000000262939421
                 6.78125      0.8099418560036186       1.000000262939421
                 6.78125       0.859029241215959       1.000000262939421
                 6.78125      0.9081166264282996       1.000000262939421
                 6.78125      0.9572040116406401       1.000000262939421
                 6.78125       1.006291396852981       1.000000262939421
                 6.78125       1.055378782065321       1.000000262939421
                 6.78125       1.104466167277662       1.000000262939421
                 6.78125       1.153553552490002       1.000000262939421
                 6.78125       1.202640937702343       1.000000262939421
                 6.78125       1.251728322914683       1.000000262939421
                 6.78125       1.300815708127024       1.000000262939421
                 6.78125       1.349903093339364       1.000000262939421
                 6.78125       1.398990478551705       1.000000262939421
                 6.78125       1.448077863764045       1.000000262939421
                 6.78125       1.497165248976386       1.000000262939421
                 6.78125       1.546252634188726       1.000000262939421
                 6.78125       1.595340019401067       1.000000262939421
                 6.78125       1.644427404613407       1.000000262939421
                 6.78125       1.693514789825748       1.000000262939421
                 6.78125       1.742602175038088       1.000000262939421
                 6.78125       1.791689560250429       1.000000262939421
                 6.78125       1.840776945462769       1.000000262939421
                 6.78125        1.88986433067511       1.000000262939421
                 6.78125       1.938951715887451       1.000000262939421
                 6.78125       1.988039101099791       1.000000262939421
                 6.78125       2.037126486312132       1.000000262939421
                 6.78125       2.086213871524472       1.000000262939421
                 6.78125       2.135301256736812       1.000000262939421
                 6.78125       2.184388641949153       1.000000262939421
                 6.78125       2.233476027161494       1.000000262939421
                 6.78125       2.282563412373834       1.000000262939421
                 6.78125       2.331650797586175       1.000000262939421
                 6.78125       2.380738182798515       1.000000262939421
                 6.78125       2.429825568010856       1.000000262939421
                 6.78125       2.478912953223196       1.000000262939421
                 6.78125       2.528000338435537       1.000000262939421
                 6.78125       2.577087723647877       1.000000262939421
                 6.78125       2.626175108860218       1.000000262939421
                 6.78125       2.675262494072558       1.000000262939421
                 6.78125       2.724349879284899       1.000000262939421
                 6.78125       2.773437264497239       1.000000262939421
                 6.78125        2.82252464970958       1.000000262939421
                 6.78125        2.87161203492192       1.000000262939421
                 6.78125       2.920699420134261       1.000000262939421
                 6.78125       2.969786805346601       1.000000262939421
                 6.78125       3.018874190558942       1.000000262939421
                 6.78125       3.067961575771282       1.000000262939421
                 6.78125       3.117048960983623       1.000000262939421

                 6.84375     0.02454369260617026        1.00000024968242
                 6.84375     0.07363107781851078        1.00000024968242
                 6.84375      0.1227184630308513        1.00000024968242
                 6.84375      0.1718058482431918        1.00000024968242
                 6.84375      0.2208932334555323        1.00000024968242
                 6.84375      0.2699806186678728        1.00000024968242
                 6.84375      0.3190680038802134        1.00000024968242
                 6.84375      0.3681553890925539        1.00000024968242
                 6.84375      0.4172427743048944        1.00000024968242
                 6.84375      0.4663301595172349        1.00000024968242
                 6.84375      0.5154175447295755        1.00000024968242
                 6.84375      0.5645049299419159        1.00000024968242
                 6.84375      0.6135923151542565        1.00000024968242
                 6.84375       0.662679700366597        1.00000024968242
                 6.84375      0.7117670855789375        1.00000024968242
                 6.84375       0.760854470791278        1.00000024968242
                 6.84375      0.8099418560036186        1.00000024968242
                 6.84375       0.859029241215959        1.00000024968242
                 6.84375      0.9081166264282996        1.00000024968242
                 6.84375      0.9572040116406401        1.00000024968242
                 6.84375       1.006291396852981        1.00000024968242
                 6.84375       1.055378782065321        1.00000024968242
                 6.84375       1.104466167277662        1.00000024968242
                 6.84375       1.153553552490002        1.00000024968242
                 6.84375       1.202640937702343        1.00000024968242
                 6.84375       1.251728322914683        1.00000024968242
                 6.84375       1.300815708127024        1.00000024968242
                 6.84375       1.349903093339364        1.00000024968242
                 6.84375       1.398990478551705        1.00000024968242
                 6.84375       1.448077863764045        1.00000024968242
                 6.84375       1.497165248976386        1.00000024968242
                 6.84375       1.546252634188726        1.00000024968242
                 6.84375       1.595340019401067        1.00000024968242
                 6.84375       1.644427404613407        1.00000024968242
                 6.84375       1.693514789825748        1.00000024968242
                 6.84375       1.742602175038088        1.00000024968242
                 6.84375       1.791689560250429        1.00000024968242
                 6.84375       1.840776945462769        1.00000024968242
                 6.84375        1.88986433067511        1.00000024968242
                 6.84375       1.938951715887451        1.00000024968242
                 6.84375       1.988039101099791        1.00000024968242
                 6.84375       2.037126486312132        1.00000024968242
                 6.84375       2.086213871524472        1.00000024968242
                 6.84375       2.135301256736812        1.00000024968242
                 6.84375       2.184388641949153        1.00000024968242
                 6.84375       2.233476027161494        1.00000024968242
                 6.84375       2.282563412373834        1.00000024968242
                 6.84375       2.331650797586175        1.00000024968242
                 6.84375       2.380738182798515        1.00000024968242
                 6.84375       2.429825568010856        1.00000024968242
                 6.84375       2.478912953223196        1.00000024968242
                 6.84375       2.528000338435537        1.00000024968242
                 6.84375       2.577087723647877        1.00000024968242
                 6.84375       2.626175108860218        1.00000024968242
                 6.84375       2.675262494072558        1.00000024968242
                 6.84375       2.724349879284899        1.00000024968242
                 6.84375       2.773437264497239        1.00000024968242
                 6.84375        2.82252464970958        1.00000024968242
                 6.84375        2.87161203492192        1.00000024968242
                 6.84375       2.920699420134261        1.00000024968242
                 6.84375       2.969786805346601        1.00000024968242
                 6.84375       3.018874190558942        1.00000024968242
                 6.84375       3.067961575771282        1.00000024968242
                 6.84375       3.117048960983623        1.00000024968242

                 6.90625     0.02454369260617026       1.000000236665365
                 6.90625     0.07363107781851078       1.000000236665365
                 6.90625      0.1227184630308513       1.000000236665365
                 6.90625      0.1718058482431918       1.000000236665365
                 6.90625      0.2208932334555323       1.000000236665365
                 6.90625      0.2699806186678728       1.000000236665365
                 6.90625      0.3190680038802134       1.000000236665365
                 6.90625      0.3681553890925539       1.000000236665365
                 6.90625      0.4172427743048944       1.000000236665365
                 6.90625      0.4663301595172349       1.000000236665365
                 6.90625      0.5154175447295755       1.000000236665365
                 6.90625      0.5645049299419159       1.000000236665365
                 6.90625      0.6135923151542565       1.000000236665365
                 6.90625       0.662679700366597       1.000000236665365
                 6.90625      0.7117670855789375       1.000000236665365
                 6.90625       0.760854470791278       1.000000236665365
                 6.90625      0.8099418560036186       1.000000236665365
                 6.90625       0.859029241215959       1.000000236665365
                 6.90625      0.9081166264282996       1.000000236665365
                 6.90625      0.9572040116406401       1.000000236665365
                 6.90625       1.006291396852981       1.000000236665365
                 6.90625       1.055378782065321       1.000000236665365
                 6.90625       1.104466167277662       1.000000236665365
                 6.90625       1.153553552490002       1.000000236665365
                 6.90625       1.202640937702343       1.000000236665365
                 6.90625       1.251728322914683       1.000000236665365
                 6.90625       1.300815708127024       1.000000236665365
                 6.90625       1.349903093339364       1.000000236665365
                 6.90625       1.398990478551705       1.000000236665365
                 6.90625       1.448077863764045       1.000000236665365
                 6.90625       1.497165248976386       1.000000236665365
                 6.90625       1.546252634188726       1.000000236665365
                 6.90625       1.595340019401067       1.000000236665365
                 6.90625       1.644427404613407       1.000000236665365
                 6.90625       1.693514789825748       1.000000236665365
                 6.90625       1.742602175038088       1.000000236665365
                 6.90625       1.791689560250429       1.000000236665365
                 6.90625       1.840776945462769       1.000000236665365
                 6.90625        1.88986433067511       1.000000236665365
                 6.90625       1.938951715887451       1.000000236665365
                 6.90625       1.988039101099791       1.000000236665365
                 6.90625       2.037126486312132       1.000000236665365
                 6.90625       2.086213871524472       1.000000236665365
                 6.90625       2.135301256736812       1.000000236665365
                 6.90625       2.184388641949153       1.000000236665365
                 6.90625       2.233476027161494       1.000000236665365
                 6.90625       2.282563412373834       1.000000236665365
                 6.90625       2.331650797586175       1.000000236665365
                 6.90625       2.380738182798515       1.000000236665365
                 6.90625       2.429825568010856       1.000000236665365
                 6.90625       2.478912953223196       1.000000236665365
                 6.90625       2.528000338435537       1.000000236665365
                 6.90625       2.577087723647877       1.000000236665365
                 6.90625       2.626175108860218       1.000000236665365
                 6.90625       2.675262494072558       1.000000236665365
                 6.90625       2.724349879284899       1.000000236665365
                 6.90625       2.773437264497239       1.000000236665365
                 6.90625        2.82252464970958       1.000000236665365
                 6.90625        2.87161203492192       1.000000236665365
                 6.90625       2.920699420134261       1.000000236665365
                 6.90625       2.969786805346601       1.000000236665365
                 6.90625       3.018874190558942       1.000000236665365
                 6.90625       3.067961575771282       1.000000236665365
                 6.90625       3.117048960983623       1.000000236665365

                 6.96875     0.02454369260617026       1.000000223881799
                 6.96875     0.07363107781851078       1.000000223881799
                 6.96875      0.1227184630308513       1.000000223881799
                 6.96875      0.1718058482431918       1.000000223881799
                 6.96875      0.2208932334555323       1.000000223881799
                 6.96875      0.2699806186678728       1.000000223881799
                 6.96875      0.3190680038802134       1.000000223881799
                 6.96875      0.3681553890925539       1.000000223881799
                 6.96875      0.4172427743048944       1.000000223881799
                 6.96875      0.4663301595172349       1.000000223881799
                 6.96875      0.5154175447295755       1.000000223881799
                 6.96875      0.5645049299419159       1.000000223881799
                 6.96875      0.6135923151542565       1.000000223881799
                 6.96875       0.662679700366597       1.000000223881799
                 6.96875      0.7117670855789375       1.000000223881799
                 6.96875       0.760854470791278       1.000000223881799
                 6.96875      0.8099418560036186       1.000000223881799
                 6.96875       0.859029241215959       1.000000223881799
                 6.96875      0.9081166264282996       1.000000223881799
                 6.96875      0.9572040116406401       1.000000223881799
                 6.96875       1.006291396852981       1.000000223881799
                 6.96875       1.055378782065321       1.000000223881799
                 6.96875       1.104466167277662       1.000000223881799
                 6.96875       1.153553552490002       1.000000223881799
                 6.96875       1.202640937702343       1.000000223881799
                 6.96875       1.251728322914683       1.000000223881799
                 6.96875       1.300815708127024       1.000000223881799
                 6.96875       1.349903093339364       1.000000223881799
                 6.96875       1.398990478551705       1.000000223881799
                 6.96875       1.448077863764045       1.000000223881799
                 6.96875       1.497165248976386       1.000000223881799
                 6.96875       1.546252634188726       1.000000223881799
                 6.96875       1.595340019401067       1.000000223881799
                 6.96875       1.644427404613407       1.000000223881799
                 6.96875       1.693514789825748       1.000000223881799
                 6.96875       1.742602175038088       1.000000223881799
                 6.96875       1.791689560250429       1.000000223881799
                 6.96875       1.840776945462769       1.000000223881799
                 6.96875        1.88986433067511       1.000000223881799
                 6.96875       1.938951715887451       1.000000223881799
                 6.96875       1.988039101099791       1.000000223881799
                 6.96875       2.037126486312132       1.000000223881799
                 6.96875       2.086213871524472       1.000000223881799
                 6.96875       2.135301256736812       1.000000223881799
                 6.96875       2.184388641949153       1.000000223881799
                 6.96875       2.233476027161494       1.000000223881799
                 6.96875       2.282563412373834       1.000000223881799
                 6.96875       2.331650797586175       1.000000223881799
                 6.96875       2.380738182798515       1.000000223881799
                 6.96875       2.429825568010856       1.000000223881799
                 6.96875       2.478912953223196       1.000000223881799
                 6.96875       2.528000338435537       1.000000223881799
                 6.96875       2.577087723647877       1.000000223881799
                 6.96875       2.626175108860218       1.000000223881799
                 6.96875       2.675262494072558       1.000000223881799
                 6.96875       2.724349879284899       1.000000223881799
                 6.96875       2.773437264497239       1.000000223881799
                 6.96875        2.82252464970958       1.000000223881799
                 6.96875        2.87161203492192       1.000000223881799
                 6.96875       2.920699420134261       1.000000223881799
                 6.96875       2.969786805346601       1.000000223881799
                 6.96875       3.018874190558942       1.000000223881799
                 6.96875       3.067961575771282       1.000000223881799
                 6.96875       3.117048960983623       1.000000223881799

                 7.03125     0.02454369260617026       1.000000211325497
                 7.03125     0.07363107781851078       1.000000211325497
                 7.03125      0.1227184630308513       1.000000211325497
                 7.03125      0.1718058482431918       1.000000211325497
                 7.03125      0.2208932334555323       1.000000211325497
                 7.03125      0.2699806186678728       1.000000211325497
                 7.03125      0.3190680038802134       1.000000211325497
                 7.03125      0.3681553890925539       1.000000211325497
                 7.03125      0.4172427743048944       1.000000211325497
                 7.03125      0.4663301595172349       1.000000211325497
                 7.03125      0.5154175447295755       1.000000211325497
                 7.03125      0.5645049299419159       1.000000211325497
                 7.03125      0.6135923151542565       1.000000211325497
                 7.03125       0.662679700366597       1.000000211325497
                 7.03125      0.7117670855789375       1.000000211325497
                 7.03125       0.760854470791278       1.000000211325497
                 7.03125      0.8099418560036186       1.000000211325497
                 7.03125       0.859029241215959       1.000000211325497
                 7.03125      0.9081166264282996       1.000000211325497
                 7.03125      0.9572040116406401       1.000000211325497
                 7.03125       1.006291396852981       1.000000211325497
                 7.03125       1.055378782065321       1.000000211325497
                 7.03125       1.104466167277662       1.000000211325497
                 7.03125       1.153553552490002       1.000000211325497
                 7.03125       1.202640937702343       1.000000211325497
                 7.03125       1.251728322914683       1.000000211325497
                 7.03125       1.300815708127024       1.000000211325497
                 7.03125       1.349903093339364       1.000000211325497
                 7.03125       1.398990478551705       1.000000211325497
                 7.03125       1.448077863764045       1.000000211325497
                 7.03125       1.497165248976386       1.000000211325497
                 7.03125       1.546252634188726       1.000000211325497
                 7.03125       1.595340019401067       1.000000211325497
                 7.03125       1.644427404613407       1.000000211325497
                 7.03125       1.693514789825748       1.000000211325497
                 7.03125       1.742602175038088       1.000000211325497
                 7.03125       1.791689560250429       1.000000211325497
                 7.03125       1.840776945462769       1.000000211325497
                 7.03125        1.88986433067511       1.000000211325497
                 7.03125       1.938951715887451       1.000000211325497
                 7.03125       1.988039101099791       1.000000211325497
                 7.03125       2.037126486312132       1.000000211325497
                 7.03125       2.086213871524472       1.000000211325497
                 7.03125       2.135301256736812       1.000000211325497
                 7.03125       2.184388641949153       1.000000211325497
                 7.03125       2.233476027161494       1.000000211325497
                 7.03125       2.282563412373834       1.000000211325497
                 7.03125       2.331650797586175       1.000000211325497
                 7.03125       2.380738182798515       1.000000211325497
                 7.03125       2.429825568010856       1.000000211325497
                 7.03125       2.478912953223196       1.000000211325497
                 7.03125       2.528000338435537       1.000000211325497
                 7.03125       2.577087723647877       1.000000211325497
                 7.03125       2.626175108860218       1.000000211325497
                 7.03125       2.675262494072558       1.000000211325497
                 7.03125       2.724349879284899       1.000000211325497
                 7.03125       2.773437264497239       1.000000211325497
                 7.03125        2.82252464970958       1.000000211325497
                 7.03125        2.87161203492192       1.000000211325497
                 7.03125       2.920699420134261       1.000000211325497
                 7.03125       2.969786805346601       1.000000211325497
                 7.03125       3.018874190558942       1.000000211325497
                 7.03125       3.067961575771282       1.000000211325497
                 7.03125       3.117048960983623       1.000000211325497

                 7.09375     0.02454369260617026       1.000000198990451
                 7.09375     0.07363107781851078       1.000000198990451
                 7.09375      0.1227184630308513       1.000000198990451
                 7.09375      0.1718058482431918       1.000000198990451
                 7.09375      0.2208932334555323       1.000000198990451
                 7.09375      0.2699806186678728       1.000000198990451
                 7.09375      0.3190680038802134       1.000000198990451
                 7.09375      0.3681553890925539       1.000000198990451
                 7.09375      0.4172427743048944       1.000000198990451
                 7.09375      0.4663301595172349       1.000000198990451
                 7.09375      0.5154175447295755       1.000000198990451
                 7.09375      0.5645049299419159       1.000000198990451
                 7.09375      0.6135923151542565       1.000000198990451
                 7.09375       0.662679700366597       1.000000198990451
                 7.09375      0.7117670855789375       1.000000198990451
                 7.09375       0.760854470791278       1.000000198990451
                 7.09375      0.8099418560036186       1.000000198990451
                 7.09375       0.859029241215959       1.000000198990451
                 7.09375      0.9081166264282996       1.000000198990451
                 7.09375      0.9572040116406401       1.000000198990451
                 7.09375       1.006291396852981       1.000000198990451
                 7.09375       1.055378782065321       1.000000198990451
                 7.09375       1.104466167277662       1.000000198990451
                 7.09375       1.153553552490002       1.000000198990451
                 7.09375       1.202640937702343       1.000000198990451
                 7.09375       1.251728322914683       1.000000198990451
                 7.09375       1.300815708127024       1.000000198990451
                 7.09375       1.349903093339364       1.000000198990451
                 7.09375       1.398990478551705       1.000000198990451
                 7.09375       1.448077863764045       1.000000198990451
                 7.09375       1.497165248976386       1.000000198990451
                 7.09375       1.546252634188726       1.000000198990451
                 7.09375       1.595340019401067       1.000000198990451
                 7.09375       1.644427404613407       1.000000198990451
                 7.09375       1.693514789825748       1.000000198990451
                 7.09375       1.742602175038088       1.000000198990451
                 7.09375       1.791689560250429       1.000000198990451
                 7.09375       1.840776945462769       1.000000198990451
                 7.09375        1.88986433067511       1.000000198990451
                 7.09375       1.938951715887451       1.000000198990451
                 7.09375       1.988039101099791       1.000000198990451
                 7.09375       2.037126486312132       1.000000198990451
                 7.09375       2.086213871524472       1.000000198990451
                 7.09375       2.135301256736812       1.000000198990451
                 7.09375       2.184388641949153       1.000000198990451
                 7.09375       2.233476027161494       1.000000198990451
                 7.09375       2.282563412373834       1.000000198990451
                 7.09375       2.331650797586175       1.000000198990451
                 7.09375       2.380738182798515       1.000000198990451
                 7.09375       2.429825568010856       1.000000198990451
                 7.09375       2.478912953223196       1.000000198990451
                 7.09375       2.528000338435537       1.000000198990451
                 7.09375       2.577087723647877       1.000000198990451
                 7.09375       2.626175108860218       1.000000198990451
                 7.09375       2.675262494072558       1.000000198990451
                 7.09375       2.724349879284899       1.000000198990451
                 7.09375       2.773437264497239       1.000000198990451
                 7.09375        2.82252464970958       1.000000198990451
                 7.09375        2.87161203492192       1.000000198990451
                 7.09375       2.920699420134261       1.000000198990451
                 7.09375       2.969786805346601       1.000000198990451
                 7.09375       3.018874190558942       1.000000198990451
                 7.09375       3.067961575771282       1.000000198990451
                 7.09375       3.117048960983623       1.000000198990451

                 7.15625     0.02454369260617026       1.000000186870865
                 7.15625     0.07363107781851078       1.000000186870865
                 7.15625      0.1227184630308513       1.000000186870865
                 7.15625      0.1718058482431918       1.000000186870865
                 7.15625      0.2208932334555323       1.000000186870865
                 7.15625      0.2699806186678728       1.000000186870865
                 7.15625      0.3190680038802134       1.000000186870865
                 7.15625      0.3681553890925539       1.000000186870865
                 7.15625      0.4172427743048944       1.000000186870865
                 7.15625      0.4663301595172349       1.000000186870865
                 7.15625      0.5154175447295755       1.000000186870865
                 7.15625      0.5645049299419159       1.000000186870865
                 7.15625      0.6135923151542565       1.000000186870865
                 7.15625       0.662679700366597       1.000000186870865
                 7.15625      0.7117670855789375       1.000000186870865
                 7.15625       0.760854470791278       1.000000186870865
                 7.15625      0.8099418560036186       1.000000186870865
                 7.15625       0.859029241215959       1.000000186870865
                 7.15625      0.9081166264282996       1.000000186870865
                 7.15625      0.9572040116406401       1.000000186870865
                 7.15625       1.006291396852981       1.000000186870865
                 7.15625       1.055378782065321       1.000000186870865
                 7.15625       1.104466167277662       1.000000186870865
                 7.15625       1.153553552490002       1.000000186870865
                 7.15625       1.202640937702343       1.000000186870865
                 7.15625       1.251728322914683       1.000000186870865
                 7.15625       1.300815708127024       1.000000186870865
                 7.15625       1.349903093339364       1.000000186870865
                 7.15625       1.398990478551705       1.000000186870865
                 7.15625       1.448077863764045       1.000000186870865
                 7.15625       1.497165248976386       1.000000186870865
                 7.15625       1.546252634188726       1.000000186870865
                 7.15625       1.595340019401067       1.000000186870865
                 7.15625       1.644427404613407       1.000000186870865
                 7.15625       1.693514789825748       1.000000186870865
                 7.15625       1.742602175038088       1.000000186870865
                 7.15625       1.791689560250429       1.000000186870865
                 7.15625       1.840776945462769       1.000000186870865
                 7.15625        1.88986433067511       1.000000186870865
                 7.15625       1.938951715887451       1.000000186870865
                 7.15625       1.988039101099791       1.000000186870865
                 7.15625       2.037126486312132       1.000000186870865
                 7.15625       2.086213871524472       1.000000186870865
                 7.15625       2.135301256736812       1.000000186870865
                 7.15625       2.184388641949153       1.000000186870865
                 7.15625       2.233476027161494       1.000000186870865
                 7.15625       2.282563412373834       1.000000186870865
                 7.15625       2.331650797586175       1.000000186870865
                 7.15625       2.380738182798515       1.000000186870865
                 7.15625       2.429825568010856       1.000000186870865
                 7.15625       2.478912953223196       1.000000186870865
                 7.15625       2.528000338435537       1.000000186870865
                 7.15625       2.577087723647877       1.000000186870865
                 7.15625       2.626175108860218       1.000000186870865
                 7.15625       2.675262494072558       1.000000186870865
                 7.15625       2.724349879284899       1.000000186870865
                 7.15625       2.773437264497239       1.000000186870865
                 7.15625        2.82252464970958       1.000000186870865
                 7.15625        2.87161203492192       1.000000186870865
                 7.15625       2.920699420134261       1.000000186870865
                 7.15625       2.969786805346601       1.000000186870865
                 7.15625       3.018874190558942       1.000000186870865
                 7.15625       3.067961575771282       1.000000186870865
                 7.15625       3.117048960983623       1.000000186870865

                 7.21875     0.02454369260617026       1.000000174961141
                 7.21875     0.07363107781851078       1.000000174961141
                 7.21875      0.1227184630308513       1.000000174961141
                 7.21875      0.1718058482431918       1.000000174961141
                 7.21875      0.2208932334555323       1.000000174961141
                 7.21875      0.2699806186678728       1.000000174961141
                 7.21875      0.3190680038802134       1.000000174961141
                 7.21875      0.3681553890925539       1.000000174961141
                 7.21875      0.4172427743048944       1.000000174961141
                 7.21875      0.4663301595172349       1.000000174961141
                 7.21875      0.5154175447295755       1.000000174961141
                 7.21875      0.5645049299419159       1.000000174961141
                 7.21875      0.6135923151542565       1.000000174961141
                 7.21875       0.662679700366597       1.000000174961141
                 7.21875      0.7117670855789375       1.000000174961141
                 7.21875       0.760854470791278       1.000000174961141
                 7.21875      0.8099418560036186       1.000000174961141
                 7.21875       0.859029241215959       1.000000174961141
                 7.21875      0.9081166264282996       1.000000174961141
                 7.21875      0.9572040116406401       1.000000174961141
                 7.21875       1.006291396852981       1.000000174961141
                 7.21875       1.055378782065321       1.000000174961141
                 7.21875       1.104466167277662       1.000000174961141
                 7.21875       1.153553552490002       1.000000174961141
                 7.21875       1.202640937702343       1.000000174961141
                 7.21875       1.251728322914683       1.000000174961141
                 7.21875       1.300815708127024       1.000000174961141
                 7.21875       1.349903093339364       1.000000174961141
                 7.21875       1.398990478551705       1.000000174961141
                 7.21875       1.448077863764045       1.000000174961141
                 7.21875       1.497165248976386       1.000000174961141
                 7.21875       1.546252634188726       1.000000174961141
                 7.21875       1.595340019401067       1.000000174961141
                 7.21875       1.644427404613407       1.000000174961141
                 7.21875       1.693514789825748       1.000000174961141
                 7.21875       1.742602175038088       1.000000174961141
                 7.21875       1.791689560250429       1.000000174961141
                 7.21875       1.840776945462769       1.000000174961141
                 7.21875        1.88986433067511       1.000000174961141
                 7.21875       1.938951715887451       1.000000174961141
                 7.21875       1.988039101099791       1.000000174961141
                 7.21875       2.037126486312132       1.000000174961141
                 7.21875       2.086213871524472       1.000000174961141
                 7.21875       2.135301256736812       1.000000174961141
                 7.21875       2.184388641949153       1.000000174961141
                 7.21875       2.233476027161494       1.000000174961141
                 7.21875       2.282563412373834       1.000000174961141
                 7.21875       2.331650797586175       1.000000174961141
                 7.21875       2.380738182798515       1.000000174961141
                 7.21875       2.429825568010856       1.000000174961141
                 7.21875       2.478912953223196       1.000000174961141
                 7.21875       2.528000338435537       1.000000174961141
                 7.21875       2.577087723647877       1.000000174961141
                 7.21875       2.626175108860218       1.000000174961141
                 7.21875       2.675262494072558       1.000000174961141
                 7.21875       2.724349879284899       1.000000174961141
                 7.21875       2.773437264497239       1.000000174961141
                 7.21875        2.82252464970958       1.000000174961141
                 7.21875        2.87161203492192       1.000000174961141
                 7.21875       2.920699420134261       1.000000174961141
                 7.21875       2.969786805346601       1.000000174961141
                 7.21875       3.018874190558942       1.000000174961141
                 7.21875       3.067961575771282       1.000000174961141
                 7.21875       3.117048960983623       1.000000174961141

                 7.28125     0.02454369260617026       1.000000163255877
                 7.28125     0.07363107781851078       1.000000163255877
                 7.28125      0.1227184630308513       1.000000163255877
                 7.28125      0.1718058482431918       1.000000163255877
                 7.28125      0.2208932334555323       1.000000163255877
                 7.28125      0.2699806186678728       1.000000163255877
                 7.28125      0.3190680038802134       1.000000163255877
                 7.28125      0.3681553890925539       1.000000163255877
                 7.28125      0.4172427743048944       1.000000163255877
                 7.28125      0.4663301595172349       1.000000163255877
                 7.28125      0.5154175447295755       1.000000163255877
                 7.28125      0.5645049299419159       1.000000163255877
                 7.28125      0.6135923151542565       1.000000163255877
                 7.28125       0.662679700366597       1.000000163255877
                 7.28125      0.7117670855789375       1.000000163255877
                 7.28125       0.760854470791278       1.000000163255877
                 7.28125      0.8099418560036186       1.000000163255877
                 7.28125       0.859029241215959       1.000000163255877
                 7.28125      0.9081166264282996       1.000000163255877
                 7.28125      0.9572040116406401       1.000000163255877
                 7.28125       1.006291396852981       1.000000163255877
                 7.28125       1.055378782065321       1.000000163255877
                 7.28125       1.104466167277662       1.000000163255877
                 7.28125       1.153553552490002       1.000000163255877
                 7.28125       1.202640937702343       1.000000163255877
                 7.28125       1.251728322914683       1.000000163255877
                 7.28125       1.300815708127024       1.000000163255877
                 7.28125       1.349903093339364       1.000000163255877
                 7.28125       1.398990478551705       1.000000163255877
                 7.28125       1.448077863764045       1.000000163255877
                 7.28125       1.497165248976386       1.000000163255877
                 7.28125       1.546252634188726       1.000000163255877
                 7.28125       1.595340019401067       1.000000163255877
                 7.28125       1.644427404613407       1.000000163255877
                 7.28125       1.693514789825748       1.000000163255877
                 7.28125       1.742602175038088       1.000000163255877
                 7.28125       1.791689560250429       1.000000163255877
                 7.28125       1.840776945462769       1.000000163255877
                 7.28125        1.88986433067511       1.000000163255877
                 7.28125       1.938951715887451       1.000000163255877
                 7.28125       1.988039101099791       1.000000163255877
                 7.28125       2.037126486312132       1.000000163255877
                 7.28125       2.086213871524472       1.000000163255877
                 7.28125       2.135301256736812       1.000000163255877
                 7.28125       2.184388641949153       1.000000163255877
                 7.28125       2.233476027161494       1.000000163255877
                 7.28125       2.282563412373834       1.000000163255877
                 7.28125       2.331650797586175       1.000000163255877
                 7.28125       2.380738182798515       1.000000163255877
                 7.28125       2.429825568010856       1.000000163255877
                 7.28125       2.478912953223196       1.000000163255877
                 7.28125       2.528000338435537       1.000000163255877
                 7.28125       2.577087723647877       1.000000163255877
                 7.28125       2.626175108860218       1.000000163255877
                 7.28125       2.675262494072558       1.000000163255877
                 7.28125       2.724349879284899       1.000000163255877
                 7.28125       2.773437264497239       1.000000163255877
                 7.28125        2.82252464970958       1.000000163255877
                 7.28125        2.87161203492192       1.000000163255877
                 7.28125       2.920699420134261       1.000000163255877
                 7.28125       2.969786805346601       1.000000163255877
                 7.28125       3.018874190558942       1.000000163255877
                 7.28125       3.067961575771282       1.000000163255877
                 7.28125       3.117048960983623       1.000000163255877

                 7.34375     0.02454369260617026        1.00000015174985
                 7.34375     0.07363107781851078        1.00000015174985
                 7.34375      0.1227184630308513        1.00000015174985
                 7.34375      0.1718058482431918        1.00000015174985
                 7.34375      0.2208932334555323        1.00000015174985
                 7.34375      0.2699806186678728        1.00000015174985
                 7.34375      0.3190680038802134        1.00000015174985
                 7.34375      0.3681553890925539        1.00000015174985
                 7.34375      0.4172427743048944        1.00000015174985
                 7.34375      0.4663301595172349        1.00000015174985
                 7.34375      0.5154175447295755        1.00000015174985
                 7.34375      0.5645049299419159        1.00000015174985
                 7.34375      0.6135923151542565        1.00000015174985
                 7.34375       0.662679700366597        1.00000015174985
                 7.34375      0.7117670855789375        1.00000015174985
                 7.34375       0.760854470791278        1.00000015174985
                 7.34375      0.8099418560036186        1.00000015174985
                 7.34375       0.859029241215959        1.00000015174985
                 7.34375      0.9081166264282996        1.00000015174985
                 7.34375      0.9572040116406401        1.00000015174985
                 7.34375       1.006291396852981        1.00000015174985
                 7.34375       1.055378782065321        1.00000015174985
                 7.34375       1.104466167277662        1.00000015174985
                 7.34375       1.153553552490002        1.00000015174985
                 7.34375       1.202640937702343        1.00000015174985
                 7.34375       1.251728322914683        1.00000015174985
                 7.34375       1.300815708127024        1.00000015174985
                 7.34375       1.349903093339364        1.00000015174985
                 7.34375       1.398990478551705        1.00000015174985
                 7.34375       1.448077863764045        1.00000015174985
                 7.34375       1.497165248976386        1.00000015174985
                 7.34375       1.546252634188726        1.00000015174985
                 7.34375       1.595340019401067        1.00000015174985
                 7.34375       1.644427404613407        1.00000015174985
                 7.34375       1.693514789825748        1.00000015174985
                 7.34375       1.742602175038088        1.00000015174985
                 7.34375       1.791689560250429        1.00000015174985
                 7.34375       1.840776945462769        1.00000015174985
                 7.34375        1.88986433067511        1.00000015174985
                 7.34375       1.938951715887451        1.00000015174985
                 7.34375       1.988039101099791        1.00000015174985
                 7.34375       2.037126486312132        1.00000015174985
                 7.34375       2.086213871524472        1.00000015174985
                 7.34375       2.135301256736812        1.00000015174985
                 7.34375       2.184388641949153        1.00000015174985
                 7.34375       2.233476027161494        1.00000015174985
                 7.34375       2.282563412373834        1.00000015174985
                 7.34375       2.331650797586175        1.00000015174985
                 7.34375       2.380738182798515        1.00000015174985
                 7.34375       2.429825568010856        1.00000015174985
                 7.34375       2.478912953223196        1.00000015174985
                 7.34375       2.528000338435537        1.00000015174985
                 7.34375       2.577087723647877        1.00000015174985
                 7.34375       2.626175108860218        1.00000015174985
                 7.34375       2.675262494072558        1.00000015174985
                 7.34375       2.724349879284899        1.00000015174985
                 7.34375       2.773437264497239        1.00000015174985
                 7.34375        2.82252464970958        1.00000015174985
                 7.34375        2.87161203492192        1.00000015174985
                 7.34375       2.920699420134261        1.00000015174985
                 7.34375       2.969786805346601        1.00000015174985
                 7.34375       3.018874190558942        1.00000015174985
                 7.34375       3.067961575771282        1.00000015174985
                 7.34375       3.117048960983623        1.00000015174985

                 7.40625     0.02454369260617026       1.000000140438019
                 7.40625     0.07363107781851078       1.000000140438019
                 7.40625      0.1227184630308513       1.000000140438019
                 7.40625      0.1718058482431918       1.000000140438019
                 7.40625      0.2208932334555323       1.000000140438019
                 7.40625      0.2699806186678728       1.000000140438019
                 7.40625      0.3190680038802134       1.000000140438019
                 7.40625      0.3681553890925539       1.000000140438019
                 7.40625      0.4172427743048944       1.000000140438019
                 7.40625      0.4663301595172349       1.000000140438019
                 7.40625      0.5154175447295755       1.000000140438019
                 7.40625      0.5645049299419159       1.000000140438019
                 7.40625      0.6135923151542565       1.000000140438019
                 7.40625       0.662679700366597       1.000000140438019
                 7.40625      0.7117670855789375       1.000000140438019
                 7.40625       0.760854470791278       1.000000140438019
                 7.40625      0.8099418560036186       1.000000140438019
                 7.40625       0.859029241215959       1.000000140438019
                 7.40625      0.9081166264282996       1.000000140438019
                 7.40625      0.9572040116406401       1.000000140438019
                 7.40625       1.006291396852981       1.000000140438019
                 7.40625       1.055378782065321       1.000000140438019
                 7.40625       1.104466167277662       1.000000140438019
                 7.40625       1.153553552490002       1.000000140438019
                 7.40625       1.202640937702343       1.000000140438019
                 7.40625       1.251728322914683       1.000000140438019
                 7.40625       1.300815708127024       1.000000140438019
                 7.40625       1.349903093339364       1.000000140438019
                 7.40625       1.398990478551705       1.000000140438019
                 7.40625       1.448077863764045       1.000000140438019
                 7.40625       1.497165248976386       1.000000140438019
                 7.40625       1.546252634188726       1.000000140438019
                 7.40625       1.595340019401067       1.000000140438019
                 7.40625       1.644427404613407       1.000000140438019
                 7.40625       1.693514789825748       1.000000140438019
                 7.40625       1.742602175038088       1.000000140438019
                 7.40625       1.791689560250429       1.000000140438019
                 7.40625       1.840776945462769       1.000000140438019
                 7.40625        1.88986433067511       1.000000140438019
                 7.40625       1.938951715887451       1.000000140438019
                 7.40625       1.988039101099791       1.000000140438019
                 7.40625       2.037126486312132       1.000000140438019
                 7.40625       2.086213871524472       1.000000140438019
                 7.40625       2.135301256736812       1.000000140438019
                 7.40625       2.184388641949153       1.000000140438019
                 7.40625       2.233476027161494       1.000000140438019
                 7.40625       2.282563412373834       1.000000140438019
                 7.40625       2.331650797586175       1.000000140438019
                 7.40625       2.380738182798515       1.000000140438019
                 7.40625       2.429825568010856       1.000000140438019
                 7.40625       2.478912953223196       1.000000140438019
                 7.40625       2.528000338435537       1.000000140438019
                 7.40625       2.577087723647877       1.000000140438019
                 7.40625       2.626175108860218       1.000000140438019
                 7.40625       2.675262494072558       1.000000140438019
                 7.40625       2.724349879284899       1.000000140438019
                 7.40625       2.773437264497239       1.000000140438019
                 7.40625        2.82252464970958       1.000000140438019
                 7.40625        2.87161203492192       1.000000140438019
                 7.40625       2.920699420134261       1.000000140438019
                 7.40625       2.969786805346601       1.000000140438019
                 7.40625       3.018874190558942       1.000000140438019
                 7.40625       3.067961575771282       1.000000140438019
                 7.40625       3.117048960983623       1.000000140438019

                 7.46875     0.02454369260617026       1.000000129315507
                 7.46875     0.07363107781851078       1.000000129315507
                 7.46875      0.1227184630308513       1.000000129315507
                 7.46875      0.1718058482431918       1.000000129315507
                 7.46875      0.2208932334555323       1.000000129315507
                 7.46875      0.2699806186678728       1.000000129315507
                 7.46875      0.3190680038802134       1.000000129315507
                 7.46875      0.3681553890925539       1.000000129315507
                 7.46875      0.4172427743048944       1.000000129315507
                 7.46875      0.4663301595172349       1.000000129315507
                 7.46875      0.5154175447295755       1.000000129315507
                 7.46875      0.5645049299419159       1.000000129315507
                 7.46875      0.6135923151542565       1.000000129315507
                 7.46875       0.662679700366597       1.000000129315507
                 7.46875      0.7117670855789375       1.000000129315507
                 7.46875       0.760854470791278       1.000000129315507
                 7.46875      0.8099418560036186       1.000000129315507
                 7.46875       0.859029241215959       1.000000129315507
                 7.46875      0.9081166264282996       1.000000129315507
                 7.46875      0.9572040116406401       1.000000129315507
                 7.46875       1.006291396852981       1.000000129315507
                 7.46875       1.055378782065321       1.000000129315507
                 7.46875       1.104466167277662       1.000000129315507
                 7.46875       1.153553552490002       1.000000129315507
                 7.46875       1.202640937702343       1.000000129315507
                 7.46875       1.251728322914683       1.000000129315507
                 7.46875       1.300815708127024       1.000000129315507
                 7.46875       1.349903093339364       1.000000129315507
                 7.46875       1.398990478551705       1.000000129315507
                 7.46875       1.448077863764045       1.000000129315507
                 7.46875       1.497165248976386       1.000000129315507
                 7.46875       1.546252634188726       1.000000129315507
                 7.46875       1.595340019401067       1.000000129315507
                 7.46875       1.644427404613407       1.000000129315507
                 7.46875       1.693514789825748       1.000000129315507
                 7.46875       1.742602175038088       1.000000129315507
                 7.46875       1.791689560250429       1.000000129315507
                 7.46875       1.840776945462769       1.000000129315507
                 7.46875        1.88986433067511       1.000000129315507
                 7.46875       1.938951715887451       1.000000129315507
                 7.46875       1.988039101099791       1.000000129315507
                 7.46875       2.037126486312132       1.000000129315507
                 7.46875       2.086213871524472       1.000000129315507
                 7.46875       2.135301256736812       1.000000129315507
                 7.46875       2.184388641949153       1.000000129315507
                 7.46875       2.233476027161494       1.000000129315507
                 7.46875       2.282563412373834       1.000000129315507
                 7.46875       2.331650797586175       1.000000129315507
                 7.46875       2.380738182798515       1.000000129315507
                 7.46875       2.429825568010856       1.000000129315507
                 7.46875       2.478912953223196       1.000000129315507
                 7.46875       2.528000338435537       1.000000129315507
                 7.46875       2.577087723647877       1.000000129315507
                 7.46875       2.626175108860218       1.000000129315507
                 7.46875       2.675262494072558       1.000000129315507
                 7.46875       2.724349879284899       1.000000129315507
                 7.46875       2.773437264497239       1.000000129315507
                 7.46875        2.82252464970958       1.000000129315507
                 7.46875        2.87161203492192       1.000000129315507
                 7.46875       2.920699420134261       1.000000129315507
                 7.46875       2.969786805346601       1.000000129315507
                 7.46875       3.018874190558942       1.000000129315507
                 7.46875       3.067961575771282       1.000000129315507
                 7.46875       3.117048960983623       1.000000129315507

                 7.53125     0.02454369260617026         1.0000001183776
                 7.53125     0.07363107781851078         1.0000001183776
                 7.53125      0.1227184630308513         1.0000001183776
                 7.53125      0.1718058482431918         1.0000001183776
                 7.53125      0.2208932334555323         1.0000001183776
                 7.53125      0.2699806186678728         1.0000001183776
                 7.53125      0.3190680038802134         1.0000001183776
                 7.53125      0.3681553890925539         1.0000001183776
                 7.53125      0.4172427743048944         1.0000001183776
                 7.53125      0.4663301595172349         1.0000001183776
                 7.53125      0.5154175447295755         1.0000001183776
                 7.53125      0.5645049299419159         1.0000001183776
                 7.53125      0.6135923151542565         1.0000001183776
                 7.53125       0.662679700366597         1.0000001183776
                 7.53125      0.7117670855789375         1.0000001183776
                 7.53125       0.760854470791278         1.0000001183776
                 7.53125      0.8099418560036186         1.0000001183776
                 7.53125       0.859029241215959         1.0000001183776
                 7.53125      0.9081166264282996         1.0000001183776
                 7.53125      0.9572040116406401         1.0000001183776
                 7.53125       1.006291396852981         1.0000001183776
                 7.53125       1.055378782065321         1.0000001183776
                 7.53125       1.104466167277662         1.0000001183776
                 7.53125       1.153553552490002         1.0000001183776
                 7.53125       1.202640937702343         1.0000001183776
                 7.53125       1.251728322914683         1.0000001183776
                 7.53125       1.300815708127024         1.0000001183776
                 7.53125       1.349903093339364         1.0000001183776
                 7.53125       1.398990478551705         1.0000001183776
                 7.53125       1.448077863764045         1.0000001183776
                 7.53125       1.497165248976386         1.0000001183776
                 7.53125       1.546252634188726         1.0000001183776
                 7.53125       1.595340019401067         1.0000001183776
                 7.53125       1.644427404613407         1.0000001183776
                 7.53125       1.693514789825748         1.0000001183776
                 7.53125       1.742602175038088         1.0000001183776
                 7.53125       1.791689560250429         1.0000001183776
                 7.53125       1.840776945462769         1.0000001183776
                 7.53125        1.88986433067511         1.0000001183776
                 7.53125       1.938951715887451         1.0000001183776
                 7.53125       1.988039101099791         1.0000001183776
                 7.53125       2.037126486312132         1.0000001183776
                 7.53125       2.086213871524472         1.0000001183776
                 7.53125       2.135301256736812         1.0000001183776
                 7.53125       2.184388641949153         1.0000001183776
                 7.53125       2.233476027161494         1.0000001183776
                 7.53125       2.282563412373834         1.0000001183776
                 7.53125       2.331650797586175         1.0000001183776
                 7.53125       2.380738182798515         1.0000001183776
                 7.53125       2.429825568010856         1.0000001183776
                 7.53125       2.478912953223196         1.0000001183776
                 7.53125       2.528000338435537         1.0000001183776
                 7.53125       2.577087723647877         1.0000001183776
                 7.53125       2.626175108860218         1.0000001183776
                 7.53125       2.675262494072558         1.0000001183776
                 7.53125       2.724349879284899         1.0000001183776
                 7.53125       2.773437264497239         1.0000001183776
                 7.53125        2.82252464970958         1.0000001183776
                 7.53125        2.87161203492192         1.0000001183776
                 7.53125       2.920699420134261         1.0000001183776
                 7.53125       2.969786805346601         1.0000001183776
                 7.53125       3.018874190558942         1.0000001183776
                 7.53125       3.067961575771282         1.0000001183776
                 7.53125       3.117048960983623         1.0000001183776

                 7.59375     0.02454369260617026       1.000000107619742
                 7.59375     0.07363107781851078       1.000000107619742
                 7.59375      0.1227184630308513       1.000000107619742
                 7.59375      0.1718058482431918       1.000000107619742
                 7.59375      0.2208932334555323       1.000000107619742
                 7.59375      0.2699806186678728       1.000000107619742
                 7.59375      0.3190680038802134       1.000000107619742
                 7.59375      0.3681553890925539       1.000000107619742
                 7.59375      0.4172427743048944       1.000000107619742
                 7.59375      0.4663301595172349       1.000000107619742
                 7.59375      0.5154175447295755       1.000000107619742
                 7.59375      0.5645049299419159       1.000000107619742
                 7.59375      0.6135923151542565       1.000000107619742
                 7.59375       0.662679700366597       1.000000107619742
                 7.59375      0.7117670855789375       1.000000107619742
                 7.59375       0.760854470791278       1.000000107619742
                 7.59375      0.8099418560036186       1.000000107619742
                 7.59375       0.859029241215959       1.000000107619742
                 7.59375      0.9081166264282996       1.000000107619742
                 7.59375      0.9572040116406401       1.000000107619742
                 7.59375       1.006291396852981       1.000000107619742
                 7.59375       1.055378782065321       1.000000107619742
                 7.59375       1.104466167277662       1.000000107619742
                 7.59375       1.153553552490002       1.000000107619742
                 7.59375       1.202640937702343       1.000000107619742
                 7.59375       1.251728322914683       1.000000107619742
                 7.59375       1.300815708127024       1.000000107619742
                 7.59375       1.349903093339364       1.000000107619742
                 7.59375       1.398990478551705       1.000000107619742
                 7.59375       1.448077863764045       1.000000107619742
                 7.59375       1.497165248976386       1.000000107619742
                 7.59375       1.546252634188726       1.000000107619742
                 7.59375       1.595340019401067       1.000000107619742
                 7.59375       1.644427404613407       1.000000107619742
                 7.59375       1.693514789825748       1.000000107619742
                 7.59375       1.742602175038088       1.000000107619742
                 7.59375       1.791689560250429       1.000000107619742
                 7.59375       1.840776945462769       1.000000107619742
                 7.59375        1.88986433067511       1.000000107619742
                 7.59375       1.938951715887451       1.000000107619742
                 7.59375       1.988039101099791       1.000000107619742
                 7.59375       2.037126486312132       1.000000107619742
                 7.59375       2.086213871524472       1.000000107619742
                 7.59375       2.135301256736812       1.000000107619742
                 7.59375       2.184388641949153       1.000000107619742
                 7.59375       2.233476027161494       1.000000107619742
                 7.59375       2.282563412373834       1.000000107619742
                 7.59375       2.331650797586175       1.000000107619742
                 7.59375       2.380738182798515       1.000000107619742
                 7.59375       2.429825568010856       1.000000107619742
                 7.59375       2.478912953223196       1.000000107619742
                 7.59375       2.528000338435537       1.000000107619742
                 7.59375       2.577087723647877       1.000000107619742
                 7.59375       2.626175108860218       1.000000107619742
                 7.59375       2.675262494072558       1.000000107619742
                 7.59375       2.724349879284899       1.000000107619742
                 7.59375       2.773437264497239       1.000000107619742
                 7.59375        2.82252464970958       1.000000107619742
                 7.59375        2.87161203492192       1.000000107619742
                 7.59375       2.920699420134261       1.000000107619742
                 7.59375       2.969786805346601       1.000000107619742
                 7.59375       3.018874190558942       1.000000107619742
                 7.59375       3.067961575771282       1.000000107619742
                 7.59375       3.117048960983623       1.000000107619742

                 7.65625     0.02454369260617026       1.000000097037522
                 7.65625     0.07363107781851078       1.000000097037522
                 7.65625      0.1227184630308513       1.000000097037522
                 7.65625      0.1718058482431918       1.000000097037522
                 7.65625      0.2208932334555323       1.000000097037522
                 7.65625      0.2699806186678728       1.000000097037522
                 7.65625      0.3190680038802134       1.000000097037522
                 7.65625      0.3681553890925539       1.000000097037522
                 7.65625      0.4172427743048944       1.000000097037522
                 7.65625      0.4663301595172349       1.000000097037522
                 7.65625      0.5154175447295755       1.000000097037522
                 7.65625      0.5645049299419159       1.000000097037522
                 7.65625      0.6135923151542565       1.000000097037522
                 7.65625       0.662679700366597       1.000000097037522
                 7.65625      0.7117670855789375       1.000000097037522
                 7.65625       0.760854470791278       1.000000097037522
                 7.65625      0.8099418560036186       1.000000097037522
                 7.65625       0.859029241215959       1.000000097037522
                 7.65625      0.9081166264282996       1.000000097037522
                 7.65625      0.9572040116406401       1.000000097037522
                 7.65625       1.006291396852981       1.000000097037522
                 7.65625       1.055378782065321       1.000000097037522
                 7.65625       1.104466167277662       1.000000097037522
                 7.65625       1.153553552490002       1.000000097037522
                 7.65625       1.202640937702343       1.000000097037522
                 7.65625       1.251728322914683       1.000000097037522
                 7.65625       1.300815708127024       1.000000097037522
                 7.65625       1.349903093339364       1.000000097037522
                 7.65625       1.398990478551705       1.000000097037522
                 7.65625       1.448077863764045       1.000000097037522
                 7.65625       1.497165248976386       1.000000097037522
                 7.65625       1.546252634188726       1.000000097037522
                 7.65625       1.595340019401067       1.000000097037522
                 7.65625       1.644427404613407       1.000000097037522
                 7.65625       1.693514789825748       1.000000097037522
                 7.65625       1.742602175038088       1.000000097037522
                 7.65625       1.791689560250429       1.000000097037522
                 7.65625       1.840776945462769       1.000000097037522
                 7.65625        1.88986433067511       1.000000097037522
                 7.65625       1.938951715887451       1.000000097037522
                 7.65625       1.988039101099791       1.000000097037522
                 7.65625       2.037126486312132       1.000000097037522
                 7.65625       2.086213871524472       1.000000097037522
                 7.65625       2.135301256736812       1.000000097037522
                 7.65625       2.184388641949153       1.000000097037522
                 7.65625       2.233476027161494       1.000000097037522
                 7.65625       2.282563412373834       1.000000097037522
                 7.65625       2.331650797586175       1.000000097037522
                 7.65625       2.380738182798515       1.000000097037522
                 7.65625       2.429825568010856       1.000000097037522
                 7.65625       2.478912953223196       1.000000097037522
                 7.65625       2.528000338435537       1.000000097037522
                 7.65625       2.577087723647877       1.000000097037522
                 7.65625       2.626175108860218       1.000000097037522
                 7.65625       2.675262494072558       1.000000097037522
                 7.65625       2.724349879284899       1.000000097037522
                 7.65625       2.773437264497239       1.000000097037522
                 7.65625        2.82252464970958       1.000000097037522
                 7.65625        2.87161203492192       1.000000097037522
                 7.65625       2.920699420134261       1.000000097037522
                 7.65625       2.969786805346601       1.000000097037522
                 7.65625       3.018874190558942       1.000000097037522
                 7.65625       3.067961575771282       1.000000097037522
                 7.65625       3.117048960983623       1.000000097037522

                 7.71875     0.02454369260617026       1.000000086626674
                 7.71875     0.07363107781851078       1.000000086626674
                 7.71875      0.1227184630308513       1.000000086626674
                 7.71875      0.1718058482431918       1.000000086626674
                 7.71875      0.2208932334555323       1.000000086626674
                 7.71875      0.2699806186678728       1.000000086626674
                 7.71875      0.3190680038802134       1.000000086626674
                 7.71875      0.3681553890925539       1.000000086626674
                 7.71875      0.4172427743048944       1.000000086626674
                 7.71875      0.4663301595172349       1.000000086626674
                 7.71875      0.5154175447295755       1.000000086626674
                 7.71875      0.5645049299419159       1.000000086626674
                 7.71875      0.6135923151542565       1.000000086626674
                 7.71875       0.662679700366597       1.000000086626674
                 7.71875      0.7117670855789375       1.000000086626674
                 7.71875       0.760854470791278       1.000000086626674
                 7.71875      0.8099418560036186       1.000000086626674
                 7.71875       0.859029241215959       1.000000086626674
                 7.71875      0.9081166264282996       1.000000086626674
                 7.71875      0.9572040116406401       1.000000086626674
                 7.71875       1.006291396852981       1.000000086626674
                 7.71875       1.055378782065321       1.000000086626674
                 7.71875       1.104466167277662       1.000000086626674
                 7.71875       1.153553552490002       1.000000086626674
                 7.71875       1.202640937702343       1.000000086626674
                 7.71875       1.251728322914683       1.000000086626674
                 7.71875       1.300815708127024       1.000000086626674
                 7.71875       1.349903093339364       1.000000086626674
                 7.71875       1.398990478551705       1.000000086626674
                 7.71875       1.448077863764045       1.000000086626674
                 7.71875       1.497165248976386       1.000000086626674
                 7.71875       1.546252634188726       1.000000086626674
                 7.71875       1.595340019401067       1.000000086626674
                 7.71875       1.644427404613407       1.000000086626674
                 7.71875       1.693514789825748       1.000000086626674
                 7.71875       1.742602175038088       1.000000086626674
                 7.71875       1.791689560250429       1.000000086626674
                 7.71875       1.840776945462769       1.000000086626674
                 7.71875        1.88986433067511       1.000000086626674
                 7.71875       1.938951715887451       1.000000086626674
                 7.71875       1.988039101099791       1.000000086626674
                 7.71875       2.037126486312132       1.000000086626674
                 7.71875       2.086213871524472       1.000000086626674
                 7.71875       2.135301256736812       1.000000086626674
                 7.71875       2.184388641949153       1.000000086626674
                 7.71875       2.233476027161494       1.000000086626674
                 7.71875       2.282563412373834       1.000000086626674
                 7.71875       2.331650797586175       1.000000086626674
                 7.71875       2.380738182798515       1.000000086626674
                 7.71875       2.429825568010856       1.000000086626674
                 7.71875       2.478912953223196       1.000000086626674
                 7.71875       2.528000338435537       1.000000086626674
                 7.71875       2.577087723647877       1.000000086626674
                 7.71875       2.626175108860218       1.000000086626674
                 7.71875       2.675262494072558       1.000000086626674
                 7.71875       2.724349879284899       1.000000086626674
                 7.71875       2.773437264497239       1.000000086626674
                 7.71875        2.82252464970958       1.000000086626674
                 7.71875        2.87161203492192       1.000000086626674
                 7.71875       2.920699420134261       1.000000086626674
                 7.71875       2.969786805346601       1.000000086626674
                 7.71875       3.018874190558942       1.000000086626674
                 7.71875       3.067961575771282       1.000000086626674
                 7.71875       3.117048960983623       1.000000086626674

                 7.78125     0.02454369260617026       1.000000076383069
                 7.78125     0.07363107781851078       1.000000076383069
                 7.78125      0.1227184630308513       1.000000076383069
                 7.78125      0.1718058482431918       1.000000076383069
                 7.78125      0.2208932334555323       1.000000076383069
                 7.78125      0.2699806186678728       1.000000076383069
                 7.78125      0.3190680038802134       1.000000076383069
                 7.78125      0.3681553890925539       1.000000076383069
                 7.78125      0.4172427743048944       1.000000076383069
                 7.78125      0.4663301595172349       1.000000076383069
                 7.78125      0.5154175447295755       1.000000076383069
                 7.78125      0.5645049299419159       1.000000076383069
                 7.78125      0.6135923151542565       1.000000076383069
                 7.78125       0.662679700366597       1.000000076383069
                 7.78125      0.7117670855789375       1.000000076383069
                 7.78125       0.760854470791278       1.000000076383069
                 7.78125      0.8099418560036186       1.000000076383069
                 7.78125       0.859029241215959       1.000000076383069
                 7.78125      0.9081166264282996       1.000000076383069
                 7.78125      0.9572040116406401       1.000000076383069
                 7.78125       1.006291396852981       1.000000076383069
                 7.78125       1.055378782065321       1.000000076383069
                 7.78125       1.104466167277662       1.000000076383069
                 7.78125       1.153553552490002       1.000000076383069
                 7.78125       1.202640937702343       1.000000076383069
                 7.78125       1.251728322914683       1.000000076383069
                 7.78125       1.300815708127024       1.000000076383069
                 7.78125       1.349903093339364       1.000000076383069
                 7.78125       1.398990478551705       1.000000076383069
                 7.78125       1.448077863764045       1.000000076383069
                 7.78125       1.497165248976386       1.000000076383069
                 7.78125       1.546252634188726       1.000000076383069
                 7.78125       1.595340019401067       1.000000076383069
                 7.78125       1.644427404613407       1.000000076383069
                 7.78125       1.693514789825748       1.000000076383069
                 7.78125       1.742602175038088       1.000000076383069
                 7.78125       1.791689560250429       1.000000076383069
                 7.78125       1.840776945462769       1.000000076383069
                 7.78125        1.88986433067511       1.000000076383069
                 7.78125       1.938951715887451       1.000000076383069
                 7.78125       1.988039101099791       1.000000076383069
                 7.78125       2.037126486312132       1.000000076383069
                 7.78125       2.086213871524472       1.000000076383069
                 7.78125       2.135301256736812       1.000000076383069
                 7.78125       2.184388641949153       1.000000076383069
                 7.78125       2.233476027161494       1.000000076383069
                 7.78125       2.282563412373834       1.000000076383069
                 7.78125       2.331650797586175       1.000000076383069
                 7.78125       2.380738182798515       1.000000076383069
                 7.78125       2.429825568010856       1.000000076383069
                 7.78125       2.478912953223196       1.000000076383069
                 7.78125       2.528000338435537       1.000000076383069
                 7.78125       2.577087723647877       1.000000076383069
                 7.78125       2.626175108860218       1.000000076383069
                 7.78125       2.675262494072558       1.000000076383069
                 7.78125       2.724349879284899       1.000000076383069
                 7.78125       2.773437264497239       1.000000076383069
                 7.78125        2.82252464970958       1.000000076383069
                 7.78125        2.87161203492192       1.000000076383069
                 7.78125       2.920699420134261       1.000000076383069
                 7.78125       2.969786805346601       1.000000076383069
                 7.78125       3.018874190558942       1.000000076383069
                 7.78125       3.067961575771282       1.000000076383069
                 7.78125       3.117048960983623       1.000000076383069

                 7.84375     0.02454369260617026       1.000000066302708
                 7.84375     0.07363107781851078       1.000000066302708
                 7.84375      0.1227184630308513       1.000000066302708
                 7.84375      0.1718058482431918       1.000000066302708
                 7.84375      0.2208932334555323       1.000000066302708
                 7.84375      0.2699806186678728       1.000000066302708
                 7.84375      0.3190680038802134       1.000000066302708
                 7.84375      0.3681553890925539       1.000000066302708
                 7.84375      0.4172427743048944       1.000000066302708
                 7.84375      0.4663301595172349       1.000000066302708
                 7.84375      0.5154175447295755       1.000000066302708
                 7.84375      0.5645049299419159       1.000000066302708
                 7.84375      0.6135923151542565       1.000000066302708
                 7.84375       0.662679700366597       1.000000066302708
                 7.84375      0.7117670855789375       1.000000066302708
                 7.84375       0.760854470791278       1.000000066302708
                 7.84375      0.8099418560036186       1.000000066302708
                 7.84375       0.859029241215959       1.000000066302708
                 7.84375      0.9081166264282996       1.000000066302708
                 7.84375      0.9572040116406401       1.000000066302708
                 7.84375       1.006291396852981       1.000000066302708
                 7.84375       1.055378782065321       1.000000066302708
                 7.84375       1.104466167277662       1.000000066302708
                 7.84375       1.153553552490002       1.000000066302708
                 7.84375       1.202640937702343       1.000000066302708
                 7.84375       1.251728322914683       1.000000066302708
                 7.84375       1.300815708127024       1.000000066302708
                 7.84375       1.349903093339364       1.000000066302708
                 7.84375       1.398990478551705       1.000000066302708
                 7.84375       1.448077863764045       1.000000066302708
                 7.84375       1.497165248976386       1.000000066302708
                 7.84375       1.546252634188726       1.000000066302708
                 7.84375       1.595340019401067       1.000000066302708
                 7.84375       1.644427404613407       1.000000066302708
                 7.84375       1.693514789825748       1.000000066302708
                 7.84375       1.742602175038088       1.000000066302708
                 7.84375       1.791689560250429       1.000000066302708
                 7.84375       1.840776945462769       1.000000066302708
                 7.84375        1.88986433067511       1.000000066302708
                 7.84375       1.938951715887451       1.000000066302708
                 7.84375       1.988039101099791       1.000000066302708
                 7.84375       2.037126486312132       1.000000066302708
                 7.84375       2.086213871524472       1.000000066302708
                 7.84375       2.135301256736812       1.000000066302708
                 7.84375       2.184388641949153       1.000000066302708
                 7.84375       2.233476027161494       1.000000066302708
                 7.84375       2.282563412373834       1.000000066302708
                 7.84375       2.331650797586175       1.000000066302708
                 7.84375       2.380738182798515       1.000000066302708
                 7.84375       2.429825568010856       1.000000066302708
                 7.84375       2.478912953223196       1.000000066302708
                 7.84375       2.528000338435537       1.000000066302708
                 7.84375       2.577087723647877       1.000000066302708
                 7.84375       2.626175108860218       1.000000066302708
                 7.84375       2.675262494072558       1.000000066302708
                 7.84375       2.724349879284899       1.000000066302708
                 7.84375       2.773437264497239       1.000000066302708
                 7.84375        2.82252464970958       1.000000066302708
                 7.84375        2.87161203492192       1.000000066302708
                 7.84375       2.920699420134261       1.000000066302708
                 7.84375       2.969786805346601       1.000000066302708
                 7.84375       3.018874190558942       1.000000066302708
                 7.84375       3.067961575771282       1.000000066302708
                 7.84375       3.117048960983623       1.000000066302708

                 7.90625     0.02454369260617026       1.000000056381721
                 7.90625     0.07363107781851078       1.000000056381721
                 7.90625      0.1227184630308513       1.000000056381721
                 7.90625      0.1718058482431918       1.000000056381721
                 7.90625      0.2208932334555323       1.000000056381721
                 7.90625      0.2699806186678728       1.000000056381721
                 7.90625      0.3190680038802134       1.000000056381721
                 7.90625      0.3681553890925539       1.000000056381721
                 7.90625      0.4172427743048944       1.000000056381721
                 7.90625      0.4663301595172349       1.000000056381721
                 7.90625      0.5154175447295755       1.000000056381721
                 7.90625      0.5645049299419159       1.000000056381721
                 7.90625      0.6135923151542565       1.000000056381721
                 7.90625       0.662679700366597       1.000000056381721
                 7.90625      0.7117670855789375       1.000000056381721
                 7.90625       0.760854470791278       1.000000056381721
                 7.90625      0.8099418560036186       1.000000056381721
                 7.90625       0.859029241215959       1.000000056381721
                 7.90625      0.9081166264282996       1.000000056381721
                 7.90625      0.9572040116406401       1.000000056381721
                 7.90625       1.006291396852981       1.000000056381721
                 7.90625       1.055378782065321       1.000000056381721
                 7.90625       1.104466167277662       1.000000056381721
                 7.90625       1.153553552490002       1.000000056381721
                 7.90625       1.202640937702343       1.000000056381721
                 7.90625       1.251728322914683       1.000000056381721
                 7.90625       1.300815708127024       1.000000056381721
                 7.90625       1.349903093339364       1.000000056381721
                 7.90625       1.398990478551705       1.000000056381721
                 7.90625       1.448077863764045       1.000000056381721
                 7.90625       1.497165248976386       1.000000056381721
                 7.90625       1.546252634188726       1.000000056381721
                 7.90625       1.595340019401067       1.000000056381721
                 7.90625       1.644427404613407       1.000000056381721
                 7.90625       1.693514789825748       1.000000056381721
                 7.90625       1.742602175038088       1.000000056381721
                 7.90625       1.791689560250429       1.000000056381721
                 7.90625       1.840776945462769       1.000000056381721
                 7.90625        1.88986433067511       1.000000056381721
                 7.90625       1.938951715887451       1.000000056381721
                 7.90625       1.988039101099791       1.000000056381721
                 7.90625       2.037126486312132       1.000000056381721
                 7.90625       2.086213871524472       1.000000056381721
                 7.90625       2.135301256736812       1.000000056381721
                 7.90625       2.184388641949153       1.000000056381721
                 7.90625       2.233476027161494       1.000000056381721
                 7.90625       2.282563412373834       1.000000056381721
                 7.90625       2.331650797586175       1.000000056381721
                 7.90625       2.380738182798515       1.000000056381721
                 7.90625       2.429825568010856       1.000000056381721
                 7.90625       2.478912953223196       1.000000056381721
                 7.90625       2.528000338435537       1.000000056381721
                 7.90625       2.577087723647877       1.000000056381721
                 7.90625       2.626175108860218       1.000000056381721
                 7.90625       2.675262494072558       1.000000056381721
                 7.90625       2.724349879284899       1.000000056381721
                 7.90625       2.773437264497239       1.000000056381721
                 7.90625        2.82252464970958       1.000000056381721
                 7.90625        2.87161203492192       1.000000056381721
                 7.90625       2.920699420134261       1.000000056381721
                 7.90625       2.969786805346601       1.000000056381721
                 7.90625       3.018874190558942       1.000000056381721
                 7.90625       3.067961575771282       1.000000056381721
                 7.90625       3.117048960983623       1.000000056381721

                 7.96875     0.02454369260617026       1.000000046616357
                 7.96875     0.07363107781851078       1.000000046616357
                 7.96875      0.1227184630308513       1.000000046616357
                 7.96875      0.1718058482431918       1.000000046616357
                 7.96875      0.2208932334555323       1.000000046616357
                 7.96875      0.2699806186678728       1.000000046616357
                 7.96875      0.3190680038802134       1.000000046616357
                 7.96875      0.3681553890925539       1.000000046616357
                 7.96875      0.4172427743048944       1.000000046616357
                 7.96875      0.4663301595172349       1.000000046616357
                 7.96875      0.5154175447295755       1.000000046616357
                 7.96875      0.5645049299419159       1.000000046616357
                 7.96875      0.6135923151542565       1.000000046616357
                 7.96875       0.662679700366597       1.000000046616357
                 7.96875      0.7117670855789375       1.000000046616357
                 7.96875       0.760854470791278       1.000000046616357
                 7.96875      0.8099418560036186       1.000000046616357
                 7.96875       0.859029241215959       1.000000046616357
                 7.96875      0.9081166264282996       1.000000046616357
                 7.96875      0.9572040116406401       1.000000046616357
                 7.96875       1.006291396852981       1.000000046616357
                 7.96875       1.055378782065321       1.000000046616357
                 7.96875       1.104466167277662       1.000000046616357
                 7.96875       1.153553552490002       1.000000046616357
                 7.96875       1.202640937702343       1.000000046616357
                 7.96875       1.251728322914683       1.000000046616357
                 7.96875       1.300815708127024       1.000000046616357
                 7.96875       1.349903093339364       1.000000046616357
                 7.96875       1.398990478551705       1.000000046616357
                 7.96875       1.448077863764045       1.000000046616357
                 7.96875       1.497165248976386       1.000000046616357
                 7.96875       1.546252634188726       1.000000046616357
                 7.96875       1.595340019401067       1.000000046616357
                 7.96875       1.644427404613407       1.000000046616357
                 7.96875       1.693514789825748       1.000000046616357
                 7.96875       1.742602175038088       1.000000046616357
                 7.96875       1.791689560250429       1.000000046616357
                 7.96875       1.840776945462769       1.000000046616357
                 7.96875        1.88986433067511       1.000000046616357
                 7.96875       1.938951715887451       1.000000046616357
                 7.96875       1.988039101099791       1.000000046616357
                 7.96875       2.037126486312132       1.000000046616357
                 7.96875       2.086213871524472       1.000000046616357
                 7.96875       2.135301256736812       1.000000046616357
                 7.96875       2.184388641949153       1.000000046616357
                 7.96875       2.233476027161494       1.000000046616357
                 7.96875       2.282563412373834       1.000000046616357
                 7.96875       2.331650797586175       1.000000046616357
                 7.96875       2.380738182798515       1.000000046616357
                 7.96875       2.429825568010856       1.000000046616357
                 7.96875       2.478912953223196       1.000000046616357
                 7.96875       2.528000338435537       1.000000046616357
                 7.96875       2.577087723647877       1.000000046616357
                 7.96875       2.626175108860218       1.000000046616357
                 7.96875       2.675262494072558       1.000000046616357
                 7.96875       2.724349879284899       1.000000046616357
                 7.96875       2.773437264497239       1.000000046616357
                 7.96875        2.82252464970958       1.000000046616357
                 7.96875        2.87161203492192       1.000000046616357
                 7.96875       2.920699420134261       1.000000046616357
                 7.96875       2.969786805346601       1.000000046616357
                 7.96875       3.018874190558942       1.000000046616357
                 7.96875       3.067961575771282       1.000000046616357
                 7.96875       3.117048960983623       1.000000046616357

                 8.03125     0.02454369260617026       1.000000037002983
                 8.03125     0.07363107781851078       1.000000037002983
                 8.03125      0.1227184630308513       1.000000037002983
                 8.03125      0.1718058482431918       1.000000037002983
                 8.03125      0.2208932334555323       1.000000037002983
                 8.03125      0.2699806186678728       1.000000037002983
                 8.03125      0.3190680038802134       1.000000037002983
                 8.03125      0.3681553890925539       1.000000037002983
                 8.03125      0.4172427743048944       1.000000037002983
                 8.03125      0.4663301595172349       1.000000037002983
                 8.03125      0.5154175447295755       1.000000037002983
                 8.03125      0.5645049299419159       1.000000037002983
                 8.03125      0.6135923151542565       1.000000037002983
                 8.03125       0.662679700366597       1.000000037002983
                 8.03125      0.7117670855789375       1.000000037002983
                 8.03125       0.760854470791278       1.000000037002983
                 8.03125      0.8099418560036186       1.000000037002983
                 8.03125       0.859029241215959       1.000000037002983
                 8.03125      0.9081166264282996       1.000000037002983
                 8.03125      0.9572040116406401       1.000000037002983
                 8.03125       1.006291396852981       1.000000037002983
                 8.03125       1.055378782065321       1.000000037002983
                 8.03125       1.104466167277662       1.000000037002983
                 8.03125       1.153553552490002       1.000000037002983
                 8.03125       1.202640937702343       1.000000037002983
                 8.03125       1.251728322914683       1.000000037002983
                 8.03125       1.300815708127024       1.000000037002983
                 8.03125       1.349903093339364       1.000000037002983
                 8.03125       1.398990478551705       1.000000037002983
                 8.03125       1.448077863764045       1.000000037002983
                 8.03125       1.497165248976386       1.000000037002983
                 8.03125       1.546252634188726       1.000000037002983
                 8.03125       1.595340019401067       1.000000037002983
                 8.03125       1.644427404613407       1.000000037002983
                 8.03125       1.693514789825748       1.000000037002983
                 8.03125       1.742602175038088       1.000000037002983
                 8.03125       1.791689560250429       1.000000037002983
                 8.03125       1.840776945462769       1.000000037002983
                 8.03125        1.88986433067511       1.000000037002983
                 8.03125       1.938951715887451       1.000000037002983
                 8.03125       1.988039101099791       1.000000037002983
                 8.03125       2.037126486312132       1.000000037002983
                 8.03125       2.086213871524472       1.000000037002983
                 8.03125       2.135301256736812       1.000000037002983
                 8.03125       2.184388641949153       1.000000037002983
                 8.03125       2.233476027161494       1.000000037002983
                 8.03125       2.282563412373834       1.000000037002983
                 8.03125       2.331650797586175       1.000000037002983
                 8.03125       2.380738182798515       1.000000037002983
                 8.03125       2.429825568010856       1.000000037002983
                 8.03125       2.478912953223196       1.000000037002983
                 8.03125       2.528000338435537       1.000000037002983
                 8.03125       2.577087723647877       1.000000037002983
                 8.03125       2.626175108860218       1.000000037002983
                 8.03125       2.675262494072558       1.000000037002983
                 8.03125       2.724349879284899       1.000000037002983
                 8.03125       2.773437264497239       1.000000037002983
                 8.03125        2.82252464970958       1.000000037002983
                 8.03125        2.87161203492192       1.000000037002983
                 8.03125       2.920699420134261       1.000000037002983
                 8.03125       2.969786805346601       1.000000037002983
                 8.03125       3.018874190558942       1.000000037002983
                 8.03125       3.067961575771282       1.000000037002983
                 8.03125       3.117048960983623       1.000000037002983

                 8.09375     0.02454369260617026       1.000000027538078
                 8.09375     0.07363107781851078       1.000000027538078
                 8.09375      0.1227184630308513       1.000000027538078
                 8.09375      0.1718058482431918       1.000000027538078
                 8.09375      0.2208932334555323       1.000000027538078
                 8.09375      0.2699806186678728       1.000000027538078
                 8.09375      0.3190680038802134       1.000000027538078
                 8.09375      0.3681553890925539       1.000000027538078
                 8.09375      0.4172427743048944       1.000000027538078
                 8.09375      0.4663301595172349       1.000000027538078
                 8.09375      0.5154175447295755       1.000000027538078
                 8.09375      0.5645049299419159       1.000000027538078
                 8.09375      0.6135923151542565       1.000000027538078
                 8.09375       0.662679700366597       1.000000027538078
                 8.09375      0.7117670855789375       1.000000027538078
                 8.09375       0.760854470791278       1.000000027538078
                 8.09375      0.8099418560036186       1.000000027538078
                 8.09375       0.859029241215959       1.000000027538078
                 8.09375      0.9081166264282996       1.000000027538078
                 8.09375      0.9572040116406401       1.000000027538078
                 8.09375       1.006291396852981       1.000000027538078
                 8.09375       1.055378782065321       1.000000027538078
                 8.09375       1.104466167277662       1.000000027538078
                 8.09375       1.153553552490002       1.000000027538078
                 8.09375       1.202640937702343       1.000000027538078
                 8.09375       1.251728322914683       1.000000027538078
                 8.09375       1.300815708127024       1.000000027538078
                 8.09375       1.349903093339364       1.000000027538078
                 8.09375       1.398990478551705       1.000000027538078
                 8.09375       1.448077863764045       1.000000027538078
                 8.09375       1.497165248976386       1.000000027538078
                 8.09375       1.546252634188726       1.000000027538078
                 8.09375       1.595340019401067       1.000000027538078
                 8.09375       1.644427404613407       1.000000027538078
                 8.09375       1.693514789825748       1.000000027538078
                 8.09375       1.742602175038088       1.000000027538078
                 8.09375       1.791689560250429       1.000000027538078
                 8.09375       1.840776945462769       1.000000027538078
                 8.09375        1.88986433067511       1.000000027538078
                 8.09375       1.938951715887451       1.000000027538078
                 8.09375       1.988039101099791       1.000000027538078
                 8.09375       2.037126486312132       1.000000027538078
                 8.09375       2.086213871524472       1.000000027538078
                 8.09375       2.135301256736812       1.000000027538078
                 8.09375       2.184388641949153       1.000000027538078
                 8.09375       2.233476027161494       1.000000027538078
                 8.09375       2.282563412373834       1.000000027538078
                 8.09375       2.331650797586175       1.000000027538078
                 8.09375       2.380738182798515       1.000000027538078
                 8.09375       2.429825568010856       1.000000027538078
                 8.09375       2.478912953223196       1.000000027538078
                 8.09375       2.528000338435537       1.000000027538078
                 8.09375       2.577087723647877       1.000000027538078
                 8.09375       2.626175108860218       1.000000027538078
                 8.09375       2.675262494072558       1.000000027538078
                 8.09375       2.724349879284899       1.000000027538078
                 8.09375       2.773437264497239       1.000000027538078
                 8.09375        2.82252464970958       1.000000027538078
                 8.09375        2.87161203492192       1.000000027538078
                 8.09375       2.920699420134261       1.000000027538078
                 8.09375       2.969786805346601       1.000000027538078
                 8.09375       3.018874190558942       1.000000027538078
                 8.09375       3.067961575771282       1.000000027538078
                 8.09375       3.117048960983623       1.000000027538078

                 8.15625     0.02454369260617026       1.000000018218229
                 8.15625     0.07363107781851078       1.000000018218229
                 8.15625      0.1227184630308513       1.000000018218229
                 8.15625      0.1718058482431918       1.000000018218229
                 8.15625      0.2208932334555323       1.000000018218229
                 8.15625      0.2699806186678728       1.000000018218229
                 8.15625      0.3190680038802134       1.000000018218229
                 8.15625      0.3681553890925539       1.000000018218229
                 8.15625      0.4172427743048944       1.000000018218229
                 8.15625      0.4663301595172349       1.000000018218229
                 8.15625      0.5154175447295755       1.000000018218229
                 8.15625      0.5645049299419159       1.000000018218229
                 8.15625      0.6135923151542565       1.000000018218229
                 8.15625       0.662679700366597       1.000000018218229
                 8.15625      0.7117670855789375       1.000000018218229
                 8.15625       0.760854470791278       1.000000018218229
                 8.15625      0.8099418560036186       1.000000018218229
                 8.15625       0.859029241215959       1.000000018218229
                 8.15625      0.9081166264282996       1.000000018218229
                 8.15625      0.9572040116406401       1.000000018218229
                 8.15625       1.006291396852981       1.000000018218229
                 8.15625       1.055378782065321       1.000000018218229
                 8.15625       1.104466167277662       1.000000018218229
                 8.15625       1.153553552490002       1.000000018218229
                 8.15625       1.202640937702343       1.000000018218229
                 8.15625       1.251728322914683       1.000000018218229
                 8.15625       1.300815708127024       1.000000018218229
                 8.15625       1.349903093339364       1.000000018218229
                 8.15625       1.398990478551705       1.000000018218229
                 8.15625       1.448077863764045       1.000000018218229
                 8.15625       1.497165248976386       1.000000018218229
                 8.15625       1.546252634188726       1.000000018218229
                 8.15625       1.595340019401067       1.000000018218229
                 8.15625       1.644427404613407       1.000000018218229
                 8.15625       1.693514789825748       1.000000018218229
                 8.15625       1.742602175038088       1.000000018218229
                 8.15625       1.791689560250429       1.000000018218229
                 8.15625       1.840776945462769       1.000000018218229
                 8.15625        1.88986433067511       1.000000018218229
                 8.15625       1.938951715887451       1.000000018218229
                 8.15625       1.988039101099791       1.000000018218229
                 8.15625       2.037126486312132       1.000000018218229
                 8.15625       2.086213871524472       1.000000018218229
                 8.15625       2.135301256736812       1.000000018218229
                 8.15625       2.184388641949153       1.000000018218229
                 8.15625       2.233476027161494       1.000000018218229
                 8.15625       2.282563412373834       1.000000018218229
                 8.15625       2.331650797586175       1.000000018218229
                 8.15625       2.380738182798515       1.000000018218229
                 8.15625       2.429825568010856       1.000000018218229
                 8.15625       2.478912953223196       1.000000018218229
                 8.15625       2.528000338435537       1.000000018218229
                 8.15625       2.577087723647877       1.000000018218229
                 8.15625       2.626175108860218       1.000000018218229
                 8.15625       2.675262494072558       1.000000018218229
                 8.15625       2.724349879284899       1.000000018218229
                 8.15625       2.773437264497239       1.000000018218229
                 8.15625        2.82252464970958       1.000000018218229
                 8.15625        2.87161203492192       1.000000018218229
                 8.15625       2.920699420134261       1.000000018218229
                 8.15625       2.969786805346601       1.000000018218229
                 8.15625       3.018874190558942       1.000000018218229
                 8.15625       3.067961575771282       1.000000018218229
                 8.15625       3.117048960983623       1.000000018218229

                 8.21875     0.02454369260617026       1.000000009040127
                 8.21875     0.07363107781851078       1.000000009040127
                 8.21875      0.1227184630308513       1.000000009040127
                 8.21875      0.1718058482431918       1.000000009040127
                 8.21875      0.2208932334555323       1.000000009040127
                 8.21875      0.2699806186678728       1.000000009040127
                 8.21875      0.3190680038802134       1.000000009040127
                 8.21875      0.3681553890925539       1.000000009040127
                 8.21875      0.4172427743048944       1.000000009040127
                 8.21875      0.4663301595172349       1.000000009040127
                 8.21875      0.5154175447295755       1.000000009040127
                 8.21875      0.5645049299419159       1.000000009040127
                 8.21875      0.6135923151542565       1.000000009040127
                 8.21875       0.662679700366597       1.000000009040127
                 8.21875      0.7117670855789375       1.000000009040127
                 8.21875       0.760854470791278       1.000000009040127
                 8.21875      0.8099418560036186       1.000000009040127
                 8.21875       0.859029241215959       1.000000009040127
                 8.21875      0.9081166264282996       1.000000009040127
                 8.21875      0.9572040116406401       1.000000009040127
                 8.21875       1.006291396852981       1.000000009040127
                 8.21875       1.055378782065321       1.000000009040127
                 8.21875       1.104466167277662       1.000000009040127
                 8.21875       1.153553552490002       1.000000009040127
                 8.21875       1.202640937702343       1.000000009040127
                 8.21875       1.251728322914683       1.000000009040127
                 8.21875       1.300815708127024       1.000000009040127
                 8.21875       1.349903093339364       1.000000009040127
                 8.21875       1.398990478551705       1.000000009040127
                 8.21875       1.448077863764045       1.000000009040127
                 8.21875       1.497165248976386       1.000000009040127
                 8.21875       1.546252634188726       1.000000009040127
                 8.21875       1.595340019401067       1.000000009040127
                 8.21875       1.644427404613407       1.000000009040127
                 8.21875       1.693514789825748       1.000000009040127
                 8.21875       1.742602175038088       1.000000009040127
                 8.21875       1.791689560250429       1.000000009040127
                 8.21875       1.840776945462769       1.000000009040127
                 8.21875        1.88986433067511       1.000000009040127
                 8.21875       1.938951715887451       1.000000009040127
                 8.21875       1.988039101099791       1.000000009040127
                 8.21875       2.037126486312132       1.000000009040127
                 8.21875       2.086213871524472       1.000000009040127
                 8.21875       2.135301256736812       1.000000009040127
                 8.21875       2.184388641949153       1.000000009040127
                 8.21875       2.233476027161494       1.000000009040127
                 8.21875       2.282563412373834       1.000000009040127
                 8.21875       2.331650797586175       1.000000009040127
                 8.21875       2.380738182798515       1.000000009040127
                 8.21875       2.429825568010856       1.000000009040127
                 8.21875       2.478912953223196       1.000000009040127
                 8.21875       2.528000338435537       1.000000009040127
                 8.21875       2.577087723647877       1.000000009040127
                 8.21875       2.626175108860218       1.000000009040127
                 8.21875       2.675262494072558       1.000000009040127
                 8.21875       2.724349879284899       1.000000009040127
                 8.21875       2.773437264497239       1.000000009040127
                 8.21875        2.82252464970958       1.000000009040127
                 8.21875        2.87161203492192       1.000000009040127
                 8.21875       2.920699420134261       1.000000009040127
                 8.21875       2.969786805346601       1.000000009040127
                 8.21875       3.018874190558942       1.000000009040127
                 8.21875       3.067961575771282       1.000000009040127
                 8.21875       3.117048960983623       1.000000009040127

