                 0.03125     0.02454369260617026  -8.569023519591377e-08
                 0.03125     0.07363107781851078  -8.569023519591377e-08
                 0.03125      0.1227184630308513  -8.569023519591377e-08
                 0.03125      0.1718058482431918  -8.569023519591377e-08
                 0.03125      0.2208932334555323  -8.569023519591377e-08
                 0.03125      0.2699806186678728  -8.569023519591377e-08
                 0.03125      0.3190680038802134  -8.569023519591377e-08
                 0.03125      0.3681553890925539  -8.569023519591377e-08
                 0.03125      0.4172427743048944  -8.569023519591377e-08
                 0.03125      0.4663301595172349  -8.569023519591377e-08
                 0.03125      0.5154175447295755  -8.569023519591377e-08
                 0.03125      0.5645049299419159  -8.569023519591377e-08
                 0.03125      0.6135923151542565  -8.569023519591377e-08
                 0.03125       0.662679700366597  -8.569023519591377e-08
                 0.03125      0.7117670855789375  -8.569023519591377e-08
                 0.03125       0.760854470791278  -8.569023519591377e-08
                 0.03125      0.8099418560036186  -8.569023519591377e-08
                 0.03125       0.859029241215959  -8.569023519591377e-08
                 0.03125      0.9081166264282996  -8.569023519591377e-08
                 0.03125      0.9572040116406401  -8.569023519591377e-08
                 0.03125       1.006291396852981  -8.569023519591377e-08
                 0.03125       1.055378782065321  -8.569023519591377e-08
                 0.03125       1.104466167277662  -8.569023519591377e-08
                 0.03125       1.153553552490002  -8.569023519591377e-08
                 0.03125       1.202640937702343  -8.569023519591377e-08
                 0.03125       1.251728322914683  -8.569023519591377e-08
                 0.03125       1.300815708127024  -8.569023519591377e-08
                 0.03125       1.349903093339364  -8.569023519591377e-08
                 0.03125       1.398990478551705  -8.569023519591377e-08
                 0.03125       1.448077863764045  -8.569023519591377e-08
                 0.03125       1.497165248976386  -8.569023519591377e-08
                 0.03125       1.546252634188726  -8.569023519591377e-08
                 0.03125       1.595340019401067  -8.569023519591377e-08
                 0.03125       1.644427404613407  -8.569023519591377e-08
                 0.03125       1.693514789825748  -8.569023519591377e-08
                 0.03125       1.742602175038088  -8.569023519591377e-08
                 0.03125       1.791689560250429  -8.569023519591377e-08
                 0.03125       1.840776945462769  -8.569023519591377e-08
                 0.03125        1.88986433067511  -8.569023519591377e-08
                 0.03125       1.938951715887451  -8.569023519591377e-08
                 0.03125       1.988039101099791  -8.569023519591377e-08
                 0.03125       2.037126486312132  -8.569023519591377e-08
                 0.03125       2.086213871524472  -8.569023519591377e-08
                 0.03125       2.135301256736812  -8.569023519591377e-08
                 0.03125       2.184388641949153  -8.569023519591377e-08
                 0.03125       2.233476027161494  -8.569023519591377e-08
                 0.03125       2.282563412373834  -8.569023519591377e-08
                 0.03125       2.331650797586175  -8.569023519591377e-08
                 0.03125       2.380738182798515  -8.569023519591377e-08
                 0.03125       2.429825568010856  -8.569023519591377e-08
                 0.03125       2.478912953223196  -8.569023519591377e-08
                 0.03125       2.528000338435537  -8.569023519591377e-08
                 0.03125       2.577087723647877  -8.569023519591377e-08
                 0.03125       2.626175108860218  -8.569023519591377e-08
                 0.03125       2.675262494072558  -8.569023519591377e-08
                 0.03125       2.724349879284899  -8.569023519591377e-08
                 0.03125       2.773437264497239  -8.569023519591377e-08
                 0.03125        2.82252464970958  -8.569023519591377e-08
                 0.03125        2.87161203492192  -8.569023519591377e-08
                 0.03125       2.920699420134261  -8.569023519591377e-08
                 0.03125       2.969786805346601  -8.569023519591377e-08
                 0.03125       3.018874190558942  -8.569023519591377e-08
                 0.03125       3.067961575771282  -8.569023519591377e-08
                 0.03125       3.117048960983623  -8.569023519591377e-08

                 0.09375     0.02454369260617026   1.445509444807829e-09
                 0.09375     0.07363107781851078   1.445509444807829e-09
                 0.09375      0.1227184630308513   1.445509444807829e-09
                 0.09375      0.1718058482431918   1.445509444807829e-09
                 0.09375      0.2208932334555323   1.445509444807829e-09
                 0.09375      0.2699806186678728   1.445509444807829e-09
                 0.09375      0.3190680038802134   1.445509444807829e-09
                 0.09375      0.3681553890925539   1.445509444807829e-09
                 0.09375      0.4172427743048944   1.445509444807829e-09
                 0.09375      0.4663301595172349   1.445509444807829e-09
                 0.09375      0.5154175447295755   1.445509444807829e-09
                 0.09375      0.5645049299419159   1.445509444807829e-09
                 0.09375      0.6135923151542565   1.445509444807829e-09
                 0.09375       0.662679700366597   1.445509444807829e-09
                 0.09375      0.7117670855789375   1.445509444807829e-09
                 0.09375       0.760854470791278   1.445509444807829e-09
                 0.09375      0.8099418560036186   1.445509444807829e-09
                 0.09375       0.859029241215959   1.445509444807829e-09
                 0.09375      0.9081166264282996   1.445509444807829e-09
                 0.09375      0.9572040116406401   1.445509444807829e-09
                 0.09375       1.006291396852981   1.445509444807829e-09
                 0.09375       1.055378782065321   1.445509444807829e-09
                 0.09375       1.104466167277662   1.445509444807829e-09
                 0.09375       1.153553552490002   1.445509444807829e-09
                 0.09375       1.202640937702343   1.445509444807829e-09
                 0.09375       1.251728322914683   1.445509444807829e-09
                 0.09375       1.300815708127024   1.445509444807829e-09
                 0.09375       1.349903093339364   1.445509444807829e-09
                 0.09375       1.398990478551705   1.445509444807829e-09
                 0.09375       1.448077863764045   1.445509444807829e-09
                 0.09375       1.497165248976386   1.445509444807829e-09
                 0.09375       1.546252634188726   1.445509444807829e-09
                 0.09375       1.595340019401067   1.445509444807829e-09
                 0.09375       1.644427404613407   1.445509444807829e-09
                 0.09375       1.693514789825748   1.445509444807829e-09
                 0.09375       1.742602175038088   1.445509444807829e-09
                 0.09375       1.791689560250429   1.445509444807829e-09
                 0.09375       1.840776945462769   1.445509444807829e-09
                 0.09375        1.88986433067511   1.445509444807829e-09
                 0.09375       1.938951715887451   1.445509444807829e-09
                 0.09375       1.988039101099791   1.445509444807829e-09
                 0.09375       2.037126486312132   1.445509444807829e-09
                 0.09375       2.086213871524472   1.445509444807829e-09
                 0.09375       2.135301256736812   1.445509444807829e-09
                 0.09375       2.184388641949153   1.445509444807829e-09
                 0.09375       2.233476027161494   1.445509444807829e-09
                 0.09375       2.282563412373834   1.445509444807829e-09
                 0.09375       2.331650797586175   1.445509444807829e-09
                 0.09375       2.380738182798515   1.445509444807829e-09
                 0.09375       2.429825568010856   1.445509444807829e-09
                 0.09375       2.478912953223196   1.445509444807829e-09
                 0.09375       2.528000338435537   1.445509444807829e-09
                 0.09375       2.577087723647877   1.445509444807829e-09
                 0.09375       2.626175108860218   1.445509444807829e-09
                 0.09375       2.675262494072558   1.445509444807829e-09
                 0.09375       2.724349879284899   1.445509444807829e-09
                 0.09375       2.773437264497239   1.445509444807829e-09
                 0.09375        2.82252464970958   1.445509444807829e-09
                 0.09375        2.87161203492192   1.445509444807829e-09
                 0.09375       2.920699420134261   1.445509444807829e-09
                 0.09375       2.969786805346601   1.445509444807829e-09
                 0.09375       3.018874190558942   1.445509444807829e-09
                 0.09375       3.067961575771282   1.445509444807829e-09
                 0.09375       3.117048960983623   1.445509444807829e-09

                 0.15625     0.02454369260617026   9.435299885824202e-10
                 0.15625     0.07363107781851078   9.435299885824202e-10
                 0.15625      0.1227184630308513   9.435299885824202e-10
                 0.15625      0.1718058482431918   9.435299885824202e-10
                 0.15625      0.2208932334555323   9.435299885824202e-10
                 0.15625      0.2699806186678728   9.435299885824202e-10
                 0.15625      0.3190680038802134   9.435299885824202e-10
                 0.15625      0.3681553890925539   9.435299885824202e-10
                 0.15625      0.4172427743048944   9.435299885824202e-10
                 0.15625      0.4663301595172349   9.435299885824202e-10
                 0.15625      0.5154175447295755   9.435299885824202e-10
                 0.15625      0.5645049299419159   9.435299885824202e-10
                 0.15625      0.6135923151542565   9.435299885824202e-10
                 0.15625       0.662679700366597   9.435299885824202e-10
                 0.15625      0.7117670855789375   9.435299885824202e-10
                 0.15625       0.760854470791278   9.435299885824202e-10
                 0.15625      0.8099418560036186   9.435299885824202e-10
                 0.15625       0.859029241215959   9.435299885824202e-10
                 0.15625      0.9081166264282996   9.435299885824202e-10
                 0.15625      0.9572040116406401   9.435299885824202e-10
                 0.15625       1.006291396852981   9.435299885824202e-10
                 0.15625       1.055378782065321   9.435299885824202e-10
                 0.15625       1.104466167277662   9.435299885824202e-10
                 0.15625       1.153553552490002   9.435299885824202e-10
                 0.15625       1.202640937702343   9.435299885824202e-10
                 0.15625       1.251728322914683   9.435299885824202e-10
                 0.15625       1.300815708127024   9.435299885824202e-10
                 0.15625       1.349903093339364   9.435299885824202e-10
                 0.15625       1.398990478551705   9.435299885824202e-10
                 0.15625       1.448077863764045   9.435299885824202e-10
                 0.15625       1.497165248976386   9.435299885824202e-10
                 0.15625       1.546252634188726   9.435299885824202e-10
                 0.15625       1.595340019401067   9.435299885824202e-10
                 0.15625       1.644427404613407   9.435299885824202e-10
                 0.15625       1.693514789825748   9.435299885824202e-10
                 0.15625       1.742602175038088   9.435299885824202e-10
                 0.15625       1.791689560250429   9.435299885824202e-10
                 0.15625       1.840776945462769   9.435299885824202e-10
                 0.15625        1.88986433067511   9.435299885824202e-10
                 0.15625       1.938951715887451   9.435299885824202e-10
                 0.15625       1.988039101099791   9.435299885824202e-10
                 0.15625       2.037126486312132   9.435299885824202e-10
                 0.15625       2.086213871524472   9.435299885824202e-10
                 0.15625       2.135301256736812   9.435299885824202e-10
                 0.15625       2.184388641949153   9.435299885824202e-10
                 0.15625       2.233476027161494   9.435299885824202e-10
                 0.15625       2.282563412373834   9.435299885824202e-10
                 0.15625       2.331650797586175   9.435299885824202e-10
                 0.15625       2.380738182798515   9.435299885824202e-10
                 0.15625       2.429825568010856   9.435299885824202e-10
                 0.15625       2.478912953223196   9.435299885824202e-10
                 0.15625       2.528000338435537   9.435299885824202e-10
                 0.15625       2.577087723647877   9.435299885824202e-10
                 0.15625       2.626175108860218   9.435299885824202e-10
                 0.15625       2.675262494072558   9.435299885824202e-10
                 0.15625       2.724349879284899   9.435299885824202e-10
                 0.15625       2.773437264497239   9.435299885824202e-10
                 0.15625        2.82252464970958   9.435299885824202e-10
                 0.15625        2.87161203492192   9.435299885824202e-10
                 0.15625       2.920699420134261   9.435299885824202e-10
                 0.15625       2.969786805346601   9.435299885824202e-10
                 0.15625       3.018874190558942   9.435299885824202e-10
                 0.15625       3.067961575771282   9.435299885824202e-10
                 0.15625       3.117048960983623   9.435299885824202e-10

                 0.21875     0.02454369260617026   6.816751453605596e-10
                 0.21875     0.07363107781851078   6.816751453605596e-10
                 0.21875      0.1227184630308513   6.816751453605596e-10
                 0.21875      0.1718058482431918   6.816751453605596e-10
                 0.21875      0.2208932334555323   6.816751453605596e-10
                 0.21875      0.2699806186678728   6.816751453605596e-10
                 0.21875      0.3190680038802134   6.816751453605596e-10
                 0.21875      0.3681553890925539   6.816751453605596e-10
                 0.21875      0.4172427743048944   6.816751453605596e-10
                 0.21875      0.4663301595172349   6.816751453605596e-10
                 0.21875      0.5154175447295755   6.816751453605596e-10
                 0.21875      0.5645049299419159   6.816751453605596e-10
                 0.21875      0.6135923151542565   6.816751453605596e-10
                 0.21875       0.662679700366597   6.816751453605596e-10
                 0.21875      0.7117670855789375   6.816751453605596e-10
                 0.21875       0.760854470791278   6.816751453605596e-10
                 0.21875      0.8099418560036186   6.816751453605596e-10
                 0.21875       0.859029241215959   6.816751453605596e-10
                 0.21875      0.9081166264282996   6.816751453605596e-10
                 0.21875      0.9572040116406401   6.816751453605596e-10
                 0.21875       1.006291396852981   6.816751453605596e-10
                 0.21875       1.055378782065321   6.816751453605596e-10
                 0.21875       1.104466167277662   6.816751453605596e-10
                 0.21875       1.153553552490002   6.816751453605596e-10
                 0.21875       1.202640937702343   6.816751453605596e-10
                 0.21875       1.251728322914683   6.816751453605596e-10
                 0.21875       1.300815708127024   6.816751453605596e-10
                 0.21875       1.349903093339364   6.816751453605596e-10
                 0.21875       1.398990478551705   6.816751453605596e-10
                 0.21875       1.448077863764045   6.816751453605596e-10
                 0.21875       1.497165248976386   6.816751453605596e-10
                 0.21875       1.546252634188726   6.816751453605596e-10
                 0.21875       1.595340019401067   6.816751453605596e-10
                 0.21875       1.644427404613407   6.816751453605596e-10
                 0.21875       1.693514789825748   6.816751453605596e-10
                 0.21875       1.742602175038088   6.816751453605596e-10
                 0.21875       1.791689560250429   6.816751453605596e-10
                 0.21875       1.840776945462769   6.816751453605596e-10
                 0.21875        1.88986433067511   6.816751453605596e-10
                 0.21875       1.938951715887451   6.816751453605596e-10
                 0.21875       1.988039101099791   6.816751453605596e-10
                 0.21875       2.037126486312132   6.816751453605596e-10
                 0.21875       2.086213871524472   6.816751453605596e-10
                 0.21875       2.135301256736812   6.816751453605596e-10
                 0.21875       2.184388641949153   6.816751453605596e-10
                 0.21875       2.233476027161494   6.816751453605596e-10
                 0.21875       2.282563412373834   6.816751453605596e-10
                 0.21875       2.331650797586175   6.816751453605596e-10
                 0.21875       2.380738182798515   6.816751453605596e-10
                 0.21875       2.429825568010856   6.816751453605596e-10
                 0.21875       2.478912953223196   6.816751453605596e-10
                 0.21875       2.528000338435537   6.816751453605596e-10
                 0.21875       2.577087723647877   6.816751453605596e-10
                 0.21875       2.626175108860218   6.816751453605596e-10
                 0.21875       2.675262494072558   6.816751453605596e-10
                 0.21875       2.724349879284899   6.816751453605596e-10
                 0.21875       2.773437264497239   6.816751453605596e-10
                 0.21875        2.82252464970958   6.816751453605596e-10
                 0.21875        2.87161203492192   6.816751453605596e-10
                 0.21875       2.920699420134261   6.816751453605596e-10
                 0.21875       2.969786805346601   6.816751453605596e-10
                 0.21875       3.018874190558942   6.816751453605596e-10
                 0.21875       3.067961575771282   6.816751453605596e-10
                 0.21875       3.117048960983623   6.816751453605596e-10

                 0.28125     0.02454369260617026   5.974748761128465e-10
                 0.28125     0.07363107781851078   5.974748761128465e-10
                 0.28125      0.1227184630308513   5.974748761128465e-10
                 0.28125      0.1718058482431918   5.974748761128465e-10
                 0.28125      0.2208932334555323   5.974748761128465e-10
                 0.28125      0.2699806186678728   5.974748761128465e-10
                 0.28125      0.3190680038802134   5.974748761128465e-10
                 0.28125      0.3681553890925539   5.974748761128465e-10
                 0.28125      0.4172427743048944   5.974748761128465e-10
                 0.28125      0.4663301595172349   5.974748761128465e-10
                 0.28125      0.5154175447295755   5.974748761128465e-10
                 0.28125      0.5645049299419159   5.974748761128465e-10
                 0.28125      0.6135923151542565   5.974748761128465e-10
                 0.28125       0.662679700366597   5.974748761128465e-10
                 0.28125      0.7117670855789375   5.974748761128465e-10
                 0.28125       0.760854470791278   5.974748761128465e-10
                 0.28125      0.8099418560036186   5.974748761128465e-10
                 0.28125       0.859029241215959   5.974748761128465e-10
                 0.28125      0.9081166264282996   5.974748761128465e-10
                 0.28125      0.9572040116406401   5.974748761128465e-10
                 0.28125       1.006291396852981   5.974748761128465e-10
                 0.28125       1.055378782065321   5.974748761128465e-10
                 0.28125       1.104466167277662   5.974748761128465e-10
                 0.28125       1.153553552490002   5.974748761128465e-10
                 0.28125       1.202640937702343   5.974748761128465e-10
                 0.28125       1.251728322914683   5.974748761128465e-10
                 0.28125       1.300815708127024   5.974748761128465e-10
                 0.28125       1.349903093339364   5.974748761128465e-10
                 0.28125       1.398990478551705   5.974748761128465e-10
                 0.28125       1.448077863764045   5.974748761128465e-10
                 0.28125       1.497165248976386   5.974748761128465e-10
                 0.28125       1.546252634188726   5.974748761128465e-10
                 0.28125       1.595340019401067   5.974748761128465e-10
                 0.28125       1.644427404613407   5.974748761128465e-10
                 0.28125       1.693514789825748   5.974748761128465e-10
                 0.28125       1.742602175038088   5.974748761128465e-10
                 0.28125       1.791689560250429   5.974748761128465e-10
                 0.28125       1.840776945462769   5.974748761128465e-10
                 0.28125        1.88986433067511   5.974748761128465e-10
                 0.28125       1.938951715887451   5.974748761128465e-10
                 0.28125       1.988039101099791   5.974748761128465e-10
                 0.28125       2.037126486312132   5.974748761128465e-10
                 0.28125       2.086213871524472   5.974748761128465e-10
                 0.28125       2.135301256736812   5.974748761128465e-10
                 0.28125       2.184388641949153   5.974748761128465e-10
                 0.28125       2.233476027161494   5.974748761128465e-10
                 0.28125       2.282563412373834   5.974748761128465e-10
                 0.28125       2.331650797586175   5.974748761128465e-10
                 0.28125       2.380738182798515   5.974748761128465e-10
                 0.28125       2.429825568010856   5.974748761128465e-10
                 0.28125       2.478912953223196   5.974748761128465e-10
                 0.28125       2.528000338435537   5.974748761128465e-10
                 0.28125       2.577087723647877   5.974748761128465e-10
                 0.28125       2.626175108860218   5.974748761128465e-10
                 0.28125       2.675262494072558   5.974748761128465e-10
                 0.28125       2.724349879284899   5.974748761128465e-10
                 0.28125       2.773437264497239   5.974748761128465e-10
                 0.28125        2.82252464970958   5.974748761128465e-10
                 0.28125        2.87161203492192   5.974748761128465e-10
                 0.28125       2.920699420134261   5.974748761128465e-10
                 0.28125       2.969786805346601   5.974748761128465e-10
                 0.28125       3.018874190558942   5.974748761128465e-10
                 0.28125       3.067961575771282   5.974748761128465e-10
                 0.28125       3.117048960983623   5.974748761128465e-10

                 0.34375     0.02454369260617026   5.143747308921113e-10
                 0.34375     0.07363107781851078   5.143747308921113e-10
                 0.34375      0.1227184630308513   5.143747308921113e-10
                 0.34375      0.1718058482431918   5.143747308921113e-10
                 0.34375      0.2208932334555323   5.143747308921113e-10
                 0.34375      0.2699806186678728   5.143747308921113e-10
                 0.34375      0.3190680038802134   5.143747308921113e-10
                 0.34375      0.3681553890925539   5.143747308921113e-10
                 0.34375      0.4172427743048944   5.143747308921113e-10
                 0.34375      0.4663301595172349   5.143747308921113e-10
                 0.34375      0.5154175447295755   5.143747308921113e-10
                 0.34375      0.5645049299419159   5.143747308921113e-10
                 0.34375      0.6135923151542565   5.143747308921113e-10
                 0.34375       0.662679700366597   5.143747308921113e-10
                 0.34375      0.7117670855789375   5.143747308921113e-10
                 0.34375       0.760854470791278   5.143747308921113e-10
                 0.34375      0.8099418560036186   5.143747308921113e-10
                 0.34375       0.859029241215959   5.143747308921113e-10
                 0.34375      0.9081166264282996   5.143747308921113e-10
                 0.34375      0.9572040116406401   5.143747308921113e-10
                 0.34375       1.006291396852981   5.143747308921113e-10
                 0.34375       1.055378782065321   5.143747308921113e-10
                 0.34375       1.104466167277662   5.143747308921113e-10
                 0.34375       1.153553552490002   5.143747308921113e-10
                 0.34375       1.202640937702343   5.143747308921113e-10
                 0.34375       1.251728322914683   5.143747308921113e-10
                 0.34375       1.300815708127024   5.143747308921113e-10
                 0.34375       1.349903093339364   5.143747308921113e-10
                 0.34375       1.398990478551705   5.143747308921113e-10
                 0.34375       1.448077863764045   5.143747308921113e-10
                 0.34375       1.497165248976386   5.143747308921113e-10
                 0.34375       1.546252634188726   5.143747308921113e-10
                 0.34375       1.595340019401067   5.143747308921113e-10
                 0.34375       1.644427404613407   5.143747308921113e-10
                 0.34375       1.693514789825748   5.143747308921113e-10
                 0.34375       1.742602175038088   5.143747308921113e-10
                 0.34375       1.791689560250429   5.143747308921113e-10
                 0.34375       1.840776945462769   5.143747308921113e-10
                 0.34375        1.88986433067511   5.143747308921113e-10
                 0.34375       1.938951715887451   5.143747308921113e-10
                 0.34375       1.988039101099791   5.143747308921113e-10
                 0.34375       2.037126486312132   5.143747308921113e-10
                 0.34375       2.086213871524472   5.143747308921113e-10
                 0.34375       2.135301256736812   5.143747308921113e-10
                 0.34375       2.184388641949153   5.143747308921113e-10
                 0.34375       2.233476027161494   5.143747308921113e-10
                 0.34375       2.282563412373834   5.143747308921113e-10
                 0.34375       2.331650797586175   5.143747308921113e-10
                 0.34375       2.380738182798515   5.143747308921113e-10
                 0.34375       2.429825568010856   5.143747308921113e-10
                 0.34375       2.478912953223196   5.143747308921113e-10
                 0.34375       2.528000338435537   5.143747308921113e-10
                 0.34375       2.577087723647877   5.143747308921113e-10
                 0.34375       2.626175108860218   5.143747308921113e-10
                 0.34375       2.675262494072558   5.143747308921113e-10
                 0.34375       2.724349879284899   5.143747308921113e-10
                 0.34375       2.773437264497239   5.143747308921113e-10
                 0.34375        2.82252464970958   5.143747308921113e-10
                 0.34375        2.87161203492192   5.143747308921113e-10
                 0.34375       2.920699420134261   5.143747308921113e-10
                 0.34375       2.969786805346601   5.143747308921113e-10
                 0.34375       3.018874190558942   5.143747308921113e-10
                 0.34375       3.067961575771282   5.143747308921113e-10
                 0.34375       3.117048960983623   5.143747308921113e-10

                 0.40625     0.02454369260617026   4.402715121797529e-10
                 0.40625     0.07363107781851078   4.402715121797529e-10
                 0.40625      0.1227184630308513   4.402715121797529e-10
                 0.40625      0.1718058482431918   4.402715121797529e-10
                 0.40625      0.2208932334555323   4.402715121797529e-10
                 0.40625      0.2699806186678728   4.402715121797529e-10
                 0.40625      0.3190680038802134   4.402715121797529e-10
                 0.40625      0.3681553890925539   4.402715121797529e-10
                 0.40625      0.4172427743048944   4.402715121797529e-10
                 0.40625      0.4663301595172349   4.402715121797529e-10
                 0.40625      0.5154175447295755   4.402715121797529e-10
                 0.40625      0.5645049299419159   4.402715121797529e-10
                 0.40625      0.6135923151542565   4.402715121797529e-10
                 0.40625       0.662679700366597   4.402715121797529e-10
                 0.40625      0.7117670855789375   4.402715121797529e-10
                 0.40625       0.760854470791278   4.402715121797529e-10
                 0.40625      0.8099418560036186   4.402715121797529e-10
                 0.40625       0.859029241215959   4.402715121797529e-10
                 0.40625      0.9081166264282996   4.402715121797529e-10
                 0.40625      0.9572040116406401   4.402715121797529e-10
                 0.40625       1.006291396852981   4.402715121797529e-10
                 0.40625       1.055378782065321   4.402715121797529e-10
                 0.40625       1.104466167277662   4.402715121797529e-10
                 0.40625       1.153553552490002   4.402715121797529e-10
                 0.40625       1.202640937702343   4.402715121797529e-10
                 0.40625       1.251728322914683   4.402715121797529e-10
                 0.40625       1.300815708127024   4.402715121797529e-10
                 0.40625       1.349903093339364   4.402715121797529e-10
                 0.40625       1.398990478551705   4.402715121797529e-10
                 0.40625       1.448077863764045   4.402715121797529e-10
                 0.40625       1.497165248976386   4.402715121797529e-10
                 0.40625       1.546252634188726   4.402715121797529e-10
                 0.40625       1.595340019401067   4.402715121797529e-10
                 0.40625       1.644427404613407   4.402715121797529e-10
                 0.40625       1.693514789825748   4.402715121797529e-10
                 0.40625       1.742602175038088   4.402715121797529e-10
                 0.40625       1.791689560250429   4.402715121797529e-10
                 0.40625       1.840776945462769   4.402715121797529e-10
                 0.40625        1.88986433067511   4.402715121797529e-10
                 0.40625       1.938951715887451   4.402715121797529e-10
                 0.40625       1.988039101099791   4.402715121797529e-10
                 0.40625       2.037126486312132   4.402715121797529e-10
                 0.40625       2.086213871524472   4.402715121797529e-10
                 0.40625       2.135301256736812   4.402715121797529e-10
                 0.40625       2.184388641949153   4.402715121797529e-10
                 0.40625       2.233476027161494   4.402715121797529e-10
                 0.40625       2.282563412373834   4.402715121797529e-10
                 0.40625       2.331650797586175   4.402715121797529e-10
                 0.40625       2.380738182798515   4.402715121797529e-10
                 0.40625       2.429825568010856   4.402715121797529e-10
                 0.40625       2.478912953223196   4.402715121797529e-10
                 0.40625       2.528000338435537   4.402715121797529e-10
                 0.40625       2.577087723647877   4.402715121797529e-10
                 0.40625       2.626175108860218   4.402715121797529e-10
                 0.40625       2.675262494072558   4.402715121797529e-10
                 0.40625       2.724349879284899   4.402715121797529e-10
                 0.40625       2.773437264497239   4.402715121797529e-10
                 0.40625        2.82252464970958   4.402715121797529e-10
                 0.40625        2.87161203492192   4.402715121797529e-10
                 0.40625       2.920699420134261   4.402715121797529e-10
                 0.40625       2.969786805346601   4.402715121797529e-10
                 0.40625       3.018874190558942   4.402715121797529e-10
                 0.40625       3.067961575771282   4.402715121797529e-10
                 0.40625       3.117048960983623   4.402715121797529e-10

                 0.46875     0.02454369260617026   3.696829095354627e-10
                 0.46875     0.07363107781851078   3.696829095354627e-10
                 0.46875      0.1227184630308513   3.696829095354627e-10
                 0.46875      0.1718058482431918   3.696829095354627e-10
                 0.46875      0.2208932334555323   3.696829095354627e-10
                 0.46875      0.2699806186678728   3.696829095354627e-10
                 0.46875      0.3190680038802134   3.696829095354627e-10
                 0.46875      0.3681553890925539   3.696829095354627e-10
                 0.46875      0.4172427743048944   3.696829095354627e-10
                 0.46875      0.4663301595172349   3.696829095354627e-10
                 0.46875      0.5154175447295755   3.696829095354627e-10
                 0.46875      0.5645049299419159   3.696829095354627e-10
                 0.46875      0.6135923151542565   3.696829095354627e-10
                 0.46875       0.662679700366597   3.696829095354627e-10
                 0.46875      0.7117670855789375   3.696829095354627e-10
                 0.46875       0.760854470791278   3.696829095354627e-10
                 0.46875      0.8099418560036186   3.696829095354627e-10
                 0.46875       0.859029241215959   3.696829095354627e-10
                 0.46875      0.9081166264282996   3.696829095354627e-10
                 0.46875      0.9572040116406401   3.696829095354627e-10
                 0.46875       1.006291396852981   3.696829095354627e-10
                 0.46875       1.055378782065321   3.696829095354627e-10
                 0.46875       1.104466167277662   3.696829095354627e-10
                 0.46875       1.153553552490002   3.696829095354627e-10
                 0.46875       1.202640937702343   3.696829095354627e-10
                 0.46875       1.251728322914683   3.696829095354627e-10
                 0.46875       1.300815708127024   3.696829095354627e-10
                 0.46875       1.349903093339364   3.696829095354627e-10
                 0.46875       1.398990478551705   3.696829095354627e-10
                 0.46875       1.448077863764045   3.696829095354627e-10
                 0.46875       1.497165248976386   3.696829095354627e-10
                 0.46875       1.546252634188726   3.696829095354627e-10
                 0.46875       1.595340019401067   3.696829095354627e-10
                 0.46875       1.644427404613407   3.696829095354627e-10
                 0.46875       1.693514789825748   3.696829095354627e-10
                 0.46875       1.742602175038088   3.696829095354627e-10
                 0.46875       1.791689560250429   3.696829095354627e-10
                 0.46875       1.840776945462769   3.696829095354627e-10
                 0.46875        1.88986433067511   3.696829095354627e-10
                 0.46875       1.938951715887451   3.696829095354627e-10
                 0.46875       1.988039101099791   3.696829095354627e-10
                 0.46875       2.037126486312132   3.696829095354627e-10
                 0.46875       2.086213871524472   3.696829095354627e-10
                 0.46875       2.135301256736812   3.696829095354627e-10
                 0.46875       2.184388641949153   3.696829095354627e-10
                 0.46875       2.233476027161494   3.696829095354627e-10
                 0.46875       2.282563412373834   3.696829095354627e-10
                 0.46875       2.331650797586175   3.696829095354627e-10
                 0.46875       2.380738182798515   3.696829095354627e-10
                 0.46875       2.429825568010856   3.696829095354627e-10
                 0.46875       2.478912953223196   3.696829095354627e-10
                 0.46875       2.528000338435537   3.696829095354627e-10
                 0.46875       2.577087723647877   3.696829095354627e-10
                 0.46875       2.626175108860218   3.696829095354627e-10
                 0.46875       2.675262494072558   3.696829095354627e-10
                 0.46875       2.724349879284899   3.696829095354627e-10
                 0.46875       2.773437264497239   3.696829095354627e-10
                 0.46875        2.82252464970958   3.696829095354627e-10
                 0.46875        2.87161203492192   3.696829095354627e-10
                 0.46875       2.920699420134261   3.696829095354627e-10
                 0.46875       2.969786805346601   3.696829095354627e-10
                 0.46875       3.018874190558942   3.696829095354627e-10
                 0.46875       3.067961575771282   3.696829095354627e-10
                 0.46875       3.117048960983623   3.696829095354627e-10

                 0.53125     0.02454369260617026   3.042793587012811e-10
                 0.53125     0.07363107781851078   3.042793587012811e-10
                 0.53125      0.1227184630308513   3.042793587012811e-10
                 0.53125      0.1718058482431918   3.042793587012811e-10
                 0.53125      0.2208932334555323   3.042793587012811e-10
                 0.53125      0.2699806186678728   3.042793587012811e-10
                 0.53125      0.3190680038802134   3.042793587012811e-10
                 0.53125      0.3681553890925539   3.042793587012811e-10
                 0.53125      0.4172427743048944   3.042793587012811e-10
                 0.53125      0.4663301595172349   3.042793587012811e-10
                 0.53125      0.5154175447295755   3.042793587012811e-10
                 0.53125      0.5645049299419159   3.042793587012811e-10
                 0.53125      0.6135923151542565   3.042793587012811e-10
                 0.53125       0.662679700366597   3.042793587012811e-10
                 0.53125      0.7117670855789375   3.042793587012811e-10
                 0.53125       0.760854470791278   3.042793587012811e-10
                 0.53125      0.8099418560036186   3.042793587012811e-10
                 0.53125       0.859029241215959   3.042793587012811e-10
                 0.53125      0.9081166264282996   3.042793587012811e-10
                 0.53125      0.9572040116406401   3.042793587012811e-10
                 0.53125       1.006291396852981   3.042793587012811e-10
                 0.53125       1.055378782065321   3.042793587012811e-10
                 0.53125       1.104466167277662   3.042793587012811e-10
                 0.53125       1.153553552490002   3.042793587012811e-10
                 0.53125       1.202640937702343   3.042793587012811e-10
                 0.53125       1.251728322914683   3.042793587012811e-10
                 0.53125       1.300815708127024   3.042793587012811e-10
                 0.53125       1.349903093339364   3.042793587012811e-10
                 0.53125       1.398990478551705   3.042793587012811e-10
                 0.53125       1.448077863764045   3.042793587012811e-10
                 0.53125       1.497165248976386   3.042793587012811e-10
                 0.53125       1.546252634188726   3.042793587012811e-10
                 0.53125       1.595340019401067   3.042793587012811e-10
                 0.53125       1.644427404613407   3.042793587012811e-10
                 0.53125       1.693514789825748   3.042793587012811e-10
                 0.53125       1.742602175038088   3.042793587012811e-10
                 0.53125       1.791689560250429   3.042793587012811e-10
                 0.53125       1.840776945462769   3.042793587012811e-10
                 0.53125        1.88986433067511   3.042793587012811e-10
                 0.53125       1.938951715887451   3.042793587012811e-10
                 0.53125       1.988039101099791   3.042793587012811e-10
                 0.53125       2.037126486312132   3.042793587012811e-10
                 0.53125       2.086213871524472   3.042793587012811e-10
                 0.53125       2.135301256736812   3.042793587012811e-10
                 0.53125       2.184388641949153   3.042793587012811e-10
                 0.53125       2.233476027161494   3.042793587012811e-10
                 0.53125       2.282563412373834   3.042793587012811e-10
                 0.53125       2.331650797586175   3.042793587012811e-10
                 0.53125       2.380738182798515   3.042793587012811e-10
                 0.53125       2.429825568010856   3.042793587012811e-10
                 0.53125       2.478912953223196   3.042793587012811e-10
                 0.53125       2.528000338435537   3.042793587012811e-10
                 0.53125       2.577087723647877   3.042793587012811e-10
                 0.53125       2.626175108860218   3.042793587012811e-10
                 0.53125       2.675262494072558   3.042793587012811e-10
                 0.53125       2.724349879284899   3.042793587012811e-10
                 0.53125       2.773437264497239   3.042793587012811e-10
                 0.53125        2.82252464970958   3.042793587012811e-10
                 0.53125        2.87161203492192   3.042793587012811e-10
                 0.53125       2.920699420134261   3.042793587012811e-10
                 0.53125       2.969786805346601   3.042793587012811e-10
                 0.53125       3.018874190558942   3.042793587012811e-10
                 0.53125       3.067961575771282   3.042793587012811e-10
                 0.53125       3.117048960983623   3.042793587012811e-10

                 0.59375     0.02454369260617026   2.438152626232297e-10
                 0.59375     0.07363107781851078   2.438152626232297e-10
                 0.59375      0.1227184630308513   2.438152626232297e-10
                 0.59375      0.1718058482431918   2.438152626232297e-10
                 0.59375      0.2208932334555323   2.438152626232297e-10
                 0.59375      0.2699806186678728   2.438152626232297e-10
                 0.59375      0.3190680038802134   2.438152626232297e-10
                 0.59375      0.3681553890925539   2.438152626232297e-10
                 0.59375      0.4172427743048944   2.438152626232297e-10
                 0.59375      0.4663301595172349   2.438152626232297e-10
                 0.59375      0.5154175447295755   2.438152626232297e-10
                 0.59375      0.5645049299419159   2.438152626232297e-10
                 0.59375      0.6135923151542565   2.438152626232297e-10
                 0.59375       0.662679700366597   2.438152626232297e-10
                 0.59375      0.7117670855789375   2.438152626232297e-10
                 0.59375       0.760854470791278   2.438152626232297e-10
                 0.59375      0.8099418560036186   2.438152626232297e-10
                 0.59375       0.859029241215959   2.438152626232297e-10
                 0.59375      0.9081166264282996   2.438152626232297e-10
                 0.59375      0.9572040116406401   2.438152626232297e-10
                 0.59375       1.006291396852981   2.438152626232297e-10
                 0.59375       1.055378782065321   2.438152626232297e-10
                 0.59375       1.104466167277662   2.438152626232297e-10
                 0.59375       1.153553552490002   2.438152626232297e-10
                 0.59375       1.202640937702343   2.438152626232297e-10
                 0.59375       1.251728322914683   2.438152626232297e-10
                 0.59375       1.300815708127024   2.438152626232297e-10
                 0.59375       1.349903093339364   2.438152626232297e-10
                 0.59375       1.398990478551705   2.438152626232297e-10
                 0.59375       1.448077863764045   2.438152626232297e-10
                 0.59375       1.497165248976386   2.438152626232297e-10
                 0.59375       1.546252634188726   2.438152626232297e-10
                 0.59375       1.595340019401067   2.438152626232297e-10
                 0.59375       1.644427404613407   2.438152626232297e-10
                 0.59375       1.693514789825748   2.438152626232297e-10
                 0.59375       1.742602175038088   2.438152626232297e-10
                 0.59375       1.791689560250429   2.438152626232297e-10
                 0.59375       1.840776945462769   2.438152626232297e-10
                 0.59375        1.88986433067511   2.438152626232297e-10
                 0.59375       1.938951715887451   2.438152626232297e-10
                 0.59375       1.988039101099791   2.438152626232297e-10
                 0.59375       2.037126486312132   2.438152626232297e-10
                 0.59375       2.086213871524472   2.438152626232297e-10
                 0.59375       2.135301256736812   2.438152626232297e-10
                 0.59375       2.184388641949153   2.438152626232297e-10
                 0.59375       2.233476027161494   2.438152626232297e-10
                 0.59375       2.282563412373834   2.438152626232297e-10
                 0.59375       2.331650797586175   2.438152626232297e-10
                 0.59375       2.380738182798515   2.438152626232297e-10
                 0.59375       2.429825568010856   2.438152626232297e-10
                 0.59375       2.478912953223196   2.438152626232297e-10
                 0.59375       2.528000338435537   2.438152626232297e-10
                 0.59375       2.577087723647877   2.438152626232297e-10
                 0.59375       2.626175108860218   2.438152626232297e-10
                 0.59375       2.675262494072558   2.438152626232297e-10
                 0.59375       2.724349879284899   2.438152626232297e-10
                 0.59375       2.773437264497239   2.438152626232297e-10
                 0.59375        2.82252464970958   2.438152626232297e-10
                 0.59375        2.87161203492192   2.438152626232297e-10
                 0.59375       2.920699420134261   2.438152626232297e-10
                 0.59375       2.969786805346601   2.438152626232297e-10
                 0.59375       3.018874190558942   2.438152626232297e-10
                 0.59375       3.067961575771282   2.438152626232297e-10
                 0.59375       3.117048960983623   2.438152626232297e-10

                 0.65625     0.02454369260617026   1.902465340957739e-10
                 0.65625     0.07363107781851078   1.902465340957739e-10
                 0.65625      0.1227184630308513   1.902465340957739e-10
                 0.65625      0.1718058482431918   1.902465340957739e-10
                 0.65625      0.2208932334555323   1.902465340957739e-10
                 0.65625      0.2699806186678728   1.902465340957739e-10
                 0.65625      0.3190680038802134   1.902465340957739e-10
                 0.65625      0.3681553890925539   1.902465340957739e-10
                 0.65625      0.4172427743048944   1.902465340957739e-10
                 0.65625      0.4663301595172349   1.902465340957739e-10
                 0.65625      0.5154175447295755   1.902465340957739e-10
                 0.65625      0.5645049299419159   1.902465340957739e-10
                 0.65625      0.6135923151542565   1.902465340957739e-10
                 0.65625       0.662679700366597   1.902465340957739e-10
                 0.65625      0.7117670855789375   1.902465340957739e-10
                 0.65625       0.760854470791278   1.902465340957739e-10
                 0.65625      0.8099418560036186   1.902465340957739e-10
                 0.65625       0.859029241215959   1.902465340957739e-10
                 0.65625      0.9081166264282996   1.902465340957739e-10
                 0.65625      0.9572040116406401   1.902465340957739e-10
                 0.65625       1.006291396852981   1.902465340957739e-10
                 0.65625       1.055378782065321   1.902465340957739e-10
                 0.65625       1.104466167277662   1.902465340957739e-10
                 0.65625       1.153553552490002   1.902465340957739e-10
                 0.65625       1.202640937702343   1.902465340957739e-10
                 0.65625       1.251728322914683   1.902465340957739e-10
                 0.65625       1.300815708127024   1.902465340957739e-10
                 0.65625       1.349903093339364   1.902465340957739e-10
                 0.65625       1.398990478551705   1.902465340957739e-10
                 0.65625       1.448077863764045   1.902465340957739e-10
                 0.65625       1.497165248976386   1.902465340957739e-10
                 0.65625       1.546252634188726   1.902465340957739e-10
                 0.65625       1.595340019401067   1.902465340957739e-10
                 0.65625       1.644427404613407   1.902465340957739e-10
                 0.65625       1.693514789825748   1.902465340957739e-10
                 0.65625       1.742602175038088   1.902465340957739e-10
                 0.65625       1.791689560250429   1.902465340957739e-10
                 0.65625       1.840776945462769   1.902465340957739e-10
                 0.65625        1.88986433067511   1.902465340957739e-10
                 0.65625       1.938951715887451   1.902465340957739e-10
                 0.65625       1.988039101099791   1.902465340957739e-10
                 0.65625       2.037126486312132   1.902465340957739e-10
                 0.65625       2.086213871524472   1.902465340957739e-10
                 0.65625       2.135301256736812   1.902465340957739e-10
                 0.65625       2.184388641949153   1.902465340957739e-10
                 0.65625       2.233476027161494   1.902465340957739e-10
                 0.65625       2.282563412373834   1.902465340957739e-10
                 0.65625       2.331650797586175   1.902465340957739e-10
                 0.65625       2.380738182798515   1.902465340957739e-10
                 0.65625       2.429825568010856   1.902465340957739e-10
                 0.65625       2.478912953223196   1.902465340957739e-10
                 0.65625       2.528000338435537   1.902465340957739e-10
                 0.65625       2.577087723647877   1.902465340957739e-10
                 0.65625       2.626175108860218   1.902465340957739e-10
                 0.65625       2.675262494072558   1.902465340957739e-10
                 0.65625       2.724349879284899   1.902465340957739e-10
                 0.65625       2.773437264497239   1.902465340957739e-10
                 0.65625        2.82252464970958   1.902465340957739e-10
                 0.65625        2.87161203492192   1.902465340957739e-10
                 0.65625       2.920699420134261   1.902465340957739e-10
                 0.65625       2.969786805346601   1.902465340957739e-10
                 0.65625       3.018874190558942   1.902465340957739e-10
                 0.65625       3.067961575771282   1.902465340957739e-10
                 0.65625       3.117048960983623   1.902465340957739e-10

                 0.71875     0.02454369260617026   1.445259971100891e-10
                 0.71875     0.07363107781851078   1.445259971100891e-10
                 0.71875      0.1227184630308513   1.445259971100891e-10
                 0.71875      0.1718058482431918   1.445259971100891e-10
                 0.71875      0.2208932334555323   1.445259971100891e-10
                 0.71875      0.2699806186678728   1.445259971100891e-10
                 0.71875      0.3190680038802134   1.445259971100891e-10
                 0.71875      0.3681553890925539   1.445259971100891e-10
                 0.71875      0.4172427743048944   1.445259971100891e-10
                 0.71875      0.4663301595172349   1.445259971100891e-10
                 0.71875      0.5154175447295755   1.445259971100891e-10
                 0.71875      0.5645049299419159   1.445259971100891e-10
                 0.71875      0.6135923151542565   1.445259971100891e-10
                 0.71875       0.662679700366597   1.445259971100891e-10
                 0.71875      0.7117670855789375   1.445259971100891e-10
                 0.71875       0.760854470791278   1.445259971100891e-10
                 0.71875      0.8099418560036186   1.445259971100891e-10
                 0.71875       0.859029241215959   1.445259971100891e-10
                 0.71875      0.9081166264282996   1.445259971100891e-10
                 0.71875      0.9572040116406401   1.445259971100891e-10
                 0.71875       1.006291396852981   1.445259971100891e-10
                 0.71875       1.055378782065321   1.445259971100891e-10
                 0.71875       1.104466167277662   1.445259971100891e-10
                 0.71875       1.153553552490002   1.445259971100891e-10
                 0.71875       1.202640937702343   1.445259971100891e-10
                 0.71875       1.251728322914683   1.445259971100891e-10
                 0.71875       1.300815708127024   1.445259971100891e-10
                 0.71875       1.349903093339364   1.445259971100891e-10
                 0.71875       1.398990478551705   1.445259971100891e-10
                 0.71875       1.448077863764045   1.445259971100891e-10
                 0.71875       1.497165248976386   1.445259971100891e-10
                 0.71875       1.546252634188726   1.445259971100891e-10
                 0.71875       1.595340019401067   1.445259971100891e-10
                 0.71875       1.644427404613407   1.445259971100891e-10
                 0.71875       1.693514789825748   1.445259971100891e-10
                 0.71875       1.742602175038088   1.445259971100891e-10
                 0.71875       1.791689560250429   1.445259971100891e-10
                 0.71875       1.840776945462769   1.445259971100891e-10
                 0.71875        1.88986433067511   1.445259971100891e-10
                 0.71875       1.938951715887451   1.445259971100891e-10
                 0.71875       1.988039101099791   1.445259971100891e-10
                 0.71875       2.037126486312132   1.445259971100891e-10
                 0.71875       2.086213871524472   1.445259971100891e-10
                 0.71875       2.135301256736812   1.445259971100891e-10
                 0.71875       2.184388641949153   1.445259971100891e-10
                 0.71875       2.233476027161494   1.445259971100891e-10
                 0.71875       2.282563412373834   1.445259971100891e-10
                 0.71875       2.331650797586175   1.445259971100891e-10
                 0.71875       2.380738182798515   1.445259971100891e-10
                 0.71875       2.429825568010856   1.445259971100891e-10
                 0.71875       2.478912953223196   1.445259971100891e-10
                 0.71875       2.528000338435537   1.445259971100891e-10
                 0.71875       2.577087723647877   1.445259971100891e-10
                 0.71875       2.626175108860218   1.445259971100891e-10
                 0.71875       2.675262494072558   1.445259971100891e-10
                 0.71875       2.724349879284899   1.445259971100891e-10
                 0.71875       2.773437264497239   1.445259971100891e-10
                 0.71875        2.82252464970958   1.445259971100891e-10
                 0.71875        2.87161203492192   1.445259971100891e-10
                 0.71875       2.920699420134261   1.445259971100891e-10
                 0.71875       2.969786805346601   1.445259971100891e-10
                 0.71875       3.018874190558942   1.445259971100891e-10
                 0.71875       3.067961575771282   1.445259971100891e-10
                 0.71875       3.117048960983623   1.445259971100891e-10

                 0.78125     0.02454369260617026   1.069385930549643e-10
                 0.78125     0.07363107781851078   1.069385930549643e-10
                 0.78125      0.1227184630308513   1.069385930549643e-10
                 0.78125      0.1718058482431918   1.069385930549643e-10
                 0.78125      0.2208932334555323   1.069385930549643e-10
                 0.78125      0.2699806186678728   1.069385930549643e-10
                 0.78125      0.3190680038802134   1.069385930549643e-10
                 0.78125      0.3681553890925539   1.069385930549643e-10
                 0.78125      0.4172427743048944   1.069385930549643e-10
                 0.78125      0.4663301595172349   1.069385930549643e-10
                 0.78125      0.5154175447295755   1.069385930549643e-10
                 0.78125      0.5645049299419159   1.069385930549643e-10
                 0.78125      0.6135923151542565   1.069385930549643e-10
                 0.78125       0.662679700366597   1.069385930549643e-10
                 0.78125      0.7117670855789375   1.069385930549643e-10
                 0.78125       0.760854470791278   1.069385930549643e-10
                 0.78125      0.8099418560036186   1.069385930549643e-10
                 0.78125       0.859029241215959   1.069385930549643e-10
                 0.78125      0.9081166264282996   1.069385930549643e-10
                 0.78125      0.9572040116406401   1.069385930549643e-10
                 0.78125       1.006291396852981   1.069385930549643e-10
                 0.78125       1.055378782065321   1.069385930549643e-10
                 0.78125       1.104466167277662   1.069385930549643e-10
                 0.78125       1.153553552490002   1.069385930549643e-10
                 0.78125       1.202640937702343   1.069385930549643e-10
                 0.78125       1.251728322914683   1.069385930549643e-10
                 0.78125       1.300815708127024   1.069385930549643e-10
                 0.78125       1.349903093339364   1.069385930549643e-10
                 0.78125       1.398990478551705   1.069385930549643e-10
                 0.78125       1.448077863764045   1.069385930549643e-10
                 0.78125       1.497165248976386   1.069385930549643e-10
                 0.78125       1.546252634188726   1.069385930549643e-10
                 0.78125       1.595340019401067   1.069385930549643e-10
                 0.78125       1.644427404613407   1.069385930549643e-10
                 0.78125       1.693514789825748   1.069385930549643e-10
                 0.78125       1.742602175038088   1.069385930549643e-10
                 0.78125       1.791689560250429   1.069385930549643e-10
                 0.78125       1.840776945462769   1.069385930549643e-10
                 0.78125        1.88986433067511   1.069385930549643e-10
                 0.78125       1.938951715887451   1.069385930549643e-10
                 0.78125       1.988039101099791   1.069385930549643e-10
                 0.78125       2.037126486312132   1.069385930549643e-10
                 0.78125       2.086213871524472   1.069385930549643e-10
                 0.78125       2.135301256736812   1.069385930549643e-10
                 0.78125       2.184388641949153   1.069385930549643e-10
                 0.78125       2.233476027161494   1.069385930549643e-10
                 0.78125       2.282563412373834   1.069385930549643e-10
                 0.78125       2.331650797586175   1.069385930549643e-10
                 0.78125       2.380738182798515   1.069385930549643e-10
                 0.78125       2.429825568010856   1.069385930549643e-10
                 0.78125       2.478912953223196   1.069385930549643e-10
                 0.78125       2.528000338435537   1.069385930549643e-10
                 0.78125       2.577087723647877   1.069385930549643e-10
                 0.78125       2.626175108860218   1.069385930549643e-10
                 0.78125       2.675262494072558   1.069385930549643e-10
                 0.78125       2.724349879284899   1.069385930549643e-10
                 0.78125       2.773437264497239   1.069385930549643e-10
                 0.78125        2.82252464970958   1.069385930549643e-10
                 0.78125        2.87161203492192   1.069385930549643e-10
                 0.78125       2.920699420134261   1.069385930549643e-10
                 0.78125       2.969786805346601   1.069385930549643e-10
                 0.78125       3.018874190558942   1.069385930549643e-10
                 0.78125       3.067961575771282   1.069385930549643e-10
                 0.78125       3.117048960983623   1.069385930549643e-10

                 0.84375     0.02454369260617026   7.672368683335018e-11
                 0.84375     0.07363107781851078   7.672368683335018e-11
                 0.84375      0.1227184630308513   7.672368683335018e-11
                 0.84375      0.1718058482431918   7.672368683335018e-11
                 0.84375      0.2208932334555323   7.672368683335018e-11
                 0.84375      0.2699806186678728   7.672368683335018e-11
                 0.84375      0.3190680038802134   7.672368683335018e-11
                 0.84375      0.3681553890925539   7.672368683335018e-11
                 0.84375      0.4172427743048944   7.672368683335018e-11
                 0.84375      0.4663301595172349   7.672368683335018e-11
                 0.84375      0.5154175447295755   7.672368683335018e-11
                 0.84375      0.5645049299419159   7.672368683335018e-11
                 0.84375      0.6135923151542565   7.672368683335018e-11
                 0.84375       0.662679700366597   7.672368683335018e-11
                 0.84375      0.7117670855789375   7.672368683335018e-11
                 0.84375       0.760854470791278   7.672368683335018e-11
                 0.84375      0.8099418560036186   7.672368683335018e-11
                 0.84375       0.859029241215959   7.672368683335018e-11
                 0.84375      0.9081166264282996   7.672368683335018e-11
                 0.84375      0.9572040116406401   7.672368683335018e-11
                 0.84375       1.006291396852981   7.672368683335018e-11
                 0.84375       1.055378782065321   7.672368683335018e-11
                 0.84375       1.104466167277662   7.672368683335018e-11
                 0.84375       1.153553552490002   7.672368683335018e-11
                 0.84375       1.202640937702343   7.672368683335018e-11
                 0.84375       1.251728322914683   7.672368683335018e-11
                 0.84375       1.300815708127024   7.672368683335018e-11
                 0.84375       1.349903093339364   7.672368683335018e-11
                 0.84375       1.398990478551705   7.672368683335018e-11
                 0.84375       1.448077863764045   7.672368683335018e-11
                 0.84375       1.497165248976386   7.672368683335018e-11
                 0.84375       1.546252634188726   7.672368683335018e-11
                 0.84375       1.595340019401067   7.672368683335018e-11
                 0.84375       1.644427404613407   7.672368683335018e-11
                 0.84375       1.693514789825748   7.672368683335018e-11
                 0.84375       1.742602175038088   7.672368683335018e-11
                 0.84375       1.791689560250429   7.672368683335018e-11
                 0.84375       1.840776945462769   7.672368683335018e-11
                 0.84375        1.88986433067511   7.672368683335018e-11
                 0.84375       1.938951715887451   7.672368683335018e-11
                 0.84375       1.988039101099791   7.672368683335018e-11
                 0.84375       2.037126486312132   7.672368683335018e-11
                 0.84375       2.086213871524472   7.672368683335018e-11
                 0.84375       2.135301256736812   7.672368683335018e-11
                 0.84375       2.184388641949153   7.672368683335018e-11
                 0.84375       2.233476027161494   7.672368683335018e-11
                 0.84375       2.282563412373834   7.672368683335018e-11
                 0.84375       2.331650797586175   7.672368683335018e-11
                 0.84375       2.380738182798515   7.672368683335018e-11
                 0.84375       2.429825568010856   7.672368683335018e-11
                 0.84375       2.478912953223196   7.672368683335018e-11
                 0.84375       2.528000338435537   7.672368683335018e-11
                 0.84375       2.577087723647877   7.672368683335018e-11
                 0.84375       2.626175108860218   7.672368683335018e-11
                 0.84375       2.675262494072558   7.672368683335018e-11
                 0.84375       2.724349879284899   7.672368683335018e-11
                 0.84375       2.773437264497239   7.672368683335018e-11
                 0.84375        2.82252464970958   7.672368683335018e-11
                 0.84375        2.87161203492192   7.672368683335018e-11
                 0.84375       2.920699420134261   7.672368683335018e-11
                 0.84375       2.969786805346601   7.672368683335018e-11
                 0.84375       3.018874190558942   7.672368683335018e-11
                 0.84375       3.067961575771282   7.672368683335018e-11
                 0.84375       3.117048960983623   7.672368683335018e-11

                 0.90625     0.02454369260617026   5.353229541777988e-11
                 0.90625     0.07363107781851078   5.353229541777988e-11
                 0.90625      0.1227184630308513   5.353229541777988e-11
                 0.90625      0.1718058482431918   5.353229541777988e-11
                 0.90625      0.2208932334555323   5.353229541777988e-11
                 0.90625      0.2699806186678728   5.353229541777988e-11
                 0.90625      0.3190680038802134   5.353229541777988e-11
                 0.90625      0.3681553890925539   5.353229541777988e-11
                 0.90625      0.4172427743048944   5.353229541777988e-11
                 0.90625      0.4663301595172349   5.353229541777988e-11
                 0.90625      0.5154175447295755   5.353229541777988e-11
                 0.90625      0.5645049299419159   5.353229541777988e-11
                 0.90625      0.6135923151542565   5.353229541777988e-11
                 0.90625       0.662679700366597   5.353229541777988e-11
                 0.90625      0.7117670855789375   5.353229541777988e-11
                 0.90625       0.760854470791278   5.353229541777988e-11
                 0.90625      0.8099418560036186   5.353229541777988e-11
                 0.90625       0.859029241215959   5.353229541777988e-11
                 0.90625      0.9081166264282996   5.353229541777988e-11
                 0.90625      0.9572040116406401   5.353229541777988e-11
                 0.90625       1.006291396852981   5.353229541777988e-11
                 0.90625       1.055378782065321   5.353229541777988e-11
                 0.90625       1.104466167277662   5.353229541777988e-11
                 0.90625       1.153553552490002   5.353229541777988e-11
                 0.90625       1.202640937702343   5.353229541777988e-11
                 0.90625       1.251728322914683   5.353229541777988e-11
                 0.90625       1.300815708127024   5.353229541777988e-11
                 0.90625       1.349903093339364   5.353229541777988e-11
                 0.90625       1.398990478551705   5.353229541777988e-11
                 0.90625       1.448077863764045   5.353229541777988e-11
                 0.90625       1.497165248976386   5.353229541777988e-11
                 0.90625       1.546252634188726   5.353229541777988e-11
                 0.90625       1.595340019401067   5.353229541777988e-11
                 0.90625       1.644427404613407   5.353229541777988e-11
                 0.90625       1.693514789825748   5.353229541777988e-11
                 0.90625       1.742602175038088   5.353229541777988e-11
                 0.90625       1.791689560250429   5.353229541777988e-11
                 0.90625       1.840776945462769   5.353229541777988e-11
                 0.90625        1.88986433067511   5.353229541777988e-11
                 0.90625       1.938951715887451   5.353229541777988e-11
                 0.90625       1.988039101099791   5.353229541777988e-11
                 0.90625       2.037126486312132   5.353229541777988e-11
                 0.90625       2.086213871524472   5.353229541777988e-11
                 0.90625       2.135301256736812   5.353229541777988e-11
                 0.90625       2.184388641949153   5.353229541777988e-11
                 0.90625       2.233476027161494   5.353229541777988e-11
                 0.90625       2.282563412373834   5.353229541777988e-11
                 0.90625       2.331650797586175   5.353229541777988e-11
                 0.90625       2.380738182798515   5.353229541777988e-11
                 0.90625       2.429825568010856   5.353229541777988e-11
                 0.90625       2.478912953223196   5.353229541777988e-11
                 0.90625       2.528000338435537   5.353229541777988e-11
                 0.90625       2.577087723647877   5.353229541777988e-11
                 0.90625       2.626175108860218   5.353229541777988e-11
                 0.90625       2.675262494072558   5.353229541777988e-11
                 0.90625       2.724349879284899   5.353229541777988e-11
                 0.90625       2.773437264497239   5.353229541777988e-11
                 0.90625        2.82252464970958   5.353229541777988e-11
                 0.90625        2.87161203492192   5.353229541777988e-11
                 0.90625       2.920699420134261   5.353229541777988e-11
                 0.90625       2.969786805346601   5.353229541777988e-11
                 0.90625       3.018874190558942   5.353229541777988e-11
                 0.90625       3.067961575771282   5.353229541777988e-11
                 0.90625       3.117048960983623   5.353229541777988e-11

                 0.96875     0.02454369260617026   3.615829253138323e-11
                 0.96875     0.07363107781851078   3.615829253138323e-11
                 0.96875      0.1227184630308513   3.615829253138323e-11
                 0.96875      0.1718058482431918   3.615829253138323e-11
                 0.96875      0.2208932334555323   3.615829253138323e-11
                 0.96875      0.2699806186678728   3.615829253138323e-11
                 0.96875      0.3190680038802134   3.615829253138323e-11
                 0.96875      0.3681553890925539   3.615829253138323e-11
                 0.96875      0.4172427743048944   3.615829253138323e-11
                 0.96875      0.4663301595172349   3.615829253138323e-11
                 0.96875      0.5154175447295755   3.615829253138323e-11
                 0.96875      0.5645049299419159   3.615829253138323e-11
                 0.96875      0.6135923151542565   3.615829253138323e-11
                 0.96875       0.662679700366597   3.615829253138323e-11
                 0.96875      0.7117670855789375   3.615829253138323e-11
                 0.96875       0.760854470791278   3.615829253138323e-11
                 0.96875      0.8099418560036186   3.615829253138323e-11
                 0.96875       0.859029241215959   3.615829253138323e-11
                 0.96875      0.9081166264282996   3.615829253138323e-11
                 0.96875      0.9572040116406401   3.615829253138323e-11
                 0.96875       1.006291396852981   3.615829253138323e-11
                 0.96875       1.055378782065321   3.615829253138323e-11
                 0.96875       1.104466167277662   3.615829253138323e-11
                 0.96875       1.153553552490002   3.615829253138323e-11
                 0.96875       1.202640937702343   3.615829253138323e-11
                 0.96875       1.251728322914683   3.615829253138323e-11
                 0.96875       1.300815708127024   3.615829253138323e-11
                 0.96875       1.349903093339364   3.615829253138323e-11
                 0.96875       1.398990478551705   3.615829253138323e-11
                 0.96875       1.448077863764045   3.615829253138323e-11
                 0.96875       1.497165248976386   3.615829253138323e-11
                 0.96875       1.546252634188726   3.615829253138323e-11
                 0.96875       1.595340019401067   3.615829253138323e-11
                 0.96875       1.644427404613407   3.615829253138323e-11
                 0.96875       1.693514789825748   3.615829253138323e-11
                 0.96875       1.742602175038088   3.615829253138323e-11
                 0.96875       1.791689560250429   3.615829253138323e-11
                 0.96875       1.840776945462769   3.615829253138323e-11
                 0.96875        1.88986433067511   3.615829253138323e-11
                 0.96875       1.938951715887451   3.615829253138323e-11
                 0.96875       1.988039101099791   3.615829253138323e-11
                 0.96875       2.037126486312132   3.615829253138323e-11
                 0.96875       2.086213871524472   3.615829253138323e-11
                 0.96875       2.135301256736812   3.615829253138323e-11
                 0.96875       2.184388641949153   3.615829253138323e-11
                 0.96875       2.233476027161494   3.615829253138323e-11
                 0.96875       2.282563412373834   3.615829253138323e-11
                 0.96875       2.331650797586175   3.615829253138323e-11
                 0.96875       2.380738182798515   3.615829253138323e-11
                 0.96875       2.429825568010856   3.615829253138323e-11
                 0.96875       2.478912953223196   3.615829253138323e-11
                 0.96875       2.528000338435537   3.615829253138323e-11
                 0.96875       2.577087723647877   3.615829253138323e-11
                 0.96875       2.626175108860218   3.615829253138323e-11
                 0.96875       2.675262494072558   3.615829253138323e-11
                 0.96875       2.724349879284899   3.615829253138323e-11
                 0.96875       2.773437264497239   3.615829253138323e-11
                 0.96875        2.82252464970958   3.615829253138323e-11
                 0.96875        2.87161203492192   3.615829253138323e-11
                 0.96875       2.920699420134261   3.615829253138323e-11
                 0.96875       2.969786805346601   3.615829253138323e-11
                 0.96875       3.018874190558942   3.615829253138323e-11
                 0.96875       3.067961575771282   3.615829253138323e-11
                 0.96875       3.117048960983623   3.615829253138323e-11

                 1.03125     0.02454369260617026   2.364980675962562e-11
                 1.03125     0.07363107781851078   2.364980675962562e-11
                 1.03125      0.1227184630308513   2.364980675962562e-11
                 1.03125      0.1718058482431918   2.364980675962562e-11
                 1.03125      0.2208932334555323   2.364980675962562e-11
                 1.03125      0.2699806186678728   2.364980675962562e-11
                 1.03125      0.3190680038802134   2.364980675962562e-11
                 1.03125      0.3681553890925539   2.364980675962562e-11
                 1.03125      0.4172427743048944   2.364980675962562e-11
                 1.03125      0.4663301595172349   2.364980675962562e-11
                 1.03125      0.5154175447295755   2.364980675962562e-11
                 1.03125      0.5645049299419159   2.364980675962562e-11
                 1.03125      0.6135923151542565   2.364980675962562e-11
                 1.03125       0.662679700366597   2.364980675962562e-11
                 1.03125      0.7117670855789375   2.364980675962562e-11
                 1.03125       0.760854470791278   2.364980675962562e-11
                 1.03125      0.8099418560036186   2.364980675962562e-11
                 1.03125       0.859029241215959   2.364980675962562e-11
                 1.03125      0.9081166264282996   2.364980675962562e-11
                 1.03125      0.9572040116406401   2.364980675962562e-11
                 1.03125       1.006291396852981   2.364980675962562e-11
                 1.03125       1.055378782065321   2.364980675962562e-11
                 1.03125       1.104466167277662   2.364980675962562e-11
                 1.03125       1.153553552490002   2.364980675962562e-11
                 1.03125       1.202640937702343   2.364980675962562e-11
                 1.03125       1.251728322914683   2.364980675962562e-11
                 1.03125       1.300815708127024   2.364980675962562e-11
                 1.03125       1.349903093339364   2.364980675962562e-11
                 1.03125       1.398990478551705   2.364980675962562e-11
                 1.03125       1.448077863764045   2.364980675962562e-11
                 1.03125       1.497165248976386   2.364980675962562e-11
                 1.03125       1.546252634188726   2.364980675962562e-11
                 1.03125       1.595340019401067   2.364980675962562e-11
                 1.03125       1.644427404613407   2.364980675962562e-11
                 1.03125       1.693514789825748   2.364980675962562e-11
                 1.03125       1.742602175038088   2.364980675962562e-11
                 1.03125       1.791689560250429   2.364980675962562e-11
                 1.03125       1.840776945462769   2.364980675962562e-11
                 1.03125        1.88986433067511   2.364980675962562e-11
                 1.03125       1.938951715887451   2.364980675962562e-11
                 1.03125       1.988039101099791   2.364980675962562e-11
                 1.03125       2.037126486312132   2.364980675962562e-11
                 1.03125       2.086213871524472   2.364980675962562e-11
                 1.03125       2.135301256736812   2.364980675962562e-11
                 1.03125       2.184388641949153   2.364980675962562e-11
                 1.03125       2.233476027161494   2.364980675962562e-11
                 1.03125       2.282563412373834   2.364980675962562e-11
                 1.03125       2.331650797586175   2.364980675962562e-11
                 1.03125       2.380738182798515   2.364980675962562e-11
                 1.03125       2.429825568010856   2.364980675962562e-11
                 1.03125       2.478912953223196   2.364980675962562e-11
                 1.03125       2.528000338435537   2.364980675962562e-11
                 1.03125       2.577087723647877   2.364980675962562e-11
                 1.03125       2.626175108860218   2.364980675962562e-11
                 1.03125       2.675262494072558   2.364980675962562e-11
                 1.03125       2.724349879284899   2.364980675962562e-11
                 1.03125       2.773437264497239   2.364980675962562e-11
                 1.03125        2.82252464970958   2.364980675962562e-11
                 1.03125        2.87161203492192   2.364980675962562e-11
                 1.03125       2.920699420134261   2.364980675962562e-11
                 1.03125       2.969786805346601   2.364980675962562e-11
                 1.03125       3.018874190558942   2.364980675962562e-11
                 1.03125       3.067961575771282   2.364980675962562e-11
                 1.03125       3.117048960983623   2.364980675962562e-11

                 1.09375     0.02454369260617026   1.508298295745933e-11
                 1.09375     0.07363107781851078   1.508298295745933e-11
                 1.09375      0.1227184630308513   1.508298295745933e-11
                 1.09375      0.1718058482431918   1.508298295745933e-11
                 1.09375      0.2208932334555323   1.508298295745933e-11
                 1.09375      0.2699806186678728   1.508298295745933e-11
                 1.09375      0.3190680038802134   1.508298295745933e-11
                 1.09375      0.3681553890925539   1.508298295745933e-11
                 1.09375      0.4172427743048944   1.508298295745933e-11
                 1.09375      0.4663301595172349   1.508298295745933e-11
                 1.09375      0.5154175447295755   1.508298295745933e-11
                 1.09375      0.5645049299419159   1.508298295745933e-11
                 1.09375      0.6135923151542565   1.508298295745933e-11
                 1.09375       0.662679700366597   1.508298295745933e-11
                 1.09375      0.7117670855789375   1.508298295745933e-11
                 1.09375       0.760854470791278   1.508298295745933e-11
                 1.09375      0.8099418560036186   1.508298295745933e-11
                 1.09375       0.859029241215959   1.508298295745933e-11
                 1.09375      0.9081166264282996   1.508298295745933e-11
                 1.09375      0.9572040116406401   1.508298295745933e-11
                 1.09375       1.006291396852981   1.508298295745933e-11
                 1.09375       1.055378782065321   1.508298295745933e-11
                 1.09375       1.104466167277662   1.508298295745933e-11
                 1.09375       1.153553552490002   1.508298295745933e-11
                 1.09375       1.202640937702343   1.508298295745933e-11
                 1.09375       1.251728322914683   1.508298295745933e-11
                 1.09375       1.300815708127024   1.508298295745933e-11
                 1.09375       1.349903093339364   1.508298295745933e-11
                 1.09375       1.398990478551705   1.508298295745933e-11
                 1.09375       1.448077863764045   1.508298295745933e-11
                 1.09375       1.497165248976386   1.508298295745933e-11
                 1.09375       1.546252634188726   1.508298295745933e-11
                 1.09375       1.595340019401067   1.508298295745933e-11
                 1.09375       1.644427404613407   1.508298295745933e-11
                 1.09375       1.693514789825748   1.508298295745933e-11
                 1.09375       1.742602175038088   1.508298295745933e-11
                 1.09375       1.791689560250429   1.508298295745933e-11
                 1.09375       1.840776945462769   1.508298295745933e-11
                 1.09375        1.88986433067511   1.508298295745933e-11
                 1.09375       1.938951715887451   1.508298295745933e-11
                 1.09375       1.988039101099791   1.508298295745933e-11
                 1.09375       2.037126486312132   1.508298295745933e-11
                 1.09375       2.086213871524472   1.508298295745933e-11
                 1.09375       2.135301256736812   1.508298295745933e-11
                 1.09375       2.184388641949153   1.508298295745933e-11
                 1.09375       2.233476027161494   1.508298295745933e-11
                 1.09375       2.282563412373834   1.508298295745933e-11
                 1.09375       2.331650797586175   1.508298295745933e-11
                 1.09375       2.380738182798515   1.508298295745933e-11
                 1.09375       2.429825568010856   1.508298295745933e-11
                 1.09375       2.478912953223196   1.508298295745933e-11
                 1.09375       2.528000338435537   1.508298295745933e-11
                 1.09375       2.577087723647877   1.508298295745933e-11
                 1.09375       2.626175108860218   1.508298295745933e-11
                 1.09375       2.675262494072558   1.508298295745933e-11
                 1.09375       2.724349879284899   1.508298295745933e-11
                 1.09375       2.773437264497239   1.508298295745933e-11
                 1.09375        2.82252464970958   1.508298295745933e-11
                 1.09375        2.87161203492192   1.508298295745933e-11
                 1.09375       2.920699420134261   1.508298295745933e-11
                 1.09375       2.969786805346601   1.508298295745933e-11
                 1.09375       3.018874190558942   1.508298295745933e-11
                 1.09375       3.067961575771282   1.508298295745933e-11
                 1.09375       3.117048960983623   1.508298295745933e-11

                 1.15625     0.02454369260617026   9.174742761953482e-12
                 1.15625     0.07363107781851078   9.174742761953482e-12
                 1.15625      0.1227184630308513   9.174742761953482e-12
                 1.15625      0.1718058482431918   9.174742761953482e-12
                 1.15625      0.2208932334555323   9.174742761953482e-12
                 1.15625      0.2699806186678728   9.174742761953482e-12
                 1.15625      0.3190680038802134   9.174742761953482e-12
                 1.15625      0.3681553890925539   9.174742761953482e-12
                 1.15625      0.4172427743048944   9.174742761953482e-12
                 1.15625      0.4663301595172349   9.174742761953482e-12
                 1.15625      0.5154175447295755   9.174742761953482e-12
                 1.15625      0.5645049299419159   9.174742761953482e-12
                 1.15625      0.6135923151542565   9.174742761953482e-12
                 1.15625       0.662679700366597   9.174742761953482e-12
                 1.15625      0.7117670855789375   9.174742761953482e-12
                 1.15625       0.760854470791278   9.174742761953482e-12
                 1.15625      0.8099418560036186   9.174742761953482e-12
                 1.15625       0.859029241215959   9.174742761953482e-12
                 1.15625      0.9081166264282996   9.174742761953482e-12
                 1.15625      0.9572040116406401   9.174742761953482e-12
                 1.15625       1.006291396852981   9.174742761953482e-12
                 1.15625       1.055378782065321   9.174742761953482e-12
                 1.15625       1.104466167277662   9.174742761953482e-12
                 1.15625       1.153553552490002   9.174742761953482e-12
                 1.15625       1.202640937702343   9.174742761953482e-12
                 1.15625       1.251728322914683   9.174742761953482e-12
                 1.15625       1.300815708127024   9.174742761953482e-12
                 1.15625       1.349903093339364   9.174742761953482e-12
                 1.15625       1.398990478551705   9.174742761953482e-12
                 1.15625       1.448077863764045   9.174742761953482e-12
                 1.15625       1.497165248976386   9.174742761953482e-12
                 1.15625       1.546252634188726   9.174742761953482e-12
                 1.15625       1.595340019401067   9.174742761953482e-12
                 1.15625       1.644427404613407   9.174742761953482e-12
                 1.15625       1.693514789825748   9.174742761953482e-12
                 1.15625       1.742602175038088   9.174742761953482e-12
                 1.15625       1.791689560250429   9.174742761953482e-12
                 1.15625       1.840776945462769   9.174742761953482e-12
                 1.15625        1.88986433067511   9.174742761953482e-12
                 1.15625       1.938951715887451   9.174742761953482e-12
                 1.15625       1.988039101099791   9.174742761953482e-12
                 1.15625       2.037126486312132   9.174742761953482e-12
                 1.15625       2.086213871524472   9.174742761953482e-12
                 1.15625       2.135301256736812   9.174742761953482e-12
                 1.15625       2.184388641949153   9.174742761953482e-12
                 1.15625       2.233476027161494   9.174742761953482e-12
                 1.15625       2.282563412373834   9.174742761953482e-12
                 1.15625       2.331650797586175   9.174742761953482e-12
                 1.15625       2.380738182798515   9.174742761953482e-12
                 1.15625       2.429825568010856   9.174742761953482e-12
                 1.15625       2.478912953223196   9.174742761953482e-12
                 1.15625       2.528000338435537   9.174742761953482e-12
                 1.15625       2.577087723647877   9.174742761953482e-12
                 1.15625       2.626175108860218   9.174742761953482e-12
                 1.15625       2.675262494072558   9.174742761953482e-12
                 1.15625       2.724349879284899   9.174742761953482e-12
                 1.15625       2.773437264497239   9.174742761953482e-12
                 1.15625        2.82252464970958   9.174742761953482e-12
                 1.15625        2.87161203492192   9.174742761953482e-12
                 1.15625       2.920699420134261   9.174742761953482e-12
                 1.15625       2.969786805346601   9.174742761953482e-12
                 1.15625       3.018874190558942   9.174742761953482e-12
                 1.15625       3.067961575771282   9.174742761953482e-12
                 1.15625       3.117048960983623   9.174742761953482e-12

                 1.21875     0.02454369260617026   5.432757749544655e-12
                 1.21875     0.07363107781851078   5.432757749544655e-12
                 1.21875      0.1227184630308513   5.432757749544655e-12
                 1.21875      0.1718058482431918   5.432757749544655e-12
                 1.21875      0.2208932334555323   5.432757749544655e-12
                 1.21875      0.2699806186678728   5.432757749544655e-12
                 1.21875      0.3190680038802134   5.432757749544655e-12
                 1.21875      0.3681553890925539   5.432757749544655e-12
                 1.21875      0.4172427743048944   5.432757749544655e-12
                 1.21875      0.4663301595172349   5.432757749544655e-12
                 1.21875      0.5154175447295755   5.432757749544655e-12
                 1.21875      0.5645049299419159   5.432757749544655e-12
                 1.21875      0.6135923151542565   5.432757749544655e-12
                 1.21875       0.662679700366597   5.432757749544655e-12
                 1.21875      0.7117670855789375   5.432757749544655e-12
                 1.21875       0.760854470791278   5.432757749544655e-12
                 1.21875      0.8099418560036186   5.432757749544655e-12
                 1.21875       0.859029241215959   5.432757749544655e-12
                 1.21875      0.9081166264282996   5.432757749544655e-12
                 1.21875      0.9572040116406401   5.432757749544655e-12
                 1.21875       1.006291396852981   5.432757749544655e-12
                 1.21875       1.055378782065321   5.432757749544655e-12
                 1.21875       1.104466167277662   5.432757749544655e-12
                 1.21875       1.153553552490002   5.432757749544655e-12
                 1.21875       1.202640937702343   5.432757749544655e-12
                 1.21875       1.251728322914683   5.432757749544655e-12
                 1.21875       1.300815708127024   5.432757749544655e-12
                 1.21875       1.349903093339364   5.432757749544655e-12
                 1.21875       1.398990478551705   5.432757749544655e-12
                 1.21875       1.448077863764045   5.432757749544655e-12
                 1.21875       1.497165248976386   5.432757749544655e-12
                 1.21875       1.546252634188726   5.432757749544655e-12
                 1.21875       1.595340019401067   5.432757749544655e-12
                 1.21875       1.644427404613407   5.432757749544655e-12
                 1.21875       1.693514789825748   5.432757749544655e-12
                 1.21875       1.742602175038088   5.432757749544655e-12
                 1.21875       1.791689560250429   5.432757749544655e-12
                 1.21875       1.840776945462769   5.432757749544655e-12
                 1.21875        1.88986433067511   5.432757749544655e-12
                 1.21875       1.938951715887451   5.432757749544655e-12
                 1.21875       1.988039101099791   5.432757749544655e-12
                 1.21875       2.037126486312132   5.432757749544655e-12
                 1.21875       2.086213871524472   5.432757749544655e-12
                 1.21875       2.135301256736812   5.432757749544655e-12
                 1.21875       2.184388641949153   5.432757749544655e-12
                 1.21875       2.233476027161494   5.432757749544655e-12
                 1.21875       2.282563412373834   5.432757749544655e-12
                 1.21875       2.331650797586175   5.432757749544655e-12
                 1.21875       2.380738182798515   5.432757749544655e-12
                 1.21875       2.429825568010856   5.432757749544655e-12
                 1.21875       2.478912953223196   5.432757749544655e-12
                 1.21875       2.528000338435537   5.432757749544655e-12
                 1.21875       2.577087723647877   5.432757749544655e-12
                 1.21875       2.626175108860218   5.432757749544655e-12
                 1.21875       2.675262494072558   5.432757749544655e-12
                 1.21875       2.724349879284899   5.432757749544655e-12
                 1.21875       2.773437264497239   5.432757749544655e-12
                 1.21875        2.82252464970958   5.432757749544655e-12
                 1.21875        2.87161203492192   5.432757749544655e-12
                 1.21875       2.920699420134261   5.432757749544655e-12
                 1.21875       2.969786805346601   5.432757749544655e-12
                 1.21875       3.018874190558942   5.432757749544655e-12
                 1.21875       3.067961575771282   5.432757749544655e-12
                 1.21875       3.117048960983623   5.432757749544655e-12

                 1.28125     0.02454369260617026   2.941157367261323e-12
                 1.28125     0.07363107781851078   2.941157367261323e-12
                 1.28125      0.1227184630308513   2.941157367261323e-12
                 1.28125      0.1718058482431918   2.941157367261323e-12
                 1.28125      0.2208932334555323   2.941157367261323e-12
                 1.28125      0.2699806186678728   2.941157367261323e-12
                 1.28125      0.3190680038802134   2.941157367261323e-12
                 1.28125      0.3681553890925539   2.941157367261323e-12
                 1.28125      0.4172427743048944   2.941157367261323e-12
                 1.28125      0.4663301595172349   2.941157367261323e-12
                 1.28125      0.5154175447295755   2.941157367261323e-12
                 1.28125      0.5645049299419159   2.941157367261323e-12
                 1.28125      0.6135923151542565   2.941157367261323e-12
                 1.28125       0.662679700366597   2.941157367261323e-12
                 1.28125      0.7117670855789375   2.941157367261323e-12
                 1.28125       0.760854470791278   2.941157367261323e-12
                 1.28125      0.8099418560036186   2.941157367261323e-12
                 1.28125       0.859029241215959   2.941157367261323e-12
                 1.28125      0.9081166264282996   2.941157367261323e-12
                 1.28125      0.9572040116406401   2.941157367261323e-12
                 1.28125       1.006291396852981   2.941157367261323e-12
                 1.28125       1.055378782065321   2.941157367261323e-12
                 1.28125       1.104466167277662   2.941157367261323e-12
                 1.28125       1.153553552490002   2.941157367261323e-12
                 1.28125       1.202640937702343   2.941157367261323e-12
                 1.28125       1.251728322914683   2.941157367261323e-12
                 1.28125       1.300815708127024   2.941157367261323e-12
                 1.28125       1.349903093339364   2.941157367261323e-12
                 1.28125       1.398990478551705   2.941157367261323e-12
                 1.28125       1.448077863764045   2.941157367261323e-12
                 1.28125       1.497165248976386   2.941157367261323e-12
                 1.28125       1.546252634188726   2.941157367261323e-12
                 1.28125       1.595340019401067   2.941157367261323e-12
                 1.28125       1.644427404613407   2.941157367261323e-12
                 1.28125       1.693514789825748   2.941157367261323e-12
                 1.28125       1.742602175038088   2.941157367261323e-12
                 1.28125       1.791689560250429   2.941157367261323e-12
                 1.28125       1.840776945462769   2.941157367261323e-12
                 1.28125        1.88986433067511   2.941157367261323e-12
                 1.28125       1.938951715887451   2.941157367261323e-12
                 1.28125       1.988039101099791   2.941157367261323e-12
                 1.28125       2.037126486312132   2.941157367261323e-12
                 1.28125       2.086213871524472   2.941157367261323e-12
                 1.28125       2.135301256736812   2.941157367261323e-12
                 1.28125       2.184388641949153   2.941157367261323e-12
                 1.28125       2.233476027161494   2.941157367261323e-12
                 1.28125       2.282563412373834   2.941157367261323e-12
                 1.28125       2.331650797586175   2.941157367261323e-12
                 1.28125       2.380738182798515   2.941157367261323e-12
                 1.28125       2.429825568010856   2.941157367261323e-12
                 1.28125       2.478912953223196   2.941157367261323e-12
                 1.28125       2.528000338435537   2.941157367261323e-12
                 1.28125       2.577087723647877   2.941157367261323e-12
                 1.28125       2.626175108860218   2.941157367261323e-12
                 1.28125       2.675262494072558   2.941157367261323e-12
                 1.28125       2.724349879284899   2.941157367261323e-12
                 1.28125       2.773437264497239   2.941157367261323e-12
                 1.28125        2.82252464970958   2.941157367261323e-12
                 1.28125        2.87161203492192   2.941157367261323e-12
                 1.28125       2.920699420134261   2.941157367261323e-12
                 1.28125       2.969786805346601   2.941157367261323e-12
                 1.28125       3.018874190558942   2.941157367261323e-12
                 1.28125       3.067961575771282   2.941157367261323e-12
                 1.28125       3.117048960983623   2.941157367261323e-12

                 1.34375     0.02454369260617026   1.837846609212344e-12
                 1.34375     0.07363107781851078   1.837846609212344e-12
                 1.34375      0.1227184630308513   1.837846609212344e-12
                 1.34375      0.1718058482431918   1.837846609212344e-12
                 1.34375      0.2208932334555323   1.837846609212344e-12
                 1.34375      0.2699806186678728   1.837846609212344e-12
                 1.34375      0.3190680038802134   1.837846609212344e-12
                 1.34375      0.3681553890925539   1.837846609212344e-12
                 1.34375      0.4172427743048944   1.837846609212344e-12
                 1.34375      0.4663301595172349   1.837846609212344e-12
                 1.34375      0.5154175447295755   1.837846609212344e-12
                 1.34375      0.5645049299419159   1.837846609212344e-12
                 1.34375      0.6135923151542565   1.837846609212344e-12
                 1.34375       0.662679700366597   1.837846609212344e-12
                 1.34375      0.7117670855789375   1.837846609212344e-12
                 1.34375       0.760854470791278   1.837846609212344e-12
                 1.34375      0.8099418560036186   1.837846609212344e-12
                 1.34375       0.859029241215959   1.837846609212344e-12
                 1.34375      0.9081166264282996   1.837846609212344e-12
                 1.34375      0.9572040116406401   1.837846609212344e-12
                 1.34375       1.006291396852981   1.837846609212344e-12
                 1.34375       1.055378782065321   1.837846609212344e-12
                 1.34375       1.104466167277662   1.837846609212344e-12
                 1.34375       1.153553552490002   1.837846609212344e-12
                 1.34375       1.202640937702343   1.837846609212344e-12
                 1.34375       1.251728322914683   1.837846609212344e-12
                 1.34375       1.300815708127024   1.837846609212344e-12
                 1.34375       1.349903093339364   1.837846609212344e-12
                 1.34375       1.398990478551705   1.837846609212344e-12
                 1.34375       1.448077863764045   1.837846609212344e-12
                 1.34375       1.497165248976386   1.837846609212344e-12
                 1.34375       1.546252634188726   1.837846609212344e-12
                 1.34375       1.595340019401067   1.837846609212344e-12
                 1.34375       1.644427404613407   1.837846609212344e-12
                 1.34375       1.693514789825748   1.837846609212344e-12
                 1.34375       1.742602175038088   1.837846609212344e-12
                 1.34375       1.791689560250429   1.837846609212344e-12
                 1.34375       1.840776945462769   1.837846609212344e-12
                 1.34375        1.88986433067511   1.837846609212344e-12
                 1.34375       1.938951715887451   1.837846609212344e-12
                 1.34375       1.988039101099791   1.837846609212344e-12
                 1.34375       2.037126486312132   1.837846609212344e-12
                 1.34375       2.086213871524472   1.837846609212344e-12
                 1.34375       2.135301256736812   1.837846609212344e-12
                 1.34375       2.184388641949153   1.837846609212344e-12
                 1.34375       2.233476027161494   1.837846609212344e-12
                 1.34375       2.282563412373834   1.837846609212344e-12
                 1.34375       2.331650797586175   1.837846609212344e-12
                 1.34375       2.380738182798515   1.837846609212344e-12
                 1.34375       2.429825568010856   1.837846609212344e-12
                 1.34375       2.478912953223196   1.837846609212344e-12
                 1.34375       2.528000338435537   1.837846609212344e-12
                 1.34375       2.577087723647877   1.837846609212344e-12
                 1.34375       2.626175108860218   1.837846609212344e-12
                 1.34375       2.675262494072558   1.837846609212344e-12
                 1.34375       2.724349879284899   1.837846609212344e-12
                 1.34375       2.773437264497239   1.837846609212344e-12
                 1.34375        2.82252464970958   1.837846609212344e-12
                 1.34375        2.87161203492192   1.837846609212344e-12
                 1.34375       2.920699420134261   1.837846609212344e-12
                 1.34375       2.969786805346601   1.837846609212344e-12
                 1.34375       3.018874190558942   1.837846609212344e-12
                 1.34375       3.067961575771282   1.837846609212344e-12
                 1.34375       3.117048960983623   1.837846609212344e-12

                 1.40625     0.02454369260617026   7.108648122032389e-13
                 1.40625     0.07363107781851078   7.108648122032389e-13
                 1.40625      0.1227184630308513   7.108648122032389e-13
                 1.40625      0.1718058482431918   7.108648122032389e-13
                 1.40625      0.2208932334555323   7.108648122032389e-13
                 1.40625      0.2699806186678728   7.108648122032389e-13
                 1.40625      0.3190680038802134   7.108648122032389e-13
                 1.40625      0.3681553890925539   7.108648122032389e-13
                 1.40625      0.4172427743048944   7.108648122032389e-13
                 1.40625      0.4663301595172349   7.108648122032389e-13
                 1.40625      0.5154175447295755   7.108648122032389e-13
                 1.40625      0.5645049299419159   7.108648122032389e-13
                 1.40625      0.6135923151542565   7.108648122032389e-13
                 1.40625       0.662679700366597   7.108648122032389e-13
                 1.40625      0.7117670855789375   7.108648122032389e-13
                 1.40625       0.760854470791278   7.108648122032389e-13
                 1.40625      0.8099418560036186   7.108648122032389e-13
                 1.40625       0.859029241215959   7.108648122032389e-13
                 1.40625      0.9081166264282996   7.108648122032389e-13
                 1.40625      0.9572040116406401   7.108648122032389e-13
                 1.40625       1.006291396852981   7.108648122032389e-13
                 1.40625       1.055378782065321   7.108648122032389e-13
                 1.40625       1.104466167277662   7.108648122032389e-13
                 1.40625       1.153553552490002   7.108648122032389e-13
                 1.40625       1.202640937702343   7.108648122032389e-13
                 1.40625       1.251728322914683   7.108648122032389e-13
                 1.40625       1.300815708127024   7.108648122032389e-13
                 1.40625       1.349903093339364   7.108648122032389e-13
                 1.40625       1.398990478551705   7.108648122032389e-13
                 1.40625       1.448077863764045   7.108648122032389e-13
                 1.40625       1.497165248976386   7.108648122032389e-13
                 1.40625       1.546252634188726   7.108648122032389e-13
                 1.40625       1.595340019401067   7.108648122032389e-13
                 1.40625       1.644427404613407   7.108648122032389e-13
                 1.40625       1.693514789825748   7.108648122032389e-13
                 1.40625       1.742602175038088   7.108648122032389e-13
                 1.40625       1.791689560250429   7.108648122032389e-13
                 1.40625       1.840776945462769   7.108648122032389e-13
                 1.40625        1.88986433067511   7.108648122032389e-13
                 1.40625       1.938951715887451   7.108648122032389e-13
                 1.40625       1.988039101099791   7.108648122032389e-13
                 1.40625       2.037126486312132   7.108648122032389e-13
                 1.40625       2.086213871524472   7.108648122032389e-13
                 1.40625       2.135301256736812   7.108648122032389e-13
                 1.40625       2.184388641949153   7.108648122032389e-13
                 1.40625       2.233476027161494   7.108648122032389e-13
                 1.40625       2.282563412373834   7.108648122032389e-13
                 1.40625       2.331650797586175   7.108648122032389e-13
                 1.40625       2.380738182798515   7.108648122032389e-13
                 1.40625       2.429825568010856   7.108648122032389e-13
                 1.40625       2.478912953223196   7.108648122032389e-13
                 1.40625       2.528000338435537   7.108648122032389e-13
                 1.40625       2.577087723647877   7.108648122032389e-13
                 1.40625       2.626175108860218   7.108648122032389e-13
                 1.40625       2.675262494072558   7.108648122032389e-13
                 1.40625       2.724349879284899   7.108648122032389e-13
                 1.40625       2.773437264497239   7.108648122032389e-13
                 1.40625        2.82252464970958   7.108648122032389e-13
                 1.40625        2.87161203492192   7.108648122032389e-13
                 1.40625       2.920699420134261   7.108648122032389e-13
                 1.40625       2.969786805346601   7.108648122032389e-13
                 1.40625       3.018874190558942   7.108648122032389e-13
                 1.40625       3.067961575771282   7.108648122032389e-13
                 1.40625       3.117048960983623   7.108648122032389e-13

                 1.46875     0.02454369260617026   3.078270787058114e-13
                 1.46875     0.07363107781851078   3.078270787058114e-13
                 1.46875      0.1227184630308513   3.078270787058114e-13
                 1.46875      0.1718058482431918   3.078270787058114e-13
                 1.46875      0.2208932334555323   3.078270787058114e-13
                 1.46875      0.2699806186678728   3.078270787058114e-13
                 1.46875      0.3190680038802134   3.078270787058114e-13
                 1.46875      0.3681553890925539   3.078270787058114e-13
                 1.46875      0.4172427743048944   3.078270787058114e-13
                 1.46875      0.4663301595172349   3.078270787058114e-13
                 1.46875      0.5154175447295755   3.078270787058114e-13
                 1.46875      0.5645049299419159   3.078270787058114e-13
                 1.46875      0.6135923151542565   3.078270787058114e-13
                 1.46875       0.662679700366597   3.078270787058114e-13
                 1.46875      0.7117670855789375   3.078270787058114e-13
                 1.46875       0.760854470791278   3.078270787058114e-13
                 1.46875      0.8099418560036186   3.078270787058114e-13
                 1.46875       0.859029241215959   3.078270787058114e-13
                 1.46875      0.9081166264282996   3.078270787058114e-13
                 1.46875      0.9572040116406401   3.078270787058114e-13
                 1.46875       1.006291396852981   3.078270787058114e-13
                 1.46875       1.055378782065321   3.078270787058114e-13
                 1.46875       1.104466167277662   3.078270787058114e-13
                 1.46875       1.153553552490002   3.078270787058114e-13
                 1.46875       1.202640937702343   3.078270787058114e-13
                 1.46875       1.251728322914683   3.078270787058114e-13
                 1.46875       1.300815708127024   3.078270787058114e-13
                 1.46875       1.349903093339364   3.078270787058114e-13
                 1.46875       1.398990478551705   3.078270787058114e-13
                 1.46875       1.448077863764045   3.078270787058114e-13
                 1.46875       1.497165248976386   3.078270787058114e-13
                 1.46875       1.546252634188726   3.078270787058114e-13
                 1.46875       1.595340019401067   3.078270787058114e-13
                 1.46875       1.644427404613407   3.078270787058114e-13
                 1.46875       1.693514789825748   3.078270787058114e-13
                 1.46875       1.742602175038088   3.078270787058114e-13
                 1.46875       1.791689560250429   3.078270787058114e-13
                 1.46875       1.840776945462769   3.078270787058114e-13
                 1.46875        1.88986433067511   3.078270787058114e-13
                 1.46875       1.938951715887451   3.078270787058114e-13
                 1.46875       1.988039101099791   3.078270787058114e-13
                 1.46875       2.037126486312132   3.078270787058114e-13
                 1.46875       2.086213871524472   3.078270787058114e-13
                 1.46875       2.135301256736812   3.078270787058114e-13
                 1.46875       2.184388641949153   3.078270787058114e-13
                 1.46875       2.233476027161494   3.078270787058114e-13
                 1.46875       2.282563412373834   3.078270787058114e-13
                 1.46875       2.331650797586175   3.078270787058114e-13
                 1.46875       2.380738182798515   3.078270787058114e-13
                 1.46875       2.429825568010856   3.078270787058114e-13
                 1.46875       2.478912953223196   3.078270787058114e-13
                 1.46875       2.528000338435537   3.078270787058114e-13
                 1.46875       2.577087723647877   3.078270787058114e-13
                 1.46875       2.626175108860218   3.078270787058114e-13
                 1.46875       2.675262494072558   3.078270787058114e-13
                 1.46875       2.724349879284899   3.078270787058114e-13
                 1.46875       2.773437264497239   3.078270787058114e-13
                 1.46875        2.82252464970958   3.078270787058114e-13
                 1.46875        2.87161203492192   3.078270787058114e-13
                 1.46875       2.920699420134261   3.078270787058114e-13
                 1.46875       2.969786805346601   3.078270787058114e-13
                 1.46875       3.018874190558942   3.078270787058114e-13
                 1.46875       3.067961575771282   3.078270787058114e-13
                 1.46875       3.117048960983623   3.078270787058114e-13

                 1.53125     0.02454369260617026   1.322886199675843e-14
                 1.53125     0.07363107781851078   1.322886199675843e-14
                 1.53125      0.1227184630308513   1.322886199675843e-14
                 1.53125      0.1718058482431918   1.322886199675843e-14
                 1.53125      0.2208932334555323   1.322886199675843e-14
                 1.53125      0.2699806186678728   1.322886199675843e-14
                 1.53125      0.3190680038802134   1.322886199675843e-14
                 1.53125      0.3681553890925539   1.322886199675843e-14
                 1.53125      0.4172427743048944   1.322886199675843e-14
                 1.53125      0.4663301595172349   1.322886199675843e-14
                 1.53125      0.5154175447295755   1.322886199675843e-14
                 1.53125      0.5645049299419159   1.322886199675843e-14
                 1.53125      0.6135923151542565   1.322886199675843e-14
                 1.53125       0.662679700366597   1.322886199675843e-14
                 1.53125      0.7117670855789375   1.322886199675843e-14
                 1.53125       0.760854470791278   1.322886199675843e-14
                 1.53125      0.8099418560036186   1.322886199675843e-14
                 1.53125       0.859029241215959   1.322886199675843e-14
                 1.53125      0.9081166264282996   1.322886199675843e-14
                 1.53125      0.9572040116406401   1.322886199675843e-14
                 1.53125       1.006291396852981   1.322886199675843e-14
                 1.53125       1.055378782065321   1.322886199675843e-14
                 1.53125       1.104466167277662   1.322886199675843e-14
                 1.53125       1.153553552490002   1.322886199675843e-14
                 1.53125       1.202640937702343   1.322886199675843e-14
                 1.53125       1.251728322914683   1.322886199675843e-14
                 1.53125       1.300815708127024   1.322886199675843e-14
                 1.53125       1.349903093339364   1.322886199675843e-14
                 1.53125       1.398990478551705   1.322886199675843e-14
                 1.53125       1.448077863764045   1.322886199675843e-14
                 1.53125       1.497165248976386   1.322886199675843e-14
                 1.53125       1.546252634188726   1.322886199675843e-14
                 1.53125       1.595340019401067   1.322886199675843e-14
                 1.53125       1.644427404613407   1.322886199675843e-14
                 1.53125       1.693514789825748   1.322886199675843e-14
                 1.53125       1.742602175038088   1.322886199675843e-14
                 1.53125       1.791689560250429   1.322886199675843e-14
                 1.53125       1.840776945462769   1.322886199675843e-14
                 1.53125        1.88986433067511   1.322886199675843e-14
                 1.53125       1.938951715887451   1.322886199675843e-14
                 1.53125       1.988039101099791   1.322886199675843e-14
                 1.53125       2.037126486312132   1.322886199675843e-14
                 1.53125       2.086213871524472   1.322886199675843e-14
                 1.53125       2.135301256736812   1.322886199675843e-14
                 1.53125       2.184388641949153   1.322886199675843e-14
                 1.53125       2.233476027161494   1.322886199675843e-14
                 1.53125       2.282563412373834   1.322886199675843e-14
                 1.53125       2.331650797586175   1.322886199675843e-14
                 1.53125       2.380738182798515   1.322886199675843e-14
                 1.53125       2.429825568010856   1.322886199675843e-14
                 1.53125       2.478912953223196   1.322886199675843e-14
                 1.53125       2.528000338435537   1.322886199675843e-14
                 1.53125       2.577087723647877   1.322886199675843e-14
                 1.53125       2.626175108860218   1.322886199675843e-14
                 1.53125       2.675262494072558   1.322886199675843e-14
                 1.53125       2.724349879284899   1.322886199675843e-14
                 1.53125       2.773437264497239   1.322886199675843e-14
                 1.53125        2.82252464970958   1.322886199675843e-14
                 1.53125        2.87161203492192   1.322886199675843e-14
                 1.53125       2.920699420134261   1.322886199675843e-14
                 1.53125       2.969786805346601   1.322886199675843e-14
                 1.53125       3.018874190558942   1.322886199675843e-14
                 1.53125       3.067961575771282   1.322886199675843e-14
                 1.53125       3.117048960983623   1.322886199675843e-14

                 1.59375     0.02454369260617026  -1.774763796478383e-13
                 1.59375     0.07363107781851078  -1.774763796478383e-13
                 1.59375      0.1227184630308513  -1.774763796478383e-13
                 1.59375      0.1718058482431918  -1.774763796478383e-13
                 1.59375      0.2208932334555323  -1.774763796478383e-13
                 1.59375      0.2699806186678728  -1.774763796478383e-13
                 1.59375      0.3190680038802134  -1.774763796478383e-13
                 1.59375      0.3681553890925539  -1.774763796478383e-13
                 1.59375      0.4172427743048944  -1.774763796478383e-13
                 1.59375      0.4663301595172349  -1.774763796478383e-13
                 1.59375      0.5154175447295755  -1.774763796478383e-13
                 1.59375      0.5645049299419159  -1.774763796478383e-13
                 1.59375      0.6135923151542565  -1.774763796478383e-13
                 1.59375       0.662679700366597  -1.774763796478383e-13
                 1.59375      0.7117670855789375  -1.774763796478383e-13
                 1.59375       0.760854470791278  -1.774763796478383e-13
                 1.59375      0.8099418560036186  -1.774763796478383e-13
                 1.59375       0.859029241215959  -1.774763796478383e-13
                 1.59375      0.9081166264282996  -1.774763796478383e-13
                 1.59375      0.9572040116406401  -1.774763796478383e-13
                 1.59375       1.006291396852981  -1.774763796478383e-13
                 1.59375       1.055378782065321  -1.774763796478383e-13
                 1.59375       1.104466167277662  -1.774763796478383e-13
                 1.59375       1.153553552490002  -1.774763796478383e-13
                 1.59375       1.202640937702343  -1.774763796478383e-13
                 1.59375       1.251728322914683  -1.774763796478383e-13
                 1.59375       1.300815708127024  -1.774763796478383e-13
                 1.59375       1.349903093339364  -1.774763796478383e-13
                 1.59375       1.398990478551705  -1.774763796478383e-13
                 1.59375       1.448077863764045  -1.774763796478383e-13
                 1.59375       1.497165248976386  -1.774763796478383e-13
                 1.59375       1.546252634188726  -1.774763796478383e-13
                 1.59375       1.595340019401067  -1.774763796478383e-13
                 1.59375       1.644427404613407  -1.774763796478383e-13
                 1.59375       1.693514789825748  -1.774763796478383e-13
                 1.59375       1.742602175038088  -1.774763796478383e-13
                 1.59375       1.791689560250429  -1.774763796478383e-13
                 1.59375       1.840776945462769  -1.774763796478383e-13
                 1.59375        1.88986433067511  -1.774763796478383e-13
                 1.59375       1.938951715887451  -1.774763796478383e-13
                 1.59375       1.988039101099791  -1.774763796478383e-13
                 1.59375       2.037126486312132  -1.774763796478383e-13
                 1.59375       2.086213871524472  -1.774763796478383e-13
                 1.59375       2.135301256736812  -1.774763796478383e-13
                 1.59375       2.184388641949153  -1.774763796478383e-13
                 1.59375       2.233476027161494  -1.774763796478383e-13
                 1.59375       2.282563412373834  -1.774763796478383e-13
                 1.59375       2.331650797586175  -1.774763796478383e-13
                 1.59375       2.380738182798515  -1.774763796478383e-13
                 1.59375       2.429825568010856  -1.774763796478383e-13
                 1.59375       2.478912953223196  -1.774763796478383e-13
                 1.59375       2.528000338435537  -1.774763796478383e-13
                 1.59375       2.577087723647877  -1.774763796478383e-13
                 1.59375       2.626175108860218  -1.774763796478383e-13
                 1.59375       2.675262494072558  -1.774763796478383e-13
                 1.59375       2.724349879284899  -1.774763796478383e-13
                 1.59375       2.773437264497239  -1.774763796478383e-13
                 1.59375        2.82252464970958  -1.774763796478383e-13
                 1.59375        2.87161203492192  -1.774763796478383e-13
                 1.59375       2.920699420134261  -1.774763796478383e-13
                 1.59375       2.969786805346601  -1.774763796478383e-13
                 1.59375       3.018874190558942  -1.774763796478383e-13
                 1.59375       3.067961575771282  -1.774763796478383e-13
                 1.59375       3.117048960983623  -1.774763796478383e-13

                 1.65625     0.02454369260617026  -3.604055336818679e-13
                 1.65625     0.07363107781851078  -3.604055336818679e-13
                 1.65625      0.1227184630308513  -3.604055336818679e-13
                 1.65625      0.1718058482431918  -3.604055336818679e-13
                 1.65625      0.2208932334555323  -3.604055336818679e-13
                 1.65625      0.2699806186678728  -3.604055336818679e-13
                 1.65625      0.3190680038802134  -3.604055336818679e-13
                 1.65625      0.3681553890925539  -3.604055336818679e-13
                 1.65625      0.4172427743048944  -3.604055336818679e-13
                 1.65625      0.4663301595172349  -3.604055336818679e-13
                 1.65625      0.5154175447295755  -3.604055336818679e-13
                 1.65625      0.5645049299419159  -3.604055336818679e-13
                 1.65625      0.6135923151542565  -3.604055336818679e-13
                 1.65625       0.662679700366597  -3.604055336818679e-13
                 1.65625      0.7117670855789375  -3.604055336818679e-13
                 1.65625       0.760854470791278  -3.604055336818679e-13
                 1.65625      0.8099418560036186  -3.604055336818679e-13
                 1.65625       0.859029241215959  -3.604055336818679e-13
                 1.65625      0.9081166264282996  -3.604055336818679e-13
                 1.65625      0.9572040116406401  -3.604055336818679e-13
                 1.65625       1.006291396852981  -3.604055336818679e-13
                 1.65625       1.055378782065321  -3.604055336818679e-13
                 1.65625       1.104466167277662  -3.604055336818679e-13
                 1.65625       1.153553552490002  -3.604055336818679e-13
                 1.65625       1.202640937702343  -3.604055336818679e-13
                 1.65625       1.251728322914683  -3.604055336818679e-13
                 1.65625       1.300815708127024  -3.604055336818679e-13
                 1.65625       1.349903093339364  -3.604055336818679e-13
                 1.65625       1.398990478551705  -3.604055336818679e-13
                 1.65625       1.448077863764045  -3.604055336818679e-13
                 1.65625       1.497165248976386  -3.604055336818679e-13
                 1.65625       1.546252634188726  -3.604055336818679e-13
                 1.65625       1.595340019401067  -3.604055336818679e-13
                 1.65625       1.644427404613407  -3.604055336818679e-13
                 1.65625       1.693514789825748  -3.604055336818679e-13
                 1.65625       1.742602175038088  -3.604055336818679e-13
                 1.65625       1.791689560250429  -3.604055336818679e-13
                 1.65625       1.840776945462769  -3.604055336818679e-13
                 1.65625        1.88986433067511  -3.604055336818679e-13
                 1.65625       1.938951715887451  -3.604055336818679e-13
                 1.65625       1.988039101099791  -3.604055336818679e-13
                 1.65625       2.037126486312132  -3.604055336818679e-13
                 1.65625       2.086213871524472  -3.604055336818679e-13
                 1.65625       2.135301256736812  -3.604055336818679e-13
                 1.65625       2.184388641949153  -3.604055336818679e-13
                 1.65625       2.233476027161494  -3.604055336818679e-13
                 1.65625       2.282563412373834  -3.604055336818679e-13
                 1.65625       2.331650797586175  -3.604055336818679e-13
                 1.65625       2.380738182798515  -3.604055336818679e-13
                 1.65625       2.429825568010856  -3.604055336818679e-13
                 1.65625       2.478912953223196  -3.604055336818679e-13
                 1.65625       2.528000338435537  -3.604055336818679e-13
                 1.65625       2.577087723647877  -3.604055336818679e-13
                 1.65625       2.626175108860218  -3.604055336818679e-13
                 1.65625       2.675262494072558  -3.604055336818679e-13
                 1.65625       2.724349879284899  -3.604055336818679e-13
                 1.65625       2.773437264497239  -3.604055336818679e-13
                 1.65625        2.82252464970958  -3.604055336818679e-13
                 1.65625        2.87161203492192  -3.604055336818679e-13
                 1.65625       2.920699420134261  -3.604055336818679e-13
                 1.65625       2.969786805346601  -3.604055336818679e-13
                 1.65625       3.018874190558942  -3.604055336818679e-13
                 1.65625       3.067961575771282  -3.604055336818679e-13
                 1.65625       3.117048960983623  -3.604055336818679e-13

                 1.71875     0.02454369260617026  -5.351351895108217e-13
                 1.71875     0.07363107781851078  -5.351351895108217e-13
                 1.71875      0.1227184630308513  -5.351351895108217e-13
                 1.71875      0.1718058482431918  -5.351351895108217e-13
                 1.71875      0.2208932334555323  -5.351351895108217e-13
                 1.71875      0.2699806186678728  -5.351351895108217e-13
                 1.71875      0.3190680038802134  -5.351351895108217e-13
                 1.71875      0.3681553890925539  -5.351351895108217e-13
                 1.71875      0.4172427743048944  -5.351351895108217e-13
                 1.71875      0.4663301595172349  -5.351351895108217e-13
                 1.71875      0.5154175447295755  -5.351351895108217e-13
                 1.71875      0.5645049299419159  -5.351351895108217e-13
                 1.71875      0.6135923151542565  -5.351351895108217e-13
                 1.71875       0.662679700366597  -5.351351895108217e-13
                 1.71875      0.7117670855789375  -5.351351895108217e-13
                 1.71875       0.760854470791278  -5.351351895108217e-13
                 1.71875      0.8099418560036186  -5.351351895108217e-13
                 1.71875       0.859029241215959  -5.351351895108217e-13
                 1.71875      0.9081166264282996  -5.351351895108217e-13
                 1.71875      0.9572040116406401  -5.351351895108217e-13
                 1.71875       1.006291396852981  -5.351351895108217e-13
                 1.71875       1.055378782065321  -5.351351895108217e-13
                 1.71875       1.104466167277662  -5.351351895108217e-13
                 1.71875       1.153553552490002  -5.351351895108217e-13
                 1.71875       1.202640937702343  -5.351351895108217e-13
                 1.71875       1.251728322914683  -5.351351895108217e-13
                 1.71875       1.300815708127024  -5.351351895108217e-13
                 1.71875       1.349903093339364  -5.351351895108217e-13
                 1.71875       1.398990478551705  -5.351351895108217e-13
                 1.71875       1.448077863764045  -5.351351895108217e-13
                 1.71875       1.497165248976386  -5.351351895108217e-13
                 1.71875       1.546252634188726  -5.351351895108217e-13
                 1.71875       1.595340019401067  -5.351351895108217e-13
                 1.71875       1.644427404613407  -5.351351895108217e-13
                 1.71875       1.693514789825748  -5.351351895108217e-13
                 1.71875       1.742602175038088  -5.351351895108217e-13
                 1.71875       1.791689560250429  -5.351351895108217e-13
                 1.71875       1.840776945462769  -5.351351895108217e-13
                 1.71875        1.88986433067511  -5.351351895108217e-13
                 1.71875       1.938951715887451  -5.351351895108217e-13
                 1.71875       1.988039101099791  -5.351351895108217e-13
                 1.71875       2.037126486312132  -5.351351895108217e-13
                 1.71875       2.086213871524472  -5.351351895108217e-13
                 1.71875       2.135301256736812  -5.351351895108217e-13
                 1.71875       2.184388641949153  -5.351351895108217e-13
                 1.71875       2.233476027161494  -5.351351895108217e-13
                 1.71875       2.282563412373834  -5.351351895108217e-13
                 1.71875       2.331650797586175  -5.351351895108217e-13
                 1.71875       2.380738182798515  -5.351351895108217e-13
                 1.71875       2.429825568010856  -5.351351895108217e-13
                 1.71875       2.478912953223196  -5.351351895108217e-13
                 1.71875       2.528000338435537  -5.351351895108217e-13
                 1.71875       2.577087723647877  -5.351351895108217e-13
                 1.71875       2.626175108860218  -5.351351895108217e-13
                 1.71875       2.675262494072558  -5.351351895108217e-13
                 1.71875       2.724349879284899  -5.351351895108217e-13
                 1.71875       2.773437264497239  -5.351351895108217e-13
                 1.71875        2.82252464970958  -5.351351895108217e-13
                 1.71875        2.87161203492192  -5.351351895108217e-13
                 1.71875       2.920699420134261  -5.351351895108217e-13
                 1.71875       2.969786805346601  -5.351351895108217e-13
                 1.71875       3.018874190558942  -5.351351895108217e-13
                 1.71875       3.067961575771282  -5.351351895108217e-13
                 1.71875       3.117048960983623  -5.351351895108217e-13

                 1.78125     0.02454369260617026   -5.82711932535745e-13
                 1.78125     0.07363107781851078   -5.82711932535745e-13
                 1.78125      0.1227184630308513   -5.82711932535745e-13
                 1.78125      0.1718058482431918   -5.82711932535745e-13
                 1.78125      0.2208932334555323   -5.82711932535745e-13
                 1.78125      0.2699806186678728   -5.82711932535745e-13
                 1.78125      0.3190680038802134   -5.82711932535745e-13
                 1.78125      0.3681553890925539   -5.82711932535745e-13
                 1.78125      0.4172427743048944   -5.82711932535745e-13
                 1.78125      0.4663301595172349   -5.82711932535745e-13
                 1.78125      0.5154175447295755   -5.82711932535745e-13
                 1.78125      0.5645049299419159   -5.82711932535745e-13
                 1.78125      0.6135923151542565   -5.82711932535745e-13
                 1.78125       0.662679700366597   -5.82711932535745e-13
                 1.78125      0.7117670855789375   -5.82711932535745e-13
                 1.78125       0.760854470791278   -5.82711932535745e-13
                 1.78125      0.8099418560036186   -5.82711932535745e-13
                 1.78125       0.859029241215959   -5.82711932535745e-13
                 1.78125      0.9081166264282996   -5.82711932535745e-13
                 1.78125      0.9572040116406401   -5.82711932535745e-13
                 1.78125       1.006291396852981   -5.82711932535745e-13
                 1.78125       1.055378782065321   -5.82711932535745e-13
                 1.78125       1.104466167277662   -5.82711932535745e-13
                 1.78125       1.153553552490002   -5.82711932535745e-13
                 1.78125       1.202640937702343   -5.82711932535745e-13
                 1.78125       1.251728322914683   -5.82711932535745e-13
                 1.78125       1.300815708127024   -5.82711932535745e-13
                 1.78125       1.349903093339364   -5.82711932535745e-13
                 1.78125       1.398990478551705   -5.82711932535745e-13
                 1.78125       1.448077863764045   -5.82711932535745e-13
                 1.78125       1.497165248976386   -5.82711932535745e-13
                 1.78125       1.546252634188726   -5.82711932535745e-13
                 1.78125       1.595340019401067   -5.82711932535745e-13
                 1.78125       1.644427404613407   -5.82711932535745e-13
                 1.78125       1.693514789825748   -5.82711932535745e-13
                 1.78125       1.742602175038088   -5.82711932535745e-13
                 1.78125       1.791689560250429   -5.82711932535745e-13
                 1.78125       1.840776945462769   -5.82711932535745e-13
                 1.78125        1.88986433067511   -5.82711932535745e-13
                 1.78125       1.938951715887451   -5.82711932535745e-13
                 1.78125       1.988039101099791   -5.82711932535745e-13
                 1.78125       2.037126486312132   -5.82711932535745e-13
                 1.78125       2.086213871524472   -5.82711932535745e-13
                 1.78125       2.135301256736812   -5.82711932535745e-13
                 1.78125       2.184388641949153   -5.82711932535745e-13
                 1.78125       2.233476027161494   -5.82711932535745e-13
                 1.78125       2.282563412373834   -5.82711932535745e-13
                 1.78125       2.331650797586175   -5.82711932535745e-13
                 1.78125       2.380738182798515   -5.82711932535745e-13
                 1.78125       2.429825568010856   -5.82711932535745e-13
                 1.78125       2.478912953223196   -5.82711932535745e-13
                 1.78125       2.528000338435537   -5.82711932535745e-13
                 1.78125       2.577087723647877   -5.82711932535745e-13
                 1.78125       2.626175108860218   -5.82711932535745e-13
                 1.78125       2.675262494072558   -5.82711932535745e-13
                 1.78125       2.724349879284899   -5.82711932535745e-13
                 1.78125       2.773437264497239   -5.82711932535745e-13
                 1.78125        2.82252464970958   -5.82711932535745e-13
                 1.78125        2.87161203492192   -5.82711932535745e-13
                 1.78125       2.920699420134261   -5.82711932535745e-13
                 1.78125       2.969786805346601   -5.82711932535745e-13
                 1.78125       3.018874190558942   -5.82711932535745e-13
                 1.78125       3.067961575771282   -5.82711932535745e-13
                 1.78125       3.117048960983623   -5.82711932535745e-13

                 1.84375     0.02454369260617026  -7.596592567017474e-13
                 1.84375     0.07363107781851078  -7.596592567017474e-13
                 1.84375      0.1227184630308513  -7.596592567017474e-13
                 1.84375      0.1718058482431918  -7.596592567017474e-13
                 1.84375      0.2208932334555323  -7.596592567017474e-13
                 1.84375      0.2699806186678728  -7.596592567017474e-13
                 1.84375      0.3190680038802134  -7.596592567017474e-13
                 1.84375      0.3681553890925539  -7.596592567017474e-13
                 1.84375      0.4172427743048944  -7.596592567017474e-13
                 1.84375      0.4663301595172349  -7.596592567017474e-13
                 1.84375      0.5154175447295755  -7.596592567017474e-13
                 1.84375      0.5645049299419159  -7.596592567017474e-13
                 1.84375      0.6135923151542565  -7.596592567017474e-13
                 1.84375       0.662679700366597  -7.596592567017474e-13
                 1.84375      0.7117670855789375  -7.596592567017474e-13
                 1.84375       0.760854470791278  -7.596592567017474e-13
                 1.84375      0.8099418560036186  -7.596592567017474e-13
                 1.84375       0.859029241215959  -7.596592567017474e-13
                 1.84375      0.9081166264282996  -7.596592567017474e-13
                 1.84375      0.9572040116406401  -7.596592567017474e-13
                 1.84375       1.006291396852981  -7.596592567017474e-13
                 1.84375       1.055378782065321  -7.596592567017474e-13
                 1.84375       1.104466167277662  -7.596592567017474e-13
                 1.84375       1.153553552490002  -7.596592567017474e-13
                 1.84375       1.202640937702343  -7.596592567017474e-13
                 1.84375       1.251728322914683  -7.596592567017474e-13
                 1.84375       1.300815708127024  -7.596592567017474e-13
                 1.84375       1.349903093339364  -7.596592567017474e-13
                 1.84375       1.398990478551705  -7.596592567017474e-13
                 1.84375       1.448077863764045  -7.596592567017474e-13
                 1.84375       1.497165248976386  -7.596592567017474e-13
                 1.84375       1.546252634188726  -7.596592567017474e-13
                 1.84375       1.595340019401067  -7.596592567017474e-13
                 1.84375       1.644427404613407  -7.596592567017474e-13
                 1.84375       1.693514789825748  -7.596592567017474e-13
                 1.84375       1.742602175038088  -7.596592567017474e-13
                 1.84375       1.791689560250429  -7.596592567017474e-13
                 1.84375       1.840776945462769  -7.596592567017474e-13
                 1.84375        1.88986433067511  -7.596592567017474e-13
                 1.84375       1.938951715887451  -7.596592567017474e-13
                 1.84375       1.988039101099791  -7.596592567017474e-13
                 1.84375       2.037126486312132  -7.596592567017474e-13
                 1.84375       2.086213871524472  -7.596592567017474e-13
                 1.84375       2.135301256736812  -7.596592567017474e-13
                 1.84375       2.184388641949153  -7.596592567017474e-13
                 1.84375       2.233476027161494  -7.596592567017474e-13
                 1.84375       2.282563412373834  -7.596592567017474e-13
                 1.84375       2.331650797586175  -7.596592567017474e-13
                 1.84375       2.380738182798515  -7.596592567017474e-13
                 1.84375       2.429825568010856  -7.596592567017474e-13
                 1.84375       2.478912953223196  -7.596592567017474e-13
                 1.84375       2.528000338435537  -7.596592567017474e-13
                 1.84375       2.577087723647877  -7.596592567017474e-13
                 1.84375       2.626175108860218  -7.596592567017474e-13
                 1.84375       2.675262494072558  -7.596592567017474e-13
                 1.84375       2.724349879284899  -7.596592567017474e-13
                 1.84375       2.773437264497239  -7.596592567017474e-13
                 1.84375        2.82252464970958  -7.596592567017474e-13
                 1.84375        2.87161203492192  -7.596592567017474e-13
                 1.84375       2.920699420134261  -7.596592567017474e-13
                 1.84375       2.969786805346601  -7.596592567017474e-13
                 1.84375       3.018874190558942  -7.596592567017474e-13
                 1.84375       3.067961575771282  -7.596592567017474e-13
                 1.84375       3.117048960983623  -7.596592567017474e-13

                 1.90625     0.02454369260617026  -7.475490355099568e-13
                 1.90625     0.07363107781851078  -7.475490355099568e-13
                 1.90625      0.1227184630308513  -7.475490355099568e-13
                 1.90625      0.1718058482431918  -7.475490355099568e-13
                 1.90625      0.2208932334555323  -7.475490355099568e-13
                 1.90625      0.2699806186678728  -7.475490355099568e-13
                 1.90625      0.3190680038802134  -7.475490355099568e-13
                 1.90625      0.3681553890925539  -7.475490355099568e-13
                 1.90625      0.4172427743048944  -7.475490355099568e-13
                 1.90625      0.4663301595172349  -7.475490355099568e-13
                 1.90625      0.5154175447295755  -7.475490355099568e-13
                 1.90625      0.5645049299419159  -7.475490355099568e-13
                 1.90625      0.6135923151542565  -7.475490355099568e-13
                 1.90625       0.662679700366597  -7.475490355099568e-13
                 1.90625      0.7117670855789375  -7.475490355099568e-13
                 1.90625       0.760854470791278  -7.475490355099568e-13
                 1.90625      0.8099418560036186  -7.475490355099568e-13
                 1.90625       0.859029241215959  -7.475490355099568e-13
                 1.90625      0.9081166264282996  -7.475490355099568e-13
                 1.90625      0.9572040116406401  -7.475490355099568e-13
                 1.90625       1.006291396852981  -7.475490355099568e-13
                 1.90625       1.055378782065321  -7.475490355099568e-13
                 1.90625       1.104466167277662  -7.475490355099568e-13
                 1.90625       1.153553552490002  -7.475490355099568e-13
                 1.90625       1.202640937702343  -7.475490355099568e-13
                 1.90625       1.251728322914683  -7.475490355099568e-13
                 1.90625       1.300815708127024  -7.475490355099568e-13
                 1.90625       1.349903093339364  -7.475490355099568e-13
                 1.90625       1.398990478551705  -7.475490355099568e-13
                 1.90625       1.448077863764045  -7.475490355099568e-13
                 1.90625       1.497165248976386  -7.475490355099568e-13
                 1.90625       1.546252634188726  -7.475490355099568e-13
                 1.90625       1.595340019401067  -7.475490355099568e-13
                 1.90625       1.644427404613407  -7.475490355099568e-13
                 1.90625       1.693514789825748  -7.475490355099568e-13
                 1.90625       1.742602175038088  -7.475490355099568e-13
                 1.90625       1.791689560250429  -7.475490355099568e-13
                 1.90625       1.840776945462769  -7.475490355099568e-13
                 1.90625        1.88986433067511  -7.475490355099568e-13
                 1.90625       1.938951715887451  -7.475490355099568e-13
                 1.90625       1.988039101099791  -7.475490355099568e-13
                 1.90625       2.037126486312132  -7.475490355099568e-13
                 1.90625       2.086213871524472  -7.475490355099568e-13
                 1.90625       2.135301256736812  -7.475490355099568e-13
                 1.90625       2.184388641949153  -7.475490355099568e-13
                 1.90625       2.233476027161494  -7.475490355099568e-13
                 1.90625       2.282563412373834  -7.475490355099568e-13
                 1.90625       2.331650797586175  -7.475490355099568e-13
                 1.90625       2.380738182798515  -7.475490355099568e-13
                 1.90625       2.429825568010856  -7.475490355099568e-13
                 1.90625       2.478912953223196  -7.475490355099568e-13
                 1.90625       2.528000338435537  -7.475490355099568e-13
                 1.90625       2.577087723647877  -7.475490355099568e-13
                 1.90625       2.626175108860218  -7.475490355099568e-13
                 1.90625       2.675262494072558  -7.475490355099568e-13
                 1.90625       2.724349879284899  -7.475490355099568e-13
                 1.90625       2.773437264497239  -7.475490355099568e-13
                 1.90625        2.82252464970958  -7.475490355099568e-13
                 1.90625        2.87161203492192  -7.475490355099568e-13
                 1.90625       2.920699420134261  -7.475490355099568e-13
                 1.90625       2.969786805346601  -7.475490355099568e-13
                 1.90625       3.018874190558942  -7.475490355099568e-13
                 1.90625       3.067961575771282  -7.475490355099568e-13
                 1.90625       3.117048960983623  -7.475490355099568e-13

                 1.96875     0.02454369260617026  -6.040591965591295e-13
                 1.96875     0.07363107781851078  -6.040591965591295e-13
                 1.96875      0.1227184630308513  -6.040591965591295e-13
                 1.96875      0.1718058482431918  -6.040591965591295e-13
                 1.96875      0.2208932334555323  -6.040591965591295e-13
                 1.96875      0.2699806186678728  -6.040591965591295e-13
                 1.96875      0.3190680038802134  -6.040591965591295e-13
                 1.96875      0.3681553890925539  -6.040591965591295e-13
                 1.96875      0.4172427743048944  -6.040591965591295e-13
                 1.96875      0.4663301595172349  -6.040591965591295e-13
                 1.96875      0.5154175447295755  -6.040591965591295e-13
                 1.96875      0.5645049299419159  -6.040591965591295e-13
                 1.96875      0.6135923151542565  -6.040591965591295e-13
                 1.96875       0.662679700366597  -6.040591965591295e-13
                 1.96875      0.7117670855789375  -6.040591965591295e-13
                 1.96875       0.760854470791278  -6.040591965591295e-13
                 1.96875      0.8099418560036186  -6.040591965591295e-13
                 1.96875       0.859029241215959  -6.040591965591295e-13
                 1.96875      0.9081166264282996  -6.040591965591295e-13
                 1.96875      0.9572040116406401  -6.040591965591295e-13
                 1.96875       1.006291396852981  -6.040591965591295e-13
                 1.96875       1.055378782065321  -6.040591965591295e-13
                 1.96875       1.104466167277662  -6.040591965591295e-13
                 1.96875       1.153553552490002  -6.040591965591295e-13
                 1.96875       1.202640937702343  -6.040591965591295e-13
                 1.96875       1.251728322914683  -6.040591965591295e-13
                 1.96875       1.300815708127024  -6.040591965591295e-13
                 1.96875       1.349903093339364  -6.040591965591295e-13
                 1.96875       1.398990478551705  -6.040591965591295e-13
                 1.96875       1.448077863764045  -6.040591965591295e-13
                 1.96875       1.497165248976386  -6.040591965591295e-13
                 1.96875       1.546252634188726  -6.040591965591295e-13
                 1.96875       1.595340019401067  -6.040591965591295e-13
                 1.96875       1.644427404613407  -6.040591965591295e-13
                 1.96875       1.693514789825748  -6.040591965591295e-13
                 1.96875       1.742602175038088  -6.040591965591295e-13
                 1.96875       1.791689560250429  -6.040591965591295e-13
                 1.96875       1.840776945462769  -6.040591965591295e-13
                 1.96875        1.88986433067511  -6.040591965591295e-13
                 1.96875       1.938951715887451  -6.040591965591295e-13
                 1.96875       1.988039101099791  -6.040591965591295e-13
                 1.96875       2.037126486312132  -6.040591965591295e-13
                 1.96875       2.086213871524472  -6.040591965591295e-13
                 1.96875       2.135301256736812  -6.040591965591295e-13
                 1.96875       2.184388641949153  -6.040591965591295e-13
                 1.96875       2.233476027161494  -6.040591965591295e-13
                 1.96875       2.282563412373834  -6.040591965591295e-13
                 1.96875       2.331650797586175  -6.040591965591295e-13
                 1.96875       2.380738182798515  -6.040591965591295e-13
                 1.96875       2.429825568010856  -6.040591965591295e-13
                 1.96875       2.478912953223196  -6.040591965591295e-13
                 1.96875       2.528000338435537  -6.040591965591295e-13
                 1.96875       2.577087723647877  -6.040591965591295e-13
                 1.96875       2.626175108860218  -6.040591965591295e-13
                 1.96875       2.675262494072558  -6.040591965591295e-13
                 1.96875       2.724349879284899  -6.040591965591295e-13
                 1.96875       2.773437264497239  -6.040591965591295e-13
                 1.96875        2.82252464970958  -6.040591965591295e-13
                 1.96875        2.87161203492192  -6.040591965591295e-13
                 1.96875       2.920699420134261  -6.040591965591295e-13
                 1.96875       2.969786805346601  -6.040591965591295e-13
                 1.96875       3.018874190558942  -6.040591965591295e-13
                 1.96875       3.067961575771282  -6.040591965591295e-13
                 1.96875       3.117048960983623  -6.040591965591295e-13

                 2.03125     0.02454369260617026  -6.649650410049627e-13
                 2.03125     0.07363107781851078  -6.649650410049627e-13
                 2.03125      0.1227184630308513  -6.649650410049627e-13
                 2.03125      0.1718058482431918  -6.649650410049627e-13
                 2.03125      0.2208932334555323  -6.649650410049627e-13
                 2.03125      0.2699806186678728  -6.649650410049627e-13
                 2.03125      0.3190680038802134  -6.649650410049627e-13
                 2.03125      0.3681553890925539  -6.649650410049627e-13
                 2.03125      0.4172427743048944  -6.649650410049627e-13
                 2.03125      0.4663301595172349  -6.649650410049627e-13
                 2.03125      0.5154175447295755  -6.649650410049627e-13
                 2.03125      0.5645049299419159  -6.649650410049627e-13
                 2.03125      0.6135923151542565  -6.649650410049627e-13
                 2.03125       0.662679700366597  -6.649650410049627e-13
                 2.03125      0.7117670855789375  -6.649650410049627e-13
                 2.03125       0.760854470791278  -6.649650410049627e-13
                 2.03125      0.8099418560036186  -6.649650410049627e-13
                 2.03125       0.859029241215959  -6.649650410049627e-13
                 2.03125      0.9081166264282996  -6.649650410049627e-13
                 2.03125      0.9572040116406401  -6.649650410049627e-13
                 2.03125       1.006291396852981  -6.649650410049627e-13
                 2.03125       1.055378782065321  -6.649650410049627e-13
                 2.03125       1.104466167277662  -6.649650410049627e-13
                 2.03125       1.153553552490002  -6.649650410049627e-13
                 2.03125       1.202640937702343  -6.649650410049627e-13
                 2.03125       1.251728322914683  -6.649650410049627e-13
                 2.03125       1.300815708127024  -6.649650410049627e-13
                 2.03125       1.349903093339364  -6.649650410049627e-13
                 2.03125       1.398990478551705  -6.649650410049627e-13
                 2.03125       1.448077863764045  -6.649650410049627e-13
                 2.03125       1.497165248976386  -6.649650410049627e-13
                 2.03125       1.546252634188726  -6.649650410049627e-13
                 2.03125       1.595340019401067  -6.649650410049627e-13
                 2.03125       1.644427404613407  -6.649650410049627e-13
                 2.03125       1.693514789825748  -6.649650410049627e-13
                 2.03125       1.742602175038088  -6.649650410049627e-13
                 2.03125       1.791689560250429  -6.649650410049627e-13
                 2.03125       1.840776945462769  -6.649650410049627e-13
                 2.03125        1.88986433067511  -6.649650410049627e-13
                 2.03125       1.938951715887451  -6.649650410049627e-13
                 2.03125       1.988039101099791  -6.649650410049627e-13
                 2.03125       2.037126486312132  -6.649650410049627e-13
                 2.03125       2.086213871524472  -6.649650410049627e-13
                 2.03125       2.135301256736812  -6.649650410049627e-13
                 2.03125       2.184388641949153  -6.649650410049627e-13
                 2.03125       2.233476027161494  -6.649650410049627e-13
                 2.03125       2.282563412373834  -6.649650410049627e-13
                 2.03125       2.331650797586175  -6.649650410049627e-13
                 2.03125       2.380738182798515  -6.649650410049627e-13
                 2.03125       2.429825568010856  -6.649650410049627e-13
                 2.03125       2.478912953223196  -6.649650410049627e-13
                 2.03125       2.528000338435537  -6.649650410049627e-13
                 2.03125       2.577087723647877  -6.649650410049627e-13
                 2.03125       2.626175108860218  -6.649650410049627e-13
                 2.03125       2.675262494072558  -6.649650410049627e-13
                 2.03125       2.724349879284899  -6.649650410049627e-13
                 2.03125       2.773437264497239  -6.649650410049627e-13
                 2.03125        2.82252464970958  -6.649650410049627e-13
                 2.03125        2.87161203492192  -6.649650410049627e-13
                 2.03125       2.920699420134261  -6.649650410049627e-13
                 2.03125       2.969786805346601  -6.649650410049627e-13
                 2.03125       3.018874190558942  -6.649650410049627e-13
                 2.03125       3.067961575771282  -6.649650410049627e-13
                 2.03125       3.117048960983623  -6.649650410049627e-13

                 2.09375     0.02454369260617026  -6.757931556565075e-13
                 2.09375     0.07363107781851078  -6.757931556565075e-13
                 2.09375      0.1227184630308513  -6.757931556565075e-13
                 2.09375      0.1718058482431918  -6.757931556565075e-13
                 2.09375      0.2208932334555323  -6.757931556565075e-13
                 2.09375      0.2699806186678728  -6.757931556565075e-13
                 2.09375      0.3190680038802134  -6.757931556565075e-13
                 2.09375      0.3681553890925539  -6.757931556565075e-13
                 2.09375      0.4172427743048944  -6.757931556565075e-13
                 2.09375      0.4663301595172349  -6.757931556565075e-13
                 2.09375      0.5154175447295755  -6.757931556565075e-13
                 2.09375      0.5645049299419159  -6.757931556565075e-13
                 2.09375      0.6135923151542565  -6.757931556565075e-13
                 2.09375       0.662679700366597  -6.757931556565075e-13
                 2.09375      0.7117670855789375  -6.757931556565075e-13
                 2.09375       0.760854470791278  -6.757931556565075e-13
                 2.09375      0.8099418560036186  -6.757931556565075e-13
                 2.09375       0.859029241215959  -6.757931556565075e-13
                 2.09375      0.9081166264282996  -6.757931556565075e-13
                 2.09375      0.9572040116406401  -6.757931556565075e-13
                 2.09375       1.006291396852981  -6.757931556565075e-13
                 2.09375       1.055378782065321  -6.757931556565075e-13
                 2.09375       1.104466167277662  -6.757931556565075e-13
                 2.09375       1.153553552490002  -6.757931556565075e-13
                 2.09375       1.202640937702343  -6.757931556565075e-13
                 2.09375       1.251728322914683  -6.757931556565075e-13
                 2.09375       1.300815708127024  -6.757931556565075e-13
                 2.09375       1.349903093339364  -6.757931556565075e-13
                 2.09375       1.398990478551705  -6.757931556565075e-13
                 2.09375       1.448077863764045  -6.757931556565075e-13
                 2.09375       1.497165248976386  -6.757931556565075e-13
                 2.09375       1.546252634188726  -6.757931556565075e-13
                 2.09375       1.595340019401067  -6.757931556565075e-13
                 2.09375       1.644427404613407  -6.757931556565075e-13
                 2.09375       1.693514789825748  -6.757931556565075e-13
                 2.09375       1.742602175038088  -6.757931556565075e-13
                 2.09375       1.791689560250429  -6.757931556565075e-13
                 2.09375       1.840776945462769  -6.757931556565075e-13
                 2.09375        1.88986433067511  -6.757931556565075e-13
                 2.09375       1.938951715887451  -6.757931556565075e-13
                 2.09375       1.988039101099791  -6.757931556565075e-13
                 2.09375       2.037126486312132  -6.757931556565075e-13
                 2.09375       2.086213871524472  -6.757931556565075e-13
                 2.09375       2.135301256736812  -6.757931556565075e-13
                 2.09375       2.184388641949153  -6.757931556565075e-13
                 2.09375       2.233476027161494  -6.757931556565075e-13
                 2.09375       2.282563412373834  -6.757931556565075e-13
                 2.09375       2.331650797586175  -6.757931556565075e-13
                 2.09375       2.380738182798515  -6.757931556565075e-13
                 2.09375       2.429825568010856  -6.757931556565075e-13
                 2.09375       2.478912953223196  -6.757931556565075e-13
                 2.09375       2.528000338435537  -6.757931556565075e-13
                 2.09375       2.577087723647877  -6.757931556565075e-13
                 2.09375       2.626175108860218  -6.757931556565075e-13
                 2.09375       2.675262494072558  -6.757931556565075e-13
                 2.09375       2.724349879284899  -6.757931556565075e-13
                 2.09375       2.773437264497239  -6.757931556565075e-13
                 2.09375        2.82252464970958  -6.757931556565075e-13
                 2.09375        2.87161203492192  -6.757931556565075e-13
                 2.09375       2.920699420134261  -6.757931556565075e-13
                 2.09375       2.969786805346601  -6.757931556565075e-13
                 2.09375       3.018874190558942  -6.757931556565075e-13
                 2.09375       3.067961575771282  -6.757931556565075e-13
                 2.09375       3.117048960983623  -6.757931556565075e-13

                 2.15625     0.02454369260617026   -7.33378533348409e-13
                 2.15625     0.07363107781851078   -7.33378533348409e-13
                 2.15625      0.1227184630308513   -7.33378533348409e-13
                 2.15625      0.1718058482431918   -7.33378533348409e-13
                 2.15625      0.2208932334555323   -7.33378533348409e-13
                 2.15625      0.2699806186678728   -7.33378533348409e-13
                 2.15625      0.3190680038802134   -7.33378533348409e-13
                 2.15625      0.3681553890925539   -7.33378533348409e-13
                 2.15625      0.4172427743048944   -7.33378533348409e-13
                 2.15625      0.4663301595172349   -7.33378533348409e-13
                 2.15625      0.5154175447295755   -7.33378533348409e-13
                 2.15625      0.5645049299419159   -7.33378533348409e-13
                 2.15625      0.6135923151542565   -7.33378533348409e-13
                 2.15625       0.662679700366597   -7.33378533348409e-13
                 2.15625      0.7117670855789375   -7.33378533348409e-13
                 2.15625       0.760854470791278   -7.33378533348409e-13
                 2.15625      0.8099418560036186   -7.33378533348409e-13
                 2.15625       0.859029241215959   -7.33378533348409e-13
                 2.15625      0.9081166264282996   -7.33378533348409e-13
                 2.15625      0.9572040116406401   -7.33378533348409e-13
                 2.15625       1.006291396852981   -7.33378533348409e-13
                 2.15625       1.055378782065321   -7.33378533348409e-13
                 2.15625       1.104466167277662   -7.33378533348409e-13
                 2.15625       1.153553552490002   -7.33378533348409e-13
                 2.15625       1.202640937702343   -7.33378533348409e-13
                 2.15625       1.251728322914683   -7.33378533348409e-13
                 2.15625       1.300815708127024   -7.33378533348409e-13
                 2.15625       1.349903093339364   -7.33378533348409e-13
                 2.15625       1.398990478551705   -7.33378533348409e-13
                 2.15625       1.448077863764045   -7.33378533348409e-13
                 2.15625       1.497165248976386   -7.33378533348409e-13
                 2.15625       1.546252634188726   -7.33378533348409e-13
                 2.15625       1.595340019401067   -7.33378533348409e-13
                 2.15625       1.644427404613407   -7.33378533348409e-13
                 2.15625       1.693514789825748   -7.33378533348409e-13
                 2.15625       1.742602175038088   -7.33378533348409e-13
                 2.15625       1.791689560250429   -7.33378533348409e-13
                 2.15625       1.840776945462769   -7.33378533348409e-13
                 2.15625        1.88986433067511   -7.33378533348409e-13
                 2.15625       1.938951715887451   -7.33378533348409e-13
                 2.15625       1.988039101099791   -7.33378533348409e-13
                 2.15625       2.037126486312132   -7.33378533348409e-13
                 2.15625       2.086213871524472   -7.33378533348409e-13
                 2.15625       2.135301256736812   -7.33378533348409e-13
                 2.15625       2.184388641949153   -7.33378533348409e-13
                 2.15625       2.233476027161494   -7.33378533348409e-13
                 2.15625       2.282563412373834   -7.33378533348409e-13
                 2.15625       2.331650797586175   -7.33378533348409e-13
                 2.15625       2.380738182798515   -7.33378533348409e-13
                 2.15625       2.429825568010856   -7.33378533348409e-13
                 2.15625       2.478912953223196   -7.33378533348409e-13
                 2.15625       2.528000338435537   -7.33378533348409e-13
                 2.15625       2.577087723647877   -7.33378533348409e-13
                 2.15625       2.626175108860218   -7.33378533348409e-13
                 2.15625       2.675262494072558   -7.33378533348409e-13
                 2.15625       2.724349879284899   -7.33378533348409e-13
                 2.15625       2.773437264497239   -7.33378533348409e-13
                 2.15625        2.82252464970958   -7.33378533348409e-13
                 2.15625        2.87161203492192   -7.33378533348409e-13
                 2.15625       2.920699420134261   -7.33378533348409e-13
                 2.15625       2.969786805346601   -7.33378533348409e-13
                 2.15625       3.018874190558942   -7.33378533348409e-13
                 2.15625       3.067961575771282   -7.33378533348409e-13
                 2.15625       3.117048960983623   -7.33378533348409e-13

                 2.21875     0.02454369260617026  -4.691119835584966e-13
                 2.21875     0.07363107781851078  -4.691119835584966e-13
                 2.21875      0.1227184630308513  -4.691119835584966e-13
                 2.21875      0.1718058482431918  -4.691119835584966e-13
                 2.21875      0.2208932334555323  -4.691119835584966e-13
                 2.21875      0.2699806186678728  -4.691119835584966e-13
                 2.21875      0.3190680038802134  -4.691119835584966e-13
                 2.21875      0.3681553890925539  -4.691119835584966e-13
                 2.21875      0.4172427743048944  -4.691119835584966e-13
                 2.21875      0.4663301595172349  -4.691119835584966e-13
                 2.21875      0.5154175447295755  -4.691119835584966e-13
                 2.21875      0.5645049299419159  -4.691119835584966e-13
                 2.21875      0.6135923151542565  -4.691119835584966e-13
                 2.21875       0.662679700366597  -4.691119835584966e-13
                 2.21875      0.7117670855789375  -4.691119835584966e-13
                 2.21875       0.760854470791278  -4.691119835584966e-13
                 2.21875      0.8099418560036186  -4.691119835584966e-13
                 2.21875       0.859029241215959  -4.691119835584966e-13
                 2.21875      0.9081166264282996  -4.691119835584966e-13
                 2.21875      0.9572040116406401  -4.691119835584966e-13
                 2.21875       1.006291396852981  -4.691119835584966e-13
                 2.21875       1.055378782065321  -4.691119835584966e-13
                 2.21875       1.104466167277662  -4.691119835584966e-13
                 2.21875       1.153553552490002  -4.691119835584966e-13
                 2.21875       1.202640937702343  -4.691119835584966e-13
                 2.21875       1.251728322914683  -4.691119835584966e-13
                 2.21875       1.300815708127024  -4.691119835584966e-13
                 2.21875       1.349903093339364  -4.691119835584966e-13
                 2.21875       1.398990478551705  -4.691119835584966e-13
                 2.21875       1.448077863764045  -4.691119835584966e-13
                 2.21875       1.497165248976386  -4.691119835584966e-13
                 2.21875       1.546252634188726  -4.691119835584966e-13
                 2.21875       1.595340019401067  -4.691119835584966e-13
                 2.21875       1.644427404613407  -4.691119835584966e-13
                 2.21875       1.693514789825748  -4.691119835584966e-13
                 2.21875       1.742602175038088  -4.691119835584966e-13
                 2.21875       1.791689560250429  -4.691119835584966e-13
                 2.21875       1.840776945462769  -4.691119835584966e-13
                 2.21875        1.88986433067511  -4.691119835584966e-13
                 2.21875       1.938951715887451  -4.691119835584966e-13
                 2.21875       1.988039101099791  -4.691119835584966e-13
                 2.21875       2.037126486312132  -4.691119835584966e-13
                 2.21875       2.086213871524472  -4.691119835584966e-13
                 2.21875       2.135301256736812  -4.691119835584966e-13
                 2.21875       2.184388641949153  -4.691119835584966e-13
                 2.21875       2.233476027161494  -4.691119835584966e-13
                 2.21875       2.282563412373834  -4.691119835584966e-13
                 2.21875       2.331650797586175  -4.691119835584966e-13
                 2.21875       2.380738182798515  -4.691119835584966e-13
                 2.21875       2.429825568010856  -4.691119835584966e-13
                 2.21875       2.478912953223196  -4.691119835584966e-13
                 2.21875       2.528000338435537  -4.691119835584966e-13
                 2.21875       2.577087723647877  -4.691119835584966e-13
                 2.21875       2.626175108860218  -4.691119835584966e-13
                 2.21875       2.675262494072558  -4.691119835584966e-13
                 2.21875       2.724349879284899  -4.691119835584966e-13
                 2.21875       2.773437264497239  -4.691119835584966e-13
                 2.21875        2.82252464970958  -4.691119835584966e-13
                 2.21875        2.87161203492192  -4.691119835584966e-13
                 2.21875       2.920699420134261  -4.691119835584966e-13
                 2.21875       2.969786805346601  -4.691119835584966e-13
                 2.21875       3.018874190558942  -4.691119835584966e-13
                 2.21875       3.067961575771282  -4.691119835584966e-13
                 2.21875       3.117048960983623  -4.691119835584966e-13

                 2.28125     0.02454369260617026  -6.024747449356952e-13
                 2.28125     0.07363107781851078  -6.024747449356952e-13
                 2.28125      0.1227184630308513  -6.024747449356952e-13
                 2.28125      0.1718058482431918  -6.024747449356952e-13
                 2.28125      0.2208932334555323  -6.024747449356952e-13
                 2.28125      0.2699806186678728  -6.024747449356952e-13
                 2.28125      0.3190680038802134  -6.024747449356952e-13
                 2.28125      0.3681553890925539  -6.024747449356952e-13
                 2.28125      0.4172427743048944  -6.024747449356952e-13
                 2.28125      0.4663301595172349  -6.024747449356952e-13
                 2.28125      0.5154175447295755  -6.024747449356952e-13
                 2.28125      0.5645049299419159  -6.024747449356952e-13
                 2.28125      0.6135923151542565  -6.024747449356952e-13
                 2.28125       0.662679700366597  -6.024747449356952e-13
                 2.28125      0.7117670855789375  -6.024747449356952e-13
                 2.28125       0.760854470791278  -6.024747449356952e-13
                 2.28125      0.8099418560036186  -6.024747449356952e-13
                 2.28125       0.859029241215959  -6.024747449356952e-13
                 2.28125      0.9081166264282996  -6.024747449356952e-13
                 2.28125      0.9572040116406401  -6.024747449356952e-13
                 2.28125       1.006291396852981  -6.024747449356952e-13
                 2.28125       1.055378782065321  -6.024747449356952e-13
                 2.28125       1.104466167277662  -6.024747449356952e-13
                 2.28125       1.153553552490002  -6.024747449356952e-13
                 2.28125       1.202640937702343  -6.024747449356952e-13
                 2.28125       1.251728322914683  -6.024747449356952e-13
                 2.28125       1.300815708127024  -6.024747449356952e-13
                 2.28125       1.349903093339364  -6.024747449356952e-13
                 2.28125       1.398990478551705  -6.024747449356952e-13
                 2.28125       1.448077863764045  -6.024747449356952e-13
                 2.28125       1.497165248976386  -6.024747449356952e-13
                 2.28125       1.546252634188726  -6.024747449356952e-13
                 2.28125       1.595340019401067  -6.024747449356952e-13
                 2.28125       1.644427404613407  -6.024747449356952e-13
                 2.28125       1.693514789825748  -6.024747449356952e-13
                 2.28125       1.742602175038088  -6.024747449356952e-13
                 2.28125       1.791689560250429  -6.024747449356952e-13
                 2.28125       1.840776945462769  -6.024747449356952e-13
                 2.28125        1.88986433067511  -6.024747449356952e-13
                 2.28125       1.938951715887451  -6.024747449356952e-13
                 2.28125       1.988039101099791  -6.024747449356952e-13
                 2.28125       2.037126486312132  -6.024747449356952e-13
                 2.28125       2.086213871524472  -6.024747449356952e-13
                 2.28125       2.135301256736812  -6.024747449356952e-13
                 2.28125       2.184388641949153  -6.024747449356952e-13
                 2.28125       2.233476027161494  -6.024747449356952e-13
                 2.28125       2.282563412373834  -6.024747449356952e-13
                 2.28125       2.331650797586175  -6.024747449356952e-13
                 2.28125       2.380738182798515  -6.024747449356952e-13
                 2.28125       2.429825568010856  -6.024747449356952e-13
                 2.28125       2.478912953223196  -6.024747449356952e-13
                 2.28125       2.528000338435537  -6.024747449356952e-13
                 2.28125       2.577087723647877  -6.024747449356952e-13
                 2.28125       2.626175108860218  -6.024747449356952e-13
                 2.28125       2.675262494072558  -6.024747449356952e-13
                 2.28125       2.724349879284899  -6.024747449356952e-13
                 2.28125       2.773437264497239  -6.024747449356952e-13
                 2.28125        2.82252464970958  -6.024747449356952e-13
                 2.28125        2.87161203492192  -6.024747449356952e-13
                 2.28125       2.920699420134261  -6.024747449356952e-13
                 2.28125       2.969786805346601  -6.024747449356952e-13
                 2.28125       3.018874190558942  -6.024747449356952e-13
                 2.28125       3.067961575771282  -6.024747449356952e-13
                 2.28125       3.117048960983623  -6.024747449356952e-13

                 2.34375     0.02454369260617026  -3.779597743490206e-13
                 2.34375     0.07363107781851078  -3.779597743490206e-13
                 2.34375      0.1227184630308513  -3.779597743490206e-13
                 2.34375      0.1718058482431918  -3.779597743490206e-13
                 2.34375      0.2208932334555323  -3.779597743490206e-13
                 2.34375      0.2699806186678728  -3.779597743490206e-13
                 2.34375      0.3190680038802134  -3.779597743490206e-13
                 2.34375      0.3681553890925539  -3.779597743490206e-13
                 2.34375      0.4172427743048944  -3.779597743490206e-13
                 2.34375      0.4663301595172349  -3.779597743490206e-13
                 2.34375      0.5154175447295755  -3.779597743490206e-13
                 2.34375      0.5645049299419159  -3.779597743490206e-13
                 2.34375      0.6135923151542565  -3.779597743490206e-13
                 2.34375       0.662679700366597  -3.779597743490206e-13
                 2.34375      0.7117670855789375  -3.779597743490206e-13
                 2.34375       0.760854470791278  -3.779597743490206e-13
                 2.34375      0.8099418560036186  -3.779597743490206e-13
                 2.34375       0.859029241215959  -3.779597743490206e-13
                 2.34375      0.9081166264282996  -3.779597743490206e-13
                 2.34375      0.9572040116406401  -3.779597743490206e-13
                 2.34375       1.006291396852981  -3.779597743490206e-13
                 2.34375       1.055378782065321  -3.779597743490206e-13
                 2.34375       1.104466167277662  -3.779597743490206e-13
                 2.34375       1.153553552490002  -3.779597743490206e-13
                 2.34375       1.202640937702343  -3.779597743490206e-13
                 2.34375       1.251728322914683  -3.779597743490206e-13
                 2.34375       1.300815708127024  -3.779597743490206e-13
                 2.34375       1.349903093339364  -3.779597743490206e-13
                 2.34375       1.398990478551705  -3.779597743490206e-13
                 2.34375       1.448077863764045  -3.779597743490206e-13
                 2.34375       1.497165248976386  -3.779597743490206e-13
                 2.34375       1.546252634188726  -3.779597743490206e-13
                 2.34375       1.595340019401067  -3.779597743490206e-13
                 2.34375       1.644427404613407  -3.779597743490206e-13
                 2.34375       1.693514789825748  -3.779597743490206e-13
                 2.34375       1.742602175038088  -3.779597743490206e-13
                 2.34375       1.791689560250429  -3.779597743490206e-13
                 2.34375       1.840776945462769  -3.779597743490206e-13
                 2.34375        1.88986433067511  -3.779597743490206e-13
                 2.34375       1.938951715887451  -3.779597743490206e-13
                 2.34375       1.988039101099791  -3.779597743490206e-13
                 2.34375       2.037126486312132  -3.779597743490206e-13
                 2.34375       2.086213871524472  -3.779597743490206e-13
                 2.34375       2.135301256736812  -3.779597743490206e-13
                 2.34375       2.184388641949153  -3.779597743490206e-13
                 2.34375       2.233476027161494  -3.779597743490206e-13
                 2.34375       2.282563412373834  -3.779597743490206e-13
                 2.34375       2.331650797586175  -3.779597743490206e-13
                 2.34375       2.380738182798515  -3.779597743490206e-13
                 2.34375       2.429825568010856  -3.779597743490206e-13
                 2.34375       2.478912953223196  -3.779597743490206e-13
                 2.34375       2.528000338435537  -3.779597743490206e-13
                 2.34375       2.577087723647877  -3.779597743490206e-13
                 2.34375       2.626175108860218  -3.779597743490206e-13
                 2.34375       2.675262494072558  -3.779597743490206e-13
                 2.34375       2.724349879284899  -3.779597743490206e-13
                 2.34375       2.773437264497239  -3.779597743490206e-13
                 2.34375        2.82252464970958  -3.779597743490206e-13
                 2.34375        2.87161203492192  -3.779597743490206e-13
                 2.34375       2.920699420134261  -3.779597743490206e-13
                 2.34375       2.969786805346601  -3.779597743490206e-13
                 2.34375       3.018874190558942  -3.779597743490206e-13
                 2.34375       3.067961575771282  -3.779597743490206e-13
                 2.34375       3.117048960983623  -3.779597743490206e-13

                 2.40625     0.02454369260617026  -4.457276642683258e-13
                 2.40625     0.07363107781851078  -4.457276642683258e-13
                 2.40625      0.1227184630308513  -4.457276642683258e-13
                 2.40625      0.1718058482431918  -4.457276642683258e-13
                 2.40625      0.2208932334555323  -4.457276642683258e-13
                 2.40625      0.2699806186678728  -4.457276642683258e-13
                 2.40625      0.3190680038802134  -4.457276642683258e-13
                 2.40625      0.3681553890925539  -4.457276642683258e-13
                 2.40625      0.4172427743048944  -4.457276642683258e-13
                 2.40625      0.4663301595172349  -4.457276642683258e-13
                 2.40625      0.5154175447295755  -4.457276642683258e-13
                 2.40625      0.5645049299419159  -4.457276642683258e-13
                 2.40625      0.6135923151542565  -4.457276642683258e-13
                 2.40625       0.662679700366597  -4.457276642683258e-13
                 2.40625      0.7117670855789375  -4.457276642683258e-13
                 2.40625       0.760854470791278  -4.457276642683258e-13
                 2.40625      0.8099418560036186  -4.457276642683258e-13
                 2.40625       0.859029241215959  -4.457276642683258e-13
                 2.40625      0.9081166264282996  -4.457276642683258e-13
                 2.40625      0.9572040116406401  -4.457276642683258e-13
                 2.40625       1.006291396852981  -4.457276642683258e-13
                 2.40625       1.055378782065321  -4.457276642683258e-13
                 2.40625       1.104466167277662  -4.457276642683258e-13
                 2.40625       1.153553552490002  -4.457276642683258e-13
                 2.40625       1.202640937702343  -4.457276642683258e-13
                 2.40625       1.251728322914683  -4.457276642683258e-13
                 2.40625       1.300815708127024  -4.457276642683258e-13
                 2.40625       1.349903093339364  -4.457276642683258e-13
                 2.40625       1.398990478551705  -4.457276642683258e-13
                 2.40625       1.448077863764045  -4.457276642683258e-13
                 2.40625       1.497165248976386  -4.457276642683258e-13
                 2.40625       1.546252634188726  -4.457276642683258e-13
                 2.40625       1.595340019401067  -4.457276642683258e-13
                 2.40625       1.644427404613407  -4.457276642683258e-13
                 2.40625       1.693514789825748  -4.457276642683258e-13
                 2.40625       1.742602175038088  -4.457276642683258e-13
                 2.40625       1.791689560250429  -4.457276642683258e-13
                 2.40625       1.840776945462769  -4.457276642683258e-13
                 2.40625        1.88986433067511  -4.457276642683258e-13
                 2.40625       1.938951715887451  -4.457276642683258e-13
                 2.40625       1.988039101099791  -4.457276642683258e-13
                 2.40625       2.037126486312132  -4.457276642683258e-13
                 2.40625       2.086213871524472  -4.457276642683258e-13
                 2.40625       2.135301256736812  -4.457276642683258e-13
                 2.40625       2.184388641949153  -4.457276642683258e-13
                 2.40625       2.233476027161494  -4.457276642683258e-13
                 2.40625       2.282563412373834  -4.457276642683258e-13
                 2.40625       2.331650797586175  -4.457276642683258e-13
                 2.40625       2.380738182798515  -4.457276642683258e-13
                 2.40625       2.429825568010856  -4.457276642683258e-13
                 2.40625       2.478912953223196  -4.457276642683258e-13
                 2.40625       2.528000338435537  -4.457276642683258e-13
                 2.40625       2.577087723647877  -4.457276642683258e-13
                 2.40625       2.626175108860218  -4.457276642683258e-13
                 2.40625       2.675262494072558  -4.457276642683258e-13
                 2.40625       2.724349879284899  -4.457276642683258e-13
                 2.40625       2.773437264497239  -4.457276642683258e-13
                 2.40625        2.82252464970958  -4.457276642683258e-13
                 2.40625        2.87161203492192  -4.457276642683258e-13
                 2.40625       2.920699420134261  -4.457276642683258e-13
                 2.40625       2.969786805346601  -4.457276642683258e-13
                 2.40625       3.018874190558942  -4.457276642683258e-13
                 2.40625       3.067961575771282  -4.457276642683258e-13
                 2.40625       3.117048960983623  -4.457276642683258e-13

                 2.46875     0.02454369260617026  -3.326050682091696e-13
                 2.46875     0.07363107781851078  -3.326050682091696e-13
                 2.46875      0.1227184630308513  -3.326050682091696e-13
                 2.46875      0.1718058482431918  -3.326050682091696e-13
                 2.46875      0.2208932334555323  -3.326050682091696e-13
                 2.46875      0.2699806186678728  -3.326050682091696e-13
                 2.46875      0.3190680038802134  -3.326050682091696e-13
                 2.46875      0.3681553890925539  -3.326050682091696e-13
                 2.46875      0.4172427743048944  -3.326050682091696e-13
                 2.46875      0.4663301595172349  -3.326050682091696e-13
                 2.46875      0.5154175447295755  -3.326050682091696e-13
                 2.46875      0.5645049299419159  -3.326050682091696e-13
                 2.46875      0.6135923151542565  -3.326050682091696e-13
                 2.46875       0.662679700366597  -3.326050682091696e-13
                 2.46875      0.7117670855789375  -3.326050682091696e-13
                 2.46875       0.760854470791278  -3.326050682091696e-13
                 2.46875      0.8099418560036186  -3.326050682091696e-13
                 2.46875       0.859029241215959  -3.326050682091696e-13
                 2.46875      0.9081166264282996  -3.326050682091696e-13
                 2.46875      0.9572040116406401  -3.326050682091696e-13
                 2.46875       1.006291396852981  -3.326050682091696e-13
                 2.46875       1.055378782065321  -3.326050682091696e-13
                 2.46875       1.104466167277662  -3.326050682091696e-13
                 2.46875       1.153553552490002  -3.326050682091696e-13
                 2.46875       1.202640937702343  -3.326050682091696e-13
                 2.46875       1.251728322914683  -3.326050682091696e-13
                 2.46875       1.300815708127024  -3.326050682091696e-13
                 2.46875       1.349903093339364  -3.326050682091696e-13
                 2.46875       1.398990478551705  -3.326050682091696e-13
                 2.46875       1.448077863764045  -3.326050682091696e-13
                 2.46875       1.497165248976386  -3.326050682091696e-13
                 2.46875       1.546252634188726  -3.326050682091696e-13
                 2.46875       1.595340019401067  -3.326050682091696e-13
                 2.46875       1.644427404613407  -3.326050682091696e-13
                 2.46875       1.693514789825748  -3.326050682091696e-13
                 2.46875       1.742602175038088  -3.326050682091696e-13
                 2.46875       1.791689560250429  -3.326050682091696e-13
                 2.46875       1.840776945462769  -3.326050682091696e-13
                 2.46875        1.88986433067511  -3.326050682091696e-13
                 2.46875       1.938951715887451  -3.326050682091696e-13
                 2.46875       1.988039101099791  -3.326050682091696e-13
                 2.46875       2.037126486312132  -3.326050682091696e-13
                 2.46875       2.086213871524472  -3.326050682091696e-13
                 2.46875       2.135301256736812  -3.326050682091696e-13
                 2.46875       2.184388641949153  -3.326050682091696e-13
                 2.46875       2.233476027161494  -3.326050682091696e-13
                 2.46875       2.282563412373834  -3.326050682091696e-13
                 2.46875       2.331650797586175  -3.326050682091696e-13
                 2.46875       2.380738182798515  -3.326050682091696e-13
                 2.46875       2.429825568010856  -3.326050682091696e-13
                 2.46875       2.478912953223196  -3.326050682091696e-13
                 2.46875       2.528000338435537  -3.326050682091696e-13
                 2.46875       2.577087723647877  -3.326050682091696e-13
                 2.46875       2.626175108860218  -3.326050682091696e-13
                 2.46875       2.675262494072558  -3.326050682091696e-13
                 2.46875       2.724349879284899  -3.326050682091696e-13
                 2.46875       2.773437264497239  -3.326050682091696e-13
                 2.46875        2.82252464970958  -3.326050682091696e-13
                 2.46875        2.87161203492192  -3.326050682091696e-13
                 2.46875       2.920699420134261  -3.326050682091696e-13
                 2.46875       2.969786805346601  -3.326050682091696e-13
                 2.46875       3.018874190558942  -3.326050682091696e-13
                 2.46875       3.067961575771282  -3.326050682091696e-13
                 2.46875       3.117048960983623  -3.326050682091696e-13

                 2.53125     0.02454369260617026  -2.729618737908307e-13
                 2.53125     0.07363107781851078  -2.729618737908307e-13
                 2.53125      0.1227184630308513  -2.729618737908307e-13
                 2.53125      0.1718058482431918  -2.729618737908307e-13
                 2.53125      0.2208932334555323  -2.729618737908307e-13
                 2.53125      0.2699806186678728  -2.729618737908307e-13
                 2.53125      0.3190680038802134  -2.729618737908307e-13
                 2.53125      0.3681553890925539  -2.729618737908307e-13
                 2.53125      0.4172427743048944  -2.729618737908307e-13
                 2.53125      0.4663301595172349  -2.729618737908307e-13
                 2.53125      0.5154175447295755  -2.729618737908307e-13
                 2.53125      0.5645049299419159  -2.729618737908307e-13
                 2.53125      0.6135923151542565  -2.729618737908307e-13
                 2.53125       0.662679700366597  -2.729618737908307e-13
                 2.53125      0.7117670855789375  -2.729618737908307e-13
                 2.53125       0.760854470791278  -2.729618737908307e-13
                 2.53125      0.8099418560036186  -2.729618737908307e-13
                 2.53125       0.859029241215959  -2.729618737908307e-13
                 2.53125      0.9081166264282996  -2.729618737908307e-13
                 2.53125      0.9572040116406401  -2.729618737908307e-13
                 2.53125       1.006291396852981  -2.729618737908307e-13
                 2.53125       1.055378782065321  -2.729618737908307e-13
                 2.53125       1.104466167277662  -2.729618737908307e-13
                 2.53125       1.153553552490002  -2.729618737908307e-13
                 2.53125       1.202640937702343  -2.729618737908307e-13
                 2.53125       1.251728322914683  -2.729618737908307e-13
                 2.53125       1.300815708127024  -2.729618737908307e-13
                 2.53125       1.349903093339364  -2.729618737908307e-13
                 2.53125       1.398990478551705  -2.729618737908307e-13
                 2.53125       1.448077863764045  -2.729618737908307e-13
                 2.53125       1.497165248976386  -2.729618737908307e-13
                 2.53125       1.546252634188726  -2.729618737908307e-13
                 2.53125       1.595340019401067  -2.729618737908307e-13
                 2.53125       1.644427404613407  -2.729618737908307e-13
                 2.53125       1.693514789825748  -2.729618737908307e-13
                 2.53125       1.742602175038088  -2.729618737908307e-13
                 2.53125       1.791689560250429  -2.729618737908307e-13
                 2.53125       1.840776945462769  -2.729618737908307e-13
                 2.53125        1.88986433067511  -2.729618737908307e-13
                 2.53125       1.938951715887451  -2.729618737908307e-13
                 2.53125       1.988039101099791  -2.729618737908307e-13
                 2.53125       2.037126486312132  -2.729618737908307e-13
                 2.53125       2.086213871524472  -2.729618737908307e-13
                 2.53125       2.135301256736812  -2.729618737908307e-13
                 2.53125       2.184388641949153  -2.729618737908307e-13
                 2.53125       2.233476027161494  -2.729618737908307e-13
                 2.53125       2.282563412373834  -2.729618737908307e-13
                 2.53125       2.331650797586175  -2.729618737908307e-13
                 2.53125       2.380738182798515  -2.729618737908307e-13
                 2.53125       2.429825568010856  -2.729618737908307e-13
                 2.53125       2.478912953223196  -2.729618737908307e-13
                 2.53125       2.528000338435537  -2.729618737908307e-13
                 2.53125       2.577087723647877  -2.729618737908307e-13
                 2.53125       2.626175108860218  -2.729618737908307e-13
                 2.53125       2.675262494072558  -2.729618737908307e-13
                 2.53125       2.724349879284899  -2.729618737908307e-13
                 2.53125       2.773437264497239  -2.729618737908307e-13
                 2.53125        2.82252464970958  -2.729618737908307e-13
                 2.53125        2.87161203492192  -2.729618737908307e-13
                 2.53125       2.920699420134261  -2.729618737908307e-13
                 2.53125       2.969786805346601  -2.729618737908307e-13
                 2.53125       3.018874190558942  -2.729618737908307e-13
                 2.53125       3.067961575771282  -2.729618737908307e-13
                 2.53125       3.117048960983623  -2.729618737908307e-13

                 2.59375     0.02454369260617026  -2.783131787217676e-13
                 2.59375     0.07363107781851078  -2.783131787217676e-13
                 2.59375      0.1227184630308513  -2.783131787217676e-13
                 2.59375      0.1718058482431918  -2.783131787217676e-13
                 2.59375      0.2208932334555323  -2.783131787217676e-13
                 2.59375      0.2699806186678728  -2.783131787217676e-13
                 2.59375      0.3190680038802134  -2.783131787217676e-13
                 2.59375      0.3681553890925539  -2.783131787217676e-13
                 2.59375      0.4172427743048944  -2.783131787217676e-13
                 2.59375      0.4663301595172349  -2.783131787217676e-13
                 2.59375      0.5154175447295755  -2.783131787217676e-13
                 2.59375      0.5645049299419159  -2.783131787217676e-13
                 2.59375      0.6135923151542565  -2.783131787217676e-13
                 2.59375       0.662679700366597  -2.783131787217676e-13
                 2.59375      0.7117670855789375  -2.783131787217676e-13
                 2.59375       0.760854470791278  -2.783131787217676e-13
                 2.59375      0.8099418560036186  -2.783131787217676e-13
                 2.59375       0.859029241215959  -2.783131787217676e-13
                 2.59375      0.9081166264282996  -2.783131787217676e-13
                 2.59375      0.9572040116406401  -2.783131787217676e-13
                 2.59375       1.006291396852981  -2.783131787217676e-13
                 2.59375       1.055378782065321  -2.783131787217676e-13
                 2.59375       1.104466167277662  -2.783131787217676e-13
                 2.59375       1.153553552490002  -2.783131787217676e-13
                 2.59375       1.202640937702343  -2.783131787217676e-13
                 2.59375       1.251728322914683  -2.783131787217676e-13
                 2.59375       1.300815708127024  -2.783131787217676e-13
                 2.59375       1.349903093339364  -2.783131787217676e-13
                 2.59375       1.398990478551705  -2.783131787217676e-13
                 2.59375       1.448077863764045  -2.783131787217676e-13
                 2.59375       1.497165248976386  -2.783131787217676e-13
                 2.59375       1.546252634188726  -2.783131787217676e-13
                 2.59375       1.595340019401067  -2.783131787217676e-13
                 2.59375       1.644427404613407  -2.783131787217676e-13
                 2.59375       1.693514789825748  -2.783131787217676e-13
                 2.59375       1.742602175038088  -2.783131787217676e-13
                 2.59375       1.791689560250429  -2.783131787217676e-13
                 2.59375       1.840776945462769  -2.783131787217676e-13
                 2.59375        1.88986433067511  -2.783131787217676e-13
                 2.59375       1.938951715887451  -2.783131787217676e-13
                 2.59375       1.988039101099791  -2.783131787217676e-13
                 2.59375       2.037126486312132  -2.783131787217676e-13
                 2.59375       2.086213871524472  -2.783131787217676e-13
                 2.59375       2.135301256736812  -2.783131787217676e-13
                 2.59375       2.184388641949153  -2.783131787217676e-13
                 2.59375       2.233476027161494  -2.783131787217676e-13
                 2.59375       2.282563412373834  -2.783131787217676e-13
                 2.59375       2.331650797586175  -2.783131787217676e-13
                 2.59375       2.380738182798515  -2.783131787217676e-13
                 2.59375       2.429825568010856  -2.783131787217676e-13
                 2.59375       2.478912953223196  -2.783131787217676e-13
                 2.59375       2.528000338435537  -2.783131787217676e-13
                 2.59375       2.577087723647877  -2.783131787217676e-13
                 2.59375       2.626175108860218  -2.783131787217676e-13
                 2.59375       2.675262494072558  -2.783131787217676e-13
                 2.59375       2.724349879284899  -2.783131787217676e-13
                 2.59375       2.773437264497239  -2.783131787217676e-13
                 2.59375        2.82252464970958  -2.783131787217676e-13
                 2.59375        2.87161203492192  -2.783131787217676e-13
                 2.59375       2.920699420134261  -2.783131787217676e-13
                 2.59375       2.969786805346601  -2.783131787217676e-13
                 2.59375       3.018874190558942  -2.783131787217676e-13
                 2.59375       3.067961575771282  -2.783131787217676e-13
                 2.59375       3.117048960983623  -2.783131787217676e-13

                 2.65625     0.02454369260617026  -2.025635074403926e-13
                 2.65625     0.07363107781851078  -2.025635074403926e-13
                 2.65625      0.1227184630308513  -2.025635074403926e-13
                 2.65625      0.1718058482431918  -2.025635074403926e-13
                 2.65625      0.2208932334555323  -2.025635074403926e-13
                 2.65625      0.2699806186678728  -2.025635074403926e-13
                 2.65625      0.3190680038802134  -2.025635074403926e-13
                 2.65625      0.3681553890925539  -2.025635074403926e-13
                 2.65625      0.4172427743048944  -2.025635074403926e-13
                 2.65625      0.4663301595172349  -2.025635074403926e-13
                 2.65625      0.5154175447295755  -2.025635074403926e-13
                 2.65625      0.5645049299419159  -2.025635074403926e-13
                 2.65625      0.6135923151542565  -2.025635074403926e-13
                 2.65625       0.662679700366597  -2.025635074403926e-13
                 2.65625      0.7117670855789375  -2.025635074403926e-13
                 2.65625       0.760854470791278  -2.025635074403926e-13
                 2.65625      0.8099418560036186  -2.025635074403926e-13
                 2.65625       0.859029241215959  -2.025635074403926e-13
                 2.65625      0.9081166264282996  -2.025635074403926e-13
                 2.65625      0.9572040116406401  -2.025635074403926e-13
                 2.65625       1.006291396852981  -2.025635074403926e-13
                 2.65625       1.055378782065321  -2.025635074403926e-13
                 2.65625       1.104466167277662  -2.025635074403926e-13
                 2.65625       1.153553552490002  -2.025635074403926e-13
                 2.65625       1.202640937702343  -2.025635074403926e-13
                 2.65625       1.251728322914683  -2.025635074403926e-13
                 2.65625       1.300815708127024  -2.025635074403926e-13
                 2.65625       1.349903093339364  -2.025635074403926e-13
                 2.65625       1.398990478551705  -2.025635074403926e-13
                 2.65625       1.448077863764045  -2.025635074403926e-13
                 2.65625       1.497165248976386  -2.025635074403926e-13
                 2.65625       1.546252634188726  -2.025635074403926e-13
                 2.65625       1.595340019401067  -2.025635074403926e-13
                 2.65625       1.644427404613407  -2.025635074403926e-13
                 2.65625       1.693514789825748  -2.025635074403926e-13
                 2.65625       1.742602175038088  -2.025635074403926e-13
                 2.65625       1.791689560250429  -2.025635074403926e-13
                 2.65625       1.840776945462769  -2.025635074403926e-13
                 2.65625        1.88986433067511  -2.025635074403926e-13
                 2.65625       1.938951715887451  -2.025635074403926e-13
                 2.65625       1.988039101099791  -2.025635074403926e-13
                 2.65625       2.037126486312132  -2.025635074403926e-13
                 2.65625       2.086213871524472  -2.025635074403926e-13
                 2.65625       2.135301256736812  -2.025635074403926e-13
                 2.65625       2.184388641949153  -2.025635074403926e-13
                 2.65625       2.233476027161494  -2.025635074403926e-13
                 2.65625       2.282563412373834  -2.025635074403926e-13
                 2.65625       2.331650797586175  -2.025635074403926e-13
                 2.65625       2.380738182798515  -2.025635074403926e-13
                 2.65625       2.429825568010856  -2.025635074403926e-13
                 2.65625       2.478912953223196  -2.025635074403926e-13
                 2.65625       2.528000338435537  -2.025635074403926e-13
                 2.65625       2.577087723647877  -2.025635074403926e-13
                 2.65625       2.626175108860218  -2.025635074403926e-13
                 2.65625       2.675262494072558  -2.025635074403926e-13
                 2.65625       2.724349879284899  -2.025635074403926e-13
                 2.65625       2.773437264497239  -2.025635074403926e-13
                 2.65625        2.82252464970958  -2.025635074403926e-13
                 2.65625        2.87161203492192  -2.025635074403926e-13
                 2.65625       2.920699420134261  -2.025635074403926e-13
                 2.65625       2.969786805346601  -2.025635074403926e-13
                 2.65625       3.018874190558942  -2.025635074403926e-13
                 2.65625       3.067961575771282  -2.025635074403926e-13
                 2.65625       3.117048960983623  -2.025635074403926e-13

                 2.71875     0.02454369260617026  -2.460729417012124e-13
                 2.71875     0.07363107781851078  -2.460729417012124e-13
                 2.71875      0.1227184630308513  -2.460729417012124e-13
                 2.71875      0.1718058482431918  -2.460729417012124e-13
                 2.71875      0.2208932334555323  -2.460729417012124e-13
                 2.71875      0.2699806186678728  -2.460729417012124e-13
                 2.71875      0.3190680038802134  -2.460729417012124e-13
                 2.71875      0.3681553890925539  -2.460729417012124e-13
                 2.71875      0.4172427743048944  -2.460729417012124e-13
                 2.71875      0.4663301595172349  -2.460729417012124e-13
                 2.71875      0.5154175447295755  -2.460729417012124e-13
                 2.71875      0.5645049299419159  -2.460729417012124e-13
                 2.71875      0.6135923151542565  -2.460729417012124e-13
                 2.71875       0.662679700366597  -2.460729417012124e-13
                 2.71875      0.7117670855789375  -2.460729417012124e-13
                 2.71875       0.760854470791278  -2.460729417012124e-13
                 2.71875      0.8099418560036186  -2.460729417012124e-13
                 2.71875       0.859029241215959  -2.460729417012124e-13
                 2.71875      0.9081166264282996  -2.460729417012124e-13
                 2.71875      0.9572040116406401  -2.460729417012124e-13
                 2.71875       1.006291396852981  -2.460729417012124e-13
                 2.71875       1.055378782065321  -2.460729417012124e-13
                 2.71875       1.104466167277662  -2.460729417012124e-13
                 2.71875       1.153553552490002  -2.460729417012124e-13
                 2.71875       1.202640937702343  -2.460729417012124e-13
                 2.71875       1.251728322914683  -2.460729417012124e-13
                 2.71875       1.300815708127024  -2.460729417012124e-13
                 2.71875       1.349903093339364  -2.460729417012124e-13
                 2.71875       1.398990478551705  -2.460729417012124e-13
                 2.71875       1.448077863764045  -2.460729417012124e-13
                 2.71875       1.497165248976386  -2.460729417012124e-13
                 2.71875       1.546252634188726  -2.460729417012124e-13
                 2.71875       1.595340019401067  -2.460729417012124e-13
                 2.71875       1.644427404613407  -2.460729417012124e-13
                 2.71875       1.693514789825748  -2.460729417012124e-13
                 2.71875       1.742602175038088  -2.460729417012124e-13
                 2.71875       1.791689560250429  -2.460729417012124e-13
                 2.71875       1.840776945462769  -2.460729417012124e-13
                 2.71875        1.88986433067511  -2.460729417012124e-13
                 2.71875       1.938951715887451  -2.460729417012124e-13
                 2.71875       1.988039101099791  -2.460729417012124e-13
                 2.71875       2.037126486312132  -2.460729417012124e-13
                 2.71875       2.086213871524472  -2.460729417012124e-13
                 2.71875       2.135301256736812  -2.460729417012124e-13
                 2.71875       2.184388641949153  -2.460729417012124e-13
                 2.71875       2.233476027161494  -2.460729417012124e-13
                 2.71875       2.282563412373834  -2.460729417012124e-13
                 2.71875       2.331650797586175  -2.460729417012124e-13
                 2.71875       2.380738182798515  -2.460729417012124e-13
                 2.71875       2.429825568010856  -2.460729417012124e-13
                 2.71875       2.478912953223196  -2.460729417012124e-13
                 2.71875       2.528000338435537  -2.460729417012124e-13
                 2.71875       2.577087723647877  -2.460729417012124e-13
                 2.71875       2.626175108860218  -2.460729417012124e-13
                 2.71875       2.675262494072558  -2.460729417012124e-13
                 2.71875       2.724349879284899  -2.460729417012124e-13
                 2.71875       2.773437264497239  -2.460729417012124e-13
                 2.71875        2.82252464970958  -2.460729417012124e-13
                 2.71875        2.87161203492192  -2.460729417012124e-13
                 2.71875       2.920699420134261  -2.460729417012124e-13
                 2.71875       2.969786805346601  -2.460729417012124e-13
                 2.71875       3.018874190558942  -2.460729417012124e-13
                 2.71875       3.067961575771282  -2.460729417012124e-13
                 2.71875       3.117048960983623  -2.460729417012124e-13

                 2.78125     0.02454369260617026   -2.53688500276258e-14
                 2.78125     0.07363107781851078   -2.53688500276258e-14
                 2.78125      0.1227184630308513   -2.53688500276258e-14
                 2.78125      0.1718058482431918   -2.53688500276258e-14
                 2.78125      0.2208932334555323   -2.53688500276258e-14
                 2.78125      0.2699806186678728   -2.53688500276258e-14
                 2.78125      0.3190680038802134   -2.53688500276258e-14
                 2.78125      0.3681553890925539   -2.53688500276258e-14
                 2.78125      0.4172427743048944   -2.53688500276258e-14
                 2.78125      0.4663301595172349   -2.53688500276258e-14
                 2.78125      0.5154175447295755   -2.53688500276258e-14
                 2.78125      0.5645049299419159   -2.53688500276258e-14
                 2.78125      0.6135923151542565   -2.53688500276258e-14
                 2.78125       0.662679700366597   -2.53688500276258e-14
                 2.78125      0.7117670855789375   -2.53688500276258e-14
                 2.78125       0.760854470791278   -2.53688500276258e-14
                 2.78125      0.8099418560036186   -2.53688500276258e-14
                 2.78125       0.859029241215959   -2.53688500276258e-14
                 2.78125      0.9081166264282996   -2.53688500276258e-14
                 2.78125      0.9572040116406401   -2.53688500276258e-14
                 2.78125       1.006291396852981   -2.53688500276258e-14
                 2.78125       1.055378782065321   -2.53688500276258e-14
                 2.78125       1.104466167277662   -2.53688500276258e-14
                 2.78125       1.153553552490002   -2.53688500276258e-14
                 2.78125       1.202640937702343   -2.53688500276258e-14
                 2.78125       1.251728322914683   -2.53688500276258e-14
                 2.78125       1.300815708127024   -2.53688500276258e-14
                 2.78125       1.349903093339364   -2.53688500276258e-14
                 2.78125       1.398990478551705   -2.53688500276258e-14
                 2.78125       1.448077863764045   -2.53688500276258e-14
                 2.78125       1.497165248976386   -2.53688500276258e-14
                 2.78125       1.546252634188726   -2.53688500276258e-14
                 2.78125       1.595340019401067   -2.53688500276258e-14
                 2.78125       1.644427404613407   -2.53688500276258e-14
                 2.78125       1.693514789825748   -2.53688500276258e-14
                 2.78125       1.742602175038088   -2.53688500276258e-14
                 2.78125       1.791689560250429   -2.53688500276258e-14
                 2.78125       1.840776945462769   -2.53688500276258e-14
                 2.78125        1.88986433067511   -2.53688500276258e-14
                 2.78125       1.938951715887451   -2.53688500276258e-14
                 2.78125       1.988039101099791   -2.53688500276258e-14
                 2.78125       2.037126486312132   -2.53688500276258e-14
                 2.78125       2.086213871524472   -2.53688500276258e-14
                 2.78125       2.135301256736812   -2.53688500276258e-14
                 2.78125       2.184388641949153   -2.53688500276258e-14
                 2.78125       2.233476027161494   -2.53688500276258e-14
                 2.78125       2.282563412373834   -2.53688500276258e-14
                 2.78125       2.331650797586175   -2.53688500276258e-14
                 2.78125       2.380738182798515   -2.53688500276258e-14
                 2.78125       2.429825568010856   -2.53688500276258e-14
                 2.78125       2.478912953223196   -2.53688500276258e-14
                 2.78125       2.528000338435537   -2.53688500276258e-14
                 2.78125       2.577087723647877   -2.53688500276258e-14
                 2.78125       2.626175108860218   -2.53688500276258e-14
                 2.78125       2.675262494072558   -2.53688500276258e-14
                 2.78125       2.724349879284899   -2.53688500276258e-14
                 2.78125       2.773437264497239   -2.53688500276258e-14
                 2.78125        2.82252464970958   -2.53688500276258e-14
                 2.78125        2.87161203492192   -2.53688500276258e-14
                 2.78125       2.920699420134261   -2.53688500276258e-14
                 2.78125       2.969786805346601   -2.53688500276258e-14
                 2.78125       3.018874190558942   -2.53688500276258e-14
                 2.78125       3.067961575771282   -2.53688500276258e-14
                 2.78125       3.117048960983623   -2.53688500276258e-14

                 2.84375     0.02454369260617026  -1.930544457514126e-13
                 2.84375     0.07363107781851078  -1.930544457514126e-13
                 2.84375      0.1227184630308513  -1.930544457514126e-13
                 2.84375      0.1718058482431918  -1.930544457514126e-13
                 2.84375      0.2208932334555323  -1.930544457514126e-13
                 2.84375      0.2699806186678728  -1.930544457514126e-13
                 2.84375      0.3190680038802134  -1.930544457514126e-13
                 2.84375      0.3681553890925539  -1.930544457514126e-13
                 2.84375      0.4172427743048944  -1.930544457514126e-13
                 2.84375      0.4663301595172349  -1.930544457514126e-13
                 2.84375      0.5154175447295755  -1.930544457514126e-13
                 2.84375      0.5645049299419159  -1.930544457514126e-13
                 2.84375      0.6135923151542565  -1.930544457514126e-13
                 2.84375       0.662679700366597  -1.930544457514126e-13
                 2.84375      0.7117670855789375  -1.930544457514126e-13
                 2.84375       0.760854470791278  -1.930544457514126e-13
                 2.84375      0.8099418560036186  -1.930544457514126e-13
                 2.84375       0.859029241215959  -1.930544457514126e-13
                 2.84375      0.9081166264282996  -1.930544457514126e-13
                 2.84375      0.9572040116406401  -1.930544457514126e-13
                 2.84375       1.006291396852981  -1.930544457514126e-13
                 2.84375       1.055378782065321  -1.930544457514126e-13
                 2.84375       1.104466167277662  -1.930544457514126e-13
                 2.84375       1.153553552490002  -1.930544457514126e-13
                 2.84375       1.202640937702343  -1.930544457514126e-13
                 2.84375       1.251728322914683  -1.930544457514126e-13
                 2.84375       1.300815708127024  -1.930544457514126e-13
                 2.84375       1.349903093339364  -1.930544457514126e-13
                 2.84375       1.398990478551705  -1.930544457514126e-13
                 2.84375       1.448077863764045  -1.930544457514126e-13
                 2.84375       1.497165248976386  -1.930544457514126e-13
                 2.84375       1.546252634188726  -1.930544457514126e-13
                 2.84375       1.595340019401067  -1.930544457514126e-13
                 2.84375       1.644427404613407  -1.930544457514126e-13
                 2.84375       1.693514789825748  -1.930544457514126e-13
                 2.84375       1.742602175038088  -1.930544457514126e-13
                 2.84375       1.791689560250429  -1.930544457514126e-13
                 2.84375       1.840776945462769  -1.930544457514126e-13
                 2.84375        1.88986433067511  -1.930544457514126e-13
                 2.84375       1.938951715887451  -1.930544457514126e-13
                 2.84375       1.988039101099791  -1.930544457514126e-13
                 2.84375       2.037126486312132  -1.930544457514126e-13
                 2.84375       2.086213871524472  -1.930544457514126e-13
                 2.84375       2.135301256736812  -1.930544457514126e-13
                 2.84375       2.184388641949153  -1.930544457514126e-13
                 2.84375       2.233476027161494  -1.930544457514126e-13
                 2.84375       2.282563412373834  -1.930544457514126e-13
                 2.84375       2.331650797586175  -1.930544457514126e-13
                 2.84375       2.380738182798515  -1.930544457514126e-13
                 2.84375       2.429825568010856  -1.930544457514126e-13
                 2.84375       2.478912953223196  -1.930544457514126e-13
                 2.84375       2.528000338435537  -1.930544457514126e-13
                 2.84375       2.577087723647877  -1.930544457514126e-13
                 2.84375       2.626175108860218  -1.930544457514126e-13
                 2.84375       2.675262494072558  -1.930544457514126e-13
                 2.84375       2.724349879284899  -1.930544457514126e-13
                 2.84375       2.773437264497239  -1.930544457514126e-13
                 2.84375        2.82252464970958  -1.930544457514126e-13
                 2.84375        2.87161203492192  -1.930544457514126e-13
                 2.84375       2.920699420134261  -1.930544457514126e-13
                 2.84375       2.969786805346601  -1.930544457514126e-13
                 2.84375       3.018874190558942  -1.930544457514126e-13
                 2.84375       3.067961575771282  -1.930544457514126e-13
                 2.84375       3.117048960983623  -1.930544457514126e-13

                 2.90625     0.02454369260617026  -1.842950278851881e-14
                 2.90625     0.07363107781851078  -1.842950278851881e-14
                 2.90625      0.1227184630308513  -1.842950278851881e-14
                 2.90625      0.1718058482431918  -1.842950278851881e-14
                 2.90625      0.2208932334555323  -1.842950278851881e-14
                 2.90625      0.2699806186678728  -1.842950278851881e-14
                 2.90625      0.3190680038802134  -1.842950278851881e-14
                 2.90625      0.3681553890925539  -1.842950278851881e-14
                 2.90625      0.4172427743048944  -1.842950278851881e-14
                 2.90625      0.4663301595172349  -1.842950278851881e-14
                 2.90625      0.5154175447295755  -1.842950278851881e-14
                 2.90625      0.5645049299419159  -1.842950278851881e-14
                 2.90625      0.6135923151542565  -1.842950278851881e-14
                 2.90625       0.662679700366597  -1.842950278851881e-14
                 2.90625      0.7117670855789375  -1.842950278851881e-14
                 2.90625       0.760854470791278  -1.842950278851881e-14
                 2.90625      0.8099418560036186  -1.842950278851881e-14
                 2.90625       0.859029241215959  -1.842950278851881e-14
                 2.90625      0.9081166264282996  -1.842950278851881e-14
                 2.90625      0.9572040116406401  -1.842950278851881e-14
                 2.90625       1.006291396852981  -1.842950278851881e-14
                 2.90625       1.055378782065321  -1.842950278851881e-14
                 2.90625       1.104466167277662  -1.842950278851881e-14
                 2.90625       1.153553552490002  -1.842950278851881e-14
                 2.90625       1.202640937702343  -1.842950278851881e-14
                 2.90625       1.251728322914683  -1.842950278851881e-14
                 2.90625       1.300815708127024  -1.842950278851881e-14
                 2.90625       1.349903093339364  -1.842950278851881e-14
                 2.90625       1.398990478551705  -1.842950278851881e-14
                 2.90625       1.448077863764045  -1.842950278851881e-14
                 2.90625       1.497165248976386  -1.842950278851881e-14
                 2.90625       1.546252634188726  -1.842950278851881e-14
                 2.90625       1.595340019401067  -1.842950278851881e-14
                 2.90625       1.644427404613407  -1.842950278851881e-14
                 2.90625       1.693514789825748  -1.842950278851881e-14
                 2.90625       1.742602175038088  -1.842950278851881e-14
                 2.90625       1.791689560250429  -1.842950278851881e-14
                 2.90625       1.840776945462769  -1.842950278851881e-14
                 2.90625        1.88986433067511  -1.842950278851881e-14
                 2.90625       1.938951715887451  -1.842950278851881e-14
                 2.90625       1.988039101099791  -1.842950278851881e-14
                 2.90625       2.037126486312132  -1.842950278851881e-14
                 2.90625       2.086213871524472  -1.842950278851881e-14
                 2.90625       2.135301256736812  -1.842950278851881e-14
                 2.90625       2.184388641949153  -1.842950278851881e-14
                 2.90625       2.233476027161494  -1.842950278851881e-14
                 2.90625       2.282563412373834  -1.842950278851881e-14
                 2.90625       2.331650797586175  -1.842950278851881e-14
                 2.90625       2.380738182798515  -1.842950278851881e-14
                 2.90625       2.429825568010856  -1.842950278851881e-14
                 2.90625       2.478912953223196  -1.842950278851881e-14
                 2.90625       2.528000338435537  -1.842950278851881e-14
                 2.90625       2.577087723647877  -1.842950278851881e-14
                 2.90625       2.626175108860218  -1.842950278851881e-14
                 2.90625       2.675262494072558  -1.842950278851881e-14
                 2.90625       2.724349879284899  -1.842950278851881e-14
                 2.90625       2.773437264497239  -1.842950278851881e-14
                 2.90625        2.82252464970958  -1.842950278851881e-14
                 2.90625        2.87161203492192  -1.842950278851881e-14
                 2.90625       2.920699420134261  -1.842950278851881e-14
                 2.90625       2.969786805346601  -1.842950278851881e-14
                 2.90625       3.018874190558942  -1.842950278851881e-14
                 2.90625       3.067961575771282  -1.842950278851881e-14
                 2.90625       3.117048960983623  -1.842950278851881e-14

                 2.96875     0.02454369260617026  -7.273668739141968e-14
                 2.96875     0.07363107781851078  -7.273668739141968e-14
                 2.96875      0.1227184630308513  -7.273668739141968e-14
                 2.96875      0.1718058482431918  -7.273668739141968e-14
                 2.96875      0.2208932334555323  -7.273668739141968e-14
                 2.96875      0.2699806186678728  -7.273668739141968e-14
                 2.96875      0.3190680038802134  -7.273668739141968e-14
                 2.96875      0.3681553890925539  -7.273668739141968e-14
                 2.96875      0.4172427743048944  -7.273668739141968e-14
                 2.96875      0.4663301595172349  -7.273668739141968e-14
                 2.96875      0.5154175447295755  -7.273668739141968e-14
                 2.96875      0.5645049299419159  -7.273668739141968e-14
                 2.96875      0.6135923151542565  -7.273668739141968e-14
                 2.96875       0.662679700366597  -7.273668739141968e-14
                 2.96875      0.7117670855789375  -7.273668739141968e-14
                 2.96875       0.760854470791278  -7.273668739141968e-14
                 2.96875      0.8099418560036186  -7.273668739141968e-14
                 2.96875       0.859029241215959  -7.273668739141968e-14
                 2.96875      0.9081166264282996  -7.273668739141968e-14
                 2.96875      0.9572040116406401  -7.273668739141968e-14
                 2.96875       1.006291396852981  -7.273668739141968e-14
                 2.96875       1.055378782065321  -7.273668739141968e-14
                 2.96875       1.104466167277662  -7.273668739141968e-14
                 2.96875       1.153553552490002  -7.273668739141968e-14
                 2.96875       1.202640937702343  -7.273668739141968e-14
                 2.96875       1.251728322914683  -7.273668739141968e-14
                 2.96875       1.300815708127024  -7.273668739141968e-14
                 2.96875       1.349903093339364  -7.273668739141968e-14
                 2.96875       1.398990478551705  -7.273668739141968e-14
                 2.96875       1.448077863764045  -7.273668739141968e-14
                 2.96875       1.497165248976386  -7.273668739141968e-14
                 2.96875       1.546252634188726  -7.273668739141968e-14
                 2.96875       1.595340019401067  -7.273668739141968e-14
                 2.96875       1.644427404613407  -7.273668739141968e-14
                 2.96875       1.693514789825748  -7.273668739141968e-14
                 2.96875       1.742602175038088  -7.273668739141968e-14
                 2.96875       1.791689560250429  -7.273668739141968e-14
                 2.96875       1.840776945462769  -7.273668739141968e-14
                 2.96875        1.88986433067511  -7.273668739141968e-14
                 2.96875       1.938951715887451  -7.273668739141968e-14
                 2.96875       1.988039101099791  -7.273668739141968e-14
                 2.96875       2.037126486312132  -7.273668739141968e-14
                 2.96875       2.086213871524472  -7.273668739141968e-14
                 2.96875       2.135301256736812  -7.273668739141968e-14
                 2.96875       2.184388641949153  -7.273668739141968e-14
                 2.96875       2.233476027161494  -7.273668739141968e-14
                 2.96875       2.282563412373834  -7.273668739141968e-14
                 2.96875       2.331650797586175  -7.273668739141968e-14
                 2.96875       2.380738182798515  -7.273668739141968e-14
                 2.96875       2.429825568010856  -7.273668739141968e-14
                 2.96875       2.478912953223196  -7.273668739141968e-14
                 2.96875       2.528000338435537  -7.273668739141968e-14
                 2.96875       2.577087723647877  -7.273668739141968e-14
                 2.96875       2.626175108860218  -7.273668739141968e-14
                 2.96875       2.675262494072558  -7.273668739141968e-14
                 2.96875       2.724349879284899  -7.273668739141968e-14
                 2.96875       2.773437264497239  -7.273668739141968e-14
                 2.96875        2.82252464970958  -7.273668739141968e-14
                 2.96875        2.87161203492192  -7.273668739141968e-14
                 2.96875       2.920699420134261  -7.273668739141968e-14
                 2.96875       2.969786805346601  -7.273668739141968e-14
                 2.96875       3.018874190558942  -7.273668739141968e-14
                 2.96875       3.067961575771282  -7.273668739141968e-14
                 2.96875       3.117048960983623  -7.273668739141968e-14

                 3.03125     0.02454369260617026  -1.772500393880021e-13
                 3.03125     0.07363107781851078  -1.772500393880021e-13
                 3.03125      0.1227184630308513  -1.772500393880021e-13
                 3.03125      0.1718058482431918  -1.772500393880021e-13
                 3.03125      0.2208932334555323  -1.772500393880021e-13
                 3.03125      0.2699806186678728  -1.772500393880021e-13
                 3.03125      0.3190680038802134  -1.772500393880021e-13
                 3.03125      0.3681553890925539  -1.772500393880021e-13
                 3.03125      0.4172427743048944  -1.772500393880021e-13
                 3.03125      0.4663301595172349  -1.772500393880021e-13
                 3.03125      0.5154175447295755  -1.772500393880021e-13
                 3.03125      0.5645049299419159  -1.772500393880021e-13
                 3.03125      0.6135923151542565  -1.772500393880021e-13
                 3.03125       0.662679700366597  -1.772500393880021e-13
                 3.03125      0.7117670855789375  -1.772500393880021e-13
                 3.03125       0.760854470791278  -1.772500393880021e-13
                 3.03125      0.8099418560036186  -1.772500393880021e-13
                 3.03125       0.859029241215959  -1.772500393880021e-13
                 3.03125      0.9081166264282996  -1.772500393880021e-13
                 3.03125      0.9572040116406401  -1.772500393880021e-13
                 3.03125       1.006291396852981  -1.772500393880021e-13
                 3.03125       1.055378782065321  -1.772500393880021e-13
                 3.03125       1.104466167277662  -1.772500393880021e-13
                 3.03125       1.153553552490002  -1.772500393880021e-13
                 3.03125       1.202640937702343  -1.772500393880021e-13
                 3.03125       1.251728322914683  -1.772500393880021e-13
                 3.03125       1.300815708127024  -1.772500393880021e-13
                 3.03125       1.349903093339364  -1.772500393880021e-13
                 3.03125       1.398990478551705  -1.772500393880021e-13
                 3.03125       1.448077863764045  -1.772500393880021e-13
                 3.03125       1.497165248976386  -1.772500393880021e-13
                 3.03125       1.546252634188726  -1.772500393880021e-13
                 3.03125       1.595340019401067  -1.772500393880021e-13
                 3.03125       1.644427404613407  -1.772500393880021e-13
                 3.03125       1.693514789825748  -1.772500393880021e-13
                 3.03125       1.742602175038088  -1.772500393880021e-13
                 3.03125       1.791689560250429  -1.772500393880021e-13
                 3.03125       1.840776945462769  -1.772500393880021e-13
                 3.03125        1.88986433067511  -1.772500393880021e-13
                 3.03125       1.938951715887451  -1.772500393880021e-13
                 3.03125       1.988039101099791  -1.772500393880021e-13
                 3.03125       2.037126486312132  -1.772500393880021e-13
                 3.03125       2.086213871524472  -1.772500393880021e-13
                 3.03125       2.135301256736812  -1.772500393880021e-13
                 3.03125       2.184388641949153  -1.772500393880021e-13
                 3.03125       2.233476027161494  -1.772500393880021e-13
                 3.03125       2.282563412373834  -1.772500393880021e-13
                 3.03125       2.331650797586175  -1.772500393880021e-13
                 3.03125       2.380738182798515  -1.772500393880021e-13
                 3.03125       2.429825568010856  -1.772500393880021e-13
                 3.03125       2.478912953223196  -1.772500393880021e-13
                 3.03125       2.528000338435537  -1.772500393880021e-13
                 3.03125       2.577087723647877  -1.772500393880021e-13
                 3.03125       2.626175108860218  -1.772500393880021e-13
                 3.03125       2.675262494072558  -1.772500393880021e-13
                 3.03125       2.724349879284899  -1.772500393880021e-13
                 3.03125       2.773437264497239  -1.772500393880021e-13
                 3.03125        2.82252464970958  -1.772500393880021e-13
                 3.03125        2.87161203492192  -1.772500393880021e-13
                 3.03125       2.920699420134261  -1.772500393880021e-13
                 3.03125       2.969786805346601  -1.772500393880021e-13
                 3.03125       3.018874190558942  -1.772500393880021e-13
                 3.03125       3.067961575771282  -1.772500393880021e-13
                 3.03125       3.117048960983623  -1.772500393880021e-13

                 3.09375     0.02454369260617026  -1.461228180717074e-13
                 3.09375     0.07363107781851078  -1.461228180717074e-13
                 3.09375      0.1227184630308513  -1.461228180717074e-13
                 3.09375      0.1718058482431918  -1.461228180717074e-13
                 3.09375      0.2208932334555323  -1.461228180717074e-13
                 3.09375      0.2699806186678728  -1.461228180717074e-13
                 3.09375      0.3190680038802134  -1.461228180717074e-13
                 3.09375      0.3681553890925539  -1.461228180717074e-13
                 3.09375      0.4172427743048944  -1.461228180717074e-13
                 3.09375      0.4663301595172349  -1.461228180717074e-13
                 3.09375      0.5154175447295755  -1.461228180717074e-13
                 3.09375      0.5645049299419159  -1.461228180717074e-13
                 3.09375      0.6135923151542565  -1.461228180717074e-13
                 3.09375       0.662679700366597  -1.461228180717074e-13
                 3.09375      0.7117670855789375  -1.461228180717074e-13
                 3.09375       0.760854470791278  -1.461228180717074e-13
                 3.09375      0.8099418560036186  -1.461228180717074e-13
                 3.09375       0.859029241215959  -1.461228180717074e-13
                 3.09375      0.9081166264282996  -1.461228180717074e-13
                 3.09375      0.9572040116406401  -1.461228180717074e-13
                 3.09375       1.006291396852981  -1.461228180717074e-13
                 3.09375       1.055378782065321  -1.461228180717074e-13
                 3.09375       1.104466167277662  -1.461228180717074e-13
                 3.09375       1.153553552490002  -1.461228180717074e-13
                 3.09375       1.202640937702343  -1.461228180717074e-13
                 3.09375       1.251728322914683  -1.461228180717074e-13
                 3.09375       1.300815708127024  -1.461228180717074e-13
                 3.09375       1.349903093339364  -1.461228180717074e-13
                 3.09375       1.398990478551705  -1.461228180717074e-13
                 3.09375       1.448077863764045  -1.461228180717074e-13
                 3.09375       1.497165248976386  -1.461228180717074e-13
                 3.09375       1.546252634188726  -1.461228180717074e-13
                 3.09375       1.595340019401067  -1.461228180717074e-13
                 3.09375       1.644427404613407  -1.461228180717074e-13
                 3.09375       1.693514789825748  -1.461228180717074e-13
                 3.09375       1.742602175038088  -1.461228180717074e-13
                 3.09375       1.791689560250429  -1.461228180717074e-13
                 3.09375       1.840776945462769  -1.461228180717074e-13
                 3.09375        1.88986433067511  -1.461228180717074e-13
                 3.09375       1.938951715887451  -1.461228180717074e-13
                 3.09375       1.988039101099791  -1.461228180717074e-13
                 3.09375       2.037126486312132  -1.461228180717074e-13
                 3.09375       2.086213871524472  -1.461228180717074e-13
                 3.09375       2.135301256736812  -1.461228180717074e-13
                 3.09375       2.184388641949153  -1.461228180717074e-13
                 3.09375       2.233476027161494  -1.461228180717074e-13
                 3.09375       2.282563412373834  -1.461228180717074e-13
                 3.09375       2.331650797586175  -1.461228180717074e-13
                 3.09375       2.380738182798515  -1.461228180717074e-13
                 3.09375       2.429825568010856  -1.461228180717074e-13
                 3.09375       2.478912953223196  -1.461228180717074e-13
                 3.09375       2.528000338435537  -1.461228180717074e-13
                 3.09375       2.577087723647877  -1.461228180717074e-13
                 3.09375       2.626175108860218  -1.461228180717074e-13
                 3.09375       2.675262494072558  -1.461228180717074e-13
                 3.09375       2.724349879284899  -1.461228180717074e-13
                 3.09375       2.773437264497239  -1.461228180717074e-13
                 3.09375        2.82252464970958  -1.461228180717074e-13
                 3.09375        2.87161203492192  -1.461228180717074e-13
                 3.09375       2.920699420134261  -1.461228180717074e-13
                 3.09375       2.969786805346601  -1.461228180717074e-13
                 3.09375       3.018874190558942  -1.461228180717074e-13
                 3.09375       3.067961575771282  -1.461228180717074e-13
                 3.09375       3.117048960983623  -1.461228180717074e-13

                 3.15625     0.02454369260617026  -1.294839948745768e-13
                 3.15625     0.07363107781851078  -1.294839948745768e-13
                 3.15625      0.1227184630308513  -1.294839948745768e-13
                 3.15625      0.1718058482431918  -1.294839948745768e-13
                 3.15625      0.2208932334555323  -1.294839948745768e-13
                 3.15625      0.2699806186678728  -1.294839948745768e-13
                 3.15625      0.3190680038802134  -1.294839948745768e-13
                 3.15625      0.3681553890925539  -1.294839948745768e-13
                 3.15625      0.4172427743048944  -1.294839948745768e-13
                 3.15625      0.4663301595172349  -1.294839948745768e-13
                 3.15625      0.5154175447295755  -1.294839948745768e-13
                 3.15625      0.5645049299419159  -1.294839948745768e-13
                 3.15625      0.6135923151542565  -1.294839948745768e-13
                 3.15625       0.662679700366597  -1.294839948745768e-13
                 3.15625      0.7117670855789375  -1.294839948745768e-13
                 3.15625       0.760854470791278  -1.294839948745768e-13
                 3.15625      0.8099418560036186  -1.294839948745768e-13
                 3.15625       0.859029241215959  -1.294839948745768e-13
                 3.15625      0.9081166264282996  -1.294839948745768e-13
                 3.15625      0.9572040116406401  -1.294839948745768e-13
                 3.15625       1.006291396852981  -1.294839948745768e-13
                 3.15625       1.055378782065321  -1.294839948745768e-13
                 3.15625       1.104466167277662  -1.294839948745768e-13
                 3.15625       1.153553552490002  -1.294839948745768e-13
                 3.15625       1.202640937702343  -1.294839948745768e-13
                 3.15625       1.251728322914683  -1.294839948745768e-13
                 3.15625       1.300815708127024  -1.294839948745768e-13
                 3.15625       1.349903093339364  -1.294839948745768e-13
                 3.15625       1.398990478551705  -1.294839948745768e-13
                 3.15625       1.448077863764045  -1.294839948745768e-13
                 3.15625       1.497165248976386  -1.294839948745768e-13
                 3.15625       1.546252634188726  -1.294839948745768e-13
                 3.15625       1.595340019401067  -1.294839948745768e-13
                 3.15625       1.644427404613407  -1.294839948745768e-13
                 3.15625       1.693514789825748  -1.294839948745768e-13
                 3.15625       1.742602175038088  -1.294839948745768e-13
                 3.15625       1.791689560250429  -1.294839948745768e-13
                 3.15625       1.840776945462769  -1.294839948745768e-13
                 3.15625        1.88986433067511  -1.294839948745768e-13
                 3.15625       1.938951715887451  -1.294839948745768e-13
                 3.15625       1.988039101099791  -1.294839948745768e-13
                 3.15625       2.037126486312132  -1.294839948745768e-13
                 3.15625       2.086213871524472  -1.294839948745768e-13
                 3.15625       2.135301256736812  -1.294839948745768e-13
                 3.15625       2.184388641949153  -1.294839948745768e-13
                 3.15625       2.233476027161494  -1.294839948745768e-13
                 3.15625       2.282563412373834  -1.294839948745768e-13
                 3.15625       2.331650797586175  -1.294839948745768e-13
                 3.15625       2.380738182798515  -1.294839948745768e-13
                 3.15625       2.429825568010856  -1.294839948745768e-13
                 3.15625       2.478912953223196  -1.294839948745768e-13
                 3.15625       2.528000338435537  -1.294839948745768e-13
                 3.15625       2.577087723647877  -1.294839948745768e-13
                 3.15625       2.626175108860218  -1.294839948745768e-13
                 3.15625       2.675262494072558  -1.294839948745768e-13
                 3.15625       2.724349879284899  -1.294839948745768e-13
                 3.15625       2.773437264497239  -1.294839948745768e-13
                 3.15625        2.82252464970958  -1.294839948745768e-13
                 3.15625        2.87161203492192  -1.294839948745768e-13
                 3.15625       2.920699420134261  -1.294839948745768e-13
                 3.15625       2.969786805346601  -1.294839948745768e-13
                 3.15625       3.018874190558942  -1.294839948745768e-13
                 3.15625       3.067961575771282  -1.294839948745768e-13
                 3.15625       3.117048960983623  -1.294839948745768e-13

                 3.21875     0.02454369260617026  -3.484726702567244e-14
                 3.21875     0.07363107781851078  -3.484726702567244e-14
                 3.21875      0.1227184630308513  -3.484726702567244e-14
                 3.21875      0.1718058482431918  -3.484726702567244e-14
                 3.21875      0.2208932334555323  -3.484726702567244e-14
                 3.21875      0.2699806186678728  -3.484726702567244e-14
                 3.21875      0.3190680038802134  -3.484726702567244e-14
                 3.21875      0.3681553890925539  -3.484726702567244e-14
                 3.21875      0.4172427743048944  -3.484726702567244e-14
                 3.21875      0.4663301595172349  -3.484726702567244e-14
                 3.21875      0.5154175447295755  -3.484726702567244e-14
                 3.21875      0.5645049299419159  -3.484726702567244e-14
                 3.21875      0.6135923151542565  -3.484726702567244e-14
                 3.21875       0.662679700366597  -3.484726702567244e-14
                 3.21875      0.7117670855789375  -3.484726702567244e-14
                 3.21875       0.760854470791278  -3.484726702567244e-14
                 3.21875      0.8099418560036186  -3.484726702567244e-14
                 3.21875       0.859029241215959  -3.484726702567244e-14
                 3.21875      0.9081166264282996  -3.484726702567244e-14
                 3.21875      0.9572040116406401  -3.484726702567244e-14
                 3.21875       1.006291396852981  -3.484726702567244e-14
                 3.21875       1.055378782065321  -3.484726702567244e-14
                 3.21875       1.104466167277662  -3.484726702567244e-14
                 3.21875       1.153553552490002  -3.484726702567244e-14
                 3.21875       1.202640937702343  -3.484726702567244e-14
                 3.21875       1.251728322914683  -3.484726702567244e-14
                 3.21875       1.300815708127024  -3.484726702567244e-14
                 3.21875       1.349903093339364  -3.484726702567244e-14
                 3.21875       1.398990478551705  -3.484726702567244e-14
                 3.21875       1.448077863764045  -3.484726702567244e-14
                 3.21875       1.497165248976386  -3.484726702567244e-14
                 3.21875       1.546252634188726  -3.484726702567244e-14
                 3.21875       1.595340019401067  -3.484726702567244e-14
                 3.21875       1.644427404613407  -3.484726702567244e-14
                 3.21875       1.693514789825748  -3.484726702567244e-14
                 3.21875       1.742602175038088  -3.484726702567244e-14
                 3.21875       1.791689560250429  -3.484726702567244e-14
                 3.21875       1.840776945462769  -3.484726702567244e-14
                 3.21875        1.88986433067511  -3.484726702567244e-14
                 3.21875       1.938951715887451  -3.484726702567244e-14
                 3.21875       1.988039101099791  -3.484726702567244e-14
                 3.21875       2.037126486312132  -3.484726702567244e-14
                 3.21875       2.086213871524472  -3.484726702567244e-14
                 3.21875       2.135301256736812  -3.484726702567244e-14
                 3.21875       2.184388641949153  -3.484726702567244e-14
                 3.21875       2.233476027161494  -3.484726702567244e-14
                 3.21875       2.282563412373834  -3.484726702567244e-14
                 3.21875       2.331650797586175  -3.484726702567244e-14
                 3.21875       2.380738182798515  -3.484726702567244e-14
                 3.21875       2.429825568010856  -3.484726702567244e-14
                 3.21875       2.478912953223196  -3.484726702567244e-14
                 3.21875       2.528000338435537  -3.484726702567244e-14
                 3.21875       2.577087723647877  -3.484726702567244e-14
                 3.21875       2.626175108860218  -3.484726702567244e-14
                 3.21875       2.675262494072558  -3.484726702567244e-14
                 3.21875       2.724349879284899  -3.484726702567244e-14
                 3.21875       2.773437264497239  -3.484726702567244e-14
                 3.21875        2.82252464970958  -3.484726702567244e-14
                 3.21875        2.87161203492192  -3.484726702567244e-14
                 3.21875       2.920699420134261  -3.484726702567244e-14
                 3.21875       2.969786805346601  -3.484726702567244e-14
                 3.21875       3.018874190558942  -3.484726702567244e-14
                 3.21875       3.067961575771282  -3.484726702567244e-14
                 3.21875       3.117048960983623  -3.484726702567244e-14

                 3.28125     0.02454369260617026   5.572017717490644e-14
                 3.28125     0.07363107781851078   5.572017717490644e-14
                 3.28125      0.1227184630308513   5.572017717490644e-14
                 3.28125      0.1718058482431918   5.572017717490644e-14
                 3.28125      0.2208932334555323   5.572017717490644e-14
                 3.28125      0.2699806186678728   5.572017717490644e-14
                 3.28125      0.3190680038802134   5.572017717490644e-14
                 3.28125      0.3681553890925539   5.572017717490644e-14
                 3.28125      0.4172427743048944   5.572017717490644e-14
                 3.28125      0.4663301595172349   5.572017717490644e-14
                 3.28125      0.5154175447295755   5.572017717490644e-14
                 3.28125      0.5645049299419159   5.572017717490644e-14
                 3.28125      0.6135923151542565   5.572017717490644e-14
                 3.28125       0.662679700366597   5.572017717490644e-14
                 3.28125      0.7117670855789375   5.572017717490644e-14
                 3.28125       0.760854470791278   5.572017717490644e-14
                 3.28125      0.8099418560036186   5.572017717490644e-14
                 3.28125       0.859029241215959   5.572017717490644e-14
                 3.28125      0.9081166264282996   5.572017717490644e-14
                 3.28125      0.9572040116406401   5.572017717490644e-14
                 3.28125       1.006291396852981   5.572017717490644e-14
                 3.28125       1.055378782065321   5.572017717490644e-14
                 3.28125       1.104466167277662   5.572017717490644e-14
                 3.28125       1.153553552490002   5.572017717490644e-14
                 3.28125       1.202640937702343   5.572017717490644e-14
                 3.28125       1.251728322914683   5.572017717490644e-14
                 3.28125       1.300815708127024   5.572017717490644e-14
                 3.28125       1.349903093339364   5.572017717490644e-14
                 3.28125       1.398990478551705   5.572017717490644e-14
                 3.28125       1.448077863764045   5.572017717490644e-14
                 3.28125       1.497165248976386   5.572017717490644e-14
                 3.28125       1.546252634188726   5.572017717490644e-14
                 3.28125       1.595340019401067   5.572017717490644e-14
                 3.28125       1.644427404613407   5.572017717490644e-14
                 3.28125       1.693514789825748   5.572017717490644e-14
                 3.28125       1.742602175038088   5.572017717490644e-14
                 3.28125       1.791689560250429   5.572017717490644e-14
                 3.28125       1.840776945462769   5.572017717490644e-14
                 3.28125        1.88986433067511   5.572017717490644e-14
                 3.28125       1.938951715887451   5.572017717490644e-14
                 3.28125       1.988039101099791   5.572017717490644e-14
                 3.28125       2.037126486312132   5.572017717490644e-14
                 3.28125       2.086213871524472   5.572017717490644e-14
                 3.28125       2.135301256736812   5.572017717490644e-14
                 3.28125       2.184388641949153   5.572017717490644e-14
                 3.28125       2.233476027161494   5.572017717490644e-14
                 3.28125       2.282563412373834   5.572017717490644e-14
                 3.28125       2.331650797586175   5.572017717490644e-14
                 3.28125       2.380738182798515   5.572017717490644e-14
                 3.28125       2.429825568010856   5.572017717490644e-14
                 3.28125       2.478912953223196   5.572017717490644e-14
                 3.28125       2.528000338435537   5.572017717490644e-14
                 3.28125       2.577087723647877   5.572017717490644e-14
                 3.28125       2.626175108860218   5.572017717490644e-14
                 3.28125       2.675262494072558   5.572017717490644e-14
                 3.28125       2.724349879284899   5.572017717490644e-14
                 3.28125       2.773437264497239   5.572017717490644e-14
                 3.28125        2.82252464970958   5.572017717490644e-14
                 3.28125        2.87161203492192   5.572017717490644e-14
                 3.28125       2.920699420134261   5.572017717490644e-14
                 3.28125       2.969786805346601   5.572017717490644e-14
                 3.28125       3.018874190558942   5.572017717490644e-14
                 3.28125       3.067961575771282   5.572017717490644e-14
                 3.28125       3.117048960983623   5.572017717490644e-14

                 3.34375     0.02454369260617026  -5.480787583394785e-14
                 3.34375     0.07363107781851078  -5.480787583394785e-14
                 3.34375      0.1227184630308513  -5.480787583394785e-14
                 3.34375      0.1718058482431918  -5.480787583394785e-14
                 3.34375      0.2208932334555323  -5.480787583394785e-14
                 3.34375      0.2699806186678728  -5.480787583394785e-14
                 3.34375      0.3190680038802134  -5.480787583394785e-14
                 3.34375      0.3681553890925539  -5.480787583394785e-14
                 3.34375      0.4172427743048944  -5.480787583394785e-14
                 3.34375      0.4663301595172349  -5.480787583394785e-14
                 3.34375      0.5154175447295755  -5.480787583394785e-14
                 3.34375      0.5645049299419159  -5.480787583394785e-14
                 3.34375      0.6135923151542565  -5.480787583394785e-14
                 3.34375       0.662679700366597  -5.480787583394785e-14
                 3.34375      0.7117670855789375  -5.480787583394785e-14
                 3.34375       0.760854470791278  -5.480787583394785e-14
                 3.34375      0.8099418560036186  -5.480787583394785e-14
                 3.34375       0.859029241215959  -5.480787583394785e-14
                 3.34375      0.9081166264282996  -5.480787583394785e-14
                 3.34375      0.9572040116406401  -5.480787583394785e-14
                 3.34375       1.006291396852981  -5.480787583394785e-14
                 3.34375       1.055378782065321  -5.480787583394785e-14
                 3.34375       1.104466167277662  -5.480787583394785e-14
                 3.34375       1.153553552490002  -5.480787583394785e-14
                 3.34375       1.202640937702343  -5.480787583394785e-14
                 3.34375       1.251728322914683  -5.480787583394785e-14
                 3.34375       1.300815708127024  -5.480787583394785e-14
                 3.34375       1.349903093339364  -5.480787583394785e-14
                 3.34375       1.398990478551705  -5.480787583394785e-14
                 3.34375       1.448077863764045  -5.480787583394785e-14
                 3.34375       1.497165248976386  -5.480787583394785e-14
                 3.34375       1.546252634188726  -5.480787583394785e-14
                 3.34375       1.595340019401067  -5.480787583394785e-14
                 3.34375       1.644427404613407  -5.480787583394785e-14
                 3.34375       1.693514789825748  -5.480787583394785e-14
                 3.34375       1.742602175038088  -5.480787583394785e-14
                 3.34375       1.791689560250429  -5.480787583394785e-14
                 3.34375       1.840776945462769  -5.480787583394785e-14
                 3.34375        1.88986433067511  -5.480787583394785e-14
                 3.34375       1.938951715887451  -5.480787583394785e-14
                 3.34375       1.988039101099791  -5.480787583394785e-14
                 3.34375       2.037126486312132  -5.480787583394785e-14
                 3.34375       2.086213871524472  -5.480787583394785e-14
                 3.34375       2.135301256736812  -5.480787583394785e-14
                 3.34375       2.184388641949153  -5.480787583394785e-14
                 3.34375       2.233476027161494  -5.480787583394785e-14
                 3.34375       2.282563412373834  -5.480787583394785e-14
                 3.34375       2.331650797586175  -5.480787583394785e-14
                 3.34375       2.380738182798515  -5.480787583394785e-14
                 3.34375       2.429825568010856  -5.480787583394785e-14
                 3.34375       2.478912953223196  -5.480787583394785e-14
                 3.34375       2.528000338435537  -5.480787583394785e-14
                 3.34375       2.577087723647877  -5.480787583394785e-14
                 3.34375       2.626175108860218  -5.480787583394785e-14
                 3.34375       2.675262494072558  -5.480787583394785e-14
                 3.34375       2.724349879284899  -5.480787583394785e-14
                 3.34375       2.773437264497239  -5.480787583394785e-14
                 3.34375        2.82252464970958  -5.480787583394785e-14
                 3.34375        2.87161203492192  -5.480787583394785e-14
                 3.34375       2.920699420134261  -5.480787583394785e-14
                 3.34375       2.969786805346601  -5.480787583394785e-14
                 3.34375       3.018874190558942  -5.480787583394785e-14
                 3.34375       3.067961575771282  -5.480787583394785e-14
                 3.34375       3.117048960983623  -5.480787583394785e-14

                 3.40625     0.02454369260617026  -8.689997005775437e-14
                 3.40625     0.07363107781851078  -8.689997005775437e-14
                 3.40625      0.1227184630308513  -8.689997005775437e-14
                 3.40625      0.1718058482431918  -8.689997005775437e-14
                 3.40625      0.2208932334555323  -8.689997005775437e-14
                 3.40625      0.2699806186678728  -8.689997005775437e-14
                 3.40625      0.3190680038802134  -8.689997005775437e-14
                 3.40625      0.3681553890925539  -8.689997005775437e-14
                 3.40625      0.4172427743048944  -8.689997005775437e-14
                 3.40625      0.4663301595172349  -8.689997005775437e-14
                 3.40625      0.5154175447295755  -8.689997005775437e-14
                 3.40625      0.5645049299419159  -8.689997005775437e-14
                 3.40625      0.6135923151542565  -8.689997005775437e-14
                 3.40625       0.662679700366597  -8.689997005775437e-14
                 3.40625      0.7117670855789375  -8.689997005775437e-14
                 3.40625       0.760854470791278  -8.689997005775437e-14
                 3.40625      0.8099418560036186  -8.689997005775437e-14
                 3.40625       0.859029241215959  -8.689997005775437e-14
                 3.40625      0.9081166264282996  -8.689997005775437e-14
                 3.40625      0.9572040116406401  -8.689997005775437e-14
                 3.40625       1.006291396852981  -8.689997005775437e-14
                 3.40625       1.055378782065321  -8.689997005775437e-14
                 3.40625       1.104466167277662  -8.689997005775437e-14
                 3.40625       1.153553552490002  -8.689997005775437e-14
                 3.40625       1.202640937702343  -8.689997005775437e-14
                 3.40625       1.251728322914683  -8.689997005775437e-14
                 3.40625       1.300815708127024  -8.689997005775437e-14
                 3.40625       1.349903093339364  -8.689997005775437e-14
                 3.40625       1.398990478551705  -8.689997005775437e-14
                 3.40625       1.448077863764045  -8.689997005775437e-14
                 3.40625       1.497165248976386  -8.689997005775437e-14
                 3.40625       1.546252634188726  -8.689997005775437e-14
                 3.40625       1.595340019401067  -8.689997005775437e-14
                 3.40625       1.644427404613407  -8.689997005775437e-14
                 3.40625       1.693514789825748  -8.689997005775437e-14
                 3.40625       1.742602175038088  -8.689997005775437e-14
                 3.40625       1.791689560250429  -8.689997005775437e-14
                 3.40625       1.840776945462769  -8.689997005775437e-14
                 3.40625        1.88986433067511  -8.689997005775437e-14
                 3.40625       1.938951715887451  -8.689997005775437e-14
                 3.40625       1.988039101099791  -8.689997005775437e-14
                 3.40625       2.037126486312132  -8.689997005775437e-14
                 3.40625       2.086213871524472  -8.689997005775437e-14
                 3.40625       2.135301256736812  -8.689997005775437e-14
                 3.40625       2.184388641949153  -8.689997005775437e-14
                 3.40625       2.233476027161494  -8.689997005775437e-14
                 3.40625       2.282563412373834  -8.689997005775437e-14
                 3.40625       2.331650797586175  -8.689997005775437e-14
                 3.40625       2.380738182798515  -8.689997005775437e-14
                 3.40625       2.429825568010856  -8.689997005775437e-14
                 3.40625       2.478912953223196  -8.689997005775437e-14
                 3.40625       2.528000338435537  -8.689997005775437e-14
                 3.40625       2.577087723647877  -8.689997005775437e-14
                 3.40625       2.626175108860218  -8.689997005775437e-14
                 3.40625       2.675262494072558  -8.689997005775437e-14
                 3.40625       2.724349879284899  -8.689997005775437e-14
                 3.40625       2.773437264497239  -8.689997005775437e-14
                 3.40625        2.82252464970958  -8.689997005775437e-14
                 3.40625        2.87161203492192  -8.689997005775437e-14
                 3.40625       2.920699420134261  -8.689997005775437e-14
                 3.40625       2.969786805346601  -8.689997005775437e-14
                 3.40625       3.018874190558942  -8.689997005775437e-14
                 3.40625       3.067961575771282  -8.689997005775437e-14
                 3.40625       3.117048960983623  -8.689997005775437e-14

                 3.46875     0.02454369260617026  -1.501729917179501e-13
                 3.46875     0.07363107781851078  -1.501729917179501e-13
                 3.46875      0.1227184630308513  -1.501729917179501e-13
                 3.46875      0.1718058482431918  -1.501729917179501e-13
                 3.46875      0.2208932334555323  -1.501729917179501e-13
                 3.46875      0.2699806186678728  -1.501729917179501e-13
                 3.46875      0.3190680038802134  -1.501729917179501e-13
                 3.46875      0.3681553890925539  -1.501729917179501e-13
                 3.46875      0.4172427743048944  -1.501729917179501e-13
                 3.46875      0.4663301595172349  -1.501729917179501e-13
                 3.46875      0.5154175447295755  -1.501729917179501e-13
                 3.46875      0.5645049299419159  -1.501729917179501e-13
                 3.46875      0.6135923151542565  -1.501729917179501e-13
                 3.46875       0.662679700366597  -1.501729917179501e-13
                 3.46875      0.7117670855789375  -1.501729917179501e-13
                 3.46875       0.760854470791278  -1.501729917179501e-13
                 3.46875      0.8099418560036186  -1.501729917179501e-13
                 3.46875       0.859029241215959  -1.501729917179501e-13
                 3.46875      0.9081166264282996  -1.501729917179501e-13
                 3.46875      0.9572040116406401  -1.501729917179501e-13
                 3.46875       1.006291396852981  -1.501729917179501e-13
                 3.46875       1.055378782065321  -1.501729917179501e-13
                 3.46875       1.104466167277662  -1.501729917179501e-13
                 3.46875       1.153553552490002  -1.501729917179501e-13
                 3.46875       1.202640937702343  -1.501729917179501e-13
                 3.46875       1.251728322914683  -1.501729917179501e-13
                 3.46875       1.300815708127024  -1.501729917179501e-13
                 3.46875       1.349903093339364  -1.501729917179501e-13
                 3.46875       1.398990478551705  -1.501729917179501e-13
                 3.46875       1.448077863764045  -1.501729917179501e-13
                 3.46875       1.497165248976386  -1.501729917179501e-13
                 3.46875       1.546252634188726  -1.501729917179501e-13
                 3.46875       1.595340019401067  -1.501729917179501e-13
                 3.46875       1.644427404613407  -1.501729917179501e-13
                 3.46875       1.693514789825748  -1.501729917179501e-13
                 3.46875       1.742602175038088  -1.501729917179501e-13
                 3.46875       1.791689560250429  -1.501729917179501e-13
                 3.46875       1.840776945462769  -1.501729917179501e-13
                 3.46875        1.88986433067511  -1.501729917179501e-13
                 3.46875       1.938951715887451  -1.501729917179501e-13
                 3.46875       1.988039101099791  -1.501729917179501e-13
                 3.46875       2.037126486312132  -1.501729917179501e-13
                 3.46875       2.086213871524472  -1.501729917179501e-13
                 3.46875       2.135301256736812  -1.501729917179501e-13
                 3.46875       2.184388641949153  -1.501729917179501e-13
                 3.46875       2.233476027161494  -1.501729917179501e-13
                 3.46875       2.282563412373834  -1.501729917179501e-13
                 3.46875       2.331650797586175  -1.501729917179501e-13
                 3.46875       2.380738182798515  -1.501729917179501e-13
                 3.46875       2.429825568010856  -1.501729917179501e-13
                 3.46875       2.478912953223196  -1.501729917179501e-13
                 3.46875       2.528000338435537  -1.501729917179501e-13
                 3.46875       2.577087723647877  -1.501729917179501e-13
                 3.46875       2.626175108860218  -1.501729917179501e-13
                 3.46875       2.675262494072558  -1.501729917179501e-13
                 3.46875       2.724349879284899  -1.501729917179501e-13
                 3.46875       2.773437264497239  -1.501729917179501e-13
                 3.46875        2.82252464970958  -1.501729917179501e-13
                 3.46875        2.87161203492192  -1.501729917179501e-13
                 3.46875       2.920699420134261  -1.501729917179501e-13
                 3.46875       2.969786805346601  -1.501729917179501e-13
                 3.46875       3.018874190558942  -1.501729917179501e-13
                 3.46875       3.067961575771282  -1.501729917179501e-13
                 3.46875       3.117048960983623  -1.501729917179501e-13

                 3.53125     0.02454369260617026  -1.374837321185163e-13
                 3.53125     0.07363107781851078  -1.374837321185163e-13
                 3.53125      0.1227184630308513  -1.374837321185163e-13
                 3.53125      0.1718058482431918  -1.374837321185163e-13
                 3.53125      0.2208932334555323  -1.374837321185163e-13
                 3.53125      0.2699806186678728  -1.374837321185163e-13
                 3.53125      0.3190680038802134  -1.374837321185163e-13
                 3.53125      0.3681553890925539  -1.374837321185163e-13
                 3.53125      0.4172427743048944  -1.374837321185163e-13
                 3.53125      0.4663301595172349  -1.374837321185163e-13
                 3.53125      0.5154175447295755  -1.374837321185163e-13
                 3.53125      0.5645049299419159  -1.374837321185163e-13
                 3.53125      0.6135923151542565  -1.374837321185163e-13
                 3.53125       0.662679700366597  -1.374837321185163e-13
                 3.53125      0.7117670855789375  -1.374837321185163e-13
                 3.53125       0.760854470791278  -1.374837321185163e-13
                 3.53125      0.8099418560036186  -1.374837321185163e-13
                 3.53125       0.859029241215959  -1.374837321185163e-13
                 3.53125      0.9081166264282996  -1.374837321185163e-13
                 3.53125      0.9572040116406401  -1.374837321185163e-13
                 3.53125       1.006291396852981  -1.374837321185163e-13
                 3.53125       1.055378782065321  -1.374837321185163e-13
                 3.53125       1.104466167277662  -1.374837321185163e-13
                 3.53125       1.153553552490002  -1.374837321185163e-13
                 3.53125       1.202640937702343  -1.374837321185163e-13
                 3.53125       1.251728322914683  -1.374837321185163e-13
                 3.53125       1.300815708127024  -1.374837321185163e-13
                 3.53125       1.349903093339364  -1.374837321185163e-13
                 3.53125       1.398990478551705  -1.374837321185163e-13
                 3.53125       1.448077863764045  -1.374837321185163e-13
                 3.53125       1.497165248976386  -1.374837321185163e-13
                 3.53125       1.546252634188726  -1.374837321185163e-13
                 3.53125       1.595340019401067  -1.374837321185163e-13
                 3.53125       1.644427404613407  -1.374837321185163e-13
                 3.53125       1.693514789825748  -1.374837321185163e-13
                 3.53125       1.742602175038088  -1.374837321185163e-13
                 3.53125       1.791689560250429  -1.374837321185163e-13
                 3.53125       1.840776945462769  -1.374837321185163e-13
                 3.53125        1.88986433067511  -1.374837321185163e-13
                 3.53125       1.938951715887451  -1.374837321185163e-13
                 3.53125       1.988039101099791  -1.374837321185163e-13
                 3.53125       2.037126486312132  -1.374837321185163e-13
                 3.53125       2.086213871524472  -1.374837321185163e-13
                 3.53125       2.135301256736812  -1.374837321185163e-13
                 3.53125       2.184388641949153  -1.374837321185163e-13
                 3.53125       2.233476027161494  -1.374837321185163e-13
                 3.53125       2.282563412373834  -1.374837321185163e-13
                 3.53125       2.331650797586175  -1.374837321185163e-13
                 3.53125       2.380738182798515  -1.374837321185163e-13
                 3.53125       2.429825568010856  -1.374837321185163e-13
                 3.53125       2.478912953223196  -1.374837321185163e-13
                 3.53125       2.528000338435537  -1.374837321185163e-13
                 3.53125       2.577087723647877  -1.374837321185163e-13
                 3.53125       2.626175108860218  -1.374837321185163e-13
                 3.53125       2.675262494072558  -1.374837321185163e-13
                 3.53125       2.724349879284899  -1.374837321185163e-13
                 3.53125       2.773437264497239  -1.374837321185163e-13
                 3.53125        2.82252464970958  -1.374837321185163e-13
                 3.53125        2.87161203492192  -1.374837321185163e-13
                 3.53125       2.920699420134261  -1.374837321185163e-13
                 3.53125       2.969786805346601  -1.374837321185163e-13
                 3.53125       3.018874190558942  -1.374837321185163e-13
                 3.53125       3.067961575771282  -1.374837321185163e-13
                 3.53125       3.117048960983623  -1.374837321185163e-13

                 3.59375     0.02454369260617026  -1.665411723760149e-13
                 3.59375     0.07363107781851078  -1.665411723760149e-13
                 3.59375      0.1227184630308513  -1.665411723760149e-13
                 3.59375      0.1718058482431918  -1.665411723760149e-13
                 3.59375      0.2208932334555323  -1.665411723760149e-13
                 3.59375      0.2699806186678728  -1.665411723760149e-13
                 3.59375      0.3190680038802134  -1.665411723760149e-13
                 3.59375      0.3681553890925539  -1.665411723760149e-13
                 3.59375      0.4172427743048944  -1.665411723760149e-13
                 3.59375      0.4663301595172349  -1.665411723760149e-13
                 3.59375      0.5154175447295755  -1.665411723760149e-13
                 3.59375      0.5645049299419159  -1.665411723760149e-13
                 3.59375      0.6135923151542565  -1.665411723760149e-13
                 3.59375       0.662679700366597  -1.665411723760149e-13
                 3.59375      0.7117670855789375  -1.665411723760149e-13
                 3.59375       0.760854470791278  -1.665411723760149e-13
                 3.59375      0.8099418560036186  -1.665411723760149e-13
                 3.59375       0.859029241215959  -1.665411723760149e-13
                 3.59375      0.9081166264282996  -1.665411723760149e-13
                 3.59375      0.9572040116406401  -1.665411723760149e-13
                 3.59375       1.006291396852981  -1.665411723760149e-13
                 3.59375       1.055378782065321  -1.665411723760149e-13
                 3.59375       1.104466167277662  -1.665411723760149e-13
                 3.59375       1.153553552490002  -1.665411723760149e-13
                 3.59375       1.202640937702343  -1.665411723760149e-13
                 3.59375       1.251728322914683  -1.665411723760149e-13
                 3.59375       1.300815708127024  -1.665411723760149e-13
                 3.59375       1.349903093339364  -1.665411723760149e-13
                 3.59375       1.398990478551705  -1.665411723760149e-13
                 3.59375       1.448077863764045  -1.665411723760149e-13
                 3.59375       1.497165248976386  -1.665411723760149e-13
                 3.59375       1.546252634188726  -1.665411723760149e-13
                 3.59375       1.595340019401067  -1.665411723760149e-13
                 3.59375       1.644427404613407  -1.665411723760149e-13
                 3.59375       1.693514789825748  -1.665411723760149e-13
                 3.59375       1.742602175038088  -1.665411723760149e-13
                 3.59375       1.791689560250429  -1.665411723760149e-13
                 3.59375       1.840776945462769  -1.665411723760149e-13
                 3.59375        1.88986433067511  -1.665411723760149e-13
                 3.59375       1.938951715887451  -1.665411723760149e-13
                 3.59375       1.988039101099791  -1.665411723760149e-13
                 3.59375       2.037126486312132  -1.665411723760149e-13
                 3.59375       2.086213871524472  -1.665411723760149e-13
                 3.59375       2.135301256736812  -1.665411723760149e-13
                 3.59375       2.184388641949153  -1.665411723760149e-13
                 3.59375       2.233476027161494  -1.665411723760149e-13
                 3.59375       2.282563412373834  -1.665411723760149e-13
                 3.59375       2.331650797586175  -1.665411723760149e-13
                 3.59375       2.380738182798515  -1.665411723760149e-13
                 3.59375       2.429825568010856  -1.665411723760149e-13
                 3.59375       2.478912953223196  -1.665411723760149e-13
                 3.59375       2.528000338435537  -1.665411723760149e-13
                 3.59375       2.577087723647877  -1.665411723760149e-13
                 3.59375       2.626175108860218  -1.665411723760149e-13
                 3.59375       2.675262494072558  -1.665411723760149e-13
                 3.59375       2.724349879284899  -1.665411723760149e-13
                 3.59375       2.773437264497239  -1.665411723760149e-13
                 3.59375        2.82252464970958  -1.665411723760149e-13
                 3.59375        2.87161203492192  -1.665411723760149e-13
                 3.59375       2.920699420134261  -1.665411723760149e-13
                 3.59375       2.969786805346601  -1.665411723760149e-13
                 3.59375       3.018874190558942  -1.665411723760149e-13
                 3.59375       3.067961575771282  -1.665411723760149e-13
                 3.59375       3.117048960983623  -1.665411723760149e-13

                 3.65625     0.02454369260617026  -6.045153023192506e-14
                 3.65625     0.07363107781851078  -6.045153023192506e-14
                 3.65625      0.1227184630308513  -6.045153023192506e-14
                 3.65625      0.1718058482431918  -6.045153023192506e-14
                 3.65625      0.2208932334555323  -6.045153023192506e-14
                 3.65625      0.2699806186678728  -6.045153023192506e-14
                 3.65625      0.3190680038802134  -6.045153023192506e-14
                 3.65625      0.3681553890925539  -6.045153023192506e-14
                 3.65625      0.4172427743048944  -6.045153023192506e-14
                 3.65625      0.4663301595172349  -6.045153023192506e-14
                 3.65625      0.5154175447295755  -6.045153023192506e-14
                 3.65625      0.5645049299419159  -6.045153023192506e-14
                 3.65625      0.6135923151542565  -6.045153023192506e-14
                 3.65625       0.662679700366597  -6.045153023192506e-14
                 3.65625      0.7117670855789375  -6.045153023192506e-14
                 3.65625       0.760854470791278  -6.045153023192506e-14
                 3.65625      0.8099418560036186  -6.045153023192506e-14
                 3.65625       0.859029241215959  -6.045153023192506e-14
                 3.65625      0.9081166264282996  -6.045153023192506e-14
                 3.65625      0.9572040116406401  -6.045153023192506e-14
                 3.65625       1.006291396852981  -6.045153023192506e-14
                 3.65625       1.055378782065321  -6.045153023192506e-14
                 3.65625       1.104466167277662  -6.045153023192506e-14
                 3.65625       1.153553552490002  -6.045153023192506e-14
                 3.65625       1.202640937702343  -6.045153023192506e-14
                 3.65625       1.251728322914683  -6.045153023192506e-14
                 3.65625       1.300815708127024  -6.045153023192506e-14
                 3.65625       1.349903093339364  -6.045153023192506e-14
                 3.65625       1.398990478551705  -6.045153023192506e-14
                 3.65625       1.448077863764045  -6.045153023192506e-14
                 3.65625       1.497165248976386  -6.045153023192506e-14
                 3.65625       1.546252634188726  -6.045153023192506e-14
                 3.65625       1.595340019401067  -6.045153023192506e-14
                 3.65625       1.644427404613407  -6.045153023192506e-14
                 3.65625       1.693514789825748  -6.045153023192506e-14
                 3.65625       1.742602175038088  -6.045153023192506e-14
                 3.65625       1.791689560250429  -6.045153023192506e-14
                 3.65625       1.840776945462769  -6.045153023192506e-14
                 3.65625        1.88986433067511  -6.045153023192506e-14
                 3.65625       1.938951715887451  -6.045153023192506e-14
                 3.65625       1.988039101099791  -6.045153023192506e-14
                 3.65625       2.037126486312132  -6.045153023192506e-14
                 3.65625       2.086213871524472  -6.045153023192506e-14
                 3.65625       2.135301256736812  -6.045153023192506e-14
                 3.65625       2.184388641949153  -6.045153023192506e-14
                 3.65625       2.233476027161494  -6.045153023192506e-14
                 3.65625       2.282563412373834  -6.045153023192506e-14
                 3.65625       2.331650797586175  -6.045153023192506e-14
                 3.65625       2.380738182798515  -6.045153023192506e-14
                 3.65625       2.429825568010856  -6.045153023192506e-14
                 3.65625       2.478912953223196  -6.045153023192506e-14
                 3.65625       2.528000338435537  -6.045153023192506e-14
                 3.65625       2.577087723647877  -6.045153023192506e-14
                 3.65625       2.626175108860218  -6.045153023192506e-14
                 3.65625       2.675262494072558  -6.045153023192506e-14
                 3.65625       2.724349879284899  -6.045153023192506e-14
                 3.65625       2.773437264497239  -6.045153023192506e-14
                 3.65625        2.82252464970958  -6.045153023192506e-14
                 3.65625        2.87161203492192  -6.045153023192506e-14
                 3.65625       2.920699420134261  -6.045153023192506e-14
                 3.65625       2.969786805346601  -6.045153023192506e-14
                 3.65625       3.018874190558942  -6.045153023192506e-14
                 3.65625       3.067961575771282  -6.045153023192506e-14
                 3.65625       3.117048960983623  -6.045153023192506e-14

                 3.71875     0.02454369260617026  -1.765319766287313e-13
                 3.71875     0.07363107781851078  -1.765319766287313e-13
                 3.71875      0.1227184630308513  -1.765319766287313e-13
                 3.71875      0.1718058482431918  -1.765319766287313e-13
                 3.71875      0.2208932334555323  -1.765319766287313e-13
                 3.71875      0.2699806186678728  -1.765319766287313e-13
                 3.71875      0.3190680038802134  -1.765319766287313e-13
                 3.71875      0.3681553890925539  -1.765319766287313e-13
                 3.71875      0.4172427743048944  -1.765319766287313e-13
                 3.71875      0.4663301595172349  -1.765319766287313e-13
                 3.71875      0.5154175447295755  -1.765319766287313e-13
                 3.71875      0.5645049299419159  -1.765319766287313e-13
                 3.71875      0.6135923151542565  -1.765319766287313e-13
                 3.71875       0.662679700366597  -1.765319766287313e-13
                 3.71875      0.7117670855789375  -1.765319766287313e-13
                 3.71875       0.760854470791278  -1.765319766287313e-13
                 3.71875      0.8099418560036186  -1.765319766287313e-13
                 3.71875       0.859029241215959  -1.765319766287313e-13
                 3.71875      0.9081166264282996  -1.765319766287313e-13
                 3.71875      0.9572040116406401  -1.765319766287313e-13
                 3.71875       1.006291396852981  -1.765319766287313e-13
                 3.71875       1.055378782065321  -1.765319766287313e-13
                 3.71875       1.104466167277662  -1.765319766287313e-13
                 3.71875       1.153553552490002  -1.765319766287313e-13
                 3.71875       1.202640937702343  -1.765319766287313e-13
                 3.71875       1.251728322914683  -1.765319766287313e-13
                 3.71875       1.300815708127024  -1.765319766287313e-13
                 3.71875       1.349903093339364  -1.765319766287313e-13
                 3.71875       1.398990478551705  -1.765319766287313e-13
                 3.71875       1.448077863764045  -1.765319766287313e-13
                 3.71875       1.497165248976386  -1.765319766287313e-13
                 3.71875       1.546252634188726  -1.765319766287313e-13
                 3.71875       1.595340019401067  -1.765319766287313e-13
                 3.71875       1.644427404613407  -1.765319766287313e-13
                 3.71875       1.693514789825748  -1.765319766287313e-13
                 3.71875       1.742602175038088  -1.765319766287313e-13
                 3.71875       1.791689560250429  -1.765319766287313e-13
                 3.71875       1.840776945462769  -1.765319766287313e-13
                 3.71875        1.88986433067511  -1.765319766287313e-13
                 3.71875       1.938951715887451  -1.765319766287313e-13
                 3.71875       1.988039101099791  -1.765319766287313e-13
                 3.71875       2.037126486312132  -1.765319766287313e-13
                 3.71875       2.086213871524472  -1.765319766287313e-13
                 3.71875       2.135301256736812  -1.765319766287313e-13
                 3.71875       2.184388641949153  -1.765319766287313e-13
                 3.71875       2.233476027161494  -1.765319766287313e-13
                 3.71875       2.282563412373834  -1.765319766287313e-13
                 3.71875       2.331650797586175  -1.765319766287313e-13
                 3.71875       2.380738182798515  -1.765319766287313e-13
                 3.71875       2.429825568010856  -1.765319766287313e-13
                 3.71875       2.478912953223196  -1.765319766287313e-13
                 3.71875       2.528000338435537  -1.765319766287313e-13
                 3.71875       2.577087723647877  -1.765319766287313e-13
                 3.71875       2.626175108860218  -1.765319766287313e-13
                 3.71875       2.675262494072558  -1.765319766287313e-13
                 3.71875       2.724349879284899  -1.765319766287313e-13
                 3.71875       2.773437264497239  -1.765319766287313e-13
                 3.71875        2.82252464970958  -1.765319766287313e-13
                 3.71875        2.87161203492192  -1.765319766287313e-13
                 3.71875       2.920699420134261  -1.765319766287313e-13
                 3.71875       2.969786805346601  -1.765319766287313e-13
                 3.71875       3.018874190558942  -1.765319766287313e-13
                 3.71875       3.067961575771282  -1.765319766287313e-13
                 3.71875       3.117048960983623  -1.765319766287313e-13

                 3.78125     0.02454369260617026  -1.612082963289209e-15
                 3.78125     0.07363107781851078  -1.612082963289209e-15
                 3.78125      0.1227184630308513  -1.612082963289209e-15
                 3.78125      0.1718058482431918  -1.612082963289209e-15
                 3.78125      0.2208932334555323  -1.612082963289209e-15
                 3.78125      0.2699806186678728  -1.612082963289209e-15
                 3.78125      0.3190680038802134  -1.612082963289209e-15
                 3.78125      0.3681553890925539  -1.612082963289209e-15
                 3.78125      0.4172427743048944  -1.612082963289209e-15
                 3.78125      0.4663301595172349  -1.612082963289209e-15
                 3.78125      0.5154175447295755  -1.612082963289209e-15
                 3.78125      0.5645049299419159  -1.612082963289209e-15
                 3.78125      0.6135923151542565  -1.612082963289209e-15
                 3.78125       0.662679700366597  -1.612082963289209e-15
                 3.78125      0.7117670855789375  -1.612082963289209e-15
                 3.78125       0.760854470791278  -1.612082963289209e-15
                 3.78125      0.8099418560036186  -1.612082963289209e-15
                 3.78125       0.859029241215959  -1.612082963289209e-15
                 3.78125      0.9081166264282996  -1.612082963289209e-15
                 3.78125      0.9572040116406401  -1.612082963289209e-15
                 3.78125       1.006291396852981  -1.612082963289209e-15
                 3.78125       1.055378782065321  -1.612082963289209e-15
                 3.78125       1.104466167277662  -1.612082963289209e-15
                 3.78125       1.153553552490002  -1.612082963289209e-15
                 3.78125       1.202640937702343  -1.612082963289209e-15
                 3.78125       1.251728322914683  -1.612082963289209e-15
                 3.78125       1.300815708127024  -1.612082963289209e-15
                 3.78125       1.349903093339364  -1.612082963289209e-15
                 3.78125       1.398990478551705  -1.612082963289209e-15
                 3.78125       1.448077863764045  -1.612082963289209e-15
                 3.78125       1.497165248976386  -1.612082963289209e-15
                 3.78125       1.546252634188726  -1.612082963289209e-15
                 3.78125       1.595340019401067  -1.612082963289209e-15
                 3.78125       1.644427404613407  -1.612082963289209e-15
                 3.78125       1.693514789825748  -1.612082963289209e-15
                 3.78125       1.742602175038088  -1.612082963289209e-15
                 3.78125       1.791689560250429  -1.612082963289209e-15
                 3.78125       1.840776945462769  -1.612082963289209e-15
                 3.78125        1.88986433067511  -1.612082963289209e-15
                 3.78125       1.938951715887451  -1.612082963289209e-15
                 3.78125       1.988039101099791  -1.612082963289209e-15
                 3.78125       2.037126486312132  -1.612082963289209e-15
                 3.78125       2.086213871524472  -1.612082963289209e-15
                 3.78125       2.135301256736812  -1.612082963289209e-15
                 3.78125       2.184388641949153  -1.612082963289209e-15
                 3.78125       2.233476027161494  -1.612082963289209e-15
                 3.78125       2.282563412373834  -1.612082963289209e-15
                 3.78125       2.331650797586175  -1.612082963289209e-15
                 3.78125       2.380738182798515  -1.612082963289209e-15
                 3.78125       2.429825568010856  -1.612082963289209e-15
                 3.78125       2.478912953223196  -1.612082963289209e-15
                 3.78125       2.528000338435537  -1.612082963289209e-15
                 3.78125       2.577087723647877  -1.612082963289209e-15
                 3.78125       2.626175108860218  -1.612082963289209e-15
                 3.78125       2.675262494072558  -1.612082963289209e-15
                 3.78125       2.724349879284899  -1.612082963289209e-15
                 3.78125       2.773437264497239  -1.612082963289209e-15
                 3.78125        2.82252464970958  -1.612082963289209e-15
                 3.78125        2.87161203492192  -1.612082963289209e-15
                 3.78125       2.920699420134261  -1.612082963289209e-15
                 3.78125       2.969786805346601  -1.612082963289209e-15
                 3.78125       3.018874190558942  -1.612082963289209e-15
                 3.78125       3.067961575771282  -1.612082963289209e-15
                 3.78125       3.117048960983623  -1.612082963289209e-15

                 3.84375     0.02454369260617026   3.349469299216138e-14
                 3.84375     0.07363107781851078   3.349469299216138e-14
                 3.84375      0.1227184630308513   3.349469299216138e-14
                 3.84375      0.1718058482431918   3.349469299216138e-14
                 3.84375      0.2208932334555323   3.349469299216138e-14
                 3.84375      0.2699806186678728   3.349469299216138e-14
                 3.84375      0.3190680038802134   3.349469299216138e-14
                 3.84375      0.3681553890925539   3.349469299216138e-14
                 3.84375      0.4172427743048944   3.349469299216138e-14
                 3.84375      0.4663301595172349   3.349469299216138e-14
                 3.84375      0.5154175447295755   3.349469299216138e-14
                 3.84375      0.5645049299419159   3.349469299216138e-14
                 3.84375      0.6135923151542565   3.349469299216138e-14
                 3.84375       0.662679700366597   3.349469299216138e-14
                 3.84375      0.7117670855789375   3.349469299216138e-14
                 3.84375       0.760854470791278   3.349469299216138e-14
                 3.84375      0.8099418560036186   3.349469299216138e-14
                 3.84375       0.859029241215959   3.349469299216138e-14
                 3.84375      0.9081166264282996   3.349469299216138e-14
                 3.84375      0.9572040116406401   3.349469299216138e-14
                 3.84375       1.006291396852981   3.349469299216138e-14
                 3.84375       1.055378782065321   3.349469299216138e-14
                 3.84375       1.104466167277662   3.349469299216138e-14
                 3.84375       1.153553552490002   3.349469299216138e-14
                 3.84375       1.202640937702343   3.349469299216138e-14
                 3.84375       1.251728322914683   3.349469299216138e-14
                 3.84375       1.300815708127024   3.349469299216138e-14
                 3.84375       1.349903093339364   3.349469299216138e-14
                 3.84375       1.398990478551705   3.349469299216138e-14
                 3.84375       1.448077863764045   3.349469299216138e-14
                 3.84375       1.497165248976386   3.349469299216138e-14
                 3.84375       1.546252634188726   3.349469299216138e-14
                 3.84375       1.595340019401067   3.349469299216138e-14
                 3.84375       1.644427404613407   3.349469299216138e-14
                 3.84375       1.693514789825748   3.349469299216138e-14
                 3.84375       1.742602175038088   3.349469299216138e-14
                 3.84375       1.791689560250429   3.349469299216138e-14
                 3.84375       1.840776945462769   3.349469299216138e-14
                 3.84375        1.88986433067511   3.349469299216138e-14
                 3.84375       1.938951715887451   3.349469299216138e-14
                 3.84375       1.988039101099791   3.349469299216138e-14
                 3.84375       2.037126486312132   3.349469299216138e-14
                 3.84375       2.086213871524472   3.349469299216138e-14
                 3.84375       2.135301256736812   3.349469299216138e-14
                 3.84375       2.184388641949153   3.349469299216138e-14
                 3.84375       2.233476027161494   3.349469299216138e-14
                 3.84375       2.282563412373834   3.349469299216138e-14
                 3.84375       2.331650797586175   3.349469299216138e-14
                 3.84375       2.380738182798515   3.349469299216138e-14
                 3.84375       2.429825568010856   3.349469299216138e-14
                 3.84375       2.478912953223196   3.349469299216138e-14
                 3.84375       2.528000338435537   3.349469299216138e-14
                 3.84375       2.577087723647877   3.349469299216138e-14
                 3.84375       2.626175108860218   3.349469299216138e-14
                 3.84375       2.675262494072558   3.349469299216138e-14
                 3.84375       2.724349879284899   3.349469299216138e-14
                 3.84375       2.773437264497239   3.349469299216138e-14
                 3.84375        2.82252464970958   3.349469299216138e-14
                 3.84375        2.87161203492192   3.349469299216138e-14
                 3.84375       2.920699420134261   3.349469299216138e-14
                 3.84375       2.969786805346601   3.349469299216138e-14
                 3.84375       3.018874190558942   3.349469299216138e-14
                 3.84375       3.067961575771282   3.349469299216138e-14
                 3.84375       3.117048960983623   3.349469299216138e-14

                 3.90625     0.02454369260617026  -9.424541087239357e-14
                 3.90625     0.07363107781851078  -9.424541087239357e-14
                 3.90625      0.1227184630308513  -9.424541087239357e-14
                 3.90625      0.1718058482431918  -9.424541087239357e-14
                 3.90625      0.2208932334555323  -9.424541087239357e-14
                 3.90625      0.2699806186678728  -9.424541087239357e-14
                 3.90625      0.3190680038802134  -9.424541087239357e-14
                 3.90625      0.3681553890925539  -9.424541087239357e-14
                 3.90625      0.4172427743048944  -9.424541087239357e-14
                 3.90625      0.4663301595172349  -9.424541087239357e-14
                 3.90625      0.5154175447295755  -9.424541087239357e-14
                 3.90625      0.5645049299419159  -9.424541087239357e-14
                 3.90625      0.6135923151542565  -9.424541087239357e-14
                 3.90625       0.662679700366597  -9.424541087239357e-14
                 3.90625      0.7117670855789375  -9.424541087239357e-14
                 3.90625       0.760854470791278  -9.424541087239357e-14
                 3.90625      0.8099418560036186  -9.424541087239357e-14
                 3.90625       0.859029241215959  -9.424541087239357e-14
                 3.90625      0.9081166264282996  -9.424541087239357e-14
                 3.90625      0.9572040116406401  -9.424541087239357e-14
                 3.90625       1.006291396852981  -9.424541087239357e-14
                 3.90625       1.055378782065321  -9.424541087239357e-14
                 3.90625       1.104466167277662  -9.424541087239357e-14
                 3.90625       1.153553552490002  -9.424541087239357e-14
                 3.90625       1.202640937702343  -9.424541087239357e-14
                 3.90625       1.251728322914683  -9.424541087239357e-14
                 3.90625       1.300815708127024  -9.424541087239357e-14
                 3.90625       1.349903093339364  -9.424541087239357e-14
                 3.90625       1.398990478551705  -9.424541087239357e-14
                 3.90625       1.448077863764045  -9.424541087239357e-14
                 3.90625       1.497165248976386  -9.424541087239357e-14
                 3.90625       1.546252634188726  -9.424541087239357e-14
                 3.90625       1.595340019401067  -9.424541087239357e-14
                 3.90625       1.644427404613407  -9.424541087239357e-14
                 3.90625       1.693514789825748  -9.424541087239357e-14
                 3.90625       1.742602175038088  -9.424541087239357e-14
                 3.90625       1.791689560250429  -9.424541087239357e-14
                 3.90625       1.840776945462769  -9.424541087239357e-14
                 3.90625        1.88986433067511  -9.424541087239357e-14
                 3.90625       1.938951715887451  -9.424541087239357e-14
                 3.90625       1.988039101099791  -9.424541087239357e-14
                 3.90625       2.037126486312132  -9.424541087239357e-14
                 3.90625       2.086213871524472  -9.424541087239357e-14
                 3.90625       2.135301256736812  -9.424541087239357e-14
                 3.90625       2.184388641949153  -9.424541087239357e-14
                 3.90625       2.233476027161494  -9.424541087239357e-14
                 3.90625       2.282563412373834  -9.424541087239357e-14
                 3.90625       2.331650797586175  -9.424541087239357e-14
                 3.90625       2.380738182798515  -9.424541087239357e-14
                 3.90625       2.429825568010856  -9.424541087239357e-14
                 3.90625       2.478912953223196  -9.424541087239357e-14
                 3.90625       2.528000338435537  -9.424541087239357e-14
                 3.90625       2.577087723647877  -9.424541087239357e-14
                 3.90625       2.626175108860218  -9.424541087239357e-14
                 3.90625       2.675262494072558  -9.424541087239357e-14
                 3.90625       2.724349879284899  -9.424541087239357e-14
                 3.90625       2.773437264497239  -9.424541087239357e-14
                 3.90625        2.82252464970958  -9.424541087239357e-14
                 3.90625        2.87161203492192  -9.424541087239357e-14
                 3.90625       2.920699420134261  -9.424541087239357e-14
                 3.90625       2.969786805346601  -9.424541087239357e-14
                 3.90625       3.018874190558942  -9.424541087239357e-14
                 3.90625       3.067961575771282  -9.424541087239357e-14
                 3.90625       3.117048960983623  -9.424541087239357e-14

                 3.96875     0.02454369260617026  -8.556434092937678e-14
                 3.96875     0.07363107781851078  -8.556434092937678e-14
                 3.96875      0.1227184630308513  -8.556434092937678e-14
                 3.96875      0.1718058482431918  -8.556434092937678e-14
                 3.96875      0.2208932334555323  -8.556434092937678e-14
                 3.96875      0.2699806186678728  -8.556434092937678e-14
                 3.96875      0.3190680038802134  -8.556434092937678e-14
                 3.96875      0.3681553890925539  -8.556434092937678e-14
                 3.96875      0.4172427743048944  -8.556434092937678e-14
                 3.96875      0.4663301595172349  -8.556434092937678e-14
                 3.96875      0.5154175447295755  -8.556434092937678e-14
                 3.96875      0.5645049299419159  -8.556434092937678e-14
                 3.96875      0.6135923151542565  -8.556434092937678e-14
                 3.96875       0.662679700366597  -8.556434092937678e-14
                 3.96875      0.7117670855789375  -8.556434092937678e-14
                 3.96875       0.760854470791278  -8.556434092937678e-14
                 3.96875      0.8099418560036186  -8.556434092937678e-14
                 3.96875       0.859029241215959  -8.556434092937678e-14
                 3.96875      0.9081166264282996  -8.556434092937678e-14
                 3.96875      0.9572040116406401  -8.556434092937678e-14
                 3.96875       1.006291396852981  -8.556434092937678e-14
                 3.96875       1.055378782065321  -8.556434092937678e-14
                 3.96875       1.104466167277662  -8.556434092937678e-14
                 3.96875       1.153553552490002  -8.556434092937678e-14
                 3.96875       1.202640937702343  -8.556434092937678e-14
                 3.96875       1.251728322914683  -8.556434092937678e-14
                 3.96875       1.300815708127024  -8.556434092937678e-14
                 3.96875       1.349903093339364  -8.556434092937678e-14
                 3.96875       1.398990478551705  -8.556434092937678e-14
                 3.96875       1.448077863764045  -8.556434092937678e-14
                 3.96875       1.497165248976386  -8.556434092937678e-14
                 3.96875       1.546252634188726  -8.556434092937678e-14
                 3.96875       1.595340019401067  -8.556434092937678e-14
                 3.96875       1.644427404613407  -8.556434092937678e-14
                 3.96875       1.693514789825748  -8.556434092937678e-14
                 3.96875       1.742602175038088  -8.556434092937678e-14
                 3.96875       1.791689560250429  -8.556434092937678e-14
                 3.96875       1.840776945462769  -8.556434092937678e-14
                 3.96875        1.88986433067511  -8.556434092937678e-14
                 3.96875       1.938951715887451  -8.556434092937678e-14
                 3.96875       1.988039101099791  -8.556434092937678e-14
                 3.96875       2.037126486312132  -8.556434092937678e-14
                 3.96875       2.086213871524472  -8.556434092937678e-14
                 3.96875       2.135301256736812  -8.556434092937678e-14
                 3.96875       2.184388641949153  -8.556434092937678e-14
                 3.96875       2.233476027161494  -8.556434092937678e-14
                 3.96875       2.282563412373834  -8.556434092937678e-14
                 3.96875       2.331650797586175  -8.556434092937678e-14
                 3.96875       2.380738182798515  -8.556434092937678e-14
                 3.96875       2.429825568010856  -8.556434092937678e-14
                 3.96875       2.478912953223196  -8.556434092937678e-14
                 3.96875       2.528000338435537  -8.556434092937678e-14
                 3.96875       2.577087723647877  -8.556434092937678e-14
                 3.96875       2.626175108860218  -8.556434092937678e-14
                 3.96875       2.675262494072558  -8.556434092937678e-14
                 3.96875       2.724349879284899  -8.556434092937678e-14
                 3.96875       2.773437264497239  -8.556434092937678e-14
                 3.96875        2.82252464970958  -8.556434092937678e-14
                 3.96875        2.87161203492192  -8.556434092937678e-14
                 3.96875       2.920699420134261  -8.556434092937678e-14
                 3.96875       2.969786805346601  -8.556434092937678e-14
                 3.96875       3.018874190558942  -8.556434092937678e-14
                 3.96875       3.067961575771282  -8.556434092937678e-14
                 3.96875       3.117048960983623  -8.556434092937678e-14

                 4.03125     0.02454369260617026  -1.544440735803914e-13
                 4.03125     0.07363107781851078  -1.544440735803914e-13
                 4.03125      0.1227184630308513  -1.544440735803914e-13
                 4.03125      0.1718058482431918  -1.544440735803914e-13
                 4.03125      0.2208932334555323  -1.544440735803914e-13
                 4.03125      0.2699806186678728  -1.544440735803914e-13
                 4.03125      0.3190680038802134  -1.544440735803914e-13
                 4.03125      0.3681553890925539  -1.544440735803914e-13
                 4.03125      0.4172427743048944  -1.544440735803914e-13
                 4.03125      0.4663301595172349  -1.544440735803914e-13
                 4.03125      0.5154175447295755  -1.544440735803914e-13
                 4.03125      0.5645049299419159  -1.544440735803914e-13
                 4.03125      0.6135923151542565  -1.544440735803914e-13
                 4.03125       0.662679700366597  -1.544440735803914e-13
                 4.03125      0.7117670855789375  -1.544440735803914e-13
                 4.03125       0.760854470791278  -1.544440735803914e-13
                 4.03125      0.8099418560036186  -1.544440735803914e-13
                 4.03125       0.859029241215959  -1.544440735803914e-13
                 4.03125      0.9081166264282996  -1.544440735803914e-13
                 4.03125      0.9572040116406401  -1.544440735803914e-13
                 4.03125       1.006291396852981  -1.544440735803914e-13
                 4.03125       1.055378782065321  -1.544440735803914e-13
                 4.03125       1.104466167277662  -1.544440735803914e-13
                 4.03125       1.153553552490002  -1.544440735803914e-13
                 4.03125       1.202640937702343  -1.544440735803914e-13
                 4.03125       1.251728322914683  -1.544440735803914e-13
                 4.03125       1.300815708127024  -1.544440735803914e-13
                 4.03125       1.349903093339364  -1.544440735803914e-13
                 4.03125       1.398990478551705  -1.544440735803914e-13
                 4.03125       1.448077863764045  -1.544440735803914e-13
                 4.03125       1.497165248976386  -1.544440735803914e-13
                 4.03125       1.546252634188726  -1.544440735803914e-13
                 4.03125       1.595340019401067  -1.544440735803914e-13
                 4.03125       1.644427404613407  -1.544440735803914e-13
                 4.03125       1.693514789825748  -1.544440735803914e-13
                 4.03125       1.742602175038088  -1.544440735803914e-13
                 4.03125       1.791689560250429  -1.544440735803914e-13
                 4.03125       1.840776945462769  -1.544440735803914e-13
                 4.03125        1.88986433067511  -1.544440735803914e-13
                 4.03125       1.938951715887451  -1.544440735803914e-13
                 4.03125       1.988039101099791  -1.544440735803914e-13
                 4.03125       2.037126486312132  -1.544440735803914e-13
                 4.03125       2.086213871524472  -1.544440735803914e-13
                 4.03125       2.135301256736812  -1.544440735803914e-13
                 4.03125       2.184388641949153  -1.544440735803914e-13
                 4.03125       2.233476027161494  -1.544440735803914e-13
                 4.03125       2.282563412373834  -1.544440735803914e-13
                 4.03125       2.331650797586175  -1.544440735803914e-13
                 4.03125       2.380738182798515  -1.544440735803914e-13
                 4.03125       2.429825568010856  -1.544440735803914e-13
                 4.03125       2.478912953223196  -1.544440735803914e-13
                 4.03125       2.528000338435537  -1.544440735803914e-13
                 4.03125       2.577087723647877  -1.544440735803914e-13
                 4.03125       2.626175108860218  -1.544440735803914e-13
                 4.03125       2.675262494072558  -1.544440735803914e-13
                 4.03125       2.724349879284899  -1.544440735803914e-13
                 4.03125       2.773437264497239  -1.544440735803914e-13
                 4.03125        2.82252464970958  -1.544440735803914e-13
                 4.03125        2.87161203492192  -1.544440735803914e-13
                 4.03125       2.920699420134261  -1.544440735803914e-13
                 4.03125       2.969786805346601  -1.544440735803914e-13
                 4.03125       3.018874190558942  -1.544440735803914e-13
                 4.03125       3.067961575771282  -1.544440735803914e-13
                 4.03125       3.117048960983623  -1.544440735803914e-13

                 4.09375     0.02454369260617026    7.47920078040099e-14
                 4.09375     0.07363107781851078    7.47920078040099e-14
                 4.09375      0.1227184630308513    7.47920078040099e-14
                 4.09375      0.1718058482431918    7.47920078040099e-14
                 4.09375      0.2208932334555323    7.47920078040099e-14
                 4.09375      0.2699806186678728    7.47920078040099e-14
                 4.09375      0.3190680038802134    7.47920078040099e-14
                 4.09375      0.3681553890925539    7.47920078040099e-14
                 4.09375      0.4172427743048944    7.47920078040099e-14
                 4.09375      0.4663301595172349    7.47920078040099e-14
                 4.09375      0.5154175447295755    7.47920078040099e-14
                 4.09375      0.5645049299419159    7.47920078040099e-14
                 4.09375      0.6135923151542565    7.47920078040099e-14
                 4.09375       0.662679700366597    7.47920078040099e-14
                 4.09375      0.7117670855789375    7.47920078040099e-14
                 4.09375       0.760854470791278    7.47920078040099e-14
                 4.09375      0.8099418560036186    7.47920078040099e-14
                 4.09375       0.859029241215959    7.47920078040099e-14
                 4.09375      0.9081166264282996    7.47920078040099e-14
                 4.09375      0.9572040116406401    7.47920078040099e-14
                 4.09375       1.006291396852981    7.47920078040099e-14
                 4.09375       1.055378782065321    7.47920078040099e-14
                 4.09375       1.104466167277662    7.47920078040099e-14
                 4.09375       1.153553552490002    7.47920078040099e-14
                 4.09375       1.202640937702343    7.47920078040099e-14
                 4.09375       1.251728322914683    7.47920078040099e-14
                 4.09375       1.300815708127024    7.47920078040099e-14
                 4.09375       1.349903093339364    7.47920078040099e-14
                 4.09375       1.398990478551705    7.47920078040099e-14
                 4.09375       1.448077863764045    7.47920078040099e-14
                 4.09375       1.497165248976386    7.47920078040099e-14
                 4.09375       1.546252634188726    7.47920078040099e-14
                 4.09375       1.595340019401067    7.47920078040099e-14
                 4.09375       1.644427404613407    7.47920078040099e-14
                 4.09375       1.693514789825748    7.47920078040099e-14
                 4.09375       1.742602175038088    7.47920078040099e-14
                 4.09375       1.791689560250429    7.47920078040099e-14
                 4.09375       1.840776945462769    7.47920078040099e-14
                 4.09375        1.88986433067511    7.47920078040099e-14
                 4.09375       1.938951715887451    7.47920078040099e-14
                 4.09375       1.988039101099791    7.47920078040099e-14
                 4.09375       2.037126486312132    7.47920078040099e-14
                 4.09375       2.086213871524472    7.47920078040099e-14
                 4.09375       2.135301256736812    7.47920078040099e-14
                 4.09375       2.184388641949153    7.47920078040099e-14
                 4.09375       2.233476027161494    7.47920078040099e-14
                 4.09375       2.282563412373834    7.47920078040099e-14
                 4.09375       2.331650797586175    7.47920078040099e-14
                 4.09375       2.380738182798515    7.47920078040099e-14
                 4.09375       2.429825568010856    7.47920078040099e-14
                 4.09375       2.478912953223196    7.47920078040099e-14
                 4.09375       2.528000338435537    7.47920078040099e-14
                 4.09375       2.577087723647877    7.47920078040099e-14
                 4.09375       2.626175108860218    7.47920078040099e-14
                 4.09375       2.675262494072558    7.47920078040099e-14
                 4.09375       2.724349879284899    7.47920078040099e-14
                 4.09375       2.773437264497239    7.47920078040099e-14
                 4.09375        2.82252464970958    7.47920078040099e-14
                 4.09375        2.87161203492192    7.47920078040099e-14
                 4.09375       2.920699420134261    7.47920078040099e-14
                 4.09375       2.969786805346601    7.47920078040099e-14
                 4.09375       3.018874190558942    7.47920078040099e-14
                 4.09375       3.067961575771282    7.47920078040099e-14
                 4.09375       3.117048960983623    7.47920078040099e-14

                 4.15625     0.02454369260617026   7.764068829288718e-14
                 4.15625     0.07363107781851078   7.764068829288718e-14
                 4.15625      0.1227184630308513   7.764068829288718e-14
                 4.15625      0.1718058482431918   7.764068829288718e-14
                 4.15625      0.2208932334555323   7.764068829288718e-14
                 4.15625      0.2699806186678728   7.764068829288718e-14
                 4.15625      0.3190680038802134   7.764068829288718e-14
                 4.15625      0.3681553890925539   7.764068829288718e-14
                 4.15625      0.4172427743048944   7.764068829288718e-14
                 4.15625      0.4663301595172349   7.764068829288718e-14
                 4.15625      0.5154175447295755   7.764068829288718e-14
                 4.15625      0.5645049299419159   7.764068829288718e-14
                 4.15625      0.6135923151542565   7.764068829288718e-14
                 4.15625       0.662679700366597   7.764068829288718e-14
                 4.15625      0.7117670855789375   7.764068829288718e-14
                 4.15625       0.760854470791278   7.764068829288718e-14
                 4.15625      0.8099418560036186   7.764068829288718e-14
                 4.15625       0.859029241215959   7.764068829288718e-14
                 4.15625      0.9081166264282996   7.764068829288718e-14
                 4.15625      0.9572040116406401   7.764068829288718e-14
                 4.15625       1.006291396852981   7.764068829288718e-14
                 4.15625       1.055378782065321   7.764068829288718e-14
                 4.15625       1.104466167277662   7.764068829288718e-14
                 4.15625       1.153553552490002   7.764068829288718e-14
                 4.15625       1.202640937702343   7.764068829288718e-14
                 4.15625       1.251728322914683   7.764068829288718e-14
                 4.15625       1.300815708127024   7.764068829288718e-14
                 4.15625       1.349903093339364   7.764068829288718e-14
                 4.15625       1.398990478551705   7.764068829288718e-14
                 4.15625       1.448077863764045   7.764068829288718e-14
                 4.15625       1.497165248976386   7.764068829288718e-14
                 4.15625       1.546252634188726   7.764068829288718e-14
                 4.15625       1.595340019401067   7.764068829288718e-14
                 4.15625       1.644427404613407   7.764068829288718e-14
                 4.15625       1.693514789825748   7.764068829288718e-14
                 4.15625       1.742602175038088   7.764068829288718e-14
                 4.15625       1.791689560250429   7.764068829288718e-14
                 4.15625       1.840776945462769   7.764068829288718e-14
                 4.15625        1.88986433067511   7.764068829288718e-14
                 4.15625       1.938951715887451   7.764068829288718e-14
                 4.15625       1.988039101099791   7.764068829288718e-14
                 4.15625       2.037126486312132   7.764068829288718e-14
                 4.15625       2.086213871524472   7.764068829288718e-14
                 4.15625       2.135301256736812   7.764068829288718e-14
                 4.15625       2.184388641949153   7.764068829288718e-14
                 4.15625       2.233476027161494   7.764068829288718e-14
                 4.15625       2.282563412373834   7.764068829288718e-14
                 4.15625       2.331650797586175   7.764068829288718e-14
                 4.15625       2.380738182798515   7.764068829288718e-14
                 4.15625       2.429825568010856   7.764068829288718e-14
                 4.15625       2.478912953223196   7.764068829288718e-14
                 4.15625       2.528000338435537   7.764068829288718e-14
                 4.15625       2.577087723647877   7.764068829288718e-14
                 4.15625       2.626175108860218   7.764068829288718e-14
                 4.15625       2.675262494072558   7.764068829288718e-14
                 4.15625       2.724349879284899   7.764068829288718e-14
                 4.15625       2.773437264497239   7.764068829288718e-14
                 4.15625        2.82252464970958   7.764068829288718e-14
                 4.15625        2.87161203492192   7.764068829288718e-14
                 4.15625       2.920699420134261   7.764068829288718e-14
                 4.15625       2.969786805346601   7.764068829288718e-14
                 4.15625       3.018874190558942   7.764068829288718e-14
                 4.15625       3.067961575771282   7.764068829288718e-14
                 4.15625       3.117048960983623   7.764068829288718e-14

                 4.21875     0.02454369260617026   5.208794795909335e-14
                 4.21875     0.07363107781851078   5.208794795909335e-14
                 4.21875      0.1227184630308513   5.208794795909335e-14
                 4.21875      0.1718058482431918   5.208794795909335e-14
                 4.21875      0.2208932334555323   5.208794795909335e-14
                 4.21875      0.2699806186678728   5.208794795909335e-14
                 4.21875      0.3190680038802134   5.208794795909335e-14
                 4.21875      0.3681553890925539   5.208794795909335e-14
                 4.21875      0.4172427743048944   5.208794795909335e-14
                 4.21875      0.4663301595172349   5.208794795909335e-14
                 4.21875      0.5154175447295755   5.208794795909335e-14
                 4.21875      0.5645049299419159   5.208794795909335e-14
                 4.21875      0.6135923151542565   5.208794795909335e-14
                 4.21875       0.662679700366597   5.208794795909335e-14
                 4.21875      0.7117670855789375   5.208794795909335e-14
                 4.21875       0.760854470791278   5.208794795909335e-14
                 4.21875      0.8099418560036186   5.208794795909335e-14
                 4.21875       0.859029241215959   5.208794795909335e-14
                 4.21875      0.9081166264282996   5.208794795909335e-14
                 4.21875      0.9572040116406401   5.208794795909335e-14
                 4.21875       1.006291396852981   5.208794795909335e-14
                 4.21875       1.055378782065321   5.208794795909335e-14
                 4.21875       1.104466167277662   5.208794795909335e-14
                 4.21875       1.153553552490002   5.208794795909335e-14
                 4.21875       1.202640937702343   5.208794795909335e-14
                 4.21875       1.251728322914683   5.208794795909335e-14
                 4.21875       1.300815708127024   5.208794795909335e-14
                 4.21875       1.349903093339364   5.208794795909335e-14
                 4.21875       1.398990478551705   5.208794795909335e-14
                 4.21875       1.448077863764045   5.208794795909335e-14
                 4.21875       1.497165248976386   5.208794795909335e-14
                 4.21875       1.546252634188726   5.208794795909335e-14
                 4.21875       1.595340019401067   5.208794795909335e-14
                 4.21875       1.644427404613407   5.208794795909335e-14
                 4.21875       1.693514789825748   5.208794795909335e-14
                 4.21875       1.742602175038088   5.208794795909335e-14
                 4.21875       1.791689560250429   5.208794795909335e-14
                 4.21875       1.840776945462769   5.208794795909335e-14
                 4.21875        1.88986433067511   5.208794795909335e-14
                 4.21875       1.938951715887451   5.208794795909335e-14
                 4.21875       1.988039101099791   5.208794795909335e-14
                 4.21875       2.037126486312132   5.208794795909335e-14
                 4.21875       2.086213871524472   5.208794795909335e-14
                 4.21875       2.135301256736812   5.208794795909335e-14
                 4.21875       2.184388641949153   5.208794795909335e-14
                 4.21875       2.233476027161494   5.208794795909335e-14
                 4.21875       2.282563412373834   5.208794795909335e-14
                 4.21875       2.331650797586175   5.208794795909335e-14
                 4.21875       2.380738182798515   5.208794795909335e-14
                 4.21875       2.429825568010856   5.208794795909335e-14
                 4.21875       2.478912953223196   5.208794795909335e-14
                 4.21875       2.528000338435537   5.208794795909335e-14
                 4.21875       2.577087723647877   5.208794795909335e-14
                 4.21875       2.626175108860218   5.208794795909335e-14
                 4.21875       2.675262494072558   5.208794795909335e-14
                 4.21875       2.724349879284899   5.208794795909335e-14
                 4.21875       2.773437264497239   5.208794795909335e-14
                 4.21875        2.82252464970958   5.208794795909335e-14
                 4.21875        2.87161203492192   5.208794795909335e-14
                 4.21875       2.920699420134261   5.208794795909335e-14
                 4.21875       2.969786805346601   5.208794795909335e-14
                 4.21875       3.018874190558942   5.208794795909335e-14
                 4.21875       3.067961575771282   5.208794795909335e-14
                 4.21875       3.117048960983623   5.208794795909335e-14

                 4.28125     0.02454369260617026   1.477039861086664e-13
                 4.28125     0.07363107781851078   1.477039861086664e-13
                 4.28125      0.1227184630308513   1.477039861086664e-13
                 4.28125      0.1718058482431918   1.477039861086664e-13
                 4.28125      0.2208932334555323   1.477039861086664e-13
                 4.28125      0.2699806186678728   1.477039861086664e-13
                 4.28125      0.3190680038802134   1.477039861086664e-13
                 4.28125      0.3681553890925539   1.477039861086664e-13
                 4.28125      0.4172427743048944   1.477039861086664e-13
                 4.28125      0.4663301595172349   1.477039861086664e-13
                 4.28125      0.5154175447295755   1.477039861086664e-13
                 4.28125      0.5645049299419159   1.477039861086664e-13
                 4.28125      0.6135923151542565   1.477039861086664e-13
                 4.28125       0.662679700366597   1.477039861086664e-13
                 4.28125      0.7117670855789375   1.477039861086664e-13
                 4.28125       0.760854470791278   1.477039861086664e-13
                 4.28125      0.8099418560036186   1.477039861086664e-13
                 4.28125       0.859029241215959   1.477039861086664e-13
                 4.28125      0.9081166264282996   1.477039861086664e-13
                 4.28125      0.9572040116406401   1.477039861086664e-13
                 4.28125       1.006291396852981   1.477039861086664e-13
                 4.28125       1.055378782065321   1.477039861086664e-13
                 4.28125       1.104466167277662   1.477039861086664e-13
                 4.28125       1.153553552490002   1.477039861086664e-13
                 4.28125       1.202640937702343   1.477039861086664e-13
                 4.28125       1.251728322914683   1.477039861086664e-13
                 4.28125       1.300815708127024   1.477039861086664e-13
                 4.28125       1.349903093339364   1.477039861086664e-13
                 4.28125       1.398990478551705   1.477039861086664e-13
                 4.28125       1.448077863764045   1.477039861086664e-13
                 4.28125       1.497165248976386   1.477039861086664e-13
                 4.28125       1.546252634188726   1.477039861086664e-13
                 4.28125       1.595340019401067   1.477039861086664e-13
                 4.28125       1.644427404613407   1.477039861086664e-13
                 4.28125       1.693514789825748   1.477039861086664e-13
                 4.28125       1.742602175038088   1.477039861086664e-13
                 4.28125       1.791689560250429   1.477039861086664e-13
                 4.28125       1.840776945462769   1.477039861086664e-13
                 4.28125        1.88986433067511   1.477039861086664e-13
                 4.28125       1.938951715887451   1.477039861086664e-13
                 4.28125       1.988039101099791   1.477039861086664e-13
                 4.28125       2.037126486312132   1.477039861086664e-13
                 4.28125       2.086213871524472   1.477039861086664e-13
                 4.28125       2.135301256736812   1.477039861086664e-13
                 4.28125       2.184388641949153   1.477039861086664e-13
                 4.28125       2.233476027161494   1.477039861086664e-13
                 4.28125       2.282563412373834   1.477039861086664e-13
                 4.28125       2.331650797586175   1.477039861086664e-13
                 4.28125       2.380738182798515   1.477039861086664e-13
                 4.28125       2.429825568010856   1.477039861086664e-13
                 4.28125       2.478912953223196   1.477039861086664e-13
                 4.28125       2.528000338435537   1.477039861086664e-13
                 4.28125       2.577087723647877   1.477039861086664e-13
                 4.28125       2.626175108860218   1.477039861086664e-13
                 4.28125       2.675262494072558   1.477039861086664e-13
                 4.28125       2.724349879284899   1.477039861086664e-13
                 4.28125       2.773437264497239   1.477039861086664e-13
                 4.28125        2.82252464970958   1.477039861086664e-13
                 4.28125        2.87161203492192   1.477039861086664e-13
                 4.28125       2.920699420134261   1.477039861086664e-13
                 4.28125       2.969786805346601   1.477039861086664e-13
                 4.28125       3.018874190558942   1.477039861086664e-13
                 4.28125       3.067961575771282   1.477039861086664e-13
                 4.28125       3.117048960983623   1.477039861086664e-13

                 4.34375     0.02454369260617026  -5.346280054531241e-14
                 4.34375     0.07363107781851078  -5.346280054531241e-14
                 4.34375      0.1227184630308513  -5.346280054531241e-14
                 4.34375      0.1718058482431918  -5.346280054531241e-14
                 4.34375      0.2208932334555323  -5.346280054531241e-14
                 4.34375      0.2699806186678728  -5.346280054531241e-14
                 4.34375      0.3190680038802134  -5.346280054531241e-14
                 4.34375      0.3681553890925539  -5.346280054531241e-14
                 4.34375      0.4172427743048944  -5.346280054531241e-14
                 4.34375      0.4663301595172349  -5.346280054531241e-14
                 4.34375      0.5154175447295755  -5.346280054531241e-14
                 4.34375      0.5645049299419159  -5.346280054531241e-14
                 4.34375      0.6135923151542565  -5.346280054531241e-14
                 4.34375       0.662679700366597  -5.346280054531241e-14
                 4.34375      0.7117670855789375  -5.346280054531241e-14
                 4.34375       0.760854470791278  -5.346280054531241e-14
                 4.34375      0.8099418560036186  -5.346280054531241e-14
                 4.34375       0.859029241215959  -5.346280054531241e-14
                 4.34375      0.9081166264282996  -5.346280054531241e-14
                 4.34375      0.9572040116406401  -5.346280054531241e-14
                 4.34375       1.006291396852981  -5.346280054531241e-14
                 4.34375       1.055378782065321  -5.346280054531241e-14
                 4.34375       1.104466167277662  -5.346280054531241e-14
                 4.34375       1.153553552490002  -5.346280054531241e-14
                 4.34375       1.202640937702343  -5.346280054531241e-14
                 4.34375       1.251728322914683  -5.346280054531241e-14
                 4.34375       1.300815708127024  -5.346280054531241e-14
                 4.34375       1.349903093339364  -5.346280054531241e-14
                 4.34375       1.398990478551705  -5.346280054531241e-14
                 4.34375       1.448077863764045  -5.346280054531241e-14
                 4.34375       1.497165248976386  -5.346280054531241e-14
                 4.34375       1.546252634188726  -5.346280054531241e-14
                 4.34375       1.595340019401067  -5.346280054531241e-14
                 4.34375       1.644427404613407  -5.346280054531241e-14
                 4.34375       1.693514789825748  -5.346280054531241e-14
                 4.34375       1.742602175038088  -5.346280054531241e-14
                 4.34375       1.791689560250429  -5.346280054531241e-14
                 4.34375       1.840776945462769  -5.346280054531241e-14
                 4.34375        1.88986433067511  -5.346280054531241e-14
                 4.34375       1.938951715887451  -5.346280054531241e-14
                 4.34375       1.988039101099791  -5.346280054531241e-14
                 4.34375       2.037126486312132  -5.346280054531241e-14
                 4.34375       2.086213871524472  -5.346280054531241e-14
                 4.34375       2.135301256736812  -5.346280054531241e-14
                 4.34375       2.184388641949153  -5.346280054531241e-14
                 4.34375       2.233476027161494  -5.346280054531241e-14
                 4.34375       2.282563412373834  -5.346280054531241e-14
                 4.34375       2.331650797586175  -5.346280054531241e-14
                 4.34375       2.380738182798515  -5.346280054531241e-14
                 4.34375       2.429825568010856  -5.346280054531241e-14
                 4.34375       2.478912953223196  -5.346280054531241e-14
                 4.34375       2.528000338435537  -5.346280054531241e-14
                 4.34375       2.577087723647877  -5.346280054531241e-14
                 4.34375       2.626175108860218  -5.346280054531241e-14
                 4.34375       2.675262494072558  -5.346280054531241e-14
                 4.34375       2.724349879284899  -5.346280054531241e-14
                 4.34375       2.773437264497239  -5.346280054531241e-14
                 4.34375        2.82252464970958  -5.346280054531241e-14
                 4.34375        2.87161203492192  -5.346280054531241e-14
                 4.34375       2.920699420134261  -5.346280054531241e-14
                 4.34375       2.969786805346601  -5.346280054531241e-14
                 4.34375       3.018874190558942  -5.346280054531241e-14
                 4.34375       3.067961575771282  -5.346280054531241e-14
                 4.34375       3.117048960983623  -5.346280054531241e-14

                 4.40625     0.02454369260617026  -1.168505638148803e-13
                 4.40625     0.07363107781851078  -1.168505638148803e-13
                 4.40625      0.1227184630308513  -1.168505638148803e-13
                 4.40625      0.1718058482431918  -1.168505638148803e-13
                 4.40625      0.2208932334555323  -1.168505638148803e-13
                 4.40625      0.2699806186678728  -1.168505638148803e-13
                 4.40625      0.3190680038802134  -1.168505638148803e-13
                 4.40625      0.3681553890925539  -1.168505638148803e-13
                 4.40625      0.4172427743048944  -1.168505638148803e-13
                 4.40625      0.4663301595172349  -1.168505638148803e-13
                 4.40625      0.5154175447295755  -1.168505638148803e-13
                 4.40625      0.5645049299419159  -1.168505638148803e-13
                 4.40625      0.6135923151542565  -1.168505638148803e-13
                 4.40625       0.662679700366597  -1.168505638148803e-13
                 4.40625      0.7117670855789375  -1.168505638148803e-13
                 4.40625       0.760854470791278  -1.168505638148803e-13
                 4.40625      0.8099418560036186  -1.168505638148803e-13
                 4.40625       0.859029241215959  -1.168505638148803e-13
                 4.40625      0.9081166264282996  -1.168505638148803e-13
                 4.40625      0.9572040116406401  -1.168505638148803e-13
                 4.40625       1.006291396852981  -1.168505638148803e-13
                 4.40625       1.055378782065321  -1.168505638148803e-13
                 4.40625       1.104466167277662  -1.168505638148803e-13
                 4.40625       1.153553552490002  -1.168505638148803e-13
                 4.40625       1.202640937702343  -1.168505638148803e-13
                 4.40625       1.251728322914683  -1.168505638148803e-13
                 4.40625       1.300815708127024  -1.168505638148803e-13
                 4.40625       1.349903093339364  -1.168505638148803e-13
                 4.40625       1.398990478551705  -1.168505638148803e-13
                 4.40625       1.448077863764045  -1.168505638148803e-13
                 4.40625       1.497165248976386  -1.168505638148803e-13
                 4.40625       1.546252634188726  -1.168505638148803e-13
                 4.40625       1.595340019401067  -1.168505638148803e-13
                 4.40625       1.644427404613407  -1.168505638148803e-13
                 4.40625       1.693514789825748  -1.168505638148803e-13
                 4.40625       1.742602175038088  -1.168505638148803e-13
                 4.40625       1.791689560250429  -1.168505638148803e-13
                 4.40625       1.840776945462769  -1.168505638148803e-13
                 4.40625        1.88986433067511  -1.168505638148803e-13
                 4.40625       1.938951715887451  -1.168505638148803e-13
                 4.40625       1.988039101099791  -1.168505638148803e-13
                 4.40625       2.037126486312132  -1.168505638148803e-13
                 4.40625       2.086213871524472  -1.168505638148803e-13
                 4.40625       2.135301256736812  -1.168505638148803e-13
                 4.40625       2.184388641949153  -1.168505638148803e-13
                 4.40625       2.233476027161494  -1.168505638148803e-13
                 4.40625       2.282563412373834  -1.168505638148803e-13
                 4.40625       2.331650797586175  -1.168505638148803e-13
                 4.40625       2.380738182798515  -1.168505638148803e-13
                 4.40625       2.429825568010856  -1.168505638148803e-13
                 4.40625       2.478912953223196  -1.168505638148803e-13
                 4.40625       2.528000338435537  -1.168505638148803e-13
                 4.40625       2.577087723647877  -1.168505638148803e-13
                 4.40625       2.626175108860218  -1.168505638148803e-13
                 4.40625       2.675262494072558  -1.168505638148803e-13
                 4.40625       2.724349879284899  -1.168505638148803e-13
                 4.40625       2.773437264497239  -1.168505638148803e-13
                 4.40625        2.82252464970958  -1.168505638148803e-13
                 4.40625        2.87161203492192  -1.168505638148803e-13
                 4.40625       2.920699420134261  -1.168505638148803e-13
                 4.40625       2.969786805346601  -1.168505638148803e-13
                 4.40625       3.018874190558942  -1.168505638148803e-13
                 4.40625       3.067961575771282  -1.168505638148803e-13
                 4.40625       3.117048960983623  -1.168505638148803e-13

                 4.46875     0.02454369260617026  -8.114115662152421e-14
                 4.46875     0.07363107781851078  -8.114115662152421e-14
                 4.46875      0.1227184630308513  -8.114115662152421e-14
                 4.46875      0.1718058482431918  -8.114115662152421e-14
                 4.46875      0.2208932334555323  -8.114115662152421e-14
                 4.46875      0.2699806186678728  -8.114115662152421e-14
                 4.46875      0.3190680038802134  -8.114115662152421e-14
                 4.46875      0.3681553890925539  -8.114115662152421e-14
                 4.46875      0.4172427743048944  -8.114115662152421e-14
                 4.46875      0.4663301595172349  -8.114115662152421e-14
                 4.46875      0.5154175447295755  -8.114115662152421e-14
                 4.46875      0.5645049299419159  -8.114115662152421e-14
                 4.46875      0.6135923151542565  -8.114115662152421e-14
                 4.46875       0.662679700366597  -8.114115662152421e-14
                 4.46875      0.7117670855789375  -8.114115662152421e-14
                 4.46875       0.760854470791278  -8.114115662152421e-14
                 4.46875      0.8099418560036186  -8.114115662152421e-14
                 4.46875       0.859029241215959  -8.114115662152421e-14
                 4.46875      0.9081166264282996  -8.114115662152421e-14
                 4.46875      0.9572040116406401  -8.114115662152421e-14
                 4.46875       1.006291396852981  -8.114115662152421e-14
                 4.46875       1.055378782065321  -8.114115662152421e-14
                 4.46875       1.104466167277662  -8.114115662152421e-14
                 4.46875       1.153553552490002  -8.114115662152421e-14
                 4.46875       1.202640937702343  -8.114115662152421e-14
                 4.46875       1.251728322914683  -8.114115662152421e-14
                 4.46875       1.300815708127024  -8.114115662152421e-14
                 4.46875       1.349903093339364  -8.114115662152421e-14
                 4.46875       1.398990478551705  -8.114115662152421e-14
                 4.46875       1.448077863764045  -8.114115662152421e-14
                 4.46875       1.497165248976386  -8.114115662152421e-14
                 4.46875       1.546252634188726  -8.114115662152421e-14
                 4.46875       1.595340019401067  -8.114115662152421e-14
                 4.46875       1.644427404613407  -8.114115662152421e-14
                 4.46875       1.693514789825748  -8.114115662152421e-14
                 4.46875       1.742602175038088  -8.114115662152421e-14
                 4.46875       1.791689560250429  -8.114115662152421e-14
                 4.46875       1.840776945462769  -8.114115662152421e-14
                 4.46875        1.88986433067511  -8.114115662152421e-14
                 4.46875       1.938951715887451  -8.114115662152421e-14
                 4.46875       1.988039101099791  -8.114115662152421e-14
                 4.46875       2.037126486312132  -8.114115662152421e-14
                 4.46875       2.086213871524472  -8.114115662152421e-14
                 4.46875       2.135301256736812  -8.114115662152421e-14
                 4.46875       2.184388641949153  -8.114115662152421e-14
                 4.46875       2.233476027161494  -8.114115662152421e-14
                 4.46875       2.282563412373834  -8.114115662152421e-14
                 4.46875       2.331650797586175  -8.114115662152421e-14
                 4.46875       2.380738182798515  -8.114115662152421e-14
                 4.46875       2.429825568010856  -8.114115662152421e-14
                 4.46875       2.478912953223196  -8.114115662152421e-14
                 4.46875       2.528000338435537  -8.114115662152421e-14
                 4.46875       2.577087723647877  -8.114115662152421e-14
                 4.46875       2.626175108860218  -8.114115662152421e-14
                 4.46875       2.675262494072558  -8.114115662152421e-14
                 4.46875       2.724349879284899  -8.114115662152421e-14
                 4.46875       2.773437264497239  -8.114115662152421e-14
                 4.46875        2.82252464970958  -8.114115662152421e-14
                 4.46875        2.87161203492192  -8.114115662152421e-14
                 4.46875       2.920699420134261  -8.114115662152421e-14
                 4.46875       2.969786805346601  -8.114115662152421e-14
                 4.46875       3.018874190558942  -8.114115662152421e-14
                 4.46875       3.067961575771282  -8.114115662152421e-14
                 4.46875       3.117048960983623  -8.114115662152421e-14

                 4.53125     0.02454369260617026  -2.271394638946989e-14
                 4.53125     0.07363107781851078  -2.271394638946989e-14
                 4.53125      0.1227184630308513  -2.271394638946989e-14
                 4.53125      0.1718058482431918  -2.271394638946989e-14
                 4.53125      0.2208932334555323  -2.271394638946989e-14
                 4.53125      0.2699806186678728  -2.271394638946989e-14
                 4.53125      0.3190680038802134  -2.271394638946989e-14
                 4.53125      0.3681553890925539  -2.271394638946989e-14
                 4.53125      0.4172427743048944  -2.271394638946989e-14
                 4.53125      0.4663301595172349  -2.271394638946989e-14
                 4.53125      0.5154175447295755  -2.271394638946989e-14
                 4.53125      0.5645049299419159  -2.271394638946989e-14
                 4.53125      0.6135923151542565  -2.271394638946989e-14
                 4.53125       0.662679700366597  -2.271394638946989e-14
                 4.53125      0.7117670855789375  -2.271394638946989e-14
                 4.53125       0.760854470791278  -2.271394638946989e-14
                 4.53125      0.8099418560036186  -2.271394638946989e-14
                 4.53125       0.859029241215959  -2.271394638946989e-14
                 4.53125      0.9081166264282996  -2.271394638946989e-14
                 4.53125      0.9572040116406401  -2.271394638946989e-14
                 4.53125       1.006291396852981  -2.271394638946989e-14
                 4.53125       1.055378782065321  -2.271394638946989e-14
                 4.53125       1.104466167277662  -2.271394638946989e-14
                 4.53125       1.153553552490002  -2.271394638946989e-14
                 4.53125       1.202640937702343  -2.271394638946989e-14
                 4.53125       1.251728322914683  -2.271394638946989e-14
                 4.53125       1.300815708127024  -2.271394638946989e-14
                 4.53125       1.349903093339364  -2.271394638946989e-14
                 4.53125       1.398990478551705  -2.271394638946989e-14
                 4.53125       1.448077863764045  -2.271394638946989e-14
                 4.53125       1.497165248976386  -2.271394638946989e-14
                 4.53125       1.546252634188726  -2.271394638946989e-14
                 4.53125       1.595340019401067  -2.271394638946989e-14
                 4.53125       1.644427404613407  -2.271394638946989e-14
                 4.53125       1.693514789825748  -2.271394638946989e-14
                 4.53125       1.742602175038088  -2.271394638946989e-14
                 4.53125       1.791689560250429  -2.271394638946989e-14
                 4.53125       1.840776945462769  -2.271394638946989e-14
                 4.53125        1.88986433067511  -2.271394638946989e-14
                 4.53125       1.938951715887451  -2.271394638946989e-14
                 4.53125       1.988039101099791  -2.271394638946989e-14
                 4.53125       2.037126486312132  -2.271394638946989e-14
                 4.53125       2.086213871524472  -2.271394638946989e-14
                 4.53125       2.135301256736812  -2.271394638946989e-14
                 4.53125       2.184388641949153  -2.271394638946989e-14
                 4.53125       2.233476027161494  -2.271394638946989e-14
                 4.53125       2.282563412373834  -2.271394638946989e-14
                 4.53125       2.331650797586175  -2.271394638946989e-14
                 4.53125       2.380738182798515  -2.271394638946989e-14
                 4.53125       2.429825568010856  -2.271394638946989e-14
                 4.53125       2.478912953223196  -2.271394638946989e-14
                 4.53125       2.528000338435537  -2.271394638946989e-14
                 4.53125       2.577087723647877  -2.271394638946989e-14
                 4.53125       2.626175108860218  -2.271394638946989e-14
                 4.53125       2.675262494072558  -2.271394638946989e-14
                 4.53125       2.724349879284899  -2.271394638946989e-14
                 4.53125       2.773437264497239  -2.271394638946989e-14
                 4.53125        2.82252464970958  -2.271394638946989e-14
                 4.53125        2.87161203492192  -2.271394638946989e-14
                 4.53125       2.920699420134261  -2.271394638946989e-14
                 4.53125       2.969786805346601  -2.271394638946989e-14
                 4.53125       3.018874190558942  -2.271394638946989e-14
                 4.53125       3.067961575771282  -2.271394638946989e-14
                 4.53125       3.117048960983623  -2.271394638946989e-14

                 4.59375     0.02454369260617026   1.002730799987784e-13
                 4.59375     0.07363107781851078   1.002730799987784e-13
                 4.59375      0.1227184630308513   1.002730799987784e-13
                 4.59375      0.1718058482431918   1.002730799987784e-13
                 4.59375      0.2208932334555323   1.002730799987784e-13
                 4.59375      0.2699806186678728   1.002730799987784e-13
                 4.59375      0.3190680038802134   1.002730799987784e-13
                 4.59375      0.3681553890925539   1.002730799987784e-13
                 4.59375      0.4172427743048944   1.002730799987784e-13
                 4.59375      0.4663301595172349   1.002730799987784e-13
                 4.59375      0.5154175447295755   1.002730799987784e-13
                 4.59375      0.5645049299419159   1.002730799987784e-13
                 4.59375      0.6135923151542565   1.002730799987784e-13
                 4.59375       0.662679700366597   1.002730799987784e-13
                 4.59375      0.7117670855789375   1.002730799987784e-13
                 4.59375       0.760854470791278   1.002730799987784e-13
                 4.59375      0.8099418560036186   1.002730799987784e-13
                 4.59375       0.859029241215959   1.002730799987784e-13
                 4.59375      0.9081166264282996   1.002730799987784e-13
                 4.59375      0.9572040116406401   1.002730799987784e-13
                 4.59375       1.006291396852981   1.002730799987784e-13
                 4.59375       1.055378782065321   1.002730799987784e-13
                 4.59375       1.104466167277662   1.002730799987784e-13
                 4.59375       1.153553552490002   1.002730799987784e-13
                 4.59375       1.202640937702343   1.002730799987784e-13
                 4.59375       1.251728322914683   1.002730799987784e-13
                 4.59375       1.300815708127024   1.002730799987784e-13
                 4.59375       1.349903093339364   1.002730799987784e-13
                 4.59375       1.398990478551705   1.002730799987784e-13
                 4.59375       1.448077863764045   1.002730799987784e-13
                 4.59375       1.497165248976386   1.002730799987784e-13
                 4.59375       1.546252634188726   1.002730799987784e-13
                 4.59375       1.595340019401067   1.002730799987784e-13
                 4.59375       1.644427404613407   1.002730799987784e-13
                 4.59375       1.693514789825748   1.002730799987784e-13
                 4.59375       1.742602175038088   1.002730799987784e-13
                 4.59375       1.791689560250429   1.002730799987784e-13
                 4.59375       1.840776945462769   1.002730799987784e-13
                 4.59375        1.88986433067511   1.002730799987784e-13
                 4.59375       1.938951715887451   1.002730799987784e-13
                 4.59375       1.988039101099791   1.002730799987784e-13
                 4.59375       2.037126486312132   1.002730799987784e-13
                 4.59375       2.086213871524472   1.002730799987784e-13
                 4.59375       2.135301256736812   1.002730799987784e-13
                 4.59375       2.184388641949153   1.002730799987784e-13
                 4.59375       2.233476027161494   1.002730799987784e-13
                 4.59375       2.282563412373834   1.002730799987784e-13
                 4.59375       2.331650797586175   1.002730799987784e-13
                 4.59375       2.380738182798515   1.002730799987784e-13
                 4.59375       2.429825568010856   1.002730799987784e-13
                 4.59375       2.478912953223196   1.002730799987784e-13
                 4.59375       2.528000338435537   1.002730799987784e-13
                 4.59375       2.577087723647877   1.002730799987784e-13
                 4.59375       2.626175108860218   1.002730799987784e-13
                 4.59375       2.675262494072558   1.002730799987784e-13
                 4.59375       2.724349879284899   1.002730799987784e-13
                 4.59375       2.773437264497239   1.002730799987784e-13
                 4.59375        2.82252464970958   1.002730799987784e-13
                 4.59375        2.87161203492192   1.002730799987784e-13
                 4.59375       2.920699420134261   1.002730799987784e-13
                 4.59375       2.969786805346601   1.002730799987784e-13
                 4.59375       3.018874190558942   1.002730799987784e-13
                 4.59375       3.067961575771282   1.002730799987784e-13
                 4.59375       3.117048960983623   1.002730799987784e-13

                 4.65625     0.02454369260617026  -5.503319797982917e-14
                 4.65625     0.07363107781851078  -5.503319797982917e-14
                 4.65625      0.1227184630308513  -5.503319797982917e-14
                 4.65625      0.1718058482431918  -5.503319797982917e-14
                 4.65625      0.2208932334555323  -5.503319797982917e-14
                 4.65625      0.2699806186678728  -5.503319797982917e-14
                 4.65625      0.3190680038802134  -5.503319797982917e-14
                 4.65625      0.3681553890925539  -5.503319797982917e-14
                 4.65625      0.4172427743048944  -5.503319797982917e-14
                 4.65625      0.4663301595172349  -5.503319797982917e-14
                 4.65625      0.5154175447295755  -5.503319797982917e-14
                 4.65625      0.5645049299419159  -5.503319797982917e-14
                 4.65625      0.6135923151542565  -5.503319797982917e-14
                 4.65625       0.662679700366597  -5.503319797982917e-14
                 4.65625      0.7117670855789375  -5.503319797982917e-14
                 4.65625       0.760854470791278  -5.503319797982917e-14
                 4.65625      0.8099418560036186  -5.503319797982917e-14
                 4.65625       0.859029241215959  -5.503319797982917e-14
                 4.65625      0.9081166264282996  -5.503319797982917e-14
                 4.65625      0.9572040116406401  -5.503319797982917e-14
                 4.65625       1.006291396852981  -5.503319797982917e-14
                 4.65625       1.055378782065321  -5.503319797982917e-14
                 4.65625       1.104466167277662  -5.503319797982917e-14
                 4.65625       1.153553552490002  -5.503319797982917e-14
                 4.65625       1.202640937702343  -5.503319797982917e-14
                 4.65625       1.251728322914683  -5.503319797982917e-14
                 4.65625       1.300815708127024  -5.503319797982917e-14
                 4.65625       1.349903093339364  -5.503319797982917e-14
                 4.65625       1.398990478551705  -5.503319797982917e-14
                 4.65625       1.448077863764045  -5.503319797982917e-14
                 4.65625       1.497165248976386  -5.503319797982917e-14
                 4.65625       1.546252634188726  -5.503319797982917e-14
                 4.65625       1.595340019401067  -5.503319797982917e-14
                 4.65625       1.644427404613407  -5.503319797982917e-14
                 4.65625       1.693514789825748  -5.503319797982917e-14
                 4.65625       1.742602175038088  -5.503319797982917e-14
                 4.65625       1.791689560250429  -5.503319797982917e-14
                 4.65625       1.840776945462769  -5.503319797982917e-14
                 4.65625        1.88986433067511  -5.503319797982917e-14
                 4.65625       1.938951715887451  -5.503319797982917e-14
                 4.65625       1.988039101099791  -5.503319797982917e-14
                 4.65625       2.037126486312132  -5.503319797982917e-14
                 4.65625       2.086213871524472  -5.503319797982917e-14
                 4.65625       2.135301256736812  -5.503319797982917e-14
                 4.65625       2.184388641949153  -5.503319797982917e-14
                 4.65625       2.233476027161494  -5.503319797982917e-14
                 4.65625       2.282563412373834  -5.503319797982917e-14
                 4.65625       2.331650797586175  -5.503319797982917e-14
                 4.65625       2.380738182798515  -5.503319797982917e-14
                 4.65625       2.429825568010856  -5.503319797982917e-14
                 4.65625       2.478912953223196  -5.503319797982917e-14
                 4.65625       2.528000338435537  -5.503319797982917e-14
                 4.65625       2.577087723647877  -5.503319797982917e-14
                 4.65625       2.626175108860218  -5.503319797982917e-14
                 4.65625       2.675262494072558  -5.503319797982917e-14
                 4.65625       2.724349879284899  -5.503319797982917e-14
                 4.65625       2.773437264497239  -5.503319797982917e-14
                 4.65625        2.82252464970958  -5.503319797982917e-14
                 4.65625        2.87161203492192  -5.503319797982917e-14
                 4.65625       2.920699420134261  -5.503319797982917e-14
                 4.65625       2.969786805346601  -5.503319797982917e-14
                 4.65625       3.018874190558942  -5.503319797982917e-14
                 4.65625       3.067961575771282  -5.503319797982917e-14
                 4.65625       3.117048960983623  -5.503319797982917e-14

                 4.71875     0.02454369260617026   1.867718309163454e-13
                 4.71875     0.07363107781851078   1.867718309163454e-13
                 4.71875      0.1227184630308513   1.867718309163454e-13
                 4.71875      0.1718058482431918   1.867718309163454e-13
                 4.71875      0.2208932334555323   1.867718309163454e-13
                 4.71875      0.2699806186678728   1.867718309163454e-13
                 4.71875      0.3190680038802134   1.867718309163454e-13
                 4.71875      0.3681553890925539   1.867718309163454e-13
                 4.71875      0.4172427743048944   1.867718309163454e-13
                 4.71875      0.4663301595172349   1.867718309163454e-13
                 4.71875      0.5154175447295755   1.867718309163454e-13
                 4.71875      0.5645049299419159   1.867718309163454e-13
                 4.71875      0.6135923151542565   1.867718309163454e-13
                 4.71875       0.662679700366597   1.867718309163454e-13
                 4.71875      0.7117670855789375   1.867718309163454e-13
                 4.71875       0.760854470791278   1.867718309163454e-13
                 4.71875      0.8099418560036186   1.867718309163454e-13
                 4.71875       0.859029241215959   1.867718309163454e-13
                 4.71875      0.9081166264282996   1.867718309163454e-13
                 4.71875      0.9572040116406401   1.867718309163454e-13
                 4.71875       1.006291396852981   1.867718309163454e-13
                 4.71875       1.055378782065321   1.867718309163454e-13
                 4.71875       1.104466167277662   1.867718309163454e-13
                 4.71875       1.153553552490002   1.867718309163454e-13
                 4.71875       1.202640937702343   1.867718309163454e-13
                 4.71875       1.251728322914683   1.867718309163454e-13
                 4.71875       1.300815708127024   1.867718309163454e-13
                 4.71875       1.349903093339364   1.867718309163454e-13
                 4.71875       1.398990478551705   1.867718309163454e-13
                 4.71875       1.448077863764045   1.867718309163454e-13
                 4.71875       1.497165248976386   1.867718309163454e-13
                 4.71875       1.546252634188726   1.867718309163454e-13
                 4.71875       1.595340019401067   1.867718309163454e-13
                 4.71875       1.644427404613407   1.867718309163454e-13
                 4.71875       1.693514789825748   1.867718309163454e-13
                 4.71875       1.742602175038088   1.867718309163454e-13
                 4.71875       1.791689560250429   1.867718309163454e-13
                 4.71875       1.840776945462769   1.867718309163454e-13
                 4.71875        1.88986433067511   1.867718309163454e-13
                 4.71875       1.938951715887451   1.867718309163454e-13
                 4.71875       1.988039101099791   1.867718309163454e-13
                 4.71875       2.037126486312132   1.867718309163454e-13
                 4.71875       2.086213871524472   1.867718309163454e-13
                 4.71875       2.135301256736812   1.867718309163454e-13
                 4.71875       2.184388641949153   1.867718309163454e-13
                 4.71875       2.233476027161494   1.867718309163454e-13
                 4.71875       2.282563412373834   1.867718309163454e-13
                 4.71875       2.331650797586175   1.867718309163454e-13
                 4.71875       2.380738182798515   1.867718309163454e-13
                 4.71875       2.429825568010856   1.867718309163454e-13
                 4.71875       2.478912953223196   1.867718309163454e-13
                 4.71875       2.528000338435537   1.867718309163454e-13
                 4.71875       2.577087723647877   1.867718309163454e-13
                 4.71875       2.626175108860218   1.867718309163454e-13
                 4.71875       2.675262494072558   1.867718309163454e-13
                 4.71875       2.724349879284899   1.867718309163454e-13
                 4.71875       2.773437264497239   1.867718309163454e-13
                 4.71875        2.82252464970958   1.867718309163454e-13
                 4.71875        2.87161203492192   1.867718309163454e-13
                 4.71875       2.920699420134261   1.867718309163454e-13
                 4.71875       2.969786805346601   1.867718309163454e-13
                 4.71875       3.018874190558942   1.867718309163454e-13
                 4.71875       3.067961575771282   1.867718309163454e-13
                 4.71875       3.117048960983623   1.867718309163454e-13

                 4.78125     0.02454369260617026  -6.401209403535674e-14
                 4.78125     0.07363107781851078  -6.401209403535674e-14
                 4.78125      0.1227184630308513  -6.401209403535674e-14
                 4.78125      0.1718058482431918  -6.401209403535674e-14
                 4.78125      0.2208932334555323  -6.401209403535674e-14
                 4.78125      0.2699806186678728  -6.401209403535674e-14
                 4.78125      0.3190680038802134  -6.401209403535674e-14
                 4.78125      0.3681553890925539  -6.401209403535674e-14
                 4.78125      0.4172427743048944  -6.401209403535674e-14
                 4.78125      0.4663301595172349  -6.401209403535674e-14
                 4.78125      0.5154175447295755  -6.401209403535674e-14
                 4.78125      0.5645049299419159  -6.401209403535674e-14
                 4.78125      0.6135923151542565  -6.401209403535674e-14
                 4.78125       0.662679700366597  -6.401209403535674e-14
                 4.78125      0.7117670855789375  -6.401209403535674e-14
                 4.78125       0.760854470791278  -6.401209403535674e-14
                 4.78125      0.8099418560036186  -6.401209403535674e-14
                 4.78125       0.859029241215959  -6.401209403535674e-14
                 4.78125      0.9081166264282996  -6.401209403535674e-14
                 4.78125      0.9572040116406401  -6.401209403535674e-14
                 4.78125       1.006291396852981  -6.401209403535674e-14
                 4.78125       1.055378782065321  -6.401209403535674e-14
                 4.78125       1.104466167277662  -6.401209403535674e-14
                 4.78125       1.153553552490002  -6.401209403535674e-14
                 4.78125       1.202640937702343  -6.401209403535674e-14
                 4.78125       1.251728322914683  -6.401209403535674e-14
                 4.78125       1.300815708127024  -6.401209403535674e-14
                 4.78125       1.349903093339364  -6.401209403535674e-14
                 4.78125       1.398990478551705  -6.401209403535674e-14
                 4.78125       1.448077863764045  -6.401209403535674e-14
                 4.78125       1.497165248976386  -6.401209403535674e-14
                 4.78125       1.546252634188726  -6.401209403535674e-14
                 4.78125       1.595340019401067  -6.401209403535674e-14
                 4.78125       1.644427404613407  -6.401209403535674e-14
                 4.78125       1.693514789825748  -6.401209403535674e-14
                 4.78125       1.742602175038088  -6.401209403535674e-14
                 4.78125       1.791689560250429  -6.401209403535674e-14
                 4.78125       1.840776945462769  -6.401209403535674e-14
                 4.78125        1.88986433067511  -6.401209403535674e-14
                 4.78125       1.938951715887451  -6.401209403535674e-14
                 4.78125       1.988039101099791  -6.401209403535674e-14
                 4.78125       2.037126486312132  -6.401209403535674e-14
                 4.78125       2.086213871524472  -6.401209403535674e-14
                 4.78125       2.135301256736812  -6.401209403535674e-14
                 4.78125       2.184388641949153  -6.401209403535674e-14
                 4.78125       2.233476027161494  -6.401209403535674e-14
                 4.78125       2.282563412373834  -6.401209403535674e-14
                 4.78125       2.331650797586175  -6.401209403535674e-14
                 4.78125       2.380738182798515  -6.401209403535674e-14
                 4.78125       2.429825568010856  -6.401209403535674e-14
                 4.78125       2.478912953223196  -6.401209403535674e-14
                 4.78125       2.528000338435537  -6.401209403535674e-14
                 4.78125       2.577087723647877  -6.401209403535674e-14
                 4.78125       2.626175108860218  -6.401209403535674e-14
                 4.78125       2.675262494072558  -6.401209403535674e-14
                 4.78125       2.724349879284899  -6.401209403535674e-14
                 4.78125       2.773437264497239  -6.401209403535674e-14
                 4.78125        2.82252464970958  -6.401209403535674e-14
                 4.78125        2.87161203492192  -6.401209403535674e-14
                 4.78125       2.920699420134261  -6.401209403535674e-14
                 4.78125       2.969786805346601  -6.401209403535674e-14
                 4.78125       3.018874190558942  -6.401209403535674e-14
                 4.78125       3.067961575771282  -6.401209403535674e-14
                 4.78125       3.117048960983623  -6.401209403535674e-14

                 4.84375     0.02454369260617026  -6.298995918207533e-14
                 4.84375     0.07363107781851078  -6.298995918207533e-14
                 4.84375      0.1227184630308513  -6.298995918207533e-14
                 4.84375      0.1718058482431918  -6.298995918207533e-14
                 4.84375      0.2208932334555323  -6.298995918207533e-14
                 4.84375      0.2699806186678728  -6.298995918207533e-14
                 4.84375      0.3190680038802134  -6.298995918207533e-14
                 4.84375      0.3681553890925539  -6.298995918207533e-14
                 4.84375      0.4172427743048944  -6.298995918207533e-14
                 4.84375      0.4663301595172349  -6.298995918207533e-14
                 4.84375      0.5154175447295755  -6.298995918207533e-14
                 4.84375      0.5645049299419159  -6.298995918207533e-14
                 4.84375      0.6135923151542565  -6.298995918207533e-14
                 4.84375       0.662679700366597  -6.298995918207533e-14
                 4.84375      0.7117670855789375  -6.298995918207533e-14
                 4.84375       0.760854470791278  -6.298995918207533e-14
                 4.84375      0.8099418560036186  -6.298995918207533e-14
                 4.84375       0.859029241215959  -6.298995918207533e-14
                 4.84375      0.9081166264282996  -6.298995918207533e-14
                 4.84375      0.9572040116406401  -6.298995918207533e-14
                 4.84375       1.006291396852981  -6.298995918207533e-14
                 4.84375       1.055378782065321  -6.298995918207533e-14
                 4.84375       1.104466167277662  -6.298995918207533e-14
                 4.84375       1.153553552490002  -6.298995918207533e-14
                 4.84375       1.202640937702343  -6.298995918207533e-14
                 4.84375       1.251728322914683  -6.298995918207533e-14
                 4.84375       1.300815708127024  -6.298995918207533e-14
                 4.84375       1.349903093339364  -6.298995918207533e-14
                 4.84375       1.398990478551705  -6.298995918207533e-14
                 4.84375       1.448077863764045  -6.298995918207533e-14
                 4.84375       1.497165248976386  -6.298995918207533e-14
                 4.84375       1.546252634188726  -6.298995918207533e-14
                 4.84375       1.595340019401067  -6.298995918207533e-14
                 4.84375       1.644427404613407  -6.298995918207533e-14
                 4.84375       1.693514789825748  -6.298995918207533e-14
                 4.84375       1.742602175038088  -6.298995918207533e-14
                 4.84375       1.791689560250429  -6.298995918207533e-14
                 4.84375       1.840776945462769  -6.298995918207533e-14
                 4.84375        1.88986433067511  -6.298995918207533e-14
                 4.84375       1.938951715887451  -6.298995918207533e-14
                 4.84375       1.988039101099791  -6.298995918207533e-14
                 4.84375       2.037126486312132  -6.298995918207533e-14
                 4.84375       2.086213871524472  -6.298995918207533e-14
                 4.84375       2.135301256736812  -6.298995918207533e-14
                 4.84375       2.184388641949153  -6.298995918207533e-14
                 4.84375       2.233476027161494  -6.298995918207533e-14
                 4.84375       2.282563412373834  -6.298995918207533e-14
                 4.84375       2.331650797586175  -6.298995918207533e-14
                 4.84375       2.380738182798515  -6.298995918207533e-14
                 4.84375       2.429825568010856  -6.298995918207533e-14
                 4.84375       2.478912953223196  -6.298995918207533e-14
                 4.84375       2.528000338435537  -6.298995918207533e-14
                 4.84375       2.577087723647877  -6.298995918207533e-14
                 4.84375       2.626175108860218  -6.298995918207533e-14
                 4.84375       2.675262494072558  -6.298995918207533e-14
                 4.84375       2.724349879284899  -6.298995918207533e-14
                 4.84375       2.773437264497239  -6.298995918207533e-14
                 4.84375        2.82252464970958  -6.298995918207533e-14
                 4.84375        2.87161203492192  -6.298995918207533e-14
                 4.84375       2.920699420134261  -6.298995918207533e-14
                 4.84375       2.969786805346601  -6.298995918207533e-14
                 4.84375       3.018874190558942  -6.298995918207533e-14
                 4.84375       3.067961575771282  -6.298995918207533e-14
                 4.84375       3.117048960983623  -6.298995918207533e-14

                 4.90625     0.02454369260617026   5.226422197867771e-14
                 4.90625     0.07363107781851078   5.226422197867771e-14
                 4.90625      0.1227184630308513   5.226422197867771e-14
                 4.90625      0.1718058482431918   5.226422197867771e-14
                 4.90625      0.2208932334555323   5.226422197867771e-14
                 4.90625      0.2699806186678728   5.226422197867771e-14
                 4.90625      0.3190680038802134   5.226422197867771e-14
                 4.90625      0.3681553890925539   5.226422197867771e-14
                 4.90625      0.4172427743048944   5.226422197867771e-14
                 4.90625      0.4663301595172349   5.226422197867771e-14
                 4.90625      0.5154175447295755   5.226422197867771e-14
                 4.90625      0.5645049299419159   5.226422197867771e-14
                 4.90625      0.6135923151542565   5.226422197867771e-14
                 4.90625       0.662679700366597   5.226422197867771e-14
                 4.90625      0.7117670855789375   5.226422197867771e-14
                 4.90625       0.760854470791278   5.226422197867771e-14
                 4.90625      0.8099418560036186   5.226422197867771e-14
                 4.90625       0.859029241215959   5.226422197867771e-14
                 4.90625      0.9081166264282996   5.226422197867771e-14
                 4.90625      0.9572040116406401   5.226422197867771e-14
                 4.90625       1.006291396852981   5.226422197867771e-14
                 4.90625       1.055378782065321   5.226422197867771e-14
                 4.90625       1.104466167277662   5.226422197867771e-14
                 4.90625       1.153553552490002   5.226422197867771e-14
                 4.90625       1.202640937702343   5.226422197867771e-14
                 4.90625       1.251728322914683   5.226422197867771e-14
                 4.90625       1.300815708127024   5.226422197867771e-14
                 4.90625       1.349903093339364   5.226422197867771e-14
                 4.90625       1.398990478551705   5.226422197867771e-14
                 4.90625       1.448077863764045   5.226422197867771e-14
                 4.90625       1.497165248976386   5.226422197867771e-14
                 4.90625       1.546252634188726   5.226422197867771e-14
                 4.90625       1.595340019401067   5.226422197867771e-14
                 4.90625       1.644427404613407   5.226422197867771e-14
                 4.90625       1.693514789825748   5.226422197867771e-14
                 4.90625       1.742602175038088   5.226422197867771e-14
                 4.90625       1.791689560250429   5.226422197867771e-14
                 4.90625       1.840776945462769   5.226422197867771e-14
                 4.90625        1.88986433067511   5.226422197867771e-14
                 4.90625       1.938951715887451   5.226422197867771e-14
                 4.90625       1.988039101099791   5.226422197867771e-14
                 4.90625       2.037126486312132   5.226422197867771e-14
                 4.90625       2.086213871524472   5.226422197867771e-14
                 4.90625       2.135301256736812   5.226422197867771e-14
                 4.90625       2.184388641949153   5.226422197867771e-14
                 4.90625       2.233476027161494   5.226422197867771e-14
                 4.90625       2.282563412373834   5.226422197867771e-14
                 4.90625       2.331650797586175   5.226422197867771e-14
                 4.90625       2.380738182798515   5.226422197867771e-14
                 4.90625       2.429825568010856   5.226422197867771e-14
                 4.90625       2.478912953223196   5.226422197867771e-14
                 4.90625       2.528000338435537   5.226422197867771e-14
                 4.90625       2.577087723647877   5.226422197867771e-14
                 4.90625       2.626175108860218   5.226422197867771e-14
                 4.90625       2.675262494072558   5.226422197867771e-14
                 4.90625       2.724349879284899   5.226422197867771e-14
                 4.90625       2.773437264497239   5.226422197867771e-14
                 4.90625        2.82252464970958   5.226422197867771e-14
                 4.90625        2.87161203492192   5.226422197867771e-14
                 4.90625       2.920699420134261   5.226422197867771e-14
                 4.90625       2.969786805346601   5.226422197867771e-14
                 4.90625       3.018874190558942   5.226422197867771e-14
                 4.90625       3.067961575771282   5.226422197867771e-14
                 4.90625       3.117048960983623   5.226422197867771e-14

                 4.96875     0.02454369260617026  -1.892567501889081e-14
                 4.96875     0.07363107781851078  -1.892567501889081e-14
                 4.96875      0.1227184630308513  -1.892567501889081e-14
                 4.96875      0.1718058482431918  -1.892567501889081e-14
                 4.96875      0.2208932334555323  -1.892567501889081e-14
                 4.96875      0.2699806186678728  -1.892567501889081e-14
                 4.96875      0.3190680038802134  -1.892567501889081e-14
                 4.96875      0.3681553890925539  -1.892567501889081e-14
                 4.96875      0.4172427743048944  -1.892567501889081e-14
                 4.96875      0.4663301595172349  -1.892567501889081e-14
                 4.96875      0.5154175447295755  -1.892567501889081e-14
                 4.96875      0.5645049299419159  -1.892567501889081e-14
                 4.96875      0.6135923151542565  -1.892567501889081e-14
                 4.96875       0.662679700366597  -1.892567501889081e-14
                 4.96875      0.7117670855789375  -1.892567501889081e-14
                 4.96875       0.760854470791278  -1.892567501889081e-14
                 4.96875      0.8099418560036186  -1.892567501889081e-14
                 4.96875       0.859029241215959  -1.892567501889081e-14
                 4.96875      0.9081166264282996  -1.892567501889081e-14
                 4.96875      0.9572040116406401  -1.892567501889081e-14
                 4.96875       1.006291396852981  -1.892567501889081e-14
                 4.96875       1.055378782065321  -1.892567501889081e-14
                 4.96875       1.104466167277662  -1.892567501889081e-14
                 4.96875       1.153553552490002  -1.892567501889081e-14
                 4.96875       1.202640937702343  -1.892567501889081e-14
                 4.96875       1.251728322914683  -1.892567501889081e-14
                 4.96875       1.300815708127024  -1.892567501889081e-14
                 4.96875       1.349903093339364  -1.892567501889081e-14
                 4.96875       1.398990478551705  -1.892567501889081e-14
                 4.96875       1.448077863764045  -1.892567501889081e-14
                 4.96875       1.497165248976386  -1.892567501889081e-14
                 4.96875       1.546252634188726  -1.892567501889081e-14
                 4.96875       1.595340019401067  -1.892567501889081e-14
                 4.96875       1.644427404613407  -1.892567501889081e-14
                 4.96875       1.693514789825748  -1.892567501889081e-14
                 4.96875       1.742602175038088  -1.892567501889081e-14
                 4.96875       1.791689560250429  -1.892567501889081e-14
                 4.96875       1.840776945462769  -1.892567501889081e-14
                 4.96875        1.88986433067511  -1.892567501889081e-14
                 4.96875       1.938951715887451  -1.892567501889081e-14
                 4.96875       1.988039101099791  -1.892567501889081e-14
                 4.96875       2.037126486312132  -1.892567501889081e-14
                 4.96875       2.086213871524472  -1.892567501889081e-14
                 4.96875       2.135301256736812  -1.892567501889081e-14
                 4.96875       2.184388641949153  -1.892567501889081e-14
                 4.96875       2.233476027161494  -1.892567501889081e-14
                 4.96875       2.282563412373834  -1.892567501889081e-14
                 4.96875       2.331650797586175  -1.892567501889081e-14
                 4.96875       2.380738182798515  -1.892567501889081e-14
                 4.96875       2.429825568010856  -1.892567501889081e-14
                 4.96875       2.478912953223196  -1.892567501889081e-14
                 4.96875       2.528000338435537  -1.892567501889081e-14
                 4.96875       2.577087723647877  -1.892567501889081e-14
                 4.96875       2.626175108860218  -1.892567501889081e-14
                 4.96875       2.675262494072558  -1.892567501889081e-14
                 4.96875       2.724349879284899  -1.892567501889081e-14
                 4.96875       2.773437264497239  -1.892567501889081e-14
                 4.96875        2.82252464970958  -1.892567501889081e-14
                 4.96875        2.87161203492192  -1.892567501889081e-14
                 4.96875       2.920699420134261  -1.892567501889081e-14
                 4.96875       2.969786805346601  -1.892567501889081e-14
                 4.96875       3.018874190558942  -1.892567501889081e-14
                 4.96875       3.067961575771282  -1.892567501889081e-14
                 4.96875       3.117048960983623  -1.892567501889081e-14

                 5.03125     0.02454369260617026  -3.152066111815465e-14
                 5.03125     0.07363107781851078  -3.152066111815465e-14
                 5.03125      0.1227184630308513  -3.152066111815465e-14
                 5.03125      0.1718058482431918  -3.152066111815465e-14
                 5.03125      0.2208932334555323  -3.152066111815465e-14
                 5.03125      0.2699806186678728  -3.152066111815465e-14
                 5.03125      0.3190680038802134  -3.152066111815465e-14
                 5.03125      0.3681553890925539  -3.152066111815465e-14
                 5.03125      0.4172427743048944  -3.152066111815465e-14
                 5.03125      0.4663301595172349  -3.152066111815465e-14
                 5.03125      0.5154175447295755  -3.152066111815465e-14
                 5.03125      0.5645049299419159  -3.152066111815465e-14
                 5.03125      0.6135923151542565  -3.152066111815465e-14
                 5.03125       0.662679700366597  -3.152066111815465e-14
                 5.03125      0.7117670855789375  -3.152066111815465e-14
                 5.03125       0.760854470791278  -3.152066111815465e-14
                 5.03125      0.8099418560036186  -3.152066111815465e-14
                 5.03125       0.859029241215959  -3.152066111815465e-14
                 5.03125      0.9081166264282996  -3.152066111815465e-14
                 5.03125      0.9572040116406401  -3.152066111815465e-14
                 5.03125       1.006291396852981  -3.152066111815465e-14
                 5.03125       1.055378782065321  -3.152066111815465e-14
                 5.03125       1.104466167277662  -3.152066111815465e-14
                 5.03125       1.153553552490002  -3.152066111815465e-14
                 5.03125       1.202640937702343  -3.152066111815465e-14
                 5.03125       1.251728322914683  -3.152066111815465e-14
                 5.03125       1.300815708127024  -3.152066111815465e-14
                 5.03125       1.349903093339364  -3.152066111815465e-14
                 5.03125       1.398990478551705  -3.152066111815465e-14
                 5.03125       1.448077863764045  -3.152066111815465e-14
                 5.03125       1.497165248976386  -3.152066111815465e-14
                 5.03125       1.546252634188726  -3.152066111815465e-14
                 5.03125       1.595340019401067  -3.152066111815465e-14
                 5.03125       1.644427404613407  -3.152066111815465e-14
                 5.03125       1.693514789825748  -3.152066111815465e-14
                 5.03125       1.742602175038088  -3.152066111815465e-14
                 5.03125       1.791689560250429  -3.152066111815465e-14
                 5.03125       1.840776945462769  -3.152066111815465e-14
                 5.03125        1.88986433067511  -3.152066111815465e-14
                 5.03125       1.938951715887451  -3.152066111815465e-14
                 5.03125       1.988039101099791  -3.152066111815465e-14
                 5.03125       2.037126486312132  -3.152066111815465e-14
                 5.03125       2.086213871524472  -3.152066111815465e-14
                 5.03125       2.135301256736812  -3.152066111815465e-14
                 5.03125       2.184388641949153  -3.152066111815465e-14
                 5.03125       2.233476027161494  -3.152066111815465e-14
                 5.03125       2.282563412373834  -3.152066111815465e-14
                 5.03125       2.331650797586175  -3.152066111815465e-14
                 5.03125       2.380738182798515  -3.152066111815465e-14
                 5.03125       2.429825568010856  -3.152066111815465e-14
                 5.03125       2.478912953223196  -3.152066111815465e-14
                 5.03125       2.528000338435537  -3.152066111815465e-14
                 5.03125       2.577087723647877  -3.152066111815465e-14
                 5.03125       2.626175108860218  -3.152066111815465e-14
                 5.03125       2.675262494072558  -3.152066111815465e-14
                 5.03125       2.724349879284899  -3.152066111815465e-14
                 5.03125       2.773437264497239  -3.152066111815465e-14
                 5.03125        2.82252464970958  -3.152066111815465e-14
                 5.03125        2.87161203492192  -3.152066111815465e-14
                 5.03125       2.920699420134261  -3.152066111815465e-14
                 5.03125       2.969786805346601  -3.152066111815465e-14
                 5.03125       3.018874190558942  -3.152066111815465e-14
                 5.03125       3.067961575771282  -3.152066111815465e-14
                 5.03125       3.117048960983623  -3.152066111815465e-14

                 5.09375     0.02454369260617026  -7.463985403896986e-15
                 5.09375     0.07363107781851078  -7.463985403896986e-15
                 5.09375      0.1227184630308513  -7.463985403896986e-15
                 5.09375      0.1718058482431918  -7.463985403896986e-15
                 5.09375      0.2208932334555323  -7.463985403896986e-15
                 5.09375      0.2699806186678728  -7.463985403896986e-15
                 5.09375      0.3190680038802134  -7.463985403896986e-15
                 5.09375      0.3681553890925539  -7.463985403896986e-15
                 5.09375      0.4172427743048944  -7.463985403896986e-15
                 5.09375      0.4663301595172349  -7.463985403896986e-15
                 5.09375      0.5154175447295755  -7.463985403896986e-15
                 5.09375      0.5645049299419159  -7.463985403896986e-15
                 5.09375      0.6135923151542565  -7.463985403896986e-15
                 5.09375       0.662679700366597  -7.463985403896986e-15
                 5.09375      0.7117670855789375  -7.463985403896986e-15
                 5.09375       0.760854470791278  -7.463985403896986e-15
                 5.09375      0.8099418560036186  -7.463985403896986e-15
                 5.09375       0.859029241215959  -7.463985403896986e-15
                 5.09375      0.9081166264282996  -7.463985403896986e-15
                 5.09375      0.9572040116406401  -7.463985403896986e-15
                 5.09375       1.006291396852981  -7.463985403896986e-15
                 5.09375       1.055378782065321  -7.463985403896986e-15
                 5.09375       1.104466167277662  -7.463985403896986e-15
                 5.09375       1.153553552490002  -7.463985403896986e-15
                 5.09375       1.202640937702343  -7.463985403896986e-15
                 5.09375       1.251728322914683  -7.463985403896986e-15
                 5.09375       1.300815708127024  -7.463985403896986e-15
                 5.09375       1.349903093339364  -7.463985403896986e-15
                 5.09375       1.398990478551705  -7.463985403896986e-15
                 5.09375       1.448077863764045  -7.463985403896986e-15
                 5.09375       1.497165248976386  -7.463985403896986e-15
                 5.09375       1.546252634188726  -7.463985403896986e-15
                 5.09375       1.595340019401067  -7.463985403896986e-15
                 5.09375       1.644427404613407  -7.463985403896986e-15
                 5.09375       1.693514789825748  -7.463985403896986e-15
                 5.09375       1.742602175038088  -7.463985403896986e-15
                 5.09375       1.791689560250429  -7.463985403896986e-15
                 5.09375       1.840776945462769  -7.463985403896986e-15
                 5.09375        1.88986433067511  -7.463985403896986e-15
                 5.09375       1.938951715887451  -7.463985403896986e-15
                 5.09375       1.988039101099791  -7.463985403896986e-15
                 5.09375       2.037126486312132  -7.463985403896986e-15
                 5.09375       2.086213871524472  -7.463985403896986e-15
                 5.09375       2.135301256736812  -7.463985403896986e-15
                 5.09375       2.184388641949153  -7.463985403896986e-15
                 5.09375       2.233476027161494  -7.463985403896986e-15
                 5.09375       2.282563412373834  -7.463985403896986e-15
                 5.09375       2.331650797586175  -7.463985403896986e-15
                 5.09375       2.380738182798515  -7.463985403896986e-15
                 5.09375       2.429825568010856  -7.463985403896986e-15
                 5.09375       2.478912953223196  -7.463985403896986e-15
                 5.09375       2.528000338435537  -7.463985403896986e-15
                 5.09375       2.577087723647877  -7.463985403896986e-15
                 5.09375       2.626175108860218  -7.463985403896986e-15
                 5.09375       2.675262494072558  -7.463985403896986e-15
                 5.09375       2.724349879284899  -7.463985403896986e-15
                 5.09375       2.773437264497239  -7.463985403896986e-15
                 5.09375        2.82252464970958  -7.463985403896986e-15
                 5.09375        2.87161203492192  -7.463985403896986e-15
                 5.09375       2.920699420134261  -7.463985403896986e-15
                 5.09375       2.969786805346601  -7.463985403896986e-15
                 5.09375       3.018874190558942  -7.463985403896986e-15
                 5.09375       3.067961575771282  -7.463985403896986e-15
                 5.09375       3.117048960983623  -7.463985403896986e-15

                 5.15625     0.02454369260617026    3.08824634913512e-14
                 5.15625     0.07363107781851078    3.08824634913512e-14
                 5.15625      0.1227184630308513    3.08824634913512e-14
                 5.15625      0.1718058482431918    3.08824634913512e-14
                 5.15625      0.2208932334555323    3.08824634913512e-14
                 5.15625      0.2699806186678728    3.08824634913512e-14
                 5.15625      0.3190680038802134    3.08824634913512e-14
                 5.15625      0.3681553890925539    3.08824634913512e-14
                 5.15625      0.4172427743048944    3.08824634913512e-14
                 5.15625      0.4663301595172349    3.08824634913512e-14
                 5.15625      0.5154175447295755    3.08824634913512e-14
                 5.15625      0.5645049299419159    3.08824634913512e-14
                 5.15625      0.6135923151542565    3.08824634913512e-14
                 5.15625       0.662679700366597    3.08824634913512e-14
                 5.15625      0.7117670855789375    3.08824634913512e-14
                 5.15625       0.760854470791278    3.08824634913512e-14
                 5.15625      0.8099418560036186    3.08824634913512e-14
                 5.15625       0.859029241215959    3.08824634913512e-14
                 5.15625      0.9081166264282996    3.08824634913512e-14
                 5.15625      0.9572040116406401    3.08824634913512e-14
                 5.15625       1.006291396852981    3.08824634913512e-14
                 5.15625       1.055378782065321    3.08824634913512e-14
                 5.15625       1.104466167277662    3.08824634913512e-14
                 5.15625       1.153553552490002    3.08824634913512e-14
                 5.15625       1.202640937702343    3.08824634913512e-14
                 5.15625       1.251728322914683    3.08824634913512e-14
                 5.15625       1.300815708127024    3.08824634913512e-14
                 5.15625       1.349903093339364    3.08824634913512e-14
                 5.15625       1.398990478551705    3.08824634913512e-14
                 5.15625       1.448077863764045    3.08824634913512e-14
                 5.15625       1.497165248976386    3.08824634913512e-14
                 5.15625       1.546252634188726    3.08824634913512e-14
                 5.15625       1.595340019401067    3.08824634913512e-14
                 5.15625       1.644427404613407    3.08824634913512e-14
                 5.15625       1.693514789825748    3.08824634913512e-14
                 5.15625       1.742602175038088    3.08824634913512e-14
                 5.15625       1.791689560250429    3.08824634913512e-14
                 5.15625       1.840776945462769    3.08824634913512e-14
                 5.15625        1.88986433067511    3.08824634913512e-14
                 5.15625       1.938951715887451    3.08824634913512e-14
                 5.15625       1.988039101099791    3.08824634913512e-14
                 5.15625       2.037126486312132    3.08824634913512e-14
                 5.15625       2.086213871524472    3.08824634913512e-14
                 5.15625       2.135301256736812    3.08824634913512e-14
                 5.15625       2.184388641949153    3.08824634913512e-14
                 5.15625       2.233476027161494    3.08824634913512e-14
                 5.15625       2.282563412373834    3.08824634913512e-14
                 5.15625       2.331650797586175    3.08824634913512e-14
                 5.15625       2.380738182798515    3.08824634913512e-14
                 5.15625       2.429825568010856    3.08824634913512e-14
                 5.15625       2.478912953223196    3.08824634913512e-14
                 5.15625       2.528000338435537    3.08824634913512e-14
                 5.15625       2.577087723647877    3.08824634913512e-14
                 5.15625       2.626175108860218    3.08824634913512e-14
                 5.15625       2.675262494072558    3.08824634913512e-14
                 5.15625       2.724349879284899    3.08824634913512e-14
                 5.15625       2.773437264497239    3.08824634913512e-14
                 5.15625        2.82252464970958    3.08824634913512e-14
                 5.15625        2.87161203492192    3.08824634913512e-14
                 5.15625       2.920699420134261    3.08824634913512e-14
                 5.15625       2.969786805346601    3.08824634913512e-14
                 5.15625       3.018874190558942    3.08824634913512e-14
                 5.15625       3.067961575771282    3.08824634913512e-14
                 5.15625       3.117048960983623    3.08824634913512e-14

                 5.21875     0.02454369260617026   2.228514871870982e-14
                 5.21875     0.07363107781851078   2.228514871870982e-14
                 5.21875      0.1227184630308513   2.228514871870982e-14
                 5.21875      0.1718058482431918   2.228514871870982e-14
                 5.21875      0.2208932334555323   2.228514871870982e-14
                 5.21875      0.2699806186678728   2.228514871870982e-14
                 5.21875      0.3190680038802134   2.228514871870982e-14
                 5.21875      0.3681553890925539   2.228514871870982e-14
                 5.21875      0.4172427743048944   2.228514871870982e-14
                 5.21875      0.4663301595172349   2.228514871870982e-14
                 5.21875      0.5154175447295755   2.228514871870982e-14
                 5.21875      0.5645049299419159   2.228514871870982e-14
                 5.21875      0.6135923151542565   2.228514871870982e-14
                 5.21875       0.662679700366597   2.228514871870982e-14
                 5.21875      0.7117670855789375   2.228514871870982e-14
                 5.21875       0.760854470791278   2.228514871870982e-14
                 5.21875      0.8099418560036186   2.228514871870982e-14
                 5.21875       0.859029241215959   2.228514871870982e-14
                 5.21875      0.9081166264282996   2.228514871870982e-14
                 5.21875      0.9572040116406401   2.228514871870982e-14
                 5.21875       1.006291396852981   2.228514871870982e-14
                 5.21875       1.055378782065321   2.228514871870982e-14
                 5.21875       1.104466167277662   2.228514871870982e-14
                 5.21875       1.153553552490002   2.228514871870982e-14
                 5.21875       1.202640937702343   2.228514871870982e-14
                 5.21875       1.251728322914683   2.228514871870982e-14
                 5.21875       1.300815708127024   2.228514871870982e-14
                 5.21875       1.349903093339364   2.228514871870982e-14
                 5.21875       1.398990478551705   2.228514871870982e-14
                 5.21875       1.448077863764045   2.228514871870982e-14
                 5.21875       1.497165248976386   2.228514871870982e-14
                 5.21875       1.546252634188726   2.228514871870982e-14
                 5.21875       1.595340019401067   2.228514871870982e-14
                 5.21875       1.644427404613407   2.228514871870982e-14
                 5.21875       1.693514789825748   2.228514871870982e-14
                 5.21875       1.742602175038088   2.228514871870982e-14
                 5.21875       1.791689560250429   2.228514871870982e-14
                 5.21875       1.840776945462769   2.228514871870982e-14
                 5.21875        1.88986433067511   2.228514871870982e-14
                 5.21875       1.938951715887451   2.228514871870982e-14
                 5.21875       1.988039101099791   2.228514871870982e-14
                 5.21875       2.037126486312132   2.228514871870982e-14
                 5.21875       2.086213871524472   2.228514871870982e-14
                 5.21875       2.135301256736812   2.228514871870982e-14
                 5.21875       2.184388641949153   2.228514871870982e-14
                 5.21875       2.233476027161494   2.228514871870982e-14
                 5.21875       2.282563412373834   2.228514871870982e-14
                 5.21875       2.331650797586175   2.228514871870982e-14
                 5.21875       2.380738182798515   2.228514871870982e-14
                 5.21875       2.429825568010856   2.228514871870982e-14
                 5.21875       2.478912953223196   2.228514871870982e-14
                 5.21875       2.528000338435537   2.228514871870982e-14
                 5.21875       2.577087723647877   2.228514871870982e-14
                 5.21875       2.626175108860218   2.228514871870982e-14
                 5.21875       2.675262494072558   2.228514871870982e-14
                 5.21875       2.724349879284899   2.228514871870982e-14
                 5.21875       2.773437264497239   2.228514871870982e-14
                 5.21875        2.82252464970958   2.228514871870982e-14
                 5.21875        2.87161203492192   2.228514871870982e-14
                 5.21875       2.920699420134261   2.228514871870982e-14
                 5.21875       2.969786805346601   2.228514871870982e-14
                 5.21875       3.018874190558942   2.228514871870982e-14
                 5.21875       3.067961575771282   2.228514871870982e-14
                 5.21875       3.117048960983623   2.228514871870982e-14

                 5.28125     0.02454369260617026  -8.731766176788408e-16
                 5.28125     0.07363107781851078  -8.731766176788408e-16
                 5.28125      0.1227184630308513  -8.731766176788408e-16
                 5.28125      0.1718058482431918  -8.731766176788408e-16
                 5.28125      0.2208932334555323  -8.731766176788408e-16
                 5.28125      0.2699806186678728  -8.731766176788408e-16
                 5.28125      0.3190680038802134  -8.731766176788408e-16
                 5.28125      0.3681553890925539  -8.731766176788408e-16
                 5.28125      0.4172427743048944  -8.731766176788408e-16
                 5.28125      0.4663301595172349  -8.731766176788408e-16
                 5.28125      0.5154175447295755  -8.731766176788408e-16
                 5.28125      0.5645049299419159  -8.731766176788408e-16
                 5.28125      0.6135923151542565  -8.731766176788408e-16
                 5.28125       0.662679700366597  -8.731766176788408e-16
                 5.28125      0.7117670855789375  -8.731766176788408e-16
                 5.28125       0.760854470791278  -8.731766176788408e-16
                 5.28125      0.8099418560036186  -8.731766176788408e-16
                 5.28125       0.859029241215959  -8.731766176788408e-16
                 5.28125      0.9081166264282996  -8.731766176788408e-16
                 5.28125      0.9572040116406401  -8.731766176788408e-16
                 5.28125       1.006291396852981  -8.731766176788408e-16
                 5.28125       1.055378782065321  -8.731766176788408e-16
                 5.28125       1.104466167277662  -8.731766176788408e-16
                 5.28125       1.153553552490002  -8.731766176788408e-16
                 5.28125       1.202640937702343  -8.731766176788408e-16
                 5.28125       1.251728322914683  -8.731766176788408e-16
                 5.28125       1.300815708127024  -8.731766176788408e-16
                 5.28125       1.349903093339364  -8.731766176788408e-16
                 5.28125       1.398990478551705  -8.731766176788408e-16
                 5.28125       1.448077863764045  -8.731766176788408e-16
                 5.28125       1.497165248976386  -8.731766176788408e-16
                 5.28125       1.546252634188726  -8.731766176788408e-16
                 5.28125       1.595340019401067  -8.731766176788408e-16
                 5.28125       1.644427404613407  -8.731766176788408e-16
                 5.28125       1.693514789825748  -8.731766176788408e-16
                 5.28125       1.742602175038088  -8.731766176788408e-16
                 5.28125       1.791689560250429  -8.731766176788408e-16
                 5.28125       1.840776945462769  -8.731766176788408e-16
                 5.28125        1.88986433067511  -8.731766176788408e-16
                 5.28125       1.938951715887451  -8.731766176788408e-16
                 5.28125       1.988039101099791  -8.731766176788408e-16
                 5.28125       2.037126486312132  -8.731766176788408e-16
                 5.28125       2.086213871524472  -8.731766176788408e-16
                 5.28125       2.135301256736812  -8.731766176788408e-16
                 5.28125       2.184388641949153  -8.731766176788408e-16
                 5.28125       2.233476027161494  -8.731766176788408e-16
                 5.28125       2.282563412373834  -8.731766176788408e-16
                 5.28125       2.331650797586175  -8.731766176788408e-16
                 5.28125       2.380738182798515  -8.731766176788408e-16
                 5.28125       2.429825568010856  -8.731766176788408e-16
                 5.28125       2.478912953223196  -8.731766176788408e-16
                 5.28125       2.528000338435537  -8.731766176788408e-16
                 5.28125       2.577087723647877  -8.731766176788408e-16
                 5.28125       2.626175108860218  -8.731766176788408e-16
                 5.28125       2.675262494072558  -8.731766176788408e-16
                 5.28125       2.724349879284899  -8.731766176788408e-16
                 5.28125       2.773437264497239  -8.731766176788408e-16
                 5.28125        2.82252464970958  -8.731766176788408e-16
                 5.28125        2.87161203492192  -8.731766176788408e-16
                 5.28125       2.920699420134261  -8.731766176788408e-16
                 5.28125       2.969786805346601  -8.731766176788408e-16
                 5.28125       3.018874190558942  -8.731766176788408e-16
                 5.28125       3.067961575771282  -8.731766176788408e-16
                 5.28125       3.117048960983623  -8.731766176788408e-16

                 5.34375     0.02454369260617026  -4.369965748095202e-14
                 5.34375     0.07363107781851078  -4.369965748095202e-14
                 5.34375      0.1227184630308513  -4.369965748095202e-14
                 5.34375      0.1718058482431918  -4.369965748095202e-14
                 5.34375      0.2208932334555323  -4.369965748095202e-14
                 5.34375      0.2699806186678728  -4.369965748095202e-14
                 5.34375      0.3190680038802134  -4.369965748095202e-14
                 5.34375      0.3681553890925539  -4.369965748095202e-14
                 5.34375      0.4172427743048944  -4.369965748095202e-14
                 5.34375      0.4663301595172349  -4.369965748095202e-14
                 5.34375      0.5154175447295755  -4.369965748095202e-14
                 5.34375      0.5645049299419159  -4.369965748095202e-14
                 5.34375      0.6135923151542565  -4.369965748095202e-14
                 5.34375       0.662679700366597  -4.369965748095202e-14
                 5.34375      0.7117670855789375  -4.369965748095202e-14
                 5.34375       0.760854470791278  -4.369965748095202e-14
                 5.34375      0.8099418560036186  -4.369965748095202e-14
                 5.34375       0.859029241215959  -4.369965748095202e-14
                 5.34375      0.9081166264282996  -4.369965748095202e-14
                 5.34375      0.9572040116406401  -4.369965748095202e-14
                 5.34375       1.006291396852981  -4.369965748095202e-14
                 5.34375       1.055378782065321  -4.369965748095202e-14
                 5.34375       1.104466167277662  -4.369965748095202e-14
                 5.34375       1.153553552490002  -4.369965748095202e-14
                 5.34375       1.202640937702343  -4.369965748095202e-14
                 5.34375       1.251728322914683  -4.369965748095202e-14
                 5.34375       1.300815708127024  -4.369965748095202e-14
                 5.34375       1.349903093339364  -4.369965748095202e-14
                 5.34375       1.398990478551705  -4.369965748095202e-14
                 5.34375       1.448077863764045  -4.369965748095202e-14
                 5.34375       1.497165248976386  -4.369965748095202e-14
                 5.34375       1.546252634188726  -4.369965748095202e-14
                 5.34375       1.595340019401067  -4.369965748095202e-14
                 5.34375       1.644427404613407  -4.369965748095202e-14
                 5.34375       1.693514789825748  -4.369965748095202e-14
                 5.34375       1.742602175038088  -4.369965748095202e-14
                 5.34375       1.791689560250429  -4.369965748095202e-14
                 5.34375       1.840776945462769  -4.369965748095202e-14
                 5.34375        1.88986433067511  -4.369965748095202e-14
                 5.34375       1.938951715887451  -4.369965748095202e-14
                 5.34375       1.988039101099791  -4.369965748095202e-14
                 5.34375       2.037126486312132  -4.369965748095202e-14
                 5.34375       2.086213871524472  -4.369965748095202e-14
                 5.34375       2.135301256736812  -4.369965748095202e-14
                 5.34375       2.184388641949153  -4.369965748095202e-14
                 5.34375       2.233476027161494  -4.369965748095202e-14
                 5.34375       2.282563412373834  -4.369965748095202e-14
                 5.34375       2.331650797586175  -4.369965748095202e-14
                 5.34375       2.380738182798515  -4.369965748095202e-14
                 5.34375       2.429825568010856  -4.369965748095202e-14
                 5.34375       2.478912953223196  -4.369965748095202e-14
                 5.34375       2.528000338435537  -4.369965748095202e-14
                 5.34375       2.577087723647877  -4.369965748095202e-14
                 5.34375       2.626175108860218  -4.369965748095202e-14
                 5.34375       2.675262494072558  -4.369965748095202e-14
                 5.34375       2.724349879284899  -4.369965748095202e-14
                 5.34375       2.773437264497239  -4.369965748095202e-14
                 5.34375        2.82252464970958  -4.369965748095202e-14
                 5.34375        2.87161203492192  -4.369965748095202e-14
                 5.34375       2.920699420134261  -4.369965748095202e-14
                 5.34375       2.969786805346601  -4.369965748095202e-14
                 5.34375       3.018874190558942  -4.369965748095202e-14
                 5.34375       3.067961575771282  -4.369965748095202e-14
                 5.34375       3.117048960983623  -4.369965748095202e-14

                 5.40625     0.02454369260617026  -1.692399490857265e-13
                 5.40625     0.07363107781851078  -1.692399490857265e-13
                 5.40625      0.1227184630308513  -1.692399490857265e-13
                 5.40625      0.1718058482431918  -1.692399490857265e-13
                 5.40625      0.2208932334555323  -1.692399490857265e-13
                 5.40625      0.2699806186678728  -1.692399490857265e-13
                 5.40625      0.3190680038802134  -1.692399490857265e-13
                 5.40625      0.3681553890925539  -1.692399490857265e-13
                 5.40625      0.4172427743048944  -1.692399490857265e-13
                 5.40625      0.4663301595172349  -1.692399490857265e-13
                 5.40625      0.5154175447295755  -1.692399490857265e-13
                 5.40625      0.5645049299419159  -1.692399490857265e-13
                 5.40625      0.6135923151542565  -1.692399490857265e-13
                 5.40625       0.662679700366597  -1.692399490857265e-13
                 5.40625      0.7117670855789375  -1.692399490857265e-13
                 5.40625       0.760854470791278  -1.692399490857265e-13
                 5.40625      0.8099418560036186  -1.692399490857265e-13
                 5.40625       0.859029241215959  -1.692399490857265e-13
                 5.40625      0.9081166264282996  -1.692399490857265e-13
                 5.40625      0.9572040116406401  -1.692399490857265e-13
                 5.40625       1.006291396852981  -1.692399490857265e-13
                 5.40625       1.055378782065321  -1.692399490857265e-13
                 5.40625       1.104466167277662  -1.692399490857265e-13
                 5.40625       1.153553552490002  -1.692399490857265e-13
                 5.40625       1.202640937702343  -1.692399490857265e-13
                 5.40625       1.251728322914683  -1.692399490857265e-13
                 5.40625       1.300815708127024  -1.692399490857265e-13
                 5.40625       1.349903093339364  -1.692399490857265e-13
                 5.40625       1.398990478551705  -1.692399490857265e-13
                 5.40625       1.448077863764045  -1.692399490857265e-13
                 5.40625       1.497165248976386  -1.692399490857265e-13
                 5.40625       1.546252634188726  -1.692399490857265e-13
                 5.40625       1.595340019401067  -1.692399490857265e-13
                 5.40625       1.644427404613407  -1.692399490857265e-13
                 5.40625       1.693514789825748  -1.692399490857265e-13
                 5.40625       1.742602175038088  -1.692399490857265e-13
                 5.40625       1.791689560250429  -1.692399490857265e-13
                 5.40625       1.840776945462769  -1.692399490857265e-13
                 5.40625        1.88986433067511  -1.692399490857265e-13
                 5.40625       1.938951715887451  -1.692399490857265e-13
                 5.40625       1.988039101099791  -1.692399490857265e-13
                 5.40625       2.037126486312132  -1.692399490857265e-13
                 5.40625       2.086213871524472  -1.692399490857265e-13
                 5.40625       2.135301256736812  -1.692399490857265e-13
                 5.40625       2.184388641949153  -1.692399490857265e-13
                 5.40625       2.233476027161494  -1.692399490857265e-13
                 5.40625       2.282563412373834  -1.692399490857265e-13
                 5.40625       2.331650797586175  -1.692399490857265e-13
                 5.40625       2.380738182798515  -1.692399490857265e-13
                 5.40625       2.429825568010856  -1.692399490857265e-13
                 5.40625       2.478912953223196  -1.692399490857265e-13
                 5.40625       2.528000338435537  -1.692399490857265e-13
                 5.40625       2.577087723647877  -1.692399490857265e-13
                 5.40625       2.626175108860218  -1.692399490857265e-13
                 5.40625       2.675262494072558  -1.692399490857265e-13
                 5.40625       2.724349879284899  -1.692399490857265e-13
                 5.40625       2.773437264497239  -1.692399490857265e-13
                 5.40625        2.82252464970958  -1.692399490857265e-13
                 5.40625        2.87161203492192  -1.692399490857265e-13
                 5.40625       2.920699420134261  -1.692399490857265e-13
                 5.40625       2.969786805346601  -1.692399490857265e-13
                 5.40625       3.018874190558942  -1.692399490857265e-13
                 5.40625       3.067961575771282  -1.692399490857265e-13
                 5.40625       3.117048960983623  -1.692399490857265e-13

                 5.46875     0.02454369260617026  -1.659832986476913e-13
                 5.46875     0.07363107781851078  -1.659832986476913e-13
                 5.46875      0.1227184630308513  -1.659832986476913e-13
                 5.46875      0.1718058482431918  -1.659832986476913e-13
                 5.46875      0.2208932334555323  -1.659832986476913e-13
                 5.46875      0.2699806186678728  -1.659832986476913e-13
                 5.46875      0.3190680038802134  -1.659832986476913e-13
                 5.46875      0.3681553890925539  -1.659832986476913e-13
                 5.46875      0.4172427743048944  -1.659832986476913e-13
                 5.46875      0.4663301595172349  -1.659832986476913e-13
                 5.46875      0.5154175447295755  -1.659832986476913e-13
                 5.46875      0.5645049299419159  -1.659832986476913e-13
                 5.46875      0.6135923151542565  -1.659832986476913e-13
                 5.46875       0.662679700366597  -1.659832986476913e-13
                 5.46875      0.7117670855789375  -1.659832986476913e-13
                 5.46875       0.760854470791278  -1.659832986476913e-13
                 5.46875      0.8099418560036186  -1.659832986476913e-13
                 5.46875       0.859029241215959  -1.659832986476913e-13
                 5.46875      0.9081166264282996  -1.659832986476913e-13
                 5.46875      0.9572040116406401  -1.659832986476913e-13
                 5.46875       1.006291396852981  -1.659832986476913e-13
                 5.46875       1.055378782065321  -1.659832986476913e-13
                 5.46875       1.104466167277662  -1.659832986476913e-13
                 5.46875       1.153553552490002  -1.659832986476913e-13
                 5.46875       1.202640937702343  -1.659832986476913e-13
                 5.46875       1.251728322914683  -1.659832986476913e-13
                 5.46875       1.300815708127024  -1.659832986476913e-13
                 5.46875       1.349903093339364  -1.659832986476913e-13
                 5.46875       1.398990478551705  -1.659832986476913e-13
                 5.46875       1.448077863764045  -1.659832986476913e-13
                 5.46875       1.497165248976386  -1.659832986476913e-13
                 5.46875       1.546252634188726  -1.659832986476913e-13
                 5.46875       1.595340019401067  -1.659832986476913e-13
                 5.46875       1.644427404613407  -1.659832986476913e-13
                 5.46875       1.693514789825748  -1.659832986476913e-13
                 5.46875       1.742602175038088  -1.659832986476913e-13
                 5.46875       1.791689560250429  -1.659832986476913e-13
                 5.46875       1.840776945462769  -1.659832986476913e-13
                 5.46875        1.88986433067511  -1.659832986476913e-13
                 5.46875       1.938951715887451  -1.659832986476913e-13
                 5.46875       1.988039101099791  -1.659832986476913e-13
                 5.46875       2.037126486312132  -1.659832986476913e-13
                 5.46875       2.086213871524472  -1.659832986476913e-13
                 5.46875       2.135301256736812  -1.659832986476913e-13
                 5.46875       2.184388641949153  -1.659832986476913e-13
                 5.46875       2.233476027161494  -1.659832986476913e-13
                 5.46875       2.282563412373834  -1.659832986476913e-13
                 5.46875       2.331650797586175  -1.659832986476913e-13
                 5.46875       2.380738182798515  -1.659832986476913e-13
                 5.46875       2.429825568010856  -1.659832986476913e-13
                 5.46875       2.478912953223196  -1.659832986476913e-13
                 5.46875       2.528000338435537  -1.659832986476913e-13
                 5.46875       2.577087723647877  -1.659832986476913e-13
                 5.46875       2.626175108860218  -1.659832986476913e-13
                 5.46875       2.675262494072558  -1.659832986476913e-13
                 5.46875       2.724349879284899  -1.659832986476913e-13
                 5.46875       2.773437264497239  -1.659832986476913e-13
                 5.46875        2.82252464970958  -1.659832986476913e-13
                 5.46875        2.87161203492192  -1.659832986476913e-13
                 5.46875       2.920699420134261  -1.659832986476913e-13
                 5.46875       2.969786805346601  -1.659832986476913e-13
                 5.46875       3.018874190558942  -1.659832986476913e-13
                 5.46875       3.067961575771282  -1.659832986476913e-13
                 5.46875       3.117048960983623  -1.659832986476913e-13

                 5.53125     0.02454369260617026  -1.345416589182026e-13
                 5.53125     0.07363107781851078  -1.345416589182026e-13
                 5.53125      0.1227184630308513  -1.345416589182026e-13
                 5.53125      0.1718058482431918  -1.345416589182026e-13
                 5.53125      0.2208932334555323  -1.345416589182026e-13
                 5.53125      0.2699806186678728  -1.345416589182026e-13
                 5.53125      0.3190680038802134  -1.345416589182026e-13
                 5.53125      0.3681553890925539  -1.345416589182026e-13
                 5.53125      0.4172427743048944  -1.345416589182026e-13
                 5.53125      0.4663301595172349  -1.345416589182026e-13
                 5.53125      0.5154175447295755  -1.345416589182026e-13
                 5.53125      0.5645049299419159  -1.345416589182026e-13
                 5.53125      0.6135923151542565  -1.345416589182026e-13
                 5.53125       0.662679700366597  -1.345416589182026e-13
                 5.53125      0.7117670855789375  -1.345416589182026e-13
                 5.53125       0.760854470791278  -1.345416589182026e-13
                 5.53125      0.8099418560036186  -1.345416589182026e-13
                 5.53125       0.859029241215959  -1.345416589182026e-13
                 5.53125      0.9081166264282996  -1.345416589182026e-13
                 5.53125      0.9572040116406401  -1.345416589182026e-13
                 5.53125       1.006291396852981  -1.345416589182026e-13
                 5.53125       1.055378782065321  -1.345416589182026e-13
                 5.53125       1.104466167277662  -1.345416589182026e-13
                 5.53125       1.153553552490002  -1.345416589182026e-13
                 5.53125       1.202640937702343  -1.345416589182026e-13
                 5.53125       1.251728322914683  -1.345416589182026e-13
                 5.53125       1.300815708127024  -1.345416589182026e-13
                 5.53125       1.349903093339364  -1.345416589182026e-13
                 5.53125       1.398990478551705  -1.345416589182026e-13
                 5.53125       1.448077863764045  -1.345416589182026e-13
                 5.53125       1.497165248976386  -1.345416589182026e-13
                 5.53125       1.546252634188726  -1.345416589182026e-13
                 5.53125       1.595340019401067  -1.345416589182026e-13
                 5.53125       1.644427404613407  -1.345416589182026e-13
                 5.53125       1.693514789825748  -1.345416589182026e-13
                 5.53125       1.742602175038088  -1.345416589182026e-13
                 5.53125       1.791689560250429  -1.345416589182026e-13
                 5.53125       1.840776945462769  -1.345416589182026e-13
                 5.53125        1.88986433067511  -1.345416589182026e-13
                 5.53125       1.938951715887451  -1.345416589182026e-13
                 5.53125       1.988039101099791  -1.345416589182026e-13
                 5.53125       2.037126486312132  -1.345416589182026e-13
                 5.53125       2.086213871524472  -1.345416589182026e-13
                 5.53125       2.135301256736812  -1.345416589182026e-13
                 5.53125       2.184388641949153  -1.345416589182026e-13
                 5.53125       2.233476027161494  -1.345416589182026e-13
                 5.53125       2.282563412373834  -1.345416589182026e-13
                 5.53125       2.331650797586175  -1.345416589182026e-13
                 5.53125       2.380738182798515  -1.345416589182026e-13
                 5.53125       2.429825568010856  -1.345416589182026e-13
                 5.53125       2.478912953223196  -1.345416589182026e-13
                 5.53125       2.528000338435537  -1.345416589182026e-13
                 5.53125       2.577087723647877  -1.345416589182026e-13
                 5.53125       2.626175108860218  -1.345416589182026e-13
                 5.53125       2.675262494072558  -1.345416589182026e-13
                 5.53125       2.724349879284899  -1.345416589182026e-13
                 5.53125       2.773437264497239  -1.345416589182026e-13
                 5.53125        2.82252464970958  -1.345416589182026e-13
                 5.53125        2.87161203492192  -1.345416589182026e-13
                 5.53125       2.920699420134261  -1.345416589182026e-13
                 5.53125       2.969786805346601  -1.345416589182026e-13
                 5.53125       3.018874190558942  -1.345416589182026e-13
                 5.53125       3.067961575771282  -1.345416589182026e-13
                 5.53125       3.117048960983623  -1.345416589182026e-13

                 5.59375     0.02454369260617026   3.540049040696502e-15
                 5.59375     0.07363107781851078   3.540049040696502e-15
                 5.59375      0.1227184630308513   3.540049040696502e-15
                 5.59375      0.1718058482431918   3.540049040696502e-15
                 5.59375      0.2208932334555323   3.540049040696502e-15
                 5.59375      0.2699806186678728   3.540049040696502e-15
                 5.59375      0.3190680038802134   3.540049040696502e-15
                 5.59375      0.3681553890925539   3.540049040696502e-15
                 5.59375      0.4172427743048944   3.540049040696502e-15
                 5.59375      0.4663301595172349   3.540049040696502e-15
                 5.59375      0.5154175447295755   3.540049040696502e-15
                 5.59375      0.5645049299419159   3.540049040696502e-15
                 5.59375      0.6135923151542565   3.540049040696502e-15
                 5.59375       0.662679700366597   3.540049040696502e-15
                 5.59375      0.7117670855789375   3.540049040696502e-15
                 5.59375       0.760854470791278   3.540049040696502e-15
                 5.59375      0.8099418560036186   3.540049040696502e-15
                 5.59375       0.859029241215959   3.540049040696502e-15
                 5.59375      0.9081166264282996   3.540049040696502e-15
                 5.59375      0.9572040116406401   3.540049040696502e-15
                 5.59375       1.006291396852981   3.540049040696502e-15
                 5.59375       1.055378782065321   3.540049040696502e-15
                 5.59375       1.104466167277662   3.540049040696502e-15
                 5.59375       1.153553552490002   3.540049040696502e-15
                 5.59375       1.202640937702343   3.540049040696502e-15
                 5.59375       1.251728322914683   3.540049040696502e-15
                 5.59375       1.300815708127024   3.540049040696502e-15
                 5.59375       1.349903093339364   3.540049040696502e-15
                 5.59375       1.398990478551705   3.540049040696502e-15
                 5.59375       1.448077863764045   3.540049040696502e-15
                 5.59375       1.497165248976386   3.540049040696502e-15
                 5.59375       1.546252634188726   3.540049040696502e-15
                 5.59375       1.595340019401067   3.540049040696502e-15
                 5.59375       1.644427404613407   3.540049040696502e-15
                 5.59375       1.693514789825748   3.540049040696502e-15
                 5.59375       1.742602175038088   3.540049040696502e-15
                 5.59375       1.791689560250429   3.540049040696502e-15
                 5.59375       1.840776945462769   3.540049040696502e-15
                 5.59375        1.88986433067511   3.540049040696502e-15
                 5.59375       1.938951715887451   3.540049040696502e-15
                 5.59375       1.988039101099791   3.540049040696502e-15
                 5.59375       2.037126486312132   3.540049040696502e-15
                 5.59375       2.086213871524472   3.540049040696502e-15
                 5.59375       2.135301256736812   3.540049040696502e-15
                 5.59375       2.184388641949153   3.540049040696502e-15
                 5.59375       2.233476027161494   3.540049040696502e-15
                 5.59375       2.282563412373834   3.540049040696502e-15
                 5.59375       2.331650797586175   3.540049040696502e-15
                 5.59375       2.380738182798515   3.540049040696502e-15
                 5.59375       2.429825568010856   3.540049040696502e-15
                 5.59375       2.478912953223196   3.540049040696502e-15
                 5.59375       2.528000338435537   3.540049040696502e-15
                 5.59375       2.577087723647877   3.540049040696502e-15
                 5.59375       2.626175108860218   3.540049040696502e-15
                 5.59375       2.675262494072558   3.540049040696502e-15
                 5.59375       2.724349879284899   3.540049040696502e-15
                 5.59375       2.773437264497239   3.540049040696502e-15
                 5.59375        2.82252464970958   3.540049040696502e-15
                 5.59375        2.87161203492192   3.540049040696502e-15
                 5.59375       2.920699420134261   3.540049040696502e-15
                 5.59375       2.969786805346601   3.540049040696502e-15
                 5.59375       3.018874190558942   3.540049040696502e-15
                 5.59375       3.067961575771282   3.540049040696502e-15
                 5.59375       3.117048960983623   3.540049040696502e-15

                 5.65625     0.02454369260617026   1.303415657134611e-14
                 5.65625     0.07363107781851078   1.303415657134611e-14
                 5.65625      0.1227184630308513   1.303415657134611e-14
                 5.65625      0.1718058482431918   1.303415657134611e-14
                 5.65625      0.2208932334555323   1.303415657134611e-14
                 5.65625      0.2699806186678728   1.303415657134611e-14
                 5.65625      0.3190680038802134   1.303415657134611e-14
                 5.65625      0.3681553890925539   1.303415657134611e-14
                 5.65625      0.4172427743048944   1.303415657134611e-14
                 5.65625      0.4663301595172349   1.303415657134611e-14
                 5.65625      0.5154175447295755   1.303415657134611e-14
                 5.65625      0.5645049299419159   1.303415657134611e-14
                 5.65625      0.6135923151542565   1.303415657134611e-14
                 5.65625       0.662679700366597   1.303415657134611e-14
                 5.65625      0.7117670855789375   1.303415657134611e-14
                 5.65625       0.760854470791278   1.303415657134611e-14
                 5.65625      0.8099418560036186   1.303415657134611e-14
                 5.65625       0.859029241215959   1.303415657134611e-14
                 5.65625      0.9081166264282996   1.303415657134611e-14
                 5.65625      0.9572040116406401   1.303415657134611e-14
                 5.65625       1.006291396852981   1.303415657134611e-14
                 5.65625       1.055378782065321   1.303415657134611e-14
                 5.65625       1.104466167277662   1.303415657134611e-14
                 5.65625       1.153553552490002   1.303415657134611e-14
                 5.65625       1.202640937702343   1.303415657134611e-14
                 5.65625       1.251728322914683   1.303415657134611e-14
                 5.65625       1.300815708127024   1.303415657134611e-14
                 5.65625       1.349903093339364   1.303415657134611e-14
                 5.65625       1.398990478551705   1.303415657134611e-14
                 5.65625       1.448077863764045   1.303415657134611e-14
                 5.65625       1.497165248976386   1.303415657134611e-14
                 5.65625       1.546252634188726   1.303415657134611e-14
                 5.65625       1.595340019401067   1.303415657134611e-14
                 5.65625       1.644427404613407   1.303415657134611e-14
                 5.65625       1.693514789825748   1.303415657134611e-14
                 5.65625       1.742602175038088   1.303415657134611e-14
                 5.65625       1.791689560250429   1.303415657134611e-14
                 5.65625       1.840776945462769   1.303415657134611e-14
                 5.65625        1.88986433067511   1.303415657134611e-14
                 5.65625       1.938951715887451   1.303415657134611e-14
                 5.65625       1.988039101099791   1.303415657134611e-14
                 5.65625       2.037126486312132   1.303415657134611e-14
                 5.65625       2.086213871524472   1.303415657134611e-14
                 5.65625       2.135301256736812   1.303415657134611e-14
                 5.65625       2.184388641949153   1.303415657134611e-14
                 5.65625       2.233476027161494   1.303415657134611e-14
                 5.65625       2.282563412373834   1.303415657134611e-14
                 5.65625       2.331650797586175   1.303415657134611e-14
                 5.65625       2.380738182798515   1.303415657134611e-14
                 5.65625       2.429825568010856   1.303415657134611e-14
                 5.65625       2.478912953223196   1.303415657134611e-14
                 5.65625       2.528000338435537   1.303415657134611e-14
                 5.65625       2.577087723647877   1.303415657134611e-14
                 5.65625       2.626175108860218   1.303415657134611e-14
                 5.65625       2.675262494072558   1.303415657134611e-14
                 5.65625       2.724349879284899   1.303415657134611e-14
                 5.65625       2.773437264497239   1.303415657134611e-14
                 5.65625        2.82252464970958   1.303415657134611e-14
                 5.65625        2.87161203492192   1.303415657134611e-14
                 5.65625       2.920699420134261   1.303415657134611e-14
                 5.65625       2.969786805346601   1.303415657134611e-14
                 5.65625       3.018874190558942   1.303415657134611e-14
                 5.65625       3.067961575771282   1.303415657134611e-14
                 5.65625       3.117048960983623   1.303415657134611e-14

                 5.71875     0.02454369260617026   1.332928620975001e-13
                 5.71875     0.07363107781851078   1.332928620975001e-13
                 5.71875      0.1227184630308513   1.332928620975001e-13
                 5.71875      0.1718058482431918   1.332928620975001e-13
                 5.71875      0.2208932334555323   1.332928620975001e-13
                 5.71875      0.2699806186678728   1.332928620975001e-13
                 5.71875      0.3190680038802134   1.332928620975001e-13
                 5.71875      0.3681553890925539   1.332928620975001e-13
                 5.71875      0.4172427743048944   1.332928620975001e-13
                 5.71875      0.4663301595172349   1.332928620975001e-13
                 5.71875      0.5154175447295755   1.332928620975001e-13
                 5.71875      0.5645049299419159   1.332928620975001e-13
                 5.71875      0.6135923151542565   1.332928620975001e-13
                 5.71875       0.662679700366597   1.332928620975001e-13
                 5.71875      0.7117670855789375   1.332928620975001e-13
                 5.71875       0.760854470791278   1.332928620975001e-13
                 5.71875      0.8099418560036186   1.332928620975001e-13
                 5.71875       0.859029241215959   1.332928620975001e-13
                 5.71875      0.9081166264282996   1.332928620975001e-13
                 5.71875      0.9572040116406401   1.332928620975001e-13
                 5.71875       1.006291396852981   1.332928620975001e-13
                 5.71875       1.055378782065321   1.332928620975001e-13
                 5.71875       1.104466167277662   1.332928620975001e-13
                 5.71875       1.153553552490002   1.332928620975001e-13
                 5.71875       1.202640937702343   1.332928620975001e-13
                 5.71875       1.251728322914683   1.332928620975001e-13
                 5.71875       1.300815708127024   1.332928620975001e-13
                 5.71875       1.349903093339364   1.332928620975001e-13
                 5.71875       1.398990478551705   1.332928620975001e-13
                 5.71875       1.448077863764045   1.332928620975001e-13
                 5.71875       1.497165248976386   1.332928620975001e-13
                 5.71875       1.546252634188726   1.332928620975001e-13
                 5.71875       1.595340019401067   1.332928620975001e-13
                 5.71875       1.644427404613407   1.332928620975001e-13
                 5.71875       1.693514789825748   1.332928620975001e-13
                 5.71875       1.742602175038088   1.332928620975001e-13
                 5.71875       1.791689560250429   1.332928620975001e-13
                 5.71875       1.840776945462769   1.332928620975001e-13
                 5.71875        1.88986433067511   1.332928620975001e-13
                 5.71875       1.938951715887451   1.332928620975001e-13
                 5.71875       1.988039101099791   1.332928620975001e-13
                 5.71875       2.037126486312132   1.332928620975001e-13
                 5.71875       2.086213871524472   1.332928620975001e-13
                 5.71875       2.135301256736812   1.332928620975001e-13
                 5.71875       2.184388641949153   1.332928620975001e-13
                 5.71875       2.233476027161494   1.332928620975001e-13
                 5.71875       2.282563412373834   1.332928620975001e-13
                 5.71875       2.331650797586175   1.332928620975001e-13
                 5.71875       2.380738182798515   1.332928620975001e-13
                 5.71875       2.429825568010856   1.332928620975001e-13
                 5.71875       2.478912953223196   1.332928620975001e-13
                 5.71875       2.528000338435537   1.332928620975001e-13
                 5.71875       2.577087723647877   1.332928620975001e-13
                 5.71875       2.626175108860218   1.332928620975001e-13
                 5.71875       2.675262494072558   1.332928620975001e-13
                 5.71875       2.724349879284899   1.332928620975001e-13
                 5.71875       2.773437264497239   1.332928620975001e-13
                 5.71875        2.82252464970958   1.332928620975001e-13
                 5.71875        2.87161203492192   1.332928620975001e-13
                 5.71875       2.920699420134261   1.332928620975001e-13
                 5.71875       2.969786805346601   1.332928620975001e-13
                 5.71875       3.018874190558942   1.332928620975001e-13
                 5.71875       3.067961575771282   1.332928620975001e-13
                 5.71875       3.117048960983623   1.332928620975001e-13

                 5.78125     0.02454369260617026   1.120856627408244e-13
                 5.78125     0.07363107781851078   1.120856627408244e-13
                 5.78125      0.1227184630308513   1.120856627408244e-13
                 5.78125      0.1718058482431918   1.120856627408244e-13
                 5.78125      0.2208932334555323   1.120856627408244e-13
                 5.78125      0.2699806186678728   1.120856627408244e-13
                 5.78125      0.3190680038802134   1.120856627408244e-13
                 5.78125      0.3681553890925539   1.120856627408244e-13
                 5.78125      0.4172427743048944   1.120856627408244e-13
                 5.78125      0.4663301595172349   1.120856627408244e-13
                 5.78125      0.5154175447295755   1.120856627408244e-13
                 5.78125      0.5645049299419159   1.120856627408244e-13
                 5.78125      0.6135923151542565   1.120856627408244e-13
                 5.78125       0.662679700366597   1.120856627408244e-13
                 5.78125      0.7117670855789375   1.120856627408244e-13
                 5.78125       0.760854470791278   1.120856627408244e-13
                 5.78125      0.8099418560036186   1.120856627408244e-13
                 5.78125       0.859029241215959   1.120856627408244e-13
                 5.78125      0.9081166264282996   1.120856627408244e-13
                 5.78125      0.9572040116406401   1.120856627408244e-13
                 5.78125       1.006291396852981   1.120856627408244e-13
                 5.78125       1.055378782065321   1.120856627408244e-13
                 5.78125       1.104466167277662   1.120856627408244e-13
                 5.78125       1.153553552490002   1.120856627408244e-13
                 5.78125       1.202640937702343   1.120856627408244e-13
                 5.78125       1.251728322914683   1.120856627408244e-13
                 5.78125       1.300815708127024   1.120856627408244e-13
                 5.78125       1.349903093339364   1.120856627408244e-13
                 5.78125       1.398990478551705   1.120856627408244e-13
                 5.78125       1.448077863764045   1.120856627408244e-13
                 5.78125       1.497165248976386   1.120856627408244e-13
                 5.78125       1.546252634188726   1.120856627408244e-13
                 5.78125       1.595340019401067   1.120856627408244e-13
                 5.78125       1.644427404613407   1.120856627408244e-13
                 5.78125       1.693514789825748   1.120856627408244e-13
                 5.78125       1.742602175038088   1.120856627408244e-13
                 5.78125       1.791689560250429   1.120856627408244e-13
                 5.78125       1.840776945462769   1.120856627408244e-13
                 5.78125        1.88986433067511   1.120856627408244e-13
                 5.78125       1.938951715887451   1.120856627408244e-13
                 5.78125       1.988039101099791   1.120856627408244e-13
                 5.78125       2.037126486312132   1.120856627408244e-13
                 5.78125       2.086213871524472   1.120856627408244e-13
                 5.78125       2.135301256736812   1.120856627408244e-13
                 5.78125       2.184388641949153   1.120856627408244e-13
                 5.78125       2.233476027161494   1.120856627408244e-13
                 5.78125       2.282563412373834   1.120856627408244e-13
                 5.78125       2.331650797586175   1.120856627408244e-13
                 5.78125       2.380738182798515   1.120856627408244e-13
                 5.78125       2.429825568010856   1.120856627408244e-13
                 5.78125       2.478912953223196   1.120856627408244e-13
                 5.78125       2.528000338435537   1.120856627408244e-13
                 5.78125       2.577087723647877   1.120856627408244e-13
                 5.78125       2.626175108860218   1.120856627408244e-13
                 5.78125       2.675262494072558   1.120856627408244e-13
                 5.78125       2.724349879284899   1.120856627408244e-13
                 5.78125       2.773437264497239   1.120856627408244e-13
                 5.78125        2.82252464970958   1.120856627408244e-13
                 5.78125        2.87161203492192   1.120856627408244e-13
                 5.78125       2.920699420134261   1.120856627408244e-13
                 5.78125       2.969786805346601   1.120856627408244e-13
                 5.78125       3.018874190558942   1.120856627408244e-13
                 5.78125       3.067961575771282   1.120856627408244e-13
                 5.78125       3.117048960983623   1.120856627408244e-13

                 5.84375     0.02454369260617026  -1.032291154669701e-13
                 5.84375     0.07363107781851078  -1.032291154669701e-13
                 5.84375      0.1227184630308513  -1.032291154669701e-13
                 5.84375      0.1718058482431918  -1.032291154669701e-13
                 5.84375      0.2208932334555323  -1.032291154669701e-13
                 5.84375      0.2699806186678728  -1.032291154669701e-13
                 5.84375      0.3190680038802134  -1.032291154669701e-13
                 5.84375      0.3681553890925539  -1.032291154669701e-13
                 5.84375      0.4172427743048944  -1.032291154669701e-13
                 5.84375      0.4663301595172349  -1.032291154669701e-13
                 5.84375      0.5154175447295755  -1.032291154669701e-13
                 5.84375      0.5645049299419159  -1.032291154669701e-13
                 5.84375      0.6135923151542565  -1.032291154669701e-13
                 5.84375       0.662679700366597  -1.032291154669701e-13
                 5.84375      0.7117670855789375  -1.032291154669701e-13
                 5.84375       0.760854470791278  -1.032291154669701e-13
                 5.84375      0.8099418560036186  -1.032291154669701e-13
                 5.84375       0.859029241215959  -1.032291154669701e-13
                 5.84375      0.9081166264282996  -1.032291154669701e-13
                 5.84375      0.9572040116406401  -1.032291154669701e-13
                 5.84375       1.006291396852981  -1.032291154669701e-13
                 5.84375       1.055378782065321  -1.032291154669701e-13
                 5.84375       1.104466167277662  -1.032291154669701e-13
                 5.84375       1.153553552490002  -1.032291154669701e-13
                 5.84375       1.202640937702343  -1.032291154669701e-13
                 5.84375       1.251728322914683  -1.032291154669701e-13
                 5.84375       1.300815708127024  -1.032291154669701e-13
                 5.84375       1.349903093339364  -1.032291154669701e-13
                 5.84375       1.398990478551705  -1.032291154669701e-13
                 5.84375       1.448077863764045  -1.032291154669701e-13
                 5.84375       1.497165248976386  -1.032291154669701e-13
                 5.84375       1.546252634188726  -1.032291154669701e-13
                 5.84375       1.595340019401067  -1.032291154669701e-13
                 5.84375       1.644427404613407  -1.032291154669701e-13
                 5.84375       1.693514789825748  -1.032291154669701e-13
                 5.84375       1.742602175038088  -1.032291154669701e-13
                 5.84375       1.791689560250429  -1.032291154669701e-13
                 5.84375       1.840776945462769  -1.032291154669701e-13
                 5.84375        1.88986433067511  -1.032291154669701e-13
                 5.84375       1.938951715887451  -1.032291154669701e-13
                 5.84375       1.988039101099791  -1.032291154669701e-13
                 5.84375       2.037126486312132  -1.032291154669701e-13
                 5.84375       2.086213871524472  -1.032291154669701e-13
                 5.84375       2.135301256736812  -1.032291154669701e-13
                 5.84375       2.184388641949153  -1.032291154669701e-13
                 5.84375       2.233476027161494  -1.032291154669701e-13
                 5.84375       2.282563412373834  -1.032291154669701e-13
                 5.84375       2.331650797586175  -1.032291154669701e-13
                 5.84375       2.380738182798515  -1.032291154669701e-13
                 5.84375       2.429825568010856  -1.032291154669701e-13
                 5.84375       2.478912953223196  -1.032291154669701e-13
                 5.84375       2.528000338435537  -1.032291154669701e-13
                 5.84375       2.577087723647877  -1.032291154669701e-13
                 5.84375       2.626175108860218  -1.032291154669701e-13
                 5.84375       2.675262494072558  -1.032291154669701e-13
                 5.84375       2.724349879284899  -1.032291154669701e-13
                 5.84375       2.773437264497239  -1.032291154669701e-13
                 5.84375        2.82252464970958  -1.032291154669701e-13
                 5.84375        2.87161203492192  -1.032291154669701e-13
                 5.84375       2.920699420134261  -1.032291154669701e-13
                 5.84375       2.969786805346601  -1.032291154669701e-13
                 5.84375       3.018874190558942  -1.032291154669701e-13
                 5.84375       3.067961575771282  -1.032291154669701e-13
                 5.84375       3.117048960983623  -1.032291154669701e-13

                 5.90625     0.02454369260617026  -5.210431901940806e-14
                 5.90625     0.07363107781851078  -5.210431901940806e-14
                 5.90625      0.1227184630308513  -5.210431901940806e-14
                 5.90625      0.1718058482431918  -5.210431901940806e-14
                 5.90625      0.2208932334555323  -5.210431901940806e-14
                 5.90625      0.2699806186678728  -5.210431901940806e-14
                 5.90625      0.3190680038802134  -5.210431901940806e-14
                 5.90625      0.3681553890925539  -5.210431901940806e-14
                 5.90625      0.4172427743048944  -5.210431901940806e-14
                 5.90625      0.4663301595172349  -5.210431901940806e-14
                 5.90625      0.5154175447295755  -5.210431901940806e-14
                 5.90625      0.5645049299419159  -5.210431901940806e-14
                 5.90625      0.6135923151542565  -5.210431901940806e-14
                 5.90625       0.662679700366597  -5.210431901940806e-14
                 5.90625      0.7117670855789375  -5.210431901940806e-14
                 5.90625       0.760854470791278  -5.210431901940806e-14
                 5.90625      0.8099418560036186  -5.210431901940806e-14
                 5.90625       0.859029241215959  -5.210431901940806e-14
                 5.90625      0.9081166264282996  -5.210431901940806e-14
                 5.90625      0.9572040116406401  -5.210431901940806e-14
                 5.90625       1.006291396852981  -5.210431901940806e-14
                 5.90625       1.055378782065321  -5.210431901940806e-14
                 5.90625       1.104466167277662  -5.210431901940806e-14
                 5.90625       1.153553552490002  -5.210431901940806e-14
                 5.90625       1.202640937702343  -5.210431901940806e-14
                 5.90625       1.251728322914683  -5.210431901940806e-14
                 5.90625       1.300815708127024  -5.210431901940806e-14
                 5.90625       1.349903093339364  -5.210431901940806e-14
                 5.90625       1.398990478551705  -5.210431901940806e-14
                 5.90625       1.448077863764045  -5.210431901940806e-14
                 5.90625       1.497165248976386  -5.210431901940806e-14
                 5.90625       1.546252634188726  -5.210431901940806e-14
                 5.90625       1.595340019401067  -5.210431901940806e-14
                 5.90625       1.644427404613407  -5.210431901940806e-14
                 5.90625       1.693514789825748  -5.210431901940806e-14
                 5.90625       1.742602175038088  -5.210431901940806e-14
                 5.90625       1.791689560250429  -5.210431901940806e-14
                 5.90625       1.840776945462769  -5.210431901940806e-14
                 5.90625        1.88986433067511  -5.210431901940806e-14
                 5.90625       1.938951715887451  -5.210431901940806e-14
                 5.90625       1.988039101099791  -5.210431901940806e-14
                 5.90625       2.037126486312132  -5.210431901940806e-14
                 5.90625       2.086213871524472  -5.210431901940806e-14
                 5.90625       2.135301256736812  -5.210431901940806e-14
                 5.90625       2.184388641949153  -5.210431901940806e-14
                 5.90625       2.233476027161494  -5.210431901940806e-14
                 5.90625       2.282563412373834  -5.210431901940806e-14
                 5.90625       2.331650797586175  -5.210431901940806e-14
                 5.90625       2.380738182798515  -5.210431901940806e-14
                 5.90625       2.429825568010856  -5.210431901940806e-14
                 5.90625       2.478912953223196  -5.210431901940806e-14
                 5.90625       2.528000338435537  -5.210431901940806e-14
                 5.90625       2.577087723647877  -5.210431901940806e-14
                 5.90625       2.626175108860218  -5.210431901940806e-14
                 5.90625       2.675262494072558  -5.210431901940806e-14
                 5.90625       2.724349879284899  -5.210431901940806e-14
                 5.90625       2.773437264497239  -5.210431901940806e-14
                 5.90625        2.82252464970958  -5.210431901940806e-14
                 5.90625        2.87161203492192  -5.210431901940806e-14
                 5.90625       2.920699420134261  -5.210431901940806e-14
                 5.90625       2.969786805346601  -5.210431901940806e-14
                 5.90625       3.018874190558942  -5.210431901940806e-14
                 5.90625       3.067961575771282  -5.210431901940806e-14
                 5.90625       3.117048960983623  -5.210431901940806e-14

                 5.96875     0.02454369260617026  -1.452476190937623e-14
                 5.96875     0.07363107781851078  -1.452476190937623e-14
                 5.96875      0.1227184630308513  -1.452476190937623e-14
                 5.96875      0.1718058482431918  -1.452476190937623e-14
                 5.96875      0.2208932334555323  -1.452476190937623e-14
                 5.96875      0.2699806186678728  -1.452476190937623e-14
                 5.96875      0.3190680038802134  -1.452476190937623e-14
                 5.96875      0.3681553890925539  -1.452476190937623e-14
                 5.96875      0.4172427743048944  -1.452476190937623e-14
                 5.96875      0.4663301595172349  -1.452476190937623e-14
                 5.96875      0.5154175447295755  -1.452476190937623e-14
                 5.96875      0.5645049299419159  -1.452476190937623e-14
                 5.96875      0.6135923151542565  -1.452476190937623e-14
                 5.96875       0.662679700366597  -1.452476190937623e-14
                 5.96875      0.7117670855789375  -1.452476190937623e-14
                 5.96875       0.760854470791278  -1.452476190937623e-14
                 5.96875      0.8099418560036186  -1.452476190937623e-14
                 5.96875       0.859029241215959  -1.452476190937623e-14
                 5.96875      0.9081166264282996  -1.452476190937623e-14
                 5.96875      0.9572040116406401  -1.452476190937623e-14
                 5.96875       1.006291396852981  -1.452476190937623e-14
                 5.96875       1.055378782065321  -1.452476190937623e-14
                 5.96875       1.104466167277662  -1.452476190937623e-14
                 5.96875       1.153553552490002  -1.452476190937623e-14
                 5.96875       1.202640937702343  -1.452476190937623e-14
                 5.96875       1.251728322914683  -1.452476190937623e-14
                 5.96875       1.300815708127024  -1.452476190937623e-14
                 5.96875       1.349903093339364  -1.452476190937623e-14
                 5.96875       1.398990478551705  -1.452476190937623e-14
                 5.96875       1.448077863764045  -1.452476190937623e-14
                 5.96875       1.497165248976386  -1.452476190937623e-14
                 5.96875       1.546252634188726  -1.452476190937623e-14
                 5.96875       1.595340019401067  -1.452476190937623e-14
                 5.96875       1.644427404613407  -1.452476190937623e-14
                 5.96875       1.693514789825748  -1.452476190937623e-14
                 5.96875       1.742602175038088  -1.452476190937623e-14
                 5.96875       1.791689560250429  -1.452476190937623e-14
                 5.96875       1.840776945462769  -1.452476190937623e-14
                 5.96875        1.88986433067511  -1.452476190937623e-14
                 5.96875       1.938951715887451  -1.452476190937623e-14
                 5.96875       1.988039101099791  -1.452476190937623e-14
                 5.96875       2.037126486312132  -1.452476190937623e-14
                 5.96875       2.086213871524472  -1.452476190937623e-14
                 5.96875       2.135301256736812  -1.452476190937623e-14
                 5.96875       2.184388641949153  -1.452476190937623e-14
                 5.96875       2.233476027161494  -1.452476190937623e-14
                 5.96875       2.282563412373834  -1.452476190937623e-14
                 5.96875       2.331650797586175  -1.452476190937623e-14
                 5.96875       2.380738182798515  -1.452476190937623e-14
                 5.96875       2.429825568010856  -1.452476190937623e-14
                 5.96875       2.478912953223196  -1.452476190937623e-14
                 5.96875       2.528000338435537  -1.452476190937623e-14
                 5.96875       2.577087723647877  -1.452476190937623e-14
                 5.96875       2.626175108860218  -1.452476190937623e-14
                 5.96875       2.675262494072558  -1.452476190937623e-14
                 5.96875       2.724349879284899  -1.452476190937623e-14
                 5.96875       2.773437264497239  -1.452476190937623e-14
                 5.96875        2.82252464970958  -1.452476190937623e-14
                 5.96875        2.87161203492192  -1.452476190937623e-14
                 5.96875       2.920699420134261  -1.452476190937623e-14
                 5.96875       2.969786805346601  -1.452476190937623e-14
                 5.96875       3.018874190558942  -1.452476190937623e-14
                 5.96875       3.067961575771282  -1.452476190937623e-14
                 5.96875       3.117048960983623  -1.452476190937623e-14

                 6.03125     0.02454369260617026   -5.73698247441755e-14
                 6.03125     0.07363107781851078   -5.73698247441755e-14
                 6.03125      0.1227184630308513   -5.73698247441755e-14
                 6.03125      0.1718058482431918   -5.73698247441755e-14
                 6.03125      0.2208932334555323   -5.73698247441755e-14
                 6.03125      0.2699806186678728   -5.73698247441755e-14
                 6.03125      0.3190680038802134   -5.73698247441755e-14
                 6.03125      0.3681553890925539   -5.73698247441755e-14
                 6.03125      0.4172427743048944   -5.73698247441755e-14
                 6.03125      0.4663301595172349   -5.73698247441755e-14
                 6.03125      0.5154175447295755   -5.73698247441755e-14
                 6.03125      0.5645049299419159   -5.73698247441755e-14
                 6.03125      0.6135923151542565   -5.73698247441755e-14
                 6.03125       0.662679700366597   -5.73698247441755e-14
                 6.03125      0.7117670855789375   -5.73698247441755e-14
                 6.03125       0.760854470791278   -5.73698247441755e-14
                 6.03125      0.8099418560036186   -5.73698247441755e-14
                 6.03125       0.859029241215959   -5.73698247441755e-14
                 6.03125      0.9081166264282996   -5.73698247441755e-14
                 6.03125      0.9572040116406401   -5.73698247441755e-14
                 6.03125       1.006291396852981   -5.73698247441755e-14
                 6.03125       1.055378782065321   -5.73698247441755e-14
                 6.03125       1.104466167277662   -5.73698247441755e-14
                 6.03125       1.153553552490002   -5.73698247441755e-14
                 6.03125       1.202640937702343   -5.73698247441755e-14
                 6.03125       1.251728322914683   -5.73698247441755e-14
                 6.03125       1.300815708127024   -5.73698247441755e-14
                 6.03125       1.349903093339364   -5.73698247441755e-14
                 6.03125       1.398990478551705   -5.73698247441755e-14
                 6.03125       1.448077863764045   -5.73698247441755e-14
                 6.03125       1.497165248976386   -5.73698247441755e-14
                 6.03125       1.546252634188726   -5.73698247441755e-14
                 6.03125       1.595340019401067   -5.73698247441755e-14
                 6.03125       1.644427404613407   -5.73698247441755e-14
                 6.03125       1.693514789825748   -5.73698247441755e-14
                 6.03125       1.742602175038088   -5.73698247441755e-14
                 6.03125       1.791689560250429   -5.73698247441755e-14
                 6.03125       1.840776945462769   -5.73698247441755e-14
                 6.03125        1.88986433067511   -5.73698247441755e-14
                 6.03125       1.938951715887451   -5.73698247441755e-14
                 6.03125       1.988039101099791   -5.73698247441755e-14
                 6.03125       2.037126486312132   -5.73698247441755e-14
                 6.03125       2.086213871524472   -5.73698247441755e-14
                 6.03125       2.135301256736812   -5.73698247441755e-14
                 6.03125       2.184388641949153   -5.73698247441755e-14
                 6.03125       2.233476027161494   -5.73698247441755e-14
                 6.03125       2.282563412373834   -5.73698247441755e-14
                 6.03125       2.331650797586175   -5.73698247441755e-14
                 6.03125       2.380738182798515   -5.73698247441755e-14
                 6.03125       2.429825568010856   -5.73698247441755e-14
                 6.03125       2.478912953223196   -5.73698247441755e-14
                 6.03125       2.528000338435537   -5.73698247441755e-14
                 6.03125       2.577087723647877   -5.73698247441755e-14
                 6.03125       2.626175108860218   -5.73698247441755e-14
                 6.03125       2.675262494072558   -5.73698247441755e-14
                 6.03125       2.724349879284899   -5.73698247441755e-14
                 6.03125       2.773437264497239   -5.73698247441755e-14
                 6.03125        2.82252464970958   -5.73698247441755e-14
                 6.03125        2.87161203492192   -5.73698247441755e-14
                 6.03125       2.920699420134261   -5.73698247441755e-14
                 6.03125       2.969786805346601   -5.73698247441755e-14
                 6.03125       3.018874190558942   -5.73698247441755e-14
                 6.03125       3.067961575771282   -5.73698247441755e-14
                 6.03125       3.117048960983623   -5.73698247441755e-14

                 6.09375     0.02454369260617026   9.042337355888927e-14
                 6.09375     0.07363107781851078   9.042337355888927e-14
                 6.09375      0.1227184630308513   9.042337355888927e-14
                 6.09375      0.1718058482431918   9.042337355888927e-14
                 6.09375      0.2208932334555323   9.042337355888927e-14
                 6.09375      0.2699806186678728   9.042337355888927e-14
                 6.09375      0.3190680038802134   9.042337355888927e-14
                 6.09375      0.3681553890925539   9.042337355888927e-14
                 6.09375      0.4172427743048944   9.042337355888927e-14
                 6.09375      0.4663301595172349   9.042337355888927e-14
                 6.09375      0.5154175447295755   9.042337355888927e-14
                 6.09375      0.5645049299419159   9.042337355888927e-14
                 6.09375      0.6135923151542565   9.042337355888927e-14
                 6.09375       0.662679700366597   9.042337355888927e-14
                 6.09375      0.7117670855789375   9.042337355888927e-14
                 6.09375       0.760854470791278   9.042337355888927e-14
                 6.09375      0.8099418560036186   9.042337355888927e-14
                 6.09375       0.859029241215959   9.042337355888927e-14
                 6.09375      0.9081166264282996   9.042337355888927e-14
                 6.09375      0.9572040116406401   9.042337355888927e-14
                 6.09375       1.006291396852981   9.042337355888927e-14
                 6.09375       1.055378782065321   9.042337355888927e-14
                 6.09375       1.104466167277662   9.042337355888927e-14
                 6.09375       1.153553552490002   9.042337355888927e-14
                 6.09375       1.202640937702343   9.042337355888927e-14
                 6.09375       1.251728322914683   9.042337355888927e-14
                 6.09375       1.300815708127024   9.042337355888927e-14
                 6.09375       1.349903093339364   9.042337355888927e-14
                 6.09375       1.398990478551705   9.042337355888927e-14
                 6.09375       1.448077863764045   9.042337355888927e-14
                 6.09375       1.497165248976386   9.042337355888927e-14
                 6.09375       1.546252634188726   9.042337355888927e-14
                 6.09375       1.595340019401067   9.042337355888927e-14
                 6.09375       1.644427404613407   9.042337355888927e-14
                 6.09375       1.693514789825748   9.042337355888927e-14
                 6.09375       1.742602175038088   9.042337355888927e-14
                 6.09375       1.791689560250429   9.042337355888927e-14
                 6.09375       1.840776945462769   9.042337355888927e-14
                 6.09375        1.88986433067511   9.042337355888927e-14
                 6.09375       1.938951715887451   9.042337355888927e-14
                 6.09375       1.988039101099791   9.042337355888927e-14
                 6.09375       2.037126486312132   9.042337355888927e-14
                 6.09375       2.086213871524472   9.042337355888927e-14
                 6.09375       2.135301256736812   9.042337355888927e-14
                 6.09375       2.184388641949153   9.042337355888927e-14
                 6.09375       2.233476027161494   9.042337355888927e-14
                 6.09375       2.282563412373834   9.042337355888927e-14
                 6.09375       2.331650797586175   9.042337355888927e-14
                 6.09375       2.380738182798515   9.042337355888927e-14
                 6.09375       2.429825568010856   9.042337355888927e-14
                 6.09375       2.478912953223196   9.042337355888927e-14
                 6.09375       2.528000338435537   9.042337355888927e-14
                 6.09375       2.577087723647877   9.042337355888927e-14
                 6.09375       2.626175108860218   9.042337355888927e-14
                 6.09375       2.675262494072558   9.042337355888927e-14
                 6.09375       2.724349879284899   9.042337355888927e-14
                 6.09375       2.773437264497239   9.042337355888927e-14
                 6.09375        2.82252464970958   9.042337355888927e-14
                 6.09375        2.87161203492192   9.042337355888927e-14
                 6.09375       2.920699420134261   9.042337355888927e-14
                 6.09375       2.969786805346601   9.042337355888927e-14
                 6.09375       3.018874190558942   9.042337355888927e-14
                 6.09375       3.067961575771282   9.042337355888927e-14
                 6.09375       3.117048960983623   9.042337355888927e-14

                 6.15625     0.02454369260617026   1.434317333178262e-13
                 6.15625     0.07363107781851078   1.434317333178262e-13
                 6.15625      0.1227184630308513   1.434317333178262e-13
                 6.15625      0.1718058482431918   1.434317333178262e-13
                 6.15625      0.2208932334555323   1.434317333178262e-13
                 6.15625      0.2699806186678728   1.434317333178262e-13
                 6.15625      0.3190680038802134   1.434317333178262e-13
                 6.15625      0.3681553890925539   1.434317333178262e-13
                 6.15625      0.4172427743048944   1.434317333178262e-13
                 6.15625      0.4663301595172349   1.434317333178262e-13
                 6.15625      0.5154175447295755   1.434317333178262e-13
                 6.15625      0.5645049299419159   1.434317333178262e-13
                 6.15625      0.6135923151542565   1.434317333178262e-13
                 6.15625       0.662679700366597   1.434317333178262e-13
                 6.15625      0.7117670855789375   1.434317333178262e-13
                 6.15625       0.760854470791278   1.434317333178262e-13
                 6.15625      0.8099418560036186   1.434317333178262e-13
                 6.15625       0.859029241215959   1.434317333178262e-13
                 6.15625      0.9081166264282996   1.434317333178262e-13
                 6.15625      0.9572040116406401   1.434317333178262e-13
                 6.15625       1.006291396852981   1.434317333178262e-13
                 6.15625       1.055378782065321   1.434317333178262e-13
                 6.15625       1.104466167277662   1.434317333178262e-13
                 6.15625       1.153553552490002   1.434317333178262e-13
                 6.15625       1.202640937702343   1.434317333178262e-13
                 6.15625       1.251728322914683   1.434317333178262e-13
                 6.15625       1.300815708127024   1.434317333178262e-13
                 6.15625       1.349903093339364   1.434317333178262e-13
                 6.15625       1.398990478551705   1.434317333178262e-13
                 6.15625       1.448077863764045   1.434317333178262e-13
                 6.15625       1.497165248976386   1.434317333178262e-13
                 6.15625       1.546252634188726   1.434317333178262e-13
                 6.15625       1.595340019401067   1.434317333178262e-13
                 6.15625       1.644427404613407   1.434317333178262e-13
                 6.15625       1.693514789825748   1.434317333178262e-13
                 6.15625       1.742602175038088   1.434317333178262e-13
                 6.15625       1.791689560250429   1.434317333178262e-13
                 6.15625       1.840776945462769   1.434317333178262e-13
                 6.15625        1.88986433067511   1.434317333178262e-13
                 6.15625       1.938951715887451   1.434317333178262e-13
                 6.15625       1.988039101099791   1.434317333178262e-13
                 6.15625       2.037126486312132   1.434317333178262e-13
                 6.15625       2.086213871524472   1.434317333178262e-13
                 6.15625       2.135301256736812   1.434317333178262e-13
                 6.15625       2.184388641949153   1.434317333178262e-13
                 6.15625       2.233476027161494   1.434317333178262e-13
                 6.15625       2.282563412373834   1.434317333178262e-13
                 6.15625       2.331650797586175   1.434317333178262e-13
                 6.15625       2.380738182798515   1.434317333178262e-13
                 6.15625       2.429825568010856   1.434317333178262e-13
                 6.15625       2.478912953223196   1.434317333178262e-13
                 6.15625       2.528000338435537   1.434317333178262e-13
                 6.15625       2.577087723647877   1.434317333178262e-13
                 6.15625       2.626175108860218   1.434317333178262e-13
                 6.15625       2.675262494072558   1.434317333178262e-13
                 6.15625       2.724349879284899   1.434317333178262e-13
                 6.15625       2.773437264497239   1.434317333178262e-13
                 6.15625        2.82252464970958   1.434317333178262e-13
                 6.15625        2.87161203492192   1.434317333178262e-13
                 6.15625       2.920699420134261   1.434317333178262e-13
                 6.15625       2.969786805346601   1.434317333178262e-13
                 6.15625       3.018874190558942   1.434317333178262e-13
                 6.15625       3.067961575771282   1.434317333178262e-13
                 6.15625       3.117048960983623   1.434317333178262e-13

                 6.21875     0.02454369260617026   2.682080236191771e-14
                 6.21875     0.07363107781851078   2.682080236191771e-14
                 6.21875      0.1227184630308513   2.682080236191771e-14
                 6.21875      0.1718058482431918   2.682080236191771e-14
                 6.21875      0.2208932334555323   2.682080236191771e-14
                 6.21875      0.2699806186678728   2.682080236191771e-14
                 6.21875      0.3190680038802134   2.682080236191771e-14
                 6.21875      0.3681553890925539   2.682080236191771e-14
                 6.21875      0.4172427743048944   2.682080236191771e-14
                 6.21875      0.4663301595172349   2.682080236191771e-14
                 6.21875      0.5154175447295755   2.682080236191771e-14
                 6.21875      0.5645049299419159   2.682080236191771e-14
                 6.21875      0.6135923151542565   2.682080236191771e-14
                 6.21875       0.662679700366597   2.682080236191771e-14
                 6.21875      0.7117670855789375   2.682080236191771e-14
                 6.21875       0.760854470791278   2.682080236191771e-14
                 6.21875      0.8099418560036186   2.682080236191771e-14
                 6.21875       0.859029241215959   2.682080236191771e-14
                 6.21875      0.9081166264282996   2.682080236191771e-14
                 6.21875      0.9572040116406401   2.682080236191771e-14
                 6.21875       1.006291396852981   2.682080236191771e-14
                 6.21875       1.055378782065321   2.682080236191771e-14
                 6.21875       1.104466167277662   2.682080236191771e-14
                 6.21875       1.153553552490002   2.682080236191771e-14
                 6.21875       1.202640937702343   2.682080236191771e-14
                 6.21875       1.251728322914683   2.682080236191771e-14
                 6.21875       1.300815708127024   2.682080236191771e-14
                 6.21875       1.349903093339364   2.682080236191771e-14
                 6.21875       1.398990478551705   2.682080236191771e-14
                 6.21875       1.448077863764045   2.682080236191771e-14
                 6.21875       1.497165248976386   2.682080236191771e-14
                 6.21875       1.546252634188726   2.682080236191771e-14
                 6.21875       1.595340019401067   2.682080236191771e-14
                 6.21875       1.644427404613407   2.682080236191771e-14
                 6.21875       1.693514789825748   2.682080236191771e-14
                 6.21875       1.742602175038088   2.682080236191771e-14
                 6.21875       1.791689560250429   2.682080236191771e-14
                 6.21875       1.840776945462769   2.682080236191771e-14
                 6.21875        1.88986433067511   2.682080236191771e-14
                 6.21875       1.938951715887451   2.682080236191771e-14
                 6.21875       1.988039101099791   2.682080236191771e-14
                 6.21875       2.037126486312132   2.682080236191771e-14
                 6.21875       2.086213871524472   2.682080236191771e-14
                 6.21875       2.135301256736812   2.682080236191771e-14
                 6.21875       2.184388641949153   2.682080236191771e-14
                 6.21875       2.233476027161494   2.682080236191771e-14
                 6.21875       2.282563412373834   2.682080236191771e-14
                 6.21875       2.331650797586175   2.682080236191771e-14
                 6.21875       2.380738182798515   2.682080236191771e-14
                 6.21875       2.429825568010856   2.682080236191771e-14
                 6.21875       2.478912953223196   2.682080236191771e-14
                 6.21875       2.528000338435537   2.682080236191771e-14
                 6.21875       2.577087723647877   2.682080236191771e-14
                 6.21875       2.626175108860218   2.682080236191771e-14
                 6.21875       2.675262494072558   2.682080236191771e-14
                 6.21875       2.724349879284899   2.682080236191771e-14
                 6.21875       2.773437264497239   2.682080236191771e-14
                 6.21875        2.82252464970958   2.682080236191771e-14
                 6.21875        2.87161203492192   2.682080236191771e-14
                 6.21875       2.920699420134261   2.682080236191771e-14
                 6.21875       2.969786805346601   2.682080236191771e-14
                 6.21875       3.018874190558942   2.682080236191771e-14
                 6.21875       3.067961575771282   2.682080236191771e-14
                 6.21875       3.117048960983623   2.682080236191771e-14

                 6.28125     0.02454369260617026   6.612205320048629e-14
                 6.28125     0.07363107781851078   6.612205320048629e-14
                 6.28125      0.1227184630308513   6.612205320048629e-14
                 6.28125      0.1718058482431918   6.612205320048629e-14
                 6.28125      0.2208932334555323   6.612205320048629e-14
                 6.28125      0.2699806186678728   6.612205320048629e-14
                 6.28125      0.3190680038802134   6.612205320048629e-14
                 6.28125      0.3681553890925539   6.612205320048629e-14
                 6.28125      0.4172427743048944   6.612205320048629e-14
                 6.28125      0.4663301595172349   6.612205320048629e-14
                 6.28125      0.5154175447295755   6.612205320048629e-14
                 6.28125      0.5645049299419159   6.612205320048629e-14
                 6.28125      0.6135923151542565   6.612205320048629e-14
                 6.28125       0.662679700366597   6.612205320048629e-14
                 6.28125      0.7117670855789375   6.612205320048629e-14
                 6.28125       0.760854470791278   6.612205320048629e-14
                 6.28125      0.8099418560036186   6.612205320048629e-14
                 6.28125       0.859029241215959   6.612205320048629e-14
                 6.28125      0.9081166264282996   6.612205320048629e-14
                 6.28125      0.9572040116406401   6.612205320048629e-14
                 6.28125       1.006291396852981   6.612205320048629e-14
                 6.28125       1.055378782065321   6.612205320048629e-14
                 6.28125       1.104466167277662   6.612205320048629e-14
                 6.28125       1.153553552490002   6.612205320048629e-14
                 6.28125       1.202640937702343   6.612205320048629e-14
                 6.28125       1.251728322914683   6.612205320048629e-14
                 6.28125       1.300815708127024   6.612205320048629e-14
                 6.28125       1.349903093339364   6.612205320048629e-14
                 6.28125       1.398990478551705   6.612205320048629e-14
                 6.28125       1.448077863764045   6.612205320048629e-14
                 6.28125       1.497165248976386   6.612205320048629e-14
                 6.28125       1.546252634188726   6.612205320048629e-14
                 6.28125       1.595340019401067   6.612205320048629e-14
                 6.28125       1.644427404613407   6.612205320048629e-14
                 6.28125       1.693514789825748   6.612205320048629e-14
                 6.28125       1.742602175038088   6.612205320048629e-14
                 6.28125       1.791689560250429   6.612205320048629e-14
                 6.28125       1.840776945462769   6.612205320048629e-14
                 6.28125        1.88986433067511   6.612205320048629e-14
                 6.28125       1.938951715887451   6.612205320048629e-14
                 6.28125       1.988039101099791   6.612205320048629e-14
                 6.28125       2.037126486312132   6.612205320048629e-14
                 6.28125       2.086213871524472   6.612205320048629e-14
                 6.28125       2.135301256736812   6.612205320048629e-14
                 6.28125       2.184388641949153   6.612205320048629e-14
                 6.28125       2.233476027161494   6.612205320048629e-14
                 6.28125       2.282563412373834   6.612205320048629e-14
                 6.28125       2.331650797586175   6.612205320048629e-14
                 6.28125       2.380738182798515   6.612205320048629e-14
                 6.28125       2.429825568010856   6.612205320048629e-14
                 6.28125       2.478912953223196   6.612205320048629e-14
                 6.28125       2.528000338435537   6.612205320048629e-14
                 6.28125       2.577087723647877   6.612205320048629e-14
                 6.28125       2.626175108860218   6.612205320048629e-14
                 6.28125       2.675262494072558   6.612205320048629e-14
                 6.28125       2.724349879284899   6.612205320048629e-14
                 6.28125       2.773437264497239   6.612205320048629e-14
                 6.28125        2.82252464970958   6.612205320048629e-14
                 6.28125        2.87161203492192   6.612205320048629e-14
                 6.28125       2.920699420134261   6.612205320048629e-14
                 6.28125       2.969786805346601   6.612205320048629e-14
                 6.28125       3.018874190558942   6.612205320048629e-14
                 6.28125       3.067961575771282   6.612205320048629e-14
                 6.28125       3.117048960983623   6.612205320048629e-14

                 6.34375     0.02454369260617026   3.251973366945886e-14
                 6.34375     0.07363107781851078   3.251973366945886e-14
                 6.34375      0.1227184630308513   3.251973366945886e-14
                 6.34375      0.1718058482431918   3.251973366945886e-14
                 6.34375      0.2208932334555323   3.251973366945886e-14
                 6.34375      0.2699806186678728   3.251973366945886e-14
                 6.34375      0.3190680038802134   3.251973366945886e-14
                 6.34375      0.3681553890925539   3.251973366945886e-14
                 6.34375      0.4172427743048944   3.251973366945886e-14
                 6.34375      0.4663301595172349   3.251973366945886e-14
                 6.34375      0.5154175447295755   3.251973366945886e-14
                 6.34375      0.5645049299419159   3.251973366945886e-14
                 6.34375      0.6135923151542565   3.251973366945886e-14
                 6.34375       0.662679700366597   3.251973366945886e-14
                 6.34375      0.7117670855789375   3.251973366945886e-14
                 6.34375       0.760854470791278   3.251973366945886e-14
                 6.34375      0.8099418560036186   3.251973366945886e-14
                 6.34375       0.859029241215959   3.251973366945886e-14
                 6.34375      0.9081166264282996   3.251973366945886e-14
                 6.34375      0.9572040116406401   3.251973366945886e-14
                 6.34375       1.006291396852981   3.251973366945886e-14
                 6.34375       1.055378782065321   3.251973366945886e-14
                 6.34375       1.104466167277662   3.251973366945886e-14
                 6.34375       1.153553552490002   3.251973366945886e-14
                 6.34375       1.202640937702343   3.251973366945886e-14
                 6.34375       1.251728322914683   3.251973366945886e-14
                 6.34375       1.300815708127024   3.251973366945886e-14
                 6.34375       1.349903093339364   3.251973366945886e-14
                 6.34375       1.398990478551705   3.251973366945886e-14
                 6.34375       1.448077863764045   3.251973366945886e-14
                 6.34375       1.497165248976386   3.251973366945886e-14
                 6.34375       1.546252634188726   3.251973366945886e-14
                 6.34375       1.595340019401067   3.251973366945886e-14
                 6.34375       1.644427404613407   3.251973366945886e-14
                 6.34375       1.693514789825748   3.251973366945886e-14
                 6.34375       1.742602175038088   3.251973366945886e-14
                 6.34375       1.791689560250429   3.251973366945886e-14
                 6.34375       1.840776945462769   3.251973366945886e-14
                 6.34375        1.88986433067511   3.251973366945886e-14
                 6.34375       1.938951715887451   3.251973366945886e-14
                 6.34375       1.988039101099791   3.251973366945886e-14
                 6.34375       2.037126486312132   3.251973366945886e-14
                 6.34375       2.086213871524472   3.251973366945886e-14
                 6.34375       2.135301256736812   3.251973366945886e-14
                 6.34375       2.184388641949153   3.251973366945886e-14
                 6.34375       2.233476027161494   3.251973366945886e-14
                 6.34375       2.282563412373834   3.251973366945886e-14
                 6.34375       2.331650797586175   3.251973366945886e-14
                 6.34375       2.380738182798515   3.251973366945886e-14
                 6.34375       2.429825568010856   3.251973366945886e-14
                 6.34375       2.478912953223196   3.251973366945886e-14
                 6.34375       2.528000338435537   3.251973366945886e-14
                 6.34375       2.577087723647877   3.251973366945886e-14
                 6.34375       2.626175108860218   3.251973366945886e-14
                 6.34375       2.675262494072558   3.251973366945886e-14
                 6.34375       2.724349879284899   3.251973366945886e-14
                 6.34375       2.773437264497239   3.251973366945886e-14
                 6.34375        2.82252464970958   3.251973366945886e-14
                 6.34375        2.87161203492192   3.251973366945886e-14
                 6.34375       2.920699420134261   3.251973366945886e-14
                 6.34375       2.969786805346601   3.251973366945886e-14
                 6.34375       3.018874190558942   3.251973366945886e-14
                 6.34375       3.067961575771282   3.251973366945886e-14
                 6.34375       3.117048960983623   3.251973366945886e-14

                 6.40625     0.02454369260617026   4.838974834258069e-14
                 6.40625     0.07363107781851078   4.838974834258069e-14
                 6.40625      0.1227184630308513   4.838974834258069e-14
                 6.40625      0.1718058482431918   4.838974834258069e-14
                 6.40625      0.2208932334555323   4.838974834258069e-14
                 6.40625      0.2699806186678728   4.838974834258069e-14
                 6.40625      0.3190680038802134   4.838974834258069e-14
                 6.40625      0.3681553890925539   4.838974834258069e-14
                 6.40625      0.4172427743048944   4.838974834258069e-14
                 6.40625      0.4663301595172349   4.838974834258069e-14
                 6.40625      0.5154175447295755   4.838974834258069e-14
                 6.40625      0.5645049299419159   4.838974834258069e-14
                 6.40625      0.6135923151542565   4.838974834258069e-14
                 6.40625       0.662679700366597   4.838974834258069e-14
                 6.40625      0.7117670855789375   4.838974834258069e-14
                 6.40625       0.760854470791278   4.838974834258069e-14
                 6.40625      0.8099418560036186   4.838974834258069e-14
                 6.40625       0.859029241215959   4.838974834258069e-14
                 6.40625      0.9081166264282996   4.838974834258069e-14
                 6.40625      0.9572040116406401   4.838974834258069e-14
                 6.40625       1.006291396852981   4.838974834258069e-14
                 6.40625       1.055378782065321   4.838974834258069e-14
                 6.40625       1.104466167277662   4.838974834258069e-14
                 6.40625       1.153553552490002   4.838974834258069e-14
                 6.40625       1.202640937702343   4.838974834258069e-14
                 6.40625       1.251728322914683   4.838974834258069e-14
                 6.40625       1.300815708127024   4.838974834258069e-14
                 6.40625       1.349903093339364   4.838974834258069e-14
                 6.40625       1.398990478551705   4.838974834258069e-14
                 6.40625       1.448077863764045   4.838974834258069e-14
                 6.40625       1.497165248976386   4.838974834258069e-14
                 6.40625       1.546252634188726   4.838974834258069e-14
                 6.40625       1.595340019401067   4.838974834258069e-14
                 6.40625       1.644427404613407   4.838974834258069e-14
                 6.40625       1.693514789825748   4.838974834258069e-14
                 6.40625       1.742602175038088   4.838974834258069e-14
                 6.40625       1.791689560250429   4.838974834258069e-14
                 6.40625       1.840776945462769   4.838974834258069e-14
                 6.40625        1.88986433067511   4.838974834258069e-14
                 6.40625       1.938951715887451   4.838974834258069e-14
                 6.40625       1.988039101099791   4.838974834258069e-14
                 6.40625       2.037126486312132   4.838974834258069e-14
                 6.40625       2.086213871524472   4.838974834258069e-14
                 6.40625       2.135301256736812   4.838974834258069e-14
                 6.40625       2.184388641949153   4.838974834258069e-14
                 6.40625       2.233476027161494   4.838974834258069e-14
                 6.40625       2.282563412373834   4.838974834258069e-14
                 6.40625       2.331650797586175   4.838974834258069e-14
                 6.40625       2.380738182798515   4.838974834258069e-14
                 6.40625       2.429825568010856   4.838974834258069e-14
                 6.40625       2.478912953223196   4.838974834258069e-14
                 6.40625       2.528000338435537   4.838974834258069e-14
                 6.40625       2.577087723647877   4.838974834258069e-14
                 6.40625       2.626175108860218   4.838974834258069e-14
                 6.40625       2.675262494072558   4.838974834258069e-14
                 6.40625       2.724349879284899   4.838974834258069e-14
                 6.40625       2.773437264497239   4.838974834258069e-14
                 6.40625        2.82252464970958   4.838974834258069e-14
                 6.40625        2.87161203492192   4.838974834258069e-14
                 6.40625       2.920699420134261   4.838974834258069e-14
                 6.40625       2.969786805346601   4.838974834258069e-14
                 6.40625       3.018874190558942   4.838974834258069e-14
                 6.40625       3.067961575771282   4.838974834258069e-14
                 6.40625       3.117048960983623   4.838974834258069e-14

                 6.46875     0.02454369260617026  -1.156143095401456e-13
                 6.46875     0.07363107781851078  -1.156143095401456e-13
                 6.46875      0.1227184630308513  -1.156143095401456e-13
                 6.46875      0.1718058482431918  -1.156143095401456e-13
                 6.46875      0.2208932334555323  -1.156143095401456e-13
                 6.46875      0.2699806186678728  -1.156143095401456e-13
                 6.46875      0.3190680038802134  -1.156143095401456e-13
                 6.46875      0.3681553890925539  -1.156143095401456e-13
                 6.46875      0.4172427743048944  -1.156143095401456e-13
                 6.46875      0.4663301595172349  -1.156143095401456e-13
                 6.46875      0.5154175447295755  -1.156143095401456e-13
                 6.46875      0.5645049299419159  -1.156143095401456e-13
                 6.46875      0.6135923151542565  -1.156143095401456e-13
                 6.46875       0.662679700366597  -1.156143095401456e-13
                 6.46875      0.7117670855789375  -1.156143095401456e-13
                 6.46875       0.760854470791278  -1.156143095401456e-13
                 6.46875      0.8099418560036186  -1.156143095401456e-13
                 6.46875       0.859029241215959  -1.156143095401456e-13
                 6.46875      0.9081166264282996  -1.156143095401456e-13
                 6.46875      0.9572040116406401  -1.156143095401456e-13
                 6.46875       1.006291396852981  -1.156143095401456e-13
                 6.46875       1.055378782065321  -1.156143095401456e-13
                 6.46875       1.104466167277662  -1.156143095401456e-13
                 6.46875       1.153553552490002  -1.156143095401456e-13
                 6.46875       1.202640937702343  -1.156143095401456e-13
                 6.46875       1.251728322914683  -1.156143095401456e-13
                 6.46875       1.300815708127024  -1.156143095401456e-13
                 6.46875       1.349903093339364  -1.156143095401456e-13
                 6.46875       1.398990478551705  -1.156143095401456e-13
                 6.46875       1.448077863764045  -1.156143095401456e-13
                 6.46875       1.497165248976386  -1.156143095401456e-13
                 6.46875       1.546252634188726  -1.156143095401456e-13
                 6.46875       1.595340019401067  -1.156143095401456e-13
                 6.46875       1.644427404613407  -1.156143095401456e-13
                 6.46875       1.693514789825748  -1.156143095401456e-13
                 6.46875       1.742602175038088  -1.156143095401456e-13
                 6.46875       1.791689560250429  -1.156143095401456e-13
                 6.46875       1.840776945462769  -1.156143095401456e-13
                 6.46875        1.88986433067511  -1.156143095401456e-13
                 6.46875       1.938951715887451  -1.156143095401456e-13
                 6.46875       1.988039101099791  -1.156143095401456e-13
                 6.46875       2.037126486312132  -1.156143095401456e-13
                 6.46875       2.086213871524472  -1.156143095401456e-13
                 6.46875       2.135301256736812  -1.156143095401456e-13
                 6.46875       2.184388641949153  -1.156143095401456e-13
                 6.46875       2.233476027161494  -1.156143095401456e-13
                 6.46875       2.282563412373834  -1.156143095401456e-13
                 6.46875       2.331650797586175  -1.156143095401456e-13
                 6.46875       2.380738182798515  -1.156143095401456e-13
                 6.46875       2.429825568010856  -1.156143095401456e-13
                 6.46875       2.478912953223196  -1.156143095401456e-13
                 6.46875       2.528000338435537  -1.156143095401456e-13
                 6.46875       2.577087723647877  -1.156143095401456e-13
                 6.46875       2.626175108860218  -1.156143095401456e-13
                 6.46875       2.675262494072558  -1.156143095401456e-13
                 6.46875       2.724349879284899  -1.156143095401456e-13
                 6.46875       2.773437264497239  -1.156143095401456e-13
                 6.46875        2.82252464970958  -1.156143095401456e-13
                 6.46875        2.87161203492192  -1.156143095401456e-13
                 6.46875       2.920699420134261  -1.156143095401456e-13
                 6.46875       2.969786805346601  -1.156143095401456e-13
                 6.46875       3.018874190558942  -1.156143095401456e-13
                 6.46875       3.067961575771282  -1.156143095401456e-13
                 6.46875       3.117048960983623  -1.156143095401456e-13

                 6.53125     0.02454369260617026  -1.037369437868785e-13
                 6.53125     0.07363107781851078  -1.037369437868785e-13
                 6.53125      0.1227184630308513  -1.037369437868785e-13
                 6.53125      0.1718058482431918  -1.037369437868785e-13
                 6.53125      0.2208932334555323  -1.037369437868785e-13
                 6.53125      0.2699806186678728  -1.037369437868785e-13
                 6.53125      0.3190680038802134  -1.037369437868785e-13
                 6.53125      0.3681553890925539  -1.037369437868785e-13
                 6.53125      0.4172427743048944  -1.037369437868785e-13
                 6.53125      0.4663301595172349  -1.037369437868785e-13
                 6.53125      0.5154175447295755  -1.037369437868785e-13
                 6.53125      0.5645049299419159  -1.037369437868785e-13
                 6.53125      0.6135923151542565  -1.037369437868785e-13
                 6.53125       0.662679700366597  -1.037369437868785e-13
                 6.53125      0.7117670855789375  -1.037369437868785e-13
                 6.53125       0.760854470791278  -1.037369437868785e-13
                 6.53125      0.8099418560036186  -1.037369437868785e-13
                 6.53125       0.859029241215959  -1.037369437868785e-13
                 6.53125      0.9081166264282996  -1.037369437868785e-13
                 6.53125      0.9572040116406401  -1.037369437868785e-13
                 6.53125       1.006291396852981  -1.037369437868785e-13
                 6.53125       1.055378782065321  -1.037369437868785e-13
                 6.53125       1.104466167277662  -1.037369437868785e-13
                 6.53125       1.153553552490002  -1.037369437868785e-13
                 6.53125       1.202640937702343  -1.037369437868785e-13
                 6.53125       1.251728322914683  -1.037369437868785e-13
                 6.53125       1.300815708127024  -1.037369437868785e-13
                 6.53125       1.349903093339364  -1.037369437868785e-13
                 6.53125       1.398990478551705  -1.037369437868785e-13
                 6.53125       1.448077863764045  -1.037369437868785e-13
                 6.53125       1.497165248976386  -1.037369437868785e-13
                 6.53125       1.546252634188726  -1.037369437868785e-13
                 6.53125       1.595340019401067  -1.037369437868785e-13
                 6.53125       1.644427404613407  -1.037369437868785e-13
                 6.53125       1.693514789825748  -1.037369437868785e-13
                 6.53125       1.742602175038088  -1.037369437868785e-13
                 6.53125       1.791689560250429  -1.037369437868785e-13
                 6.53125       1.840776945462769  -1.037369437868785e-13
                 6.53125        1.88986433067511  -1.037369437868785e-13
                 6.53125       1.938951715887451  -1.037369437868785e-13
                 6.53125       1.988039101099791  -1.037369437868785e-13
                 6.53125       2.037126486312132  -1.037369437868785e-13
                 6.53125       2.086213871524472  -1.037369437868785e-13
                 6.53125       2.135301256736812  -1.037369437868785e-13
                 6.53125       2.184388641949153  -1.037369437868785e-13
                 6.53125       2.233476027161494  -1.037369437868785e-13
                 6.53125       2.282563412373834  -1.037369437868785e-13
                 6.53125       2.331650797586175  -1.037369437868785e-13
                 6.53125       2.380738182798515  -1.037369437868785e-13
                 6.53125       2.429825568010856  -1.037369437868785e-13
                 6.53125       2.478912953223196  -1.037369437868785e-13
                 6.53125       2.528000338435537  -1.037369437868785e-13
                 6.53125       2.577087723647877  -1.037369437868785e-13
                 6.53125       2.626175108860218  -1.037369437868785e-13
                 6.53125       2.675262494072558  -1.037369437868785e-13
                 6.53125       2.724349879284899  -1.037369437868785e-13
                 6.53125       2.773437264497239  -1.037369437868785e-13
                 6.53125        2.82252464970958  -1.037369437868785e-13
                 6.53125        2.87161203492192  -1.037369437868785e-13
                 6.53125       2.920699420134261  -1.037369437868785e-13
                 6.53125       2.969786805346601  -1.037369437868785e-13
                 6.53125       3.018874190558942  -1.037369437868785e-13
                 6.53125       3.067961575771282  -1.037369437868785e-13
                 6.53125       3.117048960983623  -1.037369437868785e-13

                 6.59375     0.02454369260617026  -5.339467011183263e-14
                 6.59375     0.07363107781851078  -5.339467011183263e-14
                 6.59375      0.1227184630308513  -5.339467011183263e-14
                 6.59375      0.1718058482431918  -5.339467011183263e-14
                 6.59375      0.2208932334555323  -5.339467011183263e-14
                 6.59375      0.2699806186678728  -5.339467011183263e-14
                 6.59375      0.3190680038802134  -5.339467011183263e-14
                 6.59375      0.3681553890925539  -5.339467011183263e-14
                 6.59375      0.4172427743048944  -5.339467011183263e-14
                 6.59375      0.4663301595172349  -5.339467011183263e-14
                 6.59375      0.5154175447295755  -5.339467011183263e-14
                 6.59375      0.5645049299419159  -5.339467011183263e-14
                 6.59375      0.6135923151542565  -5.339467011183263e-14
                 6.59375       0.662679700366597  -5.339467011183263e-14
                 6.59375      0.7117670855789375  -5.339467011183263e-14
                 6.59375       0.760854470791278  -5.339467011183263e-14
                 6.59375      0.8099418560036186  -5.339467011183263e-14
                 6.59375       0.859029241215959  -5.339467011183263e-14
                 6.59375      0.9081166264282996  -5.339467011183263e-14
                 6.59375      0.9572040116406401  -5.339467011183263e-14
                 6.59375       1.006291396852981  -5.339467011183263e-14
                 6.59375       1.055378782065321  -5.339467011183263e-14
                 6.59375       1.104466167277662  -5.339467011183263e-14
                 6.59375       1.153553552490002  -5.339467011183263e-14
                 6.59375       1.202640937702343  -5.339467011183263e-14
                 6.59375       1.251728322914683  -5.339467011183263e-14
                 6.59375       1.300815708127024  -5.339467011183263e-14
                 6.59375       1.349903093339364  -5.339467011183263e-14
                 6.59375       1.398990478551705  -5.339467011183263e-14
                 6.59375       1.448077863764045  -5.339467011183263e-14
                 6.59375       1.497165248976386  -5.339467011183263e-14
                 6.59375       1.546252634188726  -5.339467011183263e-14
                 6.59375       1.595340019401067  -5.339467011183263e-14
                 6.59375       1.644427404613407  -5.339467011183263e-14
                 6.59375       1.693514789825748  -5.339467011183263e-14
                 6.59375       1.742602175038088  -5.339467011183263e-14
                 6.59375       1.791689560250429  -5.339467011183263e-14
                 6.59375       1.840776945462769  -5.339467011183263e-14
                 6.59375        1.88986433067511  -5.339467011183263e-14
                 6.59375       1.938951715887451  -5.339467011183263e-14
                 6.59375       1.988039101099791  -5.339467011183263e-14
                 6.59375       2.037126486312132  -5.339467011183263e-14
                 6.59375       2.086213871524472  -5.339467011183263e-14
                 6.59375       2.135301256736812  -5.339467011183263e-14
                 6.59375       2.184388641949153  -5.339467011183263e-14
                 6.59375       2.233476027161494  -5.339467011183263e-14
                 6.59375       2.282563412373834  -5.339467011183263e-14
                 6.59375       2.331650797586175  -5.339467011183263e-14
                 6.59375       2.380738182798515  -5.339467011183263e-14
                 6.59375       2.429825568010856  -5.339467011183263e-14
                 6.59375       2.478912953223196  -5.339467011183263e-14
                 6.59375       2.528000338435537  -5.339467011183263e-14
                 6.59375       2.577087723647877  -5.339467011183263e-14
                 6.59375       2.626175108860218  -5.339467011183263e-14
                 6.59375       2.675262494072558  -5.339467011183263e-14
                 6.59375       2.724349879284899  -5.339467011183263e-14
                 6.59375       2.773437264497239  -5.339467011183263e-14
                 6.59375        2.82252464970958  -5.339467011183263e-14
                 6.59375        2.87161203492192  -5.339467011183263e-14
                 6.59375       2.920699420134261  -5.339467011183263e-14
                 6.59375       2.969786805346601  -5.339467011183263e-14
                 6.59375       3.018874190558942  -5.339467011183263e-14
                 6.59375       3.067961575771282  -5.339467011183263e-14
                 6.59375       3.117048960983623  -5.339467011183263e-14

                 6.65625     0.02454369260617026   3.392559600809414e-14
                 6.65625     0.07363107781851078   3.392559600809414e-14
                 6.65625      0.1227184630308513   3.392559600809414e-14
                 6.65625      0.1718058482431918   3.392559600809414e-14
                 6.65625      0.2208932334555323   3.392559600809414e-14
                 6.65625      0.2699806186678728   3.392559600809414e-14
                 6.65625      0.3190680038802134   3.392559600809414e-14
                 6.65625      0.3681553890925539   3.392559600809414e-14
                 6.65625      0.4172427743048944   3.392559600809414e-14
                 6.65625      0.4663301595172349   3.392559600809414e-14
                 6.65625      0.5154175447295755   3.392559600809414e-14
                 6.65625      0.5645049299419159   3.392559600809414e-14
                 6.65625      0.6135923151542565   3.392559600809414e-14
                 6.65625       0.662679700366597   3.392559600809414e-14
                 6.65625      0.7117670855789375   3.392559600809414e-14
                 6.65625       0.760854470791278   3.392559600809414e-14
                 6.65625      0.8099418560036186   3.392559600809414e-14
                 6.65625       0.859029241215959   3.392559600809414e-14
                 6.65625      0.9081166264282996   3.392559600809414e-14
                 6.65625      0.9572040116406401   3.392559600809414e-14
                 6.65625       1.006291396852981   3.392559600809414e-14
                 6.65625       1.055378782065321   3.392559600809414e-14
                 6.65625       1.104466167277662   3.392559600809414e-14
                 6.65625       1.153553552490002   3.392559600809414e-14
                 6.65625       1.202640937702343   3.392559600809414e-14
                 6.65625       1.251728322914683   3.392559600809414e-14
                 6.65625       1.300815708127024   3.392559600809414e-14
                 6.65625       1.349903093339364   3.392559600809414e-14
                 6.65625       1.398990478551705   3.392559600809414e-14
                 6.65625       1.448077863764045   3.392559600809414e-14
                 6.65625       1.497165248976386   3.392559600809414e-14
                 6.65625       1.546252634188726   3.392559600809414e-14
                 6.65625       1.595340019401067   3.392559600809414e-14
                 6.65625       1.644427404613407   3.392559600809414e-14
                 6.65625       1.693514789825748   3.392559600809414e-14
                 6.65625       1.742602175038088   3.392559600809414e-14
                 6.65625       1.791689560250429   3.392559600809414e-14
                 6.65625       1.840776945462769   3.392559600809414e-14
                 6.65625        1.88986433067511   3.392559600809414e-14
                 6.65625       1.938951715887451   3.392559600809414e-14
                 6.65625       1.988039101099791   3.392559600809414e-14
                 6.65625       2.037126486312132   3.392559600809414e-14
                 6.65625       2.086213871524472   3.392559600809414e-14
                 6.65625       2.135301256736812   3.392559600809414e-14
                 6.65625       2.184388641949153   3.392559600809414e-14
                 6.65625       2.233476027161494   3.392559600809414e-14
                 6.65625       2.282563412373834   3.392559600809414e-14
                 6.65625       2.331650797586175   3.392559600809414e-14
                 6.65625       2.380738182798515   3.392559600809414e-14
                 6.65625       2.429825568010856   3.392559600809414e-14
                 6.65625       2.478912953223196   3.392559600809414e-14
                 6.65625       2.528000338435537   3.392559600809414e-14
                 6.65625       2.577087723647877   3.392559600809414e-14
                 6.65625       2.626175108860218   3.392559600809414e-14
                 6.65625       2.675262494072558   3.392559600809414e-14
                 6.65625       2.724349879284899   3.392559600809414e-14
                 6.65625       2.773437264497239   3.392559600809414e-14
                 6.65625        2.82252464970958   3.392559600809414e-14
                 6.65625        2.87161203492192   3.392559600809414e-14
                 6.65625       2.920699420134261   3.392559600809414e-14
                 6.65625       2.969786805346601   3.392559600809414e-14
                 6.65625       3.018874190558942   3.392559600809414e-14
                 6.65625       3.067961575771282   3.392559600809414e-14
                 6.65625       3.117048960983623   3.392559600809414e-14

                 6.71875     0.02454369260617026  -2.813507927793488e-14
                 6.71875     0.07363107781851078  -2.813507927793488e-14
                 6.71875      0.1227184630308513  -2.813507927793488e-14
                 6.71875      0.1718058482431918  -2.813507927793488e-14
                 6.71875      0.2208932334555323  -2.813507927793488e-14
                 6.71875      0.2699806186678728  -2.813507927793488e-14
                 6.71875      0.3190680038802134  -2.813507927793488e-14
                 6.71875      0.3681553890925539  -2.813507927793488e-14
                 6.71875      0.4172427743048944  -2.813507927793488e-14
                 6.71875      0.4663301595172349  -2.813507927793488e-14
                 6.71875      0.5154175447295755  -2.813507927793488e-14
                 6.71875      0.5645049299419159  -2.813507927793488e-14
                 6.71875      0.6135923151542565  -2.813507927793488e-14
                 6.71875       0.662679700366597  -2.813507927793488e-14
                 6.71875      0.7117670855789375  -2.813507927793488e-14
                 6.71875       0.760854470791278  -2.813507927793488e-14
                 6.71875      0.8099418560036186  -2.813507927793488e-14
                 6.71875       0.859029241215959  -2.813507927793488e-14
                 6.71875      0.9081166264282996  -2.813507927793488e-14
                 6.71875      0.9572040116406401  -2.813507927793488e-14
                 6.71875       1.006291396852981  -2.813507927793488e-14
                 6.71875       1.055378782065321  -2.813507927793488e-14
                 6.71875       1.104466167277662  -2.813507927793488e-14
                 6.71875       1.153553552490002  -2.813507927793488e-14
                 6.71875       1.202640937702343  -2.813507927793488e-14
                 6.71875       1.251728322914683  -2.813507927793488e-14
                 6.71875       1.300815708127024  -2.813507927793488e-14
                 6.71875       1.349903093339364  -2.813507927793488e-14
                 6.71875       1.398990478551705  -2.813507927793488e-14
                 6.71875       1.448077863764045  -2.813507927793488e-14
                 6.71875       1.497165248976386  -2.813507927793488e-14
                 6.71875       1.546252634188726  -2.813507927793488e-14
                 6.71875       1.595340019401067  -2.813507927793488e-14
                 6.71875       1.644427404613407  -2.813507927793488e-14
                 6.71875       1.693514789825748  -2.813507927793488e-14
                 6.71875       1.742602175038088  -2.813507927793488e-14
                 6.71875       1.791689560250429  -2.813507927793488e-14
                 6.71875       1.840776945462769  -2.813507927793488e-14
                 6.71875        1.88986433067511  -2.813507927793488e-14
                 6.71875       1.938951715887451  -2.813507927793488e-14
                 6.71875       1.988039101099791  -2.813507927793488e-14
                 6.71875       2.037126486312132  -2.813507927793488e-14
                 6.71875       2.086213871524472  -2.813507927793488e-14
                 6.71875       2.135301256736812  -2.813507927793488e-14
                 6.71875       2.184388641949153  -2.813507927793488e-14
                 6.71875       2.233476027161494  -2.813507927793488e-14
                 6.71875       2.282563412373834  -2.813507927793488e-14
                 6.71875       2.331650797586175  -2.813507927793488e-14
                 6.71875       2.380738182798515  -2.813507927793488e-14
                 6.71875       2.429825568010856  -2.813507927793488e-14
                 6.71875       2.478912953223196  -2.813507927793488e-14
                 6.71875       2.528000338435537  -2.813507927793488e-14
                 6.71875       2.577087723647877  -2.813507927793488e-14
                 6.71875       2.626175108860218  -2.813507927793488e-14
                 6.71875       2.675262494072558  -2.813507927793488e-14
                 6.71875       2.724349879284899  -2.813507927793488e-14
                 6.71875       2.773437264497239  -2.813507927793488e-14
                 6.71875        2.82252464970958  -2.813507927793488e-14
                 6.71875        2.87161203492192  -2.813507927793488e-14
                 6.71875       2.920699420134261  -2.813507927793488e-14
                 6.71875       2.969786805346601  -2.813507927793488e-14
                 6.71875       3.018874190558942  -2.813507927793488e-14
                 6.71875       3.067961575771282  -2.813507927793488e-14
                 6.71875       3.117048960983623  -2.813507927793488e-14

                 6.78125     0.02454369260617026  -6.434354021224902e-14
                 6.78125     0.07363107781851078  -6.434354021224902e-14
                 6.78125      0.1227184630308513  -6.434354021224902e-14
                 6.78125      0.1718058482431918  -6.434354021224902e-14
                 6.78125      0.2208932334555323  -6.434354021224902e-14
                 6.78125      0.2699806186678728  -6.434354021224902e-14
                 6.78125      0.3190680038802134  -6.434354021224902e-14
                 6.78125      0.3681553890925539  -6.434354021224902e-14
                 6.78125      0.4172427743048944  -6.434354021224902e-14
                 6.78125      0.4663301595172349  -6.434354021224902e-14
                 6.78125      0.5154175447295755  -6.434354021224902e-14
                 6.78125      0.5645049299419159  -6.434354021224902e-14
                 6.78125      0.6135923151542565  -6.434354021224902e-14
                 6.78125       0.662679700366597  -6.434354021224902e-14
                 6.78125      0.7117670855789375  -6.434354021224902e-14
                 6.78125       0.760854470791278  -6.434354021224902e-14
                 6.78125      0.8099418560036186  -6.434354021224902e-14
                 6.78125       0.859029241215959  -6.434354021224902e-14
                 6.78125      0.9081166264282996  -6.434354021224902e-14
                 6.78125      0.9572040116406401  -6.434354021224902e-14
                 6.78125       1.006291396852981  -6.434354021224902e-14
                 6.78125       1.055378782065321  -6.434354021224902e-14
                 6.78125       1.104466167277662  -6.434354021224902e-14
                 6.78125       1.153553552490002  -6.434354021224902e-14
                 6.78125       1.202640937702343  -6.434354021224902e-14
                 6.78125       1.251728322914683  -6.434354021224902e-14
                 6.78125       1.300815708127024  -6.434354021224902e-14
                 6.78125       1.349903093339364  -6.434354021224902e-14
                 6.78125       1.398990478551705  -6.434354021224902e-14
                 6.78125       1.448077863764045  -6.434354021224902e-14
                 6.78125       1.497165248976386  -6.434354021224902e-14
                 6.78125       1.546252634188726  -6.434354021224902e-14
                 6.78125       1.595340019401067  -6.434354021224902e-14
                 6.78125       1.644427404613407  -6.434354021224902e-14
                 6.78125       1.693514789825748  -6.434354021224902e-14
                 6.78125       1.742602175038088  -6.434354021224902e-14
                 6.78125       1.791689560250429  -6.434354021224902e-14
                 6.78125       1.840776945462769  -6.434354021224902e-14
                 6.78125        1.88986433067511  -6.434354021224902e-14
                 6.78125       1.938951715887451  -6.434354021224902e-14
                 6.78125       1.988039101099791  -6.434354021224902e-14
                 6.78125       2.037126486312132  -6.434354021224902e-14
                 6.78125       2.086213871524472  -6.434354021224902e-14
                 6.78125       2.135301256736812  -6.434354021224902e-14
                 6.78125       2.184388641949153  -6.434354021224902e-14
                 6.78125       2.233476027161494  -6.434354021224902e-14
                 6.78125       2.282563412373834  -6.434354021224902e-14
                 6.78125       2.331650797586175  -6.434354021224902e-14
                 6.78125       2.380738182798515  -6.434354021224902e-14
                 6.78125       2.429825568010856  -6.434354021224902e-14
                 6.78125       2.478912953223196  -6.434354021224902e-14
                 6.78125       2.528000338435537  -6.434354021224902e-14
                 6.78125       2.577087723647877  -6.434354021224902e-14
                 6.78125       2.626175108860218  -6.434354021224902e-14
                 6.78125       2.675262494072558  -6.434354021224902e-14
                 6.78125       2.724349879284899  -6.434354021224902e-14
                 6.78125       2.773437264497239  -6.434354021224902e-14
                 6.78125        2.82252464970958  -6.434354021224902e-14
                 6.78125        2.87161203492192  -6.434354021224902e-14
                 6.78125       2.920699420134261  -6.434354021224902e-14
                 6.78125       2.969786805346601  -6.434354021224902e-14
                 6.78125       3.018874190558942  -6.434354021224902e-14
                 6.78125       3.067961575771282  -6.434354021224902e-14
                 6.78125       3.117048960983623  -6.434354021224902e-14

                 6.84375     0.02454369260617026   1.599211212016834e-14
                 6.84375     0.07363107781851078   1.599211212016834e-14
                 6.84375      0.1227184630308513   1.599211212016834e-14
                 6.84375      0.1718058482431918   1.599211212016834e-14
                 6.84375      0.2208932334555323   1.599211212016834e-14
                 6.84375      0.2699806186678728   1.599211212016834e-14
                 6.84375      0.3190680038802134   1.599211212016834e-14
                 6.84375      0.3681553890925539   1.599211212016834e-14
                 6.84375      0.4172427743048944   1.599211212016834e-14
                 6.84375      0.4663301595172349   1.599211212016834e-14
                 6.84375      0.5154175447295755   1.599211212016834e-14
                 6.84375      0.5645049299419159   1.599211212016834e-14
                 6.84375      0.6135923151542565   1.599211212016834e-14
                 6.84375       0.662679700366597   1.599211212016834e-14
                 6.84375      0.7117670855789375   1.599211212016834e-14
                 6.84375       0.760854470791278   1.599211212016834e-14
                 6.84375      0.8099418560036186   1.599211212016834e-14
                 6.84375       0.859029241215959   1.599211212016834e-14
                 6.84375      0.9081166264282996   1.599211212016834e-14
                 6.84375      0.9572040116406401   1.599211212016834e-14
                 6.84375       1.006291396852981   1.599211212016834e-14
                 6.84375       1.055378782065321   1.599211212016834e-14
                 6.84375       1.104466167277662   1.599211212016834e-14
                 6.84375       1.153553552490002   1.599211212016834e-14
                 6.84375       1.202640937702343   1.599211212016834e-14
                 6.84375       1.251728322914683   1.599211212016834e-14
                 6.84375       1.300815708127024   1.599211212016834e-14
                 6.84375       1.349903093339364   1.599211212016834e-14
                 6.84375       1.398990478551705   1.599211212016834e-14
                 6.84375       1.448077863764045   1.599211212016834e-14
                 6.84375       1.497165248976386   1.599211212016834e-14
                 6.84375       1.546252634188726   1.599211212016834e-14
                 6.84375       1.595340019401067   1.599211212016834e-14
                 6.84375       1.644427404613407   1.599211212016834e-14
                 6.84375       1.693514789825748   1.599211212016834e-14
                 6.84375       1.742602175038088   1.599211212016834e-14
                 6.84375       1.791689560250429   1.599211212016834e-14
                 6.84375       1.840776945462769   1.599211212016834e-14
                 6.84375        1.88986433067511   1.599211212016834e-14
                 6.84375       1.938951715887451   1.599211212016834e-14
                 6.84375       1.988039101099791   1.599211212016834e-14
                 6.84375       2.037126486312132   1.599211212016834e-14
                 6.84375       2.086213871524472   1.599211212016834e-14
                 6.84375       2.135301256736812   1.599211212016834e-14
                 6.84375       2.184388641949153   1.599211212016834e-14
                 6.84375       2.233476027161494   1.599211212016834e-14
                 6.84375       2.282563412373834   1.599211212016834e-14
                 6.84375       2.331650797586175   1.599211212016834e-14
                 6.84375       2.380738182798515   1.599211212016834e-14
                 6.84375       2.429825568010856   1.599211212016834e-14
                 6.84375       2.478912953223196   1.599211212016834e-14
                 6.84375       2.528000338435537   1.599211212016834e-14
                 6.84375       2.577087723647877   1.599211212016834e-14
                 6.84375       2.626175108860218   1.599211212016834e-14
                 6.84375       2.675262494072558   1.599211212016834e-14
                 6.84375       2.724349879284899   1.599211212016834e-14
                 6.84375       2.773437264497239   1.599211212016834e-14
                 6.84375        2.82252464970958   1.599211212016834e-14
                 6.84375        2.87161203492192   1.599211212016834e-14
                 6.84375       2.920699420134261   1.599211212016834e-14
                 6.84375       2.969786805346601   1.599211212016834e-14
                 6.84375       3.018874190558942   1.599211212016834e-14
                 6.84375       3.067961575771282   1.599211212016834e-14
                 6.84375       3.117048960983623   1.599211212016834e-14

                 6.90625     0.02454369260617026   6.117761216447182e-14
                 6.90625     0.07363107781851078   6.117761216447182e-14
                 6.90625      0.1227184630308513   6.117761216447182e-14
                 6.90625      0.1718058482431918   6.117761216447182e-14
                 6.90625      0.2208932334555323   6.117761216447182e-14
                 6.90625      0.2699806186678728   6.117761216447182e-14
                 6.90625      0.3190680038802134   6.117761216447182e-14
                 6.90625      0.3681553890925539   6.117761216447182e-14
                 6.90625      0.4172427743048944   6.117761216447182e-14
                 6.90625      0.4663301595172349   6.117761216447182e-14
                 6.90625      0.5154175447295755   6.117761216447182e-14
                 6.90625      0.5645049299419159   6.117761216447182e-14
                 6.90625      0.6135923151542565   6.117761216447182e-14
                 6.90625       0.662679700366597   6.117761216447182e-14
                 6.90625      0.7117670855789375   6.117761216447182e-14
                 6.90625       0.760854470791278   6.117761216447182e-14
                 6.90625      0.8099418560036186   6.117761216447182e-14
                 6.90625       0.859029241215959   6.117761216447182e-14
                 6.90625      0.9081166264282996   6.117761216447182e-14
                 6.90625      0.9572040116406401   6.117761216447182e-14
                 6.90625       1.006291396852981   6.117761216447182e-14
                 6.90625       1.055378782065321   6.117761216447182e-14
                 6.90625       1.104466167277662   6.117761216447182e-14
                 6.90625       1.153553552490002   6.117761216447182e-14
                 6.90625       1.202640937702343   6.117761216447182e-14
                 6.90625       1.251728322914683   6.117761216447182e-14
                 6.90625       1.300815708127024   6.117761216447182e-14
                 6.90625       1.349903093339364   6.117761216447182e-14
                 6.90625       1.398990478551705   6.117761216447182e-14
                 6.90625       1.448077863764045   6.117761216447182e-14
                 6.90625       1.497165248976386   6.117761216447182e-14
                 6.90625       1.546252634188726   6.117761216447182e-14
                 6.90625       1.595340019401067   6.117761216447182e-14
                 6.90625       1.644427404613407   6.117761216447182e-14
                 6.90625       1.693514789825748   6.117761216447182e-14
                 6.90625       1.742602175038088   6.117761216447182e-14
                 6.90625       1.791689560250429   6.117761216447182e-14
                 6.90625       1.840776945462769   6.117761216447182e-14
                 6.90625        1.88986433067511   6.117761216447182e-14
                 6.90625       1.938951715887451   6.117761216447182e-14
                 6.90625       1.988039101099791   6.117761216447182e-14
                 6.90625       2.037126486312132   6.117761216447182e-14
                 6.90625       2.086213871524472   6.117761216447182e-14
                 6.90625       2.135301256736812   6.117761216447182e-14
                 6.90625       2.184388641949153   6.117761216447182e-14
                 6.90625       2.233476027161494   6.117761216447182e-14
                 6.90625       2.282563412373834   6.117761216447182e-14
                 6.90625       2.331650797586175   6.117761216447182e-14
                 6.90625       2.380738182798515   6.117761216447182e-14
                 6.90625       2.429825568010856   6.117761216447182e-14
                 6.90625       2.478912953223196   6.117761216447182e-14
                 6.90625       2.528000338435537   6.117761216447182e-14
                 6.90625       2.577087723647877   6.117761216447182e-14
                 6.90625       2.626175108860218   6.117761216447182e-14
                 6.90625       2.675262494072558   6.117761216447182e-14
                 6.90625       2.724349879284899   6.117761216447182e-14
                 6.90625       2.773437264497239   6.117761216447182e-14
                 6.90625        2.82252464970958   6.117761216447182e-14
                 6.90625        2.87161203492192   6.117761216447182e-14
                 6.90625       2.920699420134261   6.117761216447182e-14
                 6.90625       2.969786805346601   6.117761216447182e-14
                 6.90625       3.018874190558942   6.117761216447182e-14
                 6.90625       3.067961575771282   6.117761216447182e-14
                 6.90625       3.117048960983623   6.117761216447182e-14

                 6.96875     0.02454369260617026  -1.634467792300007e-13
                 6.96875     0.07363107781851078  -1.634467792300007e-13
                 6.96875      0.1227184630308513  -1.634467792300007e-13
                 6.96875      0.1718058482431918  -1.634467792300007e-13
                 6.96875      0.2208932334555323  -1.634467792300007e-13
                 6.96875      0.2699806186678728  -1.634467792300007e-13
                 6.96875      0.3190680038802134  -1.634467792300007e-13
                 6.96875      0.3681553890925539  -1.634467792300007e-13
                 6.96875      0.4172427743048944  -1.634467792300007e-13
                 6.96875      0.4663301595172349  -1.634467792300007e-13
                 6.96875      0.5154175447295755  -1.634467792300007e-13
                 6.96875      0.5645049299419159  -1.634467792300007e-13
                 6.96875      0.6135923151542565  -1.634467792300007e-13
                 6.96875       0.662679700366597  -1.634467792300007e-13
                 6.96875      0.7117670855789375  -1.634467792300007e-13
                 6.96875       0.760854470791278  -1.634467792300007e-13
                 6.96875      0.8099418560036186  -1.634467792300007e-13
                 6.96875       0.859029241215959  -1.634467792300007e-13
                 6.96875      0.9081166264282996  -1.634467792300007e-13
                 6.96875      0.9572040116406401  -1.634467792300007e-13
                 6.96875       1.006291396852981  -1.634467792300007e-13
                 6.96875       1.055378782065321  -1.634467792300007e-13
                 6.96875       1.104466167277662  -1.634467792300007e-13
                 6.96875       1.153553552490002  -1.634467792300007e-13
                 6.96875       1.202640937702343  -1.634467792300007e-13
                 6.96875       1.251728322914683  -1.634467792300007e-13
                 6.96875       1.300815708127024  -1.634467792300007e-13
                 6.96875       1.349903093339364  -1.634467792300007e-13
                 6.96875       1.398990478551705  -1.634467792300007e-13
                 6.96875       1.448077863764045  -1.634467792300007e-13
                 6.96875       1.497165248976386  -1.634467792300007e-13
                 6.96875       1.546252634188726  -1.634467792300007e-13
                 6.96875       1.595340019401067  -1.634467792300007e-13
                 6.96875       1.644427404613407  -1.634467792300007e-13
                 6.96875       1.693514789825748  -1.634467792300007e-13
                 6.96875       1.742602175038088  -1.634467792300007e-13
                 6.96875       1.791689560250429  -1.634467792300007e-13
                 6.96875       1.840776945462769  -1.634467792300007e-13
                 6.96875        1.88986433067511  -1.634467792300007e-13
                 6.96875       1.938951715887451  -1.634467792300007e-13
                 6.96875       1.988039101099791  -1.634467792300007e-13
                 6.96875       2.037126486312132  -1.634467792300007e-13
                 6.96875       2.086213871524472  -1.634467792300007e-13
                 6.96875       2.135301256736812  -1.634467792300007e-13
                 6.96875       2.184388641949153  -1.634467792300007e-13
                 6.96875       2.233476027161494  -1.634467792300007e-13
                 6.96875       2.282563412373834  -1.634467792300007e-13
                 6.96875       2.331650797586175  -1.634467792300007e-13
                 6.96875       2.380738182798515  -1.634467792300007e-13
                 6.96875       2.429825568010856  -1.634467792300007e-13
                 6.96875       2.478912953223196  -1.634467792300007e-13
                 6.96875       2.528000338435537  -1.634467792300007e-13
                 6.96875       2.577087723647877  -1.634467792300007e-13
                 6.96875       2.626175108860218  -1.634467792300007e-13
                 6.96875       2.675262494072558  -1.634467792300007e-13
                 6.96875       2.724349879284899  -1.634467792300007e-13
                 6.96875       2.773437264497239  -1.634467792300007e-13
                 6.96875        2.82252464970958  -1.634467792300007e-13
                 6.96875        2.87161203492192  -1.634467792300007e-13
                 6.96875       2.920699420134261  -1.634467792300007e-13
                 6.96875       2.969786805346601  -1.634467792300007e-13
                 6.96875       3.018874190558942  -1.634467792300007e-13
                 6.96875       3.067961575771282  -1.634467792300007e-13
                 6.96875       3.117048960983623  -1.634467792300007e-13

                 7.03125     0.02454369260617026  -9.773882024626462e-15
                 7.03125     0.07363107781851078  -9.773882024626462e-15
                 7.03125      0.1227184630308513  -9.773882024626462e-15
                 7.03125      0.1718058482431918  -9.773882024626462e-15
                 7.03125      0.2208932334555323  -9.773882024626462e-15
                 7.03125      0.2699806186678728  -9.773882024626462e-15
                 7.03125      0.3190680038802134  -9.773882024626462e-15
                 7.03125      0.3681553890925539  -9.773882024626462e-15
                 7.03125      0.4172427743048944  -9.773882024626462e-15
                 7.03125      0.4663301595172349  -9.773882024626462e-15
                 7.03125      0.5154175447295755  -9.773882024626462e-15
                 7.03125      0.5645049299419159  -9.773882024626462e-15
                 7.03125      0.6135923151542565  -9.773882024626462e-15
                 7.03125       0.662679700366597  -9.773882024626462e-15
                 7.03125      0.7117670855789375  -9.773882024626462e-15
                 7.03125       0.760854470791278  -9.773882024626462e-15
                 7.03125      0.8099418560036186  -9.773882024626462e-15
                 7.03125       0.859029241215959  -9.773882024626462e-15
                 7.03125      0.9081166264282996  -9.773882024626462e-15
                 7.03125      0.9572040116406401  -9.773882024626462e-15
                 7.03125       1.006291396852981  -9.773882024626462e-15
                 7.03125       1.055378782065321  -9.773882024626462e-15
                 7.03125       1.104466167277662  -9.773882024626462e-15
                 7.03125       1.153553552490002  -9.773882024626462e-15
                 7.03125       1.202640937702343  -9.773882024626462e-15
                 7.03125       1.251728322914683  -9.773882024626462e-15
                 7.03125       1.300815708127024  -9.773882024626462e-15
                 7.03125       1.349903093339364  -9.773882024626462e-15
                 7.03125       1.398990478551705  -9.773882024626462e-15
                 7.03125       1.448077863764045  -9.773882024626462e-15
                 7.03125       1.497165248976386  -9.773882024626462e-15
                 7.03125       1.546252634188726  -9.773882024626462e-15
                 7.03125       1.595340019401067  -9.773882024626462e-15
                 7.03125       1.644427404613407  -9.773882024626462e-15
                 7.03125       1.693514789825748  -9.773882024626462e-15
                 7.03125       1.742602175038088  -9.773882024626462e-15
                 7.03125       1.791689560250429  -9.773882024626462e-15
                 7.03125       1.840776945462769  -9.773882024626462e-15
                 7.03125        1.88986433067511  -9.773882024626462e-15
                 7.03125       1.938951715887451  -9.773882024626462e-15
                 7.03125       1.988039101099791  -9.773882024626462e-15
                 7.03125       2.037126486312132  -9.773882024626462e-15
                 7.03125       2.086213871524472  -9.773882024626462e-15
                 7.03125       2.135301256736812  -9.773882024626462e-15
                 7.03125       2.184388641949153  -9.773882024626462e-15
                 7.03125       2.233476027161494  -9.773882024626462e-15
                 7.03125       2.282563412373834  -9.773882024626462e-15
                 7.03125       2.331650797586175  -9.773882024626462e-15
                 7.03125       2.380738182798515  -9.773882024626462e-15
                 7.03125       2.429825568010856  -9.773882024626462e-15
                 7.03125       2.478912953223196  -9.773882024626462e-15
                 7.03125       2.528000338435537  -9.773882024626462e-15
                 7.03125       2.577087723647877  -9.773882024626462e-15
                 7.03125       2.626175108860218  -9.773882024626462e-15
                 7.03125       2.675262494072558  -9.773882024626462e-15
                 7.03125       2.724349879284899  -9.773882024626462e-15
                 7.03125       2.773437264497239  -9.773882024626462e-15
                 7.03125        2.82252464970958  -9.773882024626462e-15
                 7.03125        2.87161203492192  -9.773882024626462e-15
                 7.03125       2.920699420134261  -9.773882024626462e-15
                 7.03125       2.969786805346601  -9.773882024626462e-15
                 7.03125       3.018874190558942  -9.773882024626462e-15
                 7.03125       3.067961575771282  -9.773882024626462e-15
                 7.03125       3.117048960983623  -9.773882024626462e-15

                 7.09375     0.02454369260617026  -6.555694538914202e-14
                 7.09375     0.07363107781851078  -6.555694538914202e-14
                 7.09375      0.1227184630308513  -6.555694538914202e-14
                 7.09375      0.1718058482431918  -6.555694538914202e-14
                 7.09375      0.2208932334555323  -6.555694538914202e-14
                 7.09375      0.2699806186678728  -6.555694538914202e-14
                 7.09375      0.3190680038802134  -6.555694538914202e-14
                 7.09375      0.3681553890925539  -6.555694538914202e-14
                 7.09375      0.4172427743048944  -6.555694538914202e-14
                 7.09375      0.4663301595172349  -6.555694538914202e-14
                 7.09375      0.5154175447295755  -6.555694538914202e-14
                 7.09375      0.5645049299419159  -6.555694538914202e-14
                 7.09375      0.6135923151542565  -6.555694538914202e-14
                 7.09375       0.662679700366597  -6.555694538914202e-14
                 7.09375      0.7117670855789375  -6.555694538914202e-14
                 7.09375       0.760854470791278  -6.555694538914202e-14
                 7.09375      0.8099418560036186  -6.555694538914202e-14
                 7.09375       0.859029241215959  -6.555694538914202e-14
                 7.09375      0.9081166264282996  -6.555694538914202e-14
                 7.09375      0.9572040116406401  -6.555694538914202e-14
                 7.09375       1.006291396852981  -6.555694538914202e-14
                 7.09375       1.055378782065321  -6.555694538914202e-14
                 7.09375       1.104466167277662  -6.555694538914202e-14
                 7.09375       1.153553552490002  -6.555694538914202e-14
                 7.09375       1.202640937702343  -6.555694538914202e-14
                 7.09375       1.251728322914683  -6.555694538914202e-14
                 7.09375       1.300815708127024  -6.555694538914202e-14
                 7.09375       1.349903093339364  -6.555694538914202e-14
                 7.09375       1.398990478551705  -6.555694538914202e-14
                 7.09375       1.448077863764045  -6.555694538914202e-14
                 7.09375       1.497165248976386  -6.555694538914202e-14
                 7.09375       1.546252634188726  -6.555694538914202e-14
                 7.09375       1.595340019401067  -6.555694538914202e-14
                 7.09375       1.644427404613407  -6.555694538914202e-14
                 7.09375       1.693514789825748  -6.555694538914202e-14
                 7.09375       1.742602175038088  -6.555694538914202e-14
                 7.09375       1.791689560250429  -6.555694538914202e-14
                 7.09375       1.840776945462769  -6.555694538914202e-14
                 7.09375        1.88986433067511  -6.555694538914202e-14
                 7.09375       1.938951715887451  -6.555694538914202e-14
                 7.09375       1.988039101099791  -6.555694538914202e-14
                 7.09375       2.037126486312132  -6.555694538914202e-14
                 7.09375       2.086213871524472  -6.555694538914202e-14
                 7.09375       2.135301256736812  -6.555694538914202e-14
                 7.09375       2.184388641949153  -6.555694538914202e-14
                 7.09375       2.233476027161494  -6.555694538914202e-14
                 7.09375       2.282563412373834  -6.555694538914202e-14
                 7.09375       2.331650797586175  -6.555694538914202e-14
                 7.09375       2.380738182798515  -6.555694538914202e-14
                 7.09375       2.429825568010856  -6.555694538914202e-14
                 7.09375       2.478912953223196  -6.555694538914202e-14
                 7.09375       2.528000338435537  -6.555694538914202e-14
                 7.09375       2.577087723647877  -6.555694538914202e-14
                 7.09375       2.626175108860218  -6.555694538914202e-14
                 7.09375       2.675262494072558  -6.555694538914202e-14
                 7.09375       2.724349879284899  -6.555694538914202e-14
                 7.09375       2.773437264497239  -6.555694538914202e-14
                 7.09375        2.82252464970958  -6.555694538914202e-14
                 7.09375        2.87161203492192  -6.555694538914202e-14
                 7.09375       2.920699420134261  -6.555694538914202e-14
                 7.09375       2.969786805346601  -6.555694538914202e-14
                 7.09375       3.018874190558942  -6.555694538914202e-14
                 7.09375       3.067961575771282  -6.555694538914202e-14
                 7.09375       3.117048960983623  -6.555694538914202e-14

                 7.15625     0.02454369260617026  -1.401818519435891e-13
                 7.15625     0.07363107781851078  -1.401818519435891e-13
                 7.15625      0.1227184630308513  -1.401818519435891e-13
                 7.15625      0.1718058482431918  -1.401818519435891e-13
                 7.15625      0.2208932334555323  -1.401818519435891e-13
                 7.15625      0.2699806186678728  -1.401818519435891e-13
                 7.15625      0.3190680038802134  -1.401818519435891e-13
                 7.15625      0.3681553890925539  -1.401818519435891e-13
                 7.15625      0.4172427743048944  -1.401818519435891e-13
                 7.15625      0.4663301595172349  -1.401818519435891e-13
                 7.15625      0.5154175447295755  -1.401818519435891e-13
                 7.15625      0.5645049299419159  -1.401818519435891e-13
                 7.15625      0.6135923151542565  -1.401818519435891e-13
                 7.15625       0.662679700366597  -1.401818519435891e-13
                 7.15625      0.7117670855789375  -1.401818519435891e-13
                 7.15625       0.760854470791278  -1.401818519435891e-13
                 7.15625      0.8099418560036186  -1.401818519435891e-13
                 7.15625       0.859029241215959  -1.401818519435891e-13
                 7.15625      0.9081166264282996  -1.401818519435891e-13
                 7.15625      0.9572040116406401  -1.401818519435891e-13
                 7.15625       1.006291396852981  -1.401818519435891e-13
                 7.15625       1.055378782065321  -1.401818519435891e-13
                 7.15625       1.104466167277662  -1.401818519435891e-13
                 7.15625       1.153553552490002  -1.401818519435891e-13
                 7.15625       1.202640937702343  -1.401818519435891e-13
                 7.15625       1.251728322914683  -1.401818519435891e-13
                 7.15625       1.300815708127024  -1.401818519435891e-13
                 7.15625       1.349903093339364  -1.401818519435891e-13
                 7.15625       1.398990478551705  -1.401818519435891e-13
                 7.15625       1.448077863764045  -1.401818519435891e-13
                 7.15625       1.497165248976386  -1.401818519435891e-13
                 7.15625       1.546252634188726  -1.401818519435891e-13
                 7.15625       1.595340019401067  -1.401818519435891e-13
                 7.15625       1.644427404613407  -1.401818519435891e-13
                 7.15625       1.693514789825748  -1.401818519435891e-13
                 7.15625       1.742602175038088  -1.401818519435891e-13
                 7.15625       1.791689560250429  -1.401818519435891e-13
                 7.15625       1.840776945462769  -1.401818519435891e-13
                 7.15625        1.88986433067511  -1.401818519435891e-13
                 7.15625       1.938951715887451  -1.401818519435891e-13
                 7.15625       1.988039101099791  -1.401818519435891e-13
                 7.15625       2.037126486312132  -1.401818519435891e-13
                 7.15625       2.086213871524472  -1.401818519435891e-13
                 7.15625       2.135301256736812  -1.401818519435891e-13
                 7.15625       2.184388641949153  -1.401818519435891e-13
                 7.15625       2.233476027161494  -1.401818519435891e-13
                 7.15625       2.282563412373834  -1.401818519435891e-13
                 7.15625       2.331650797586175  -1.401818519435891e-13
                 7.15625       2.380738182798515  -1.401818519435891e-13
                 7.15625       2.429825568010856  -1.401818519435891e-13
                 7.15625       2.478912953223196  -1.401818519435891e-13
                 7.15625       2.528000338435537  -1.401818519435891e-13
                 7.15625       2.577087723647877  -1.401818519435891e-13
                 7.15625       2.626175108860218  -1.401818519435891e-13
                 7.15625       2.675262494072558  -1.401818519435891e-13
                 7.15625       2.724349879284899  -1.401818519435891e-13
                 7.15625       2.773437264497239  -1.401818519435891e-13
                 7.15625        2.82252464970958  -1.401818519435891e-13
                 7.15625        2.87161203492192  -1.401818519435891e-13
                 7.15625       2.920699420134261  -1.401818519435891e-13
                 7.15625       2.969786805346601  -1.401818519435891e-13
                 7.15625       3.018874190558942  -1.401818519435891e-13
                 7.15625       3.067961575771282  -1.401818519435891e-13
                 7.15625       3.117048960983623  -1.401818519435891e-13

                 7.21875     0.02454369260617026  -5.761445514514938e-14
                 7.21875     0.07363107781851078  -5.761445514514938e-14
                 7.21875      0.1227184630308513  -5.761445514514938e-14
                 7.21875      0.1718058482431918  -5.761445514514938e-14
                 7.21875      0.2208932334555323  -5.761445514514938e-14
                 7.21875      0.2699806186678728  -5.761445514514938e-14
                 7.21875      0.3190680038802134  -5.761445514514938e-14
                 7.21875      0.3681553890925539  -5.761445514514938e-14
                 7.21875      0.4172427743048944  -5.761445514514938e-14
                 7.21875      0.4663301595172349  -5.761445514514938e-14
                 7.21875      0.5154175447295755  -5.761445514514938e-14
                 7.21875      0.5645049299419159  -5.761445514514938e-14
                 7.21875      0.6135923151542565  -5.761445514514938e-14
                 7.21875       0.662679700366597  -5.761445514514938e-14
                 7.21875      0.7117670855789375  -5.761445514514938e-14
                 7.21875       0.760854470791278  -5.761445514514938e-14
                 7.21875      0.8099418560036186  -5.761445514514938e-14
                 7.21875       0.859029241215959  -5.761445514514938e-14
                 7.21875      0.9081166264282996  -5.761445514514938e-14
                 7.21875      0.9572040116406401  -5.761445514514938e-14
                 7.21875       1.006291396852981  -5.761445514514938e-14
                 7.21875       1.055378782065321  -5.761445514514938e-14
                 7.21875       1.104466167277662  -5.761445514514938e-14
                 7.21875       1.153553552490002  -5.761445514514938e-14
                 7.21875       1.202640937702343  -5.761445514514938e-14
                 7.21875       1.251728322914683  -5.761445514514938e-14
                 7.21875       1.300815708127024  -5.761445514514938e-14
                 7.21875       1.349903093339364  -5.761445514514938e-14
                 7.21875       1.398990478551705  -5.761445514514938e-14
                 7.21875       1.448077863764045  -5.761445514514938e-14
                 7.21875       1.497165248976386  -5.761445514514938e-14
                 7.21875       1.546252634188726  -5.761445514514938e-14
                 7.21875       1.595340019401067  -5.761445514514938e-14
                 7.21875       1.644427404613407  -5.761445514514938e-14
                 7.21875       1.693514789825748  -5.761445514514938e-14
                 7.21875       1.742602175038088  -5.761445514514938e-14
                 7.21875       1.791689560250429  -5.761445514514938e-14
                 7.21875       1.840776945462769  -5.761445514514938e-14
                 7.21875        1.88986433067511  -5.761445514514938e-14
                 7.21875       1.938951715887451  -5.761445514514938e-14
                 7.21875       1.988039101099791  -5.761445514514938e-14
                 7.21875       2.037126486312132  -5.761445514514938e-14
                 7.21875       2.086213871524472  -5.761445514514938e-14
                 7.21875       2.135301256736812  -5.761445514514938e-14
                 7.21875       2.184388641949153  -5.761445514514938e-14
                 7.21875       2.233476027161494  -5.761445514514938e-14
                 7.21875       2.282563412373834  -5.761445514514938e-14
                 7.21875       2.331650797586175  -5.761445514514938e-14
                 7.21875       2.380738182798515  -5.761445514514938e-14
                 7.21875       2.429825568010856  -5.761445514514938e-14
                 7.21875       2.478912953223196  -5.761445514514938e-14
                 7.21875       2.528000338435537  -5.761445514514938e-14
                 7.21875       2.577087723647877  -5.761445514514938e-14
                 7.21875       2.626175108860218  -5.761445514514938e-14
                 7.21875       2.675262494072558  -5.761445514514938e-14
                 7.21875       2.724349879284899  -5.761445514514938e-14
                 7.21875       2.773437264497239  -5.761445514514938e-14
                 7.21875        2.82252464970958  -5.761445514514938e-14
                 7.21875        2.87161203492192  -5.761445514514938e-14
                 7.21875       2.920699420134261  -5.761445514514938e-14
                 7.21875       2.969786805346601  -5.761445514514938e-14
                 7.21875       3.018874190558942  -5.761445514514938e-14
                 7.21875       3.067961575771282  -5.761445514514938e-14
                 7.21875       3.117048960983623  -5.761445514514938e-14

                 7.28125     0.02454369260617026  -3.503775828818226e-14
                 7.28125     0.07363107781851078  -3.503775828818226e-14
                 7.28125      0.1227184630308513  -3.503775828818226e-14
                 7.28125      0.1718058482431918  -3.503775828818226e-14
                 7.28125      0.2208932334555323  -3.503775828818226e-14
                 7.28125      0.2699806186678728  -3.503775828818226e-14
                 7.28125      0.3190680038802134  -3.503775828818226e-14
                 7.28125      0.3681553890925539  -3.503775828818226e-14
                 7.28125      0.4172427743048944  -3.503775828818226e-14
                 7.28125      0.4663301595172349  -3.503775828818226e-14
                 7.28125      0.5154175447295755  -3.503775828818226e-14
                 7.28125      0.5645049299419159  -3.503775828818226e-14
                 7.28125      0.6135923151542565  -3.503775828818226e-14
                 7.28125       0.662679700366597  -3.503775828818226e-14
                 7.28125      0.7117670855789375  -3.503775828818226e-14
                 7.28125       0.760854470791278  -3.503775828818226e-14
                 7.28125      0.8099418560036186  -3.503775828818226e-14
                 7.28125       0.859029241215959  -3.503775828818226e-14
                 7.28125      0.9081166264282996  -3.503775828818226e-14
                 7.28125      0.9572040116406401  -3.503775828818226e-14
                 7.28125       1.006291396852981  -3.503775828818226e-14
                 7.28125       1.055378782065321  -3.503775828818226e-14
                 7.28125       1.104466167277662  -3.503775828818226e-14
                 7.28125       1.153553552490002  -3.503775828818226e-14
                 7.28125       1.202640937702343  -3.503775828818226e-14
                 7.28125       1.251728322914683  -3.503775828818226e-14
                 7.28125       1.300815708127024  -3.503775828818226e-14
                 7.28125       1.349903093339364  -3.503775828818226e-14
                 7.28125       1.398990478551705  -3.503775828818226e-14
                 7.28125       1.448077863764045  -3.503775828818226e-14
                 7.28125       1.497165248976386  -3.503775828818226e-14
                 7.28125       1.546252634188726  -3.503775828818226e-14
                 7.28125       1.595340019401067  -3.503775828818226e-14
                 7.28125       1.644427404613407  -3.503775828818226e-14
                 7.28125       1.693514789825748  -3.503775828818226e-14
                 7.28125       1.742602175038088  -3.503775828818226e-14
                 7.28125       1.791689560250429  -3.503775828818226e-14
                 7.28125       1.840776945462769  -3.503775828818226e-14
                 7.28125        1.88986433067511  -3.503775828818226e-14
                 7.28125       1.938951715887451  -3.503775828818226e-14
                 7.28125       1.988039101099791  -3.503775828818226e-14
                 7.28125       2.037126486312132  -3.503775828818226e-14
                 7.28125       2.086213871524472  -3.503775828818226e-14
                 7.28125       2.135301256736812  -3.503775828818226e-14
                 7.28125       2.184388641949153  -3.503775828818226e-14
                 7.28125       2.233476027161494  -3.503775828818226e-14
                 7.28125       2.282563412373834  -3.503775828818226e-14
                 7.28125       2.331650797586175  -3.503775828818226e-14
                 7.28125       2.380738182798515  -3.503775828818226e-14
                 7.28125       2.429825568010856  -3.503775828818226e-14
                 7.28125       2.478912953223196  -3.503775828818226e-14
                 7.28125       2.528000338435537  -3.503775828818226e-14
                 7.28125       2.577087723647877  -3.503775828818226e-14
                 7.28125       2.626175108860218  -3.503775828818226e-14
                 7.28125       2.675262494072558  -3.503775828818226e-14
                 7.28125       2.724349879284899  -3.503775828818226e-14
                 7.28125       2.773437264497239  -3.503775828818226e-14
                 7.28125        2.82252464970958  -3.503775828818226e-14
                 7.28125        2.87161203492192  -3.503775828818226e-14
                 7.28125       2.920699420134261  -3.503775828818226e-14
                 7.28125       2.969786805346601  -3.503775828818226e-14
                 7.28125       3.018874190558942  -3.503775828818226e-14
                 7.28125       3.067961575771282  -3.503775828818226e-14
                 7.28125       3.117048960983623  -3.503775828818226e-14

                 7.34375     0.02454369260617026   -2.88596258097516e-14
                 7.34375     0.07363107781851078   -2.88596258097516e-14
                 7.34375      0.1227184630308513   -2.88596258097516e-14
                 7.34375      0.1718058482431918   -2.88596258097516e-14
                 7.34375      0.2208932334555323   -2.88596258097516e-14
                 7.34375      0.2699806186678728   -2.88596258097516e-14
                 7.34375      0.3190680038802134   -2.88596258097516e-14
                 7.34375      0.3681553890925539   -2.88596258097516e-14
                 7.34375      0.4172427743048944   -2.88596258097516e-14
                 7.34375      0.4663301595172349   -2.88596258097516e-14
                 7.34375      0.5154175447295755   -2.88596258097516e-14
                 7.34375      0.5645049299419159   -2.88596258097516e-14
                 7.34375      0.6135923151542565   -2.88596258097516e-14
                 7.34375       0.662679700366597   -2.88596258097516e-14
                 7.34375      0.7117670855789375   -2.88596258097516e-14
                 7.34375       0.760854470791278   -2.88596258097516e-14
                 7.34375      0.8099418560036186   -2.88596258097516e-14
                 7.34375       0.859029241215959   -2.88596258097516e-14
                 7.34375      0.9081166264282996   -2.88596258097516e-14
                 7.34375      0.9572040116406401   -2.88596258097516e-14
                 7.34375       1.006291396852981   -2.88596258097516e-14
                 7.34375       1.055378782065321   -2.88596258097516e-14
                 7.34375       1.104466167277662   -2.88596258097516e-14
                 7.34375       1.153553552490002   -2.88596258097516e-14
                 7.34375       1.202640937702343   -2.88596258097516e-14
                 7.34375       1.251728322914683   -2.88596258097516e-14
                 7.34375       1.300815708127024   -2.88596258097516e-14
                 7.34375       1.349903093339364   -2.88596258097516e-14
                 7.34375       1.398990478551705   -2.88596258097516e-14
                 7.34375       1.448077863764045   -2.88596258097516e-14
                 7.34375       1.497165248976386   -2.88596258097516e-14
                 7.34375       1.546252634188726   -2.88596258097516e-14
                 7.34375       1.595340019401067   -2.88596258097516e-14
                 7.34375       1.644427404613407   -2.88596258097516e-14
                 7.34375       1.693514789825748   -2.88596258097516e-14
                 7.34375       1.742602175038088   -2.88596258097516e-14
                 7.34375       1.791689560250429   -2.88596258097516e-14
                 7.34375       1.840776945462769   -2.88596258097516e-14
                 7.34375        1.88986433067511   -2.88596258097516e-14
                 7.34375       1.938951715887451   -2.88596258097516e-14
                 7.34375       1.988039101099791   -2.88596258097516e-14
                 7.34375       2.037126486312132   -2.88596258097516e-14
                 7.34375       2.086213871524472   -2.88596258097516e-14
                 7.34375       2.135301256736812   -2.88596258097516e-14
                 7.34375       2.184388641949153   -2.88596258097516e-14
                 7.34375       2.233476027161494   -2.88596258097516e-14
                 7.34375       2.282563412373834   -2.88596258097516e-14
                 7.34375       2.331650797586175   -2.88596258097516e-14
                 7.34375       2.380738182798515   -2.88596258097516e-14
                 7.34375       2.429825568010856   -2.88596258097516e-14
                 7.34375       2.478912953223196   -2.88596258097516e-14
                 7.34375       2.528000338435537   -2.88596258097516e-14
                 7.34375       2.577087723647877   -2.88596258097516e-14
                 7.34375       2.626175108860218   -2.88596258097516e-14
                 7.34375       2.675262494072558   -2.88596258097516e-14
                 7.34375       2.724349879284899   -2.88596258097516e-14
                 7.34375       2.773437264497239   -2.88596258097516e-14
                 7.34375        2.82252464970958   -2.88596258097516e-14
                 7.34375        2.87161203492192   -2.88596258097516e-14
                 7.34375       2.920699420134261   -2.88596258097516e-14
                 7.34375       2.969786805346601   -2.88596258097516e-14
                 7.34375       3.018874190558942   -2.88596258097516e-14
                 7.34375       3.067961575771282   -2.88596258097516e-14
                 7.34375       3.117048960983623   -2.88596258097516e-14

                 7.40625     0.02454369260617026   8.190157860269911e-15
                 7.40625     0.07363107781851078   8.190157860269911e-15
                 7.40625      0.1227184630308513   8.190157860269911e-15
                 7.40625      0.1718058482431918   8.190157860269911e-15
                 7.40625      0.2208932334555323   8.190157860269911e-15
                 7.40625      0.2699806186678728   8.190157860269911e-15
                 7.40625      0.3190680038802134   8.190157860269911e-15
                 7.40625      0.3681553890925539   8.190157860269911e-15
                 7.40625      0.4172427743048944   8.190157860269911e-15
                 7.40625      0.4663301595172349   8.190157860269911e-15
                 7.40625      0.5154175447295755   8.190157860269911e-15
                 7.40625      0.5645049299419159   8.190157860269911e-15
                 7.40625      0.6135923151542565   8.190157860269911e-15
                 7.40625       0.662679700366597   8.190157860269911e-15
                 7.40625      0.7117670855789375   8.190157860269911e-15
                 7.40625       0.760854470791278   8.190157860269911e-15
                 7.40625      0.8099418560036186   8.190157860269911e-15
                 7.40625       0.859029241215959   8.190157860269911e-15
                 7.40625      0.9081166264282996   8.190157860269911e-15
                 7.40625      0.9572040116406401   8.190157860269911e-15
                 7.40625       1.006291396852981   8.190157860269911e-15
                 7.40625       1.055378782065321   8.190157860269911e-15
                 7.40625       1.104466167277662   8.190157860269911e-15
                 7.40625       1.153553552490002   8.190157860269911e-15
                 7.40625       1.202640937702343   8.190157860269911e-15
                 7.40625       1.251728322914683   8.190157860269911e-15
                 7.40625       1.300815708127024   8.190157860269911e-15
                 7.40625       1.349903093339364   8.190157860269911e-15
                 7.40625       1.398990478551705   8.190157860269911e-15
                 7.40625       1.448077863764045   8.190157860269911e-15
                 7.40625       1.497165248976386   8.190157860269911e-15
                 7.40625       1.546252634188726   8.190157860269911e-15
                 7.40625       1.595340019401067   8.190157860269911e-15
                 7.40625       1.644427404613407   8.190157860269911e-15
                 7.40625       1.693514789825748   8.190157860269911e-15
                 7.40625       1.742602175038088   8.190157860269911e-15
                 7.40625       1.791689560250429   8.190157860269911e-15
                 7.40625       1.840776945462769   8.190157860269911e-15
                 7.40625        1.88986433067511   8.190157860269911e-15
                 7.40625       1.938951715887451   8.190157860269911e-15
                 7.40625       1.988039101099791   8.190157860269911e-15
                 7.40625       2.037126486312132   8.190157860269911e-15
                 7.40625       2.086213871524472   8.190157860269911e-15
                 7.40625       2.135301256736812   8.190157860269911e-15
                 7.40625       2.184388641949153   8.190157860269911e-15
                 7.40625       2.233476027161494   8.190157860269911e-15
                 7.40625       2.282563412373834   8.190157860269911e-15
                 7.40625       2.331650797586175   8.190157860269911e-15
                 7.40625       2.380738182798515   8.190157860269911e-15
                 7.40625       2.429825568010856   8.190157860269911e-15
                 7.40625       2.478912953223196   8.190157860269911e-15
                 7.40625       2.528000338435537   8.190157860269911e-15
                 7.40625       2.577087723647877   8.190157860269911e-15
                 7.40625       2.626175108860218   8.190157860269911e-15
                 7.40625       2.675262494072558   8.190157860269911e-15
                 7.40625       2.724349879284899   8.190157860269911e-15
                 7.40625       2.773437264497239   8.190157860269911e-15
                 7.40625        2.82252464970958   8.190157860269911e-15
                 7.40625        2.87161203492192   8.190157860269911e-15
                 7.40625       2.920699420134261   8.190157860269911e-15
                 7.40625       2.969786805346601   8.190157860269911e-15
                 7.40625       3.018874190558942   8.190157860269911e-15
                 7.40625       3.067961575771282   8.190157860269911e-15
                 7.40625       3.117048960983623   8.190157860269911e-15

                 7.46875     0.02454369260617026   1.117822433115443e-14
                 7.46875     0.07363107781851078   1.117822433115443e-14
                 7.46875      0.1227184630308513   1.117822433115443e-14
                 7.46875      0.1718058482431918   1.117822433115443e-14
                 7.46875      0.2208932334555323   1.117822433115443e-14
                 7.46875      0.2699806186678728   1.117822433115443e-14
                 7.46875      0.3190680038802134   1.117822433115443e-14
                 7.46875      0.3681553890925539   1.117822433115443e-14
                 7.46875      0.4172427743048944   1.117822433115443e-14
                 7.46875      0.4663301595172349   1.117822433115443e-14
                 7.46875      0.5154175447295755   1.117822433115443e-14
                 7.46875      0.5645049299419159   1.117822433115443e-14
                 7.46875      0.6135923151542565   1.117822433115443e-14
                 7.46875       0.662679700366597   1.117822433115443e-14
                 7.46875      0.7117670855789375   1.117822433115443e-14
                 7.46875       0.760854470791278   1.117822433115443e-14
                 7.46875      0.8099418560036186   1.117822433115443e-14
                 7.46875       0.859029241215959   1.117822433115443e-14
                 7.46875      0.9081166264282996   1.117822433115443e-14
                 7.46875      0.9572040116406401   1.117822433115443e-14
                 7.46875       1.006291396852981   1.117822433115443e-14
                 7.46875       1.055378782065321   1.117822433115443e-14
                 7.46875       1.104466167277662   1.117822433115443e-14
                 7.46875       1.153553552490002   1.117822433115443e-14
                 7.46875       1.202640937702343   1.117822433115443e-14
                 7.46875       1.251728322914683   1.117822433115443e-14
                 7.46875       1.300815708127024   1.117822433115443e-14
                 7.46875       1.349903093339364   1.117822433115443e-14
                 7.46875       1.398990478551705   1.117822433115443e-14
                 7.46875       1.448077863764045   1.117822433115443e-14
                 7.46875       1.497165248976386   1.117822433115443e-14
                 7.46875       1.546252634188726   1.117822433115443e-14
                 7.46875       1.595340019401067   1.117822433115443e-14
                 7.46875       1.644427404613407   1.117822433115443e-14
                 7.46875       1.693514789825748   1.117822433115443e-14
                 7.46875       1.742602175038088   1.117822433115443e-14
                 7.46875       1.791689560250429   1.117822433115443e-14
                 7.46875       1.840776945462769   1.117822433115443e-14
                 7.46875        1.88986433067511   1.117822433115443e-14
                 7.46875       1.938951715887451   1.117822433115443e-14
                 7.46875       1.988039101099791   1.117822433115443e-14
                 7.46875       2.037126486312132   1.117822433115443e-14
                 7.46875       2.086213871524472   1.117822433115443e-14
                 7.46875       2.135301256736812   1.117822433115443e-14
                 7.46875       2.184388641949153   1.117822433115443e-14
                 7.46875       2.233476027161494   1.117822433115443e-14
                 7.46875       2.282563412373834   1.117822433115443e-14
                 7.46875       2.331650797586175   1.117822433115443e-14
                 7.46875       2.380738182798515   1.117822433115443e-14
                 7.46875       2.429825568010856   1.117822433115443e-14
                 7.46875       2.478912953223196   1.117822433115443e-14
                 7.46875       2.528000338435537   1.117822433115443e-14
                 7.46875       2.577087723647877   1.117822433115443e-14
                 7.46875       2.626175108860218   1.117822433115443e-14
                 7.46875       2.675262494072558   1.117822433115443e-14
                 7.46875       2.724349879284899   1.117822433115443e-14
                 7.46875       2.773437264497239   1.117822433115443e-14
                 7.46875        2.82252464970958   1.117822433115443e-14
                 7.46875        2.87161203492192   1.117822433115443e-14
                 7.46875       2.920699420134261   1.117822433115443e-14
                 7.46875       2.969786805346601   1.117822433115443e-14
                 7.46875       3.018874190558942   1.117822433115443e-14
                 7.46875       3.067961575771282   1.117822433115443e-14
                 7.46875       3.117048960983623   1.117822433115443e-14

                 7.53125     0.02454369260617026  -1.538553633963177e-13
                 7.53125     0.07363107781851078  -1.538553633963177e-13
                 7.53125      0.1227184630308513  -1.538553633963177e-13
                 7.53125      0.1718058482431918  -1.538553633963177e-13
                 7.53125      0.2208932334555323  -1.538553633963177e-13
                 7.53125      0.2699806186678728  -1.538553633963177e-13
                 7.53125      0.3190680038802134  -1.538553633963177e-13
                 7.53125      0.3681553890925539  -1.538553633963177e-13
                 7.53125      0.4172427743048944  -1.538553633963177e-13
                 7.53125      0.4663301595172349  -1.538553633963177e-13
                 7.53125      0.5154175447295755  -1.538553633963177e-13
                 7.53125      0.5645049299419159  -1.538553633963177e-13
                 7.53125      0.6135923151542565  -1.538553633963177e-13
                 7.53125       0.662679700366597  -1.538553633963177e-13
                 7.53125      0.7117670855789375  -1.538553633963177e-13
                 7.53125       0.760854470791278  -1.538553633963177e-13
                 7.53125      0.8099418560036186  -1.538553633963177e-13
                 7.53125       0.859029241215959  -1.538553633963177e-13
                 7.53125      0.9081166264282996  -1.538553633963177e-13
                 7.53125      0.9572040116406401  -1.538553633963177e-13
                 7.53125       1.006291396852981  -1.538553633963177e-13
                 7.53125       1.055378782065321  -1.538553633963177e-13
                 7.53125       1.104466167277662  -1.538553633963177e-13
                 7.53125       1.153553552490002  -1.538553633963177e-13
                 7.53125       1.202640937702343  -1.538553633963177e-13
                 7.53125       1.251728322914683  -1.538553633963177e-13
                 7.53125       1.300815708127024  -1.538553633963177e-13
                 7.53125       1.349903093339364  -1.538553633963177e-13
                 7.53125       1.398990478551705  -1.538553633963177e-13
                 7.53125       1.448077863764045  -1.538553633963177e-13
                 7.53125       1.497165248976386  -1.538553633963177e-13
                 7.53125       1.546252634188726  -1.538553633963177e-13
                 7.53125       1.595340019401067  -1.538553633963177e-13
                 7.53125       1.644427404613407  -1.538553633963177e-13
                 7.53125       1.693514789825748  -1.538553633963177e-13
                 7.53125       1.742602175038088  -1.538553633963177e-13
                 7.53125       1.791689560250429  -1.538553633963177e-13
                 7.53125       1.840776945462769  -1.538553633963177e-13
                 7.53125        1.88986433067511  -1.538553633963177e-13
                 7.53125       1.938951715887451  -1.538553633963177e-13
                 7.53125       1.988039101099791  -1.538553633963177e-13
                 7.53125       2.037126486312132  -1.538553633963177e-13
                 7.53125       2.086213871524472  -1.538553633963177e-13
                 7.53125       2.135301256736812  -1.538553633963177e-13
                 7.53125       2.184388641949153  -1.538553633963177e-13
                 7.53125       2.233476027161494  -1.538553633963177e-13
                 7.53125       2.282563412373834  -1.538553633963177e-13
                 7.53125       2.331650797586175  -1.538553633963177e-13
                 7.53125       2.380738182798515  -1.538553633963177e-13
                 7.53125       2.429825568010856  -1.538553633963177e-13
                 7.53125       2.478912953223196  -1.538553633963177e-13
                 7.53125       2.528000338435537  -1.538553633963177e-13
                 7.53125       2.577087723647877  -1.538553633963177e-13
                 7.53125       2.626175108860218  -1.538553633963177e-13
                 7.53125       2.675262494072558  -1.538553633963177e-13
                 7.53125       2.724349879284899  -1.538553633963177e-13
                 7.53125       2.773437264497239  -1.538553633963177e-13
                 7.53125        2.82252464970958  -1.538553633963177e-13
                 7.53125        2.87161203492192  -1.538553633963177e-13
                 7.53125       2.920699420134261  -1.538553633963177e-13
                 7.53125       2.969786805346601  -1.538553633963177e-13
                 7.53125       3.018874190558942  -1.538553633963177e-13
                 7.53125       3.067961575771282  -1.538553633963177e-13
                 7.53125       3.117048960983623  -1.538553633963177e-13

                 7.59375     0.02454369260617026   -1.67492592404509e-13
                 7.59375     0.07363107781851078   -1.67492592404509e-13
                 7.59375      0.1227184630308513   -1.67492592404509e-13
                 7.59375      0.1718058482431918   -1.67492592404509e-13
                 7.59375      0.2208932334555323   -1.67492592404509e-13
                 7.59375      0.2699806186678728   -1.67492592404509e-13
                 7.59375      0.3190680038802134   -1.67492592404509e-13
                 7.59375      0.3681553890925539   -1.67492592404509e-13
                 7.59375      0.4172427743048944   -1.67492592404509e-13
                 7.59375      0.4663301595172349   -1.67492592404509e-13
                 7.59375      0.5154175447295755   -1.67492592404509e-13
                 7.59375      0.5645049299419159   -1.67492592404509e-13
                 7.59375      0.6135923151542565   -1.67492592404509e-13
                 7.59375       0.662679700366597   -1.67492592404509e-13
                 7.59375      0.7117670855789375   -1.67492592404509e-13
                 7.59375       0.760854470791278   -1.67492592404509e-13
                 7.59375      0.8099418560036186   -1.67492592404509e-13
                 7.59375       0.859029241215959   -1.67492592404509e-13
                 7.59375      0.9081166264282996   -1.67492592404509e-13
                 7.59375      0.9572040116406401   -1.67492592404509e-13
                 7.59375       1.006291396852981   -1.67492592404509e-13
                 7.59375       1.055378782065321   -1.67492592404509e-13
                 7.59375       1.104466167277662   -1.67492592404509e-13
                 7.59375       1.153553552490002   -1.67492592404509e-13
                 7.59375       1.202640937702343   -1.67492592404509e-13
                 7.59375       1.251728322914683   -1.67492592404509e-13
                 7.59375       1.300815708127024   -1.67492592404509e-13
                 7.59375       1.349903093339364   -1.67492592404509e-13
                 7.59375       1.398990478551705   -1.67492592404509e-13
                 7.59375       1.448077863764045   -1.67492592404509e-13
                 7.59375       1.497165248976386   -1.67492592404509e-13
                 7.59375       1.546252634188726   -1.67492592404509e-13
                 7.59375       1.595340019401067   -1.67492592404509e-13
                 7.59375       1.644427404613407   -1.67492592404509e-13
                 7.59375       1.693514789825748   -1.67492592404509e-13
                 7.59375       1.742602175038088   -1.67492592404509e-13
                 7.59375       1.791689560250429   -1.67492592404509e-13
                 7.59375       1.840776945462769   -1.67492592404509e-13
                 7.59375        1.88986433067511   -1.67492592404509e-13
                 7.59375       1.938951715887451   -1.67492592404509e-13
                 7.59375       1.988039101099791   -1.67492592404509e-13
                 7.59375       2.037126486312132   -1.67492592404509e-13
                 7.59375       2.086213871524472   -1.67492592404509e-13
                 7.59375       2.135301256736812   -1.67492592404509e-13
                 7.59375       2.184388641949153   -1.67492592404509e-13
                 7.59375       2.233476027161494   -1.67492592404509e-13
                 7.59375       2.282563412373834   -1.67492592404509e-13
                 7.59375       2.331650797586175   -1.67492592404509e-13
                 7.59375       2.380738182798515   -1.67492592404509e-13
                 7.59375       2.429825568010856   -1.67492592404509e-13
                 7.59375       2.478912953223196   -1.67492592404509e-13
                 7.59375       2.528000338435537   -1.67492592404509e-13
                 7.59375       2.577087723647877   -1.67492592404509e-13
                 7.59375       2.626175108860218   -1.67492592404509e-13
                 7.59375       2.675262494072558   -1.67492592404509e-13
                 7.59375       2.724349879284899   -1.67492592404509e-13
                 7.59375       2.773437264497239   -1.67492592404509e-13
                 7.59375        2.82252464970958   -1.67492592404509e-13
                 7.59375        2.87161203492192   -1.67492592404509e-13
                 7.59375       2.920699420134261   -1.67492592404509e-13
                 7.59375       2.969786805346601   -1.67492592404509e-13
                 7.59375       3.018874190558942   -1.67492592404509e-13
                 7.59375       3.067961575771282   -1.67492592404509e-13
                 7.59375       3.117048960983623   -1.67492592404509e-13

                 7.65625     0.02454369260617026   1.302964589260013e-13
                 7.65625     0.07363107781851078   1.302964589260013e-13
                 7.65625      0.1227184630308513   1.302964589260013e-13
                 7.65625      0.1718058482431918   1.302964589260013e-13
                 7.65625      0.2208932334555323   1.302964589260013e-13
                 7.65625      0.2699806186678728   1.302964589260013e-13
                 7.65625      0.3190680038802134   1.302964589260013e-13
                 7.65625      0.3681553890925539   1.302964589260013e-13
                 7.65625      0.4172427743048944   1.302964589260013e-13
                 7.65625      0.4663301595172349   1.302964589260013e-13
                 7.65625      0.5154175447295755   1.302964589260013e-13
                 7.65625      0.5645049299419159   1.302964589260013e-13
                 7.65625      0.6135923151542565   1.302964589260013e-13
                 7.65625       0.662679700366597   1.302964589260013e-13
                 7.65625      0.7117670855789375   1.302964589260013e-13
                 7.65625       0.760854470791278   1.302964589260013e-13
                 7.65625      0.8099418560036186   1.302964589260013e-13
                 7.65625       0.859029241215959   1.302964589260013e-13
                 7.65625      0.9081166264282996   1.302964589260013e-13
                 7.65625      0.9572040116406401   1.302964589260013e-13
                 7.65625       1.006291396852981   1.302964589260013e-13
                 7.65625       1.055378782065321   1.302964589260013e-13
                 7.65625       1.104466167277662   1.302964589260013e-13
                 7.65625       1.153553552490002   1.302964589260013e-13
                 7.65625       1.202640937702343   1.302964589260013e-13
                 7.65625       1.251728322914683   1.302964589260013e-13
                 7.65625       1.300815708127024   1.302964589260013e-13
                 7.65625       1.349903093339364   1.302964589260013e-13
                 7.65625       1.398990478551705   1.302964589260013e-13
                 7.65625       1.448077863764045   1.302964589260013e-13
                 7.65625       1.497165248976386   1.302964589260013e-13
                 7.65625       1.546252634188726   1.302964589260013e-13
                 7.65625       1.595340019401067   1.302964589260013e-13
                 7.65625       1.644427404613407   1.302964589260013e-13
                 7.65625       1.693514789825748   1.302964589260013e-13
                 7.65625       1.742602175038088   1.302964589260013e-13
                 7.65625       1.791689560250429   1.302964589260013e-13
                 7.65625       1.840776945462769   1.302964589260013e-13
                 7.65625        1.88986433067511   1.302964589260013e-13
                 7.65625       1.938951715887451   1.302964589260013e-13
                 7.65625       1.988039101099791   1.302964589260013e-13
                 7.65625       2.037126486312132   1.302964589260013e-13
                 7.65625       2.086213871524472   1.302964589260013e-13
                 7.65625       2.135301256736812   1.302964589260013e-13
                 7.65625       2.184388641949153   1.302964589260013e-13
                 7.65625       2.233476027161494   1.302964589260013e-13
                 7.65625       2.282563412373834   1.302964589260013e-13
                 7.65625       2.331650797586175   1.302964589260013e-13
                 7.65625       2.380738182798515   1.302964589260013e-13
                 7.65625       2.429825568010856   1.302964589260013e-13
                 7.65625       2.478912953223196   1.302964589260013e-13
                 7.65625       2.528000338435537   1.302964589260013e-13
                 7.65625       2.577087723647877   1.302964589260013e-13
                 7.65625       2.626175108860218   1.302964589260013e-13
                 7.65625       2.675262494072558   1.302964589260013e-13
                 7.65625       2.724349879284899   1.302964589260013e-13
                 7.65625       2.773437264497239   1.302964589260013e-13
                 7.65625        2.82252464970958   1.302964589260013e-13
                 7.65625        2.87161203492192   1.302964589260013e-13
                 7.65625       2.920699420134261   1.302964589260013e-13
                 7.65625       2.969786805346601   1.302964589260013e-13
                 7.65625       3.018874190558942   1.302964589260013e-13
                 7.65625       3.067961575771282   1.302964589260013e-13
                 7.65625       3.117048960983623   1.302964589260013e-13

                 7.71875     0.02454369260617026   8.290313647197017e-14
                 7.71875     0.07363107781851078   8.290313647197017e-14
                 7.71875      0.1227184630308513   8.290313647197017e-14
                 7.71875      0.1718058482431918   8.290313647197017e-14
                 7.71875      0.2208932334555323   8.290313647197017e-14
                 7.71875      0.2699806186678728   8.290313647197017e-14
                 7.71875      0.3190680038802134   8.290313647197017e-14
                 7.71875      0.3681553890925539   8.290313647197017e-14
                 7.71875      0.4172427743048944   8.290313647197017e-14
                 7.71875      0.4663301595172349   8.290313647197017e-14
                 7.71875      0.5154175447295755   8.290313647197017e-14
                 7.71875      0.5645049299419159   8.290313647197017e-14
                 7.71875      0.6135923151542565   8.290313647197017e-14
                 7.71875       0.662679700366597   8.290313647197017e-14
                 7.71875      0.7117670855789375   8.290313647197017e-14
                 7.71875       0.760854470791278   8.290313647197017e-14
                 7.71875      0.8099418560036186   8.290313647197017e-14
                 7.71875       0.859029241215959   8.290313647197017e-14
                 7.71875      0.9081166264282996   8.290313647197017e-14
                 7.71875      0.9572040116406401   8.290313647197017e-14
                 7.71875       1.006291396852981   8.290313647197017e-14
                 7.71875       1.055378782065321   8.290313647197017e-14
                 7.71875       1.104466167277662   8.290313647197017e-14
                 7.71875       1.153553552490002   8.290313647197017e-14
                 7.71875       1.202640937702343   8.290313647197017e-14
                 7.71875       1.251728322914683   8.290313647197017e-14
                 7.71875       1.300815708127024   8.290313647197017e-14
                 7.71875       1.349903093339364   8.290313647197017e-14
                 7.71875       1.398990478551705   8.290313647197017e-14
                 7.71875       1.448077863764045   8.290313647197017e-14
                 7.71875       1.497165248976386   8.290313647197017e-14
                 7.71875       1.546252634188726   8.290313647197017e-14
                 7.71875       1.595340019401067   8.290313647197017e-14
                 7.71875       1.644427404613407   8.290313647197017e-14
                 7.71875       1.693514789825748   8.290313647197017e-14
                 7.71875       1.742602175038088   8.290313647197017e-14
                 7.71875       1.791689560250429   8.290313647197017e-14
                 7.71875       1.840776945462769   8.290313647197017e-14
                 7.71875        1.88986433067511   8.290313647197017e-14
                 7.71875       1.938951715887451   8.290313647197017e-14
                 7.71875       1.988039101099791   8.290313647197017e-14
                 7.71875       2.037126486312132   8.290313647197017e-14
                 7.71875       2.086213871524472   8.290313647197017e-14
                 7.71875       2.135301256736812   8.290313647197017e-14
                 7.71875       2.184388641949153   8.290313647197017e-14
                 7.71875       2.233476027161494   8.290313647197017e-14
                 7.71875       2.282563412373834   8.290313647197017e-14
                 7.71875       2.331650797586175   8.290313647197017e-14
                 7.71875       2.380738182798515   8.290313647197017e-14
                 7.71875       2.429825568010856   8.290313647197017e-14
                 7.71875       2.478912953223196   8.290313647197017e-14
                 7.71875       2.528000338435537   8.290313647197017e-14
                 7.71875       2.577087723647877   8.290313647197017e-14
                 7.71875       2.626175108860218   8.290313647197017e-14
                 7.71875       2.675262494072558   8.290313647197017e-14
                 7.71875       2.724349879284899   8.290313647197017e-14
                 7.71875       2.773437264497239   8.290313647197017e-14
                 7.71875        2.82252464970958   8.290313647197017e-14
                 7.71875        2.87161203492192   8.290313647197017e-14
                 7.71875       2.920699420134261   8.290313647197017e-14
                 7.71875       2.969786805346601   8.290313647197017e-14
                 7.71875       3.018874190558942   8.290313647197017e-14
                 7.71875       3.067961575771282   8.290313647197017e-14
                 7.71875       3.117048960983623   8.290313647197017e-14

                 7.78125     0.02454369260617026  -1.148326201621313e-13
                 7.78125     0.07363107781851078  -1.148326201621313e-13
                 7.78125      0.1227184630308513  -1.148326201621313e-13
                 7.78125      0.1718058482431918  -1.148326201621313e-13
                 7.78125      0.2208932334555323  -1.148326201621313e-13
                 7.78125      0.2699806186678728  -1.148326201621313e-13
                 7.78125      0.3190680038802134  -1.148326201621313e-13
                 7.78125      0.3681553890925539  -1.148326201621313e-13
                 7.78125      0.4172427743048944  -1.148326201621313e-13
                 7.78125      0.4663301595172349  -1.148326201621313e-13
                 7.78125      0.5154175447295755  -1.148326201621313e-13
                 7.78125      0.5645049299419159  -1.148326201621313e-13
                 7.78125      0.6135923151542565  -1.148326201621313e-13
                 7.78125       0.662679700366597  -1.148326201621313e-13
                 7.78125      0.7117670855789375  -1.148326201621313e-13
                 7.78125       0.760854470791278  -1.148326201621313e-13
                 7.78125      0.8099418560036186  -1.148326201621313e-13
                 7.78125       0.859029241215959  -1.148326201621313e-13
                 7.78125      0.9081166264282996  -1.148326201621313e-13
                 7.78125      0.9572040116406401  -1.148326201621313e-13
                 7.78125       1.006291396852981  -1.148326201621313e-13
                 7.78125       1.055378782065321  -1.148326201621313e-13
                 7.78125       1.104466167277662  -1.148326201621313e-13
                 7.78125       1.153553552490002  -1.148326201621313e-13
                 7.78125       1.202640937702343  -1.148326201621313e-13
                 7.78125       1.251728322914683  -1.148326201621313e-13
                 7.78125       1.300815708127024  -1.148326201621313e-13
                 7.78125       1.349903093339364  -1.148326201621313e-13
                 7.78125       1.398990478551705  -1.148326201621313e-13
                 7.78125       1.448077863764045  -1.148326201621313e-13
                 7.78125       1.497165248976386  -1.148326201621313e-13
                 7.78125       1.546252634188726  -1.148326201621313e-13
                 7.78125       1.595340019401067  -1.148326201621313e-13
                 7.78125       1.644427404613407  -1.148326201621313e-13
                 7.78125       1.693514789825748  -1.148326201621313e-13
                 7.78125       1.742602175038088  -1.148326201621313e-13
                 7.78125       1.791689560250429  -1.148326201621313e-13
                 7.78125       1.840776945462769  -1.148326201621313e-13
                 7.78125        1.88986433067511  -1.148326201621313e-13
                 7.78125       1.938951715887451  -1.148326201621313e-13
                 7.78125       1.988039101099791  -1.148326201621313e-13
                 7.78125       2.037126486312132  -1.148326201621313e-13
                 7.78125       2.086213871524472  -1.148326201621313e-13
                 7.78125       2.135301256736812  -1.148326201621313e-13
                 7.78125       2.184388641949153  -1.148326201621313e-13
                 7.78125       2.233476027161494  -1.148326201621313e-13
                 7.78125       2.282563412373834  -1.148326201621313e-13
                 7.78125       2.331650797586175  -1.148326201621313e-13
                 7.78125       2.380738182798515  -1.148326201621313e-13
                 7.78125       2.429825568010856  -1.148326201621313e-13
                 7.78125       2.478912953223196  -1.148326201621313e-13
                 7.78125       2.528000338435537  -1.148326201621313e-13
                 7.78125       2.577087723647877  -1.148326201621313e-13
                 7.78125       2.626175108860218  -1.148326201621313e-13
                 7.78125       2.675262494072558  -1.148326201621313e-13
                 7.78125       2.724349879284899  -1.148326201621313e-13
                 7.78125       2.773437264497239  -1.148326201621313e-13
                 7.78125        2.82252464970958  -1.148326201621313e-13
                 7.78125        2.87161203492192  -1.148326201621313e-13
                 7.78125       2.920699420134261  -1.148326201621313e-13
                 7.78125       2.969786805346601  -1.148326201621313e-13
                 7.78125       3.018874190558942  -1.148326201621313e-13
                 7.78125       3.067961575771282  -1.148326201621313e-13
                 7.78125       3.117048960983623  -1.148326201621313e-13

                 7.84375     0.02454369260617026   3.799231072642747e-14
                 7.84375     0.07363107781851078   3.799231072642747e-14
                 7.84375      0.1227184630308513   3.799231072642747e-14
                 7.84375      0.1718058482431918   3.799231072642747e-14
                 7.84375      0.2208932334555323   3.799231072642747e-14
                 7.84375      0.2699806186678728   3.799231072642747e-14
                 7.84375      0.3190680038802134   3.799231072642747e-14
                 7.84375      0.3681553890925539   3.799231072642747e-14
                 7.84375      0.4172427743048944   3.799231072642747e-14
                 7.84375      0.4663301595172349   3.799231072642747e-14
                 7.84375      0.5154175447295755   3.799231072642747e-14
                 7.84375      0.5645049299419159   3.799231072642747e-14
                 7.84375      0.6135923151542565   3.799231072642747e-14
                 7.84375       0.662679700366597   3.799231072642747e-14
                 7.84375      0.7117670855789375   3.799231072642747e-14
                 7.84375       0.760854470791278   3.799231072642747e-14
                 7.84375      0.8099418560036186   3.799231072642747e-14
                 7.84375       0.859029241215959   3.799231072642747e-14
                 7.84375      0.9081166264282996   3.799231072642747e-14
                 7.84375      0.9572040116406401   3.799231072642747e-14
                 7.84375       1.006291396852981   3.799231072642747e-14
                 7.84375       1.055378782065321   3.799231072642747e-14
                 7.84375       1.104466167277662   3.799231072642747e-14
                 7.84375       1.153553552490002   3.799231072642747e-14
                 7.84375       1.202640937702343   3.799231072642747e-14
                 7.84375       1.251728322914683   3.799231072642747e-14
                 7.84375       1.300815708127024   3.799231072642747e-14
                 7.84375       1.349903093339364   3.799231072642747e-14
                 7.84375       1.398990478551705   3.799231072642747e-14
                 7.84375       1.448077863764045   3.799231072642747e-14
                 7.84375       1.497165248976386   3.799231072642747e-14
                 7.84375       1.546252634188726   3.799231072642747e-14
                 7.84375       1.595340019401067   3.799231072642747e-14
                 7.84375       1.644427404613407   3.799231072642747e-14
                 7.84375       1.693514789825748   3.799231072642747e-14
                 7.84375       1.742602175038088   3.799231072642747e-14
                 7.84375       1.791689560250429   3.799231072642747e-14
                 7.84375       1.840776945462769   3.799231072642747e-14
                 7.84375        1.88986433067511   3.799231072642747e-14
                 7.84375       1.938951715887451   3.799231072642747e-14
                 7.84375       1.988039101099791   3.799231072642747e-14
                 7.84375       2.037126486312132   3.799231072642747e-14
                 7.84375       2.086213871524472   3.799231072642747e-14
                 7.84375       2.135301256736812   3.799231072642747e-14
                 7.84375       2.184388641949153   3.799231072642747e-14
                 7.84375       2.233476027161494   3.799231072642747e-14
                 7.84375       2.282563412373834   3.799231072642747e-14
                 7.84375       2.331650797586175   3.799231072642747e-14
                 7.84375       2.380738182798515   3.799231072642747e-14
                 7.84375       2.429825568010856   3.799231072642747e-14
                 7.84375       2.478912953223196   3.799231072642747e-14
                 7.84375       2.528000338435537   3.799231072642747e-14
                 7.84375       2.577087723647877   3.799231072642747e-14
                 7.84375       2.626175108860218   3.799231072642747e-14
                 7.84375       2.675262494072558   3.799231072642747e-14
                 7.84375       2.724349879284899   3.799231072642747e-14
                 7.84375       2.773437264497239   3.799231072642747e-14
                 7.84375        2.82252464970958   3.799231072642747e-14
                 7.84375        2.87161203492192   3.799231072642747e-14
                 7.84375       2.920699420134261   3.799231072642747e-14
                 7.84375       2.969786805346601   3.799231072642747e-14
                 7.84375       3.018874190558942   3.799231072642747e-14
                 7.84375       3.067961575771282   3.799231072642747e-14
                 7.84375       3.117048960983623   3.799231072642747e-14

                 7.90625     0.02454369260617026  -2.244564060269339e-13
                 7.90625     0.07363107781851078  -2.244564060269339e-13
                 7.90625      0.1227184630308513  -2.244564060269339e-13
                 7.90625      0.1718058482431918  -2.244564060269339e-13
                 7.90625      0.2208932334555323  -2.244564060269339e-13
                 7.90625      0.2699806186678728  -2.244564060269339e-13
                 7.90625      0.3190680038802134  -2.244564060269339e-13
                 7.90625      0.3681553890925539  -2.244564060269339e-13
                 7.90625      0.4172427743048944  -2.244564060269339e-13
                 7.90625      0.4663301595172349  -2.244564060269339e-13
                 7.90625      0.5154175447295755  -2.244564060269339e-13
                 7.90625      0.5645049299419159  -2.244564060269339e-13
                 7.90625      0.6135923151542565  -2.244564060269339e-13
                 7.90625       0.662679700366597  -2.244564060269339e-13
                 7.90625      0.7117670855789375  -2.244564060269339e-13
                 7.90625       0.760854470791278  -2.244564060269339e-13
                 7.90625      0.8099418560036186  -2.244564060269339e-13
                 7.90625       0.859029241215959  -2.244564060269339e-13
                 7.90625      0.9081166264282996  -2.244564060269339e-13
                 7.90625      0.9572040116406401  -2.244564060269339e-13
                 7.90625       1.006291396852981  -2.244564060269339e-13
                 7.90625       1.055378782065321  -2.244564060269339e-13
                 7.90625       1.104466167277662  -2.244564060269339e-13
                 7.90625       1.153553552490002  -2.244564060269339e-13
                 7.90625       1.202640937702343  -2.244564060269339e-13
                 7.90625       1.251728322914683  -2.244564060269339e-13
                 7.90625       1.300815708127024  -2.244564060269339e-13
                 7.90625       1.349903093339364  -2.244564060269339e-13
                 7.90625       1.398990478551705  -2.244564060269339e-13
                 7.90625       1.448077863764045  -2.244564060269339e-13
                 7.90625       1.497165248976386  -2.244564060269339e-13
                 7.90625       1.546252634188726  -2.244564060269339e-13
                 7.90625       1.595340019401067  -2.244564060269339e-13
                 7.90625       1.644427404613407  -2.244564060269339e-13
                 7.90625       1.693514789825748  -2.244564060269339e-13
                 7.90625       1.742602175038088  -2.244564060269339e-13
                 7.90625       1.791689560250429  -2.244564060269339e-13
                 7.90625       1.840776945462769  -2.244564060269339e-13
                 7.90625        1.88986433067511  -2.244564060269339e-13
                 7.90625       1.938951715887451  -2.244564060269339e-13
                 7.90625       1.988039101099791  -2.244564060269339e-13
                 7.90625       2.037126486312132  -2.244564060269339e-13
                 7.90625       2.086213871524472  -2.244564060269339e-13
                 7.90625       2.135301256736812  -2.244564060269339e-13
                 7.90625       2.184388641949153  -2.244564060269339e-13
                 7.90625       2.233476027161494  -2.244564060269339e-13
                 7.90625       2.282563412373834  -2.244564060269339e-13
                 7.90625       2.331650797586175  -2.244564060269339e-13
                 7.90625       2.380738182798515  -2.244564060269339e-13
                 7.90625       2.429825568010856  -2.244564060269339e-13
                 7.90625       2.478912953223196  -2.244564060269339e-13
                 7.90625       2.528000338435537  -2.244564060269339e-13
                 7.90625       2.577087723647877  -2.244564060269339e-13
                 7.90625       2.626175108860218  -2.244564060269339e-13
                 7.90625       2.675262494072558  -2.244564060269339e-13
                 7.90625       2.724349879284899  -2.244564060269339e-13
                 7.90625       2.773437264497239  -2.244564060269339e-13
                 7.90625        2.82252464970958  -2.244564060269339e-13
                 7.90625        2.87161203492192  -2.244564060269339e-13
                 7.90625       2.920699420134261  -2.244564060269339e-13
                 7.90625       2.969786805346601  -2.244564060269339e-13
                 7.90625       3.018874190558942  -2.244564060269339e-13
                 7.90625       3.067961575771282  -2.244564060269339e-13
                 7.90625       3.117048960983623  -2.244564060269339e-13

                 7.96875     0.02454369260617026   1.291752097955691e-13
                 7.96875     0.07363107781851078   1.291752097955691e-13
                 7.96875      0.1227184630308513   1.291752097955691e-13
                 7.96875      0.1718058482431918   1.291752097955691e-13
                 7.96875      0.2208932334555323   1.291752097955691e-13
                 7.96875      0.2699806186678728   1.291752097955691e-13
                 7.96875      0.3190680038802134   1.291752097955691e-13
                 7.96875      0.3681553890925539   1.291752097955691e-13
                 7.96875      0.4172427743048944   1.291752097955691e-13
                 7.96875      0.4663301595172349   1.291752097955691e-13
                 7.96875      0.5154175447295755   1.291752097955691e-13
                 7.96875      0.5645049299419159   1.291752097955691e-13
                 7.96875      0.6135923151542565   1.291752097955691e-13
                 7.96875       0.662679700366597   1.291752097955691e-13
                 7.96875      0.7117670855789375   1.291752097955691e-13
                 7.96875       0.760854470791278   1.291752097955691e-13
                 7.96875      0.8099418560036186   1.291752097955691e-13
                 7.96875       0.859029241215959   1.291752097955691e-13
                 7.96875      0.9081166264282996   1.291752097955691e-13
                 7.96875      0.9572040116406401   1.291752097955691e-13
                 7.96875       1.006291396852981   1.291752097955691e-13
                 7.96875       1.055378782065321   1.291752097955691e-13
                 7.96875       1.104466167277662   1.291752097955691e-13
                 7.96875       1.153553552490002   1.291752097955691e-13
                 7.96875       1.202640937702343   1.291752097955691e-13
                 7.96875       1.251728322914683   1.291752097955691e-13
                 7.96875       1.300815708127024   1.291752097955691e-13
                 7.96875       1.349903093339364   1.291752097955691e-13
                 7.96875       1.398990478551705   1.291752097955691e-13
                 7.96875       1.448077863764045   1.291752097955691e-13
                 7.96875       1.497165248976386   1.291752097955691e-13
                 7.96875       1.546252634188726   1.291752097955691e-13
                 7.96875       1.595340019401067   1.291752097955691e-13
                 7.96875       1.644427404613407   1.291752097955691e-13
                 7.96875       1.693514789825748   1.291752097955691e-13
                 7.96875       1.742602175038088   1.291752097955691e-13
                 7.96875       1.791689560250429   1.291752097955691e-13
                 7.96875       1.840776945462769   1.291752097955691e-13
                 7.96875        1.88986433067511   1.291752097955691e-13
                 7.96875       1.938951715887451   1.291752097955691e-13
                 7.96875       1.988039101099791   1.291752097955691e-13
                 7.96875       2.037126486312132   1.291752097955691e-13
                 7.96875       2.086213871524472   1.291752097955691e-13
                 7.96875       2.135301256736812   1.291752097955691e-13
                 7.96875       2.184388641949153   1.291752097955691e-13
                 7.96875       2.233476027161494   1.291752097955691e-13
                 7.96875       2.282563412373834   1.291752097955691e-13
                 7.96875       2.331650797586175   1.291752097955691e-13
                 7.96875       2.380738182798515   1.291752097955691e-13
                 7.96875       2.429825568010856   1.291752097955691e-13
                 7.96875       2.478912953223196   1.291752097955691e-13
                 7.96875       2.528000338435537   1.291752097955691e-13
                 7.96875       2.577087723647877   1.291752097955691e-13
                 7.96875       2.626175108860218   1.291752097955691e-13
                 7.96875       2.675262494072558   1.291752097955691e-13
                 7.96875       2.724349879284899   1.291752097955691e-13
                 7.96875       2.773437264497239   1.291752097955691e-13
                 7.96875        2.82252464970958   1.291752097955691e-13
                 7.96875        2.87161203492192   1.291752097955691e-13
                 7.96875       2.920699420134261   1.291752097955691e-13
                 7.96875       2.969786805346601   1.291752097955691e-13
                 7.96875       3.018874190558942   1.291752097955691e-13
                 7.96875       3.067961575771282   1.291752097955691e-13
                 7.96875       3.117048960983623   1.291752097955691e-13

                 8.03125     0.02454369260617026                       0
                 8.03125     0.07363107781851078                       0
                 8.03125      0.1227184630308513                       0
                 8.03125      0.1718058482431918                       0
                 8.03125      0.2208932334555323                       0
                 8.03125      0.2699806186678728                       0
                 8.03125      0.3190680038802134                       0
                 8.03125      0.3681553890925539                       0
                 8.03125      0.4172427743048944                       0
                 8.03125      0.4663301595172349                       0
                 8.03125      0.5154175447295755                       0
                 8.03125      0.5645049299419159                       0
                 8.03125      0.6135923151542565                       0
                 8.03125       0.662679700366597                       0
                 8.03125      0.7117670855789375                       0
                 8.03125       0.760854470791278                       0
                 8.03125      0.8099418560036186                       0
                 8.03125       0.859029241215959                       0
                 8.03125      0.9081166264282996                       0
                 8.03125      0.9572040116406401                       0
                 8.03125       1.006291396852981                       0
                 8.03125       1.055378782065321                       0
                 8.03125       1.104466167277662                       0
                 8.03125       1.153553552490002                       0
                 8.03125       1.202640937702343                       0
                 8.03125       1.251728322914683                       0
                 8.03125       1.300815708127024                       0
                 8.03125       1.349903093339364                       0
                 8.03125       1.398990478551705                       0
                 8.03125       1.448077863764045                       0
                 8.03125       1.497165248976386                       0
                 8.03125       1.546252634188726                       0
                 8.03125       1.595340019401067                       0
                 8.03125       1.644427404613407                       0
                 8.03125       1.693514789825748                       0
                 8.03125       1.742602175038088                       0
                 8.03125       1.791689560250429                       0
                 8.03125       1.840776945462769                       0
                 8.03125        1.88986433067511                       0
                 8.03125       1.938951715887451                       0
                 8.03125       1.988039101099791                       0
                 8.03125       2.037126486312132                       0
                 8.03125       2.086213871524472                       0
                 8.03125       2.135301256736812                       0
                 8.03125       2.184388641949153                       0
                 8.03125       2.233476027161494                       0
                 8.03125       2.282563412373834                       0
                 8.03125       2.331650797586175                       0
                 8.03125       2.380738182798515                       0
                 8.03125       2.429825568010856                       0
                 8.03125       2.478912953223196                       0
                 8.03125       2.528000338435537                       0
                 8.03125       2.577087723647877                       0
                 8.03125       2.626175108860218                       0
                 8.03125       2.675262494072558                       0
                 8.03125       2.724349879284899                       0
                 8.03125       2.773437264497239                       0
                 8.03125        2.82252464970958                       0
                 8.03125        2.87161203492192                       0
                 8.03125       2.920699420134261                       0
                 8.03125       2.969786805346601                       0
                 8.03125       3.018874190558942                       0
                 8.03125       3.067961575771282                       0
                 8.03125       3.117048960983623                       0

                 8.09375     0.02454369260617026                       0
                 8.09375     0.07363107781851078                       0
                 8.09375      0.1227184630308513                       0
                 8.09375      0.1718058482431918                       0
                 8.09375      0.2208932334555323                       0
                 8.09375      0.2699806186678728                       0
                 8.09375      0.3190680038802134                       0
                 8.09375      0.3681553890925539                       0
                 8.09375      0.4172427743048944                       0
                 8.09375      0.4663301595172349                       0
                 8.09375      0.5154175447295755                       0
                 8.09375      0.5645049299419159                       0
                 8.09375      0.6135923151542565                       0
                 8.09375       0.662679700366597                       0
                 8.09375      0.7117670855789375                       0
                 8.09375       0.760854470791278                       0
                 8.09375      0.8099418560036186                       0
                 8.09375       0.859029241215959                       0
                 8.09375      0.9081166264282996                       0
                 8.09375      0.9572040116406401                       0
                 8.09375       1.006291396852981                       0
                 8.09375       1.055378782065321                       0
                 8.09375       1.104466167277662                       0
                 8.09375       1.153553552490002                       0
                 8.09375       1.202640937702343                       0
                 8.09375       1.251728322914683                       0
                 8.09375       1.300815708127024                       0
                 8.09375       1.349903093339364                       0
                 8.09375       1.398990478551705                       0
                 8.09375       1.448077863764045                       0
                 8.09375       1.497165248976386                       0
                 8.09375       1.546252634188726                       0
                 8.09375       1.595340019401067                       0
                 8.09375       1.644427404613407                       0
                 8.09375       1.693514789825748                       0
                 8.09375       1.742602175038088                       0
                 8.09375       1.791689560250429                       0
                 8.09375       1.840776945462769                       0
                 8.09375        1.88986433067511                       0
                 8.09375       1.938951715887451                       0
                 8.09375       1.988039101099791                       0
                 8.09375       2.037126486312132                       0
                 8.09375       2.086213871524472                       0
                 8.09375       2.135301256736812                       0
                 8.09375       2.184388641949153                       0
                 8.09375       2.233476027161494                       0
                 8.09375       2.282563412373834                       0
                 8.09375       2.331650797586175                       0
                 8.09375       2.380738182798515                       0
                 8.09375       2.429825568010856                       0
                 8.09375       2.478912953223196                       0
                 8.09375       2.528000338435537                       0
                 8.09375       2.577087723647877                       0
                 8.09375       2.626175108860218                       0
                 8.09375       2.675262494072558                       0
                 8.09375       2.724349879284899                       0
                 8.09375       2.773437264497239                       0
                 8.09375        2.82252464970958                       0
                 8.09375        2.87161203492192                       0
                 8.09375       2.920699420134261                       0
                 8.09375       2.969786805346601                       0
                 8.09375       3.018874190558942                       0
                 8.09375       3.067961575771282                       0
                 8.09375       3.117048960983623                       0

                 8.15625     0.02454369260617026                       0
                 8.15625     0.07363107781851078                       0
                 8.15625      0.1227184630308513                       0
                 8.15625      0.1718058482431918                       0
                 8.15625      0.2208932334555323                       0
                 8.15625      0.2699806186678728                       0
                 8.15625      0.3190680038802134                       0
                 8.15625      0.3681553890925539                       0
                 8.15625      0.4172427743048944                       0
                 8.15625      0.4663301595172349                       0
                 8.15625      0.5154175447295755                       0
                 8.15625      0.5645049299419159                       0
                 8.15625      0.6135923151542565                       0
                 8.15625       0.662679700366597                       0
                 8.15625      0.7117670855789375                       0
                 8.15625       0.760854470791278                       0
                 8.15625      0.8099418560036186                       0
                 8.15625       0.859029241215959                       0
                 8.15625      0.9081166264282996                       0
                 8.15625      0.9572040116406401                       0
                 8.15625       1.006291396852981                       0
                 8.15625       1.055378782065321                       0
                 8.15625       1.104466167277662                       0
                 8.15625       1.153553552490002                       0
                 8.15625       1.202640937702343                       0
                 8.15625       1.251728322914683                       0
                 8.15625       1.300815708127024                       0
                 8.15625       1.349903093339364                       0
                 8.15625       1.398990478551705                       0
                 8.15625       1.448077863764045                       0
                 8.15625       1.497165248976386                       0
                 8.15625       1.546252634188726                       0
                 8.15625       1.595340019401067                       0
                 8.15625       1.644427404613407                       0
                 8.15625       1.693514789825748                       0
                 8.15625       1.742602175038088                       0
                 8.15625       1.791689560250429                       0
                 8.15625       1.840776945462769                       0
                 8.15625        1.88986433067511                       0
                 8.15625       1.938951715887451                       0
                 8.15625       1.988039101099791                       0
                 8.15625       2.037126486312132                       0
                 8.15625       2.086213871524472                       0
                 8.15625       2.135301256736812                       0
                 8.15625       2.184388641949153                       0
                 8.15625       2.233476027161494                       0
                 8.15625       2.282563412373834                       0
                 8.15625       2.331650797586175                       0
                 8.15625       2.380738182798515                       0
                 8.15625       2.429825568010856                       0
                 8.15625       2.478912953223196                       0
                 8.15625       2.528000338435537                       0
                 8.15625       2.577087723647877                       0
                 8.15625       2.626175108860218                       0
                 8.15625       2.675262494072558                       0
                 8.15625       2.724349879284899                       0
                 8.15625       2.773437264497239                       0
                 8.15625        2.82252464970958                       0
                 8.15625        2.87161203492192                       0
                 8.15625       2.920699420134261                       0
                 8.15625       2.969786805346601                       0
                 8.15625       3.018874190558942                       0
                 8.15625       3.067961575771282                       0
                 8.15625       3.117048960983623                       0

                 8.21875     0.02454369260617026                       0
                 8.21875     0.07363107781851078                       0
                 8.21875      0.1227184630308513                       0
                 8.21875      0.1718058482431918                       0
                 8.21875      0.2208932334555323                       0
                 8.21875      0.2699806186678728                       0
                 8.21875      0.3190680038802134                       0
                 8.21875      0.3681553890925539                       0
                 8.21875      0.4172427743048944                       0
                 8.21875      0.4663301595172349                       0
                 8.21875      0.5154175447295755                       0
                 8.21875      0.5645049299419159                       0
                 8.21875      0.6135923151542565                       0
                 8.21875       0.662679700366597                       0
                 8.21875      0.7117670855789375                       0
                 8.21875       0.760854470791278                       0
                 8.21875      0.8099418560036186                       0
                 8.21875       0.859029241215959                       0
                 8.21875      0.9081166264282996                       0
                 8.21875      0.9572040116406401                       0
                 8.21875       1.006291396852981                       0
                 8.21875       1.055378782065321                       0
                 8.21875       1.104466167277662                       0
                 8.21875       1.153553552490002                       0
                 8.21875       1.202640937702343                       0
                 8.21875       1.251728322914683                       0
                 8.21875       1.300815708127024                       0
                 8.21875       1.349903093339364                       0
                 8.21875       1.398990478551705                       0
                 8.21875       1.448077863764045                       0
                 8.21875       1.497165248976386                       0
                 8.21875       1.546252634188726                       0
                 8.21875       1.595340019401067                       0
                 8.21875       1.644427404613407                       0
                 8.21875       1.693514789825748                       0
                 8.21875       1.742602175038088                       0
                 8.21875       1.791689560250429                       0
                 8.21875       1.840776945462769                       0
                 8.21875        1.88986433067511                       0
                 8.21875       1.938951715887451                       0
                 8.21875       1.988039101099791                       0
                 8.21875       2.037126486312132                       0
                 8.21875       2.086213871524472                       0
                 8.21875       2.135301256736812                       0
                 8.21875       2.184388641949153                       0
                 8.21875       2.233476027161494                       0
                 8.21875       2.282563412373834                       0
                 8.21875       2.331650797586175                       0
                 8.21875       2.380738182798515                       0
                 8.21875       2.429825568010856                       0
                 8.21875       2.478912953223196                       0
                 8.21875       2.528000338435537                       0
                 8.21875       2.577087723647877                       0
                 8.21875       2.626175108860218                       0
                 8.21875       2.675262494072558                       0
                 8.21875       2.724349879284899                       0
                 8.21875       2.773437264497239                       0
                 8.21875        2.82252464970958                       0
                 8.21875        2.87161203492192                       0
                 8.21875       2.920699420134261                       0
                 8.21875       2.969786805346601                       0
                 8.21875       3.018874190558942                       0
                 8.21875       3.067961575771282                       0
                 8.21875       3.117048960983623                       0

