                 0.03125     0.02454369260617026   5.009737045793383e-05
                 0.03125     0.07363107781851078   5.009737045793383e-05
                 0.03125      0.1227184630308513   5.009737045793383e-05
                 0.03125      0.1718058482431918   5.009737045793383e-05
                 0.03125      0.2208932334555323   5.009737045793383e-05
                 0.03125      0.2699806186678728   5.009737045793383e-05
                 0.03125      0.3190680038802134   5.009737045793383e-05
                 0.03125      0.3681553890925539   5.009737045793383e-05
                 0.03125      0.4172427743048944   5.009737045793383e-05
                 0.03125      0.4663301595172349   5.009737045793383e-05
                 0.03125      0.5154175447295755   5.009737045793383e-05
                 0.03125      0.5645049299419159   5.009737045793383e-05
                 0.03125      0.6135923151542565   5.009737045793383e-05
                 0.03125       0.662679700366597   5.009737045793383e-05
                 0.03125      0.7117670855789375   5.009737045793383e-05
                 0.03125       0.760854470791278   5.009737045793383e-05
                 0.03125      0.8099418560036186   5.009737045793383e-05
                 0.03125       0.859029241215959   5.009737045793383e-05
                 0.03125      0.9081166264282996   5.009737045793383e-05
                 0.03125      0.9572040116406401   5.009737045793383e-05
                 0.03125       1.006291396852981   5.009737045793383e-05
                 0.03125       1.055378782065321   5.009737045793383e-05
                 0.03125       1.104466167277662   5.009737045793383e-05
                 0.03125       1.153553552490002   5.009737045793383e-05
                 0.03125       1.202640937702343   5.009737045793383e-05
                 0.03125       1.251728322914683   5.009737045793383e-05
                 0.03125       1.300815708127024   5.009737045793383e-05
                 0.03125       1.349903093339364   5.009737045793383e-05
                 0.03125       1.398990478551705   5.009737045793383e-05
                 0.03125       1.448077863764045   5.009737045793383e-05
                 0.03125       1.497165248976386   5.009737045793383e-05
                 0.03125       1.546252634188726   5.009737045793383e-05
                 0.03125       1.595340019401067   5.009737045793383e-05
                 0.03125       1.644427404613407   5.009737045793383e-05
                 0.03125       1.693514789825748   5.009737045793383e-05
                 0.03125       1.742602175038088   5.009737045793383e-05
                 0.03125       1.791689560250429   5.009737045793383e-05
                 0.03125       1.840776945462769   5.009737045793383e-05
                 0.03125        1.88986433067511   5.009737045793383e-05
                 0.03125       1.938951715887451   5.009737045793383e-05
                 0.03125       1.988039101099791   5.009737045793383e-05
                 0.03125       2.037126486312132   5.009737045793383e-05
                 0.03125       2.086213871524472   5.009737045793383e-05
                 0.03125       2.135301256736812   5.009737045793383e-05
                 0.03125       2.184388641949153   5.009737045793383e-05
                 0.03125       2.233476027161494   5.009737045793383e-05
                 0.03125       2.282563412373834   5.009737045793383e-05
                 0.03125       2.331650797586175   5.009737045793383e-05
                 0.03125       2.380738182798515   5.009737045793383e-05
                 0.03125       2.429825568010856   5.009737045793383e-05
                 0.03125       2.478912953223196   5.009737045793383e-05
                 0.03125       2.528000338435537   5.009737045793383e-05
                 0.03125       2.577087723647877   5.009737045793383e-05
                 0.03125       2.626175108860218   5.009737045793383e-05
                 0.03125       2.675262494072558   5.009737045793383e-05
                 0.03125       2.724349879284899   5.009737045793383e-05
                 0.03125       2.773437264497239   5.009737045793383e-05
                 0.03125        2.82252464970958   5.009737045793383e-05
                 0.03125        2.87161203492192   5.009737045793383e-05
                 0.03125       2.920699420134261   5.009737045793383e-05
                 0.03125       2.969786805346601   5.009737045793383e-05
                 0.03125       3.018874190558942   5.009737045793383e-05
                 0.03125       3.067961575771282   5.009737045793383e-05
                 0.03125       3.117048960983623   5.009737045793383e-05

                 0.09375     0.02454369260617026   5.085595688942258e-05
                 0.09375     0.07363107781851078   5.085595688942258e-05
                 0.09375      0.1227184630308513   5.085595688942258e-05
                 0.09375      0.1718058482431918   5.085595688942258e-05
                 0.09375      0.2208932334555323   5.085595688942258e-05
                 0.09375      0.2699806186678728   5.085595688942258e-05
                 0.09375      0.3190680038802134   5.085595688942258e-05
                 0.09375      0.3681553890925539   5.085595688942258e-05
                 0.09375      0.4172427743048944   5.085595688942258e-05
                 0.09375      0.4663301595172349   5.085595688942258e-05
                 0.09375      0.5154175447295755   5.085595688942258e-05
                 0.09375      0.5645049299419159   5.085595688942258e-05
                 0.09375      0.6135923151542565   5.085595688942258e-05
                 0.09375       0.662679700366597   5.085595688942258e-05
                 0.09375      0.7117670855789375   5.085595688942258e-05
                 0.09375       0.760854470791278   5.085595688942258e-05
                 0.09375      0.8099418560036186   5.085595688942258e-05
                 0.09375       0.859029241215959   5.085595688942258e-05
                 0.09375      0.9081166264282996   5.085595688942258e-05
                 0.09375      0.9572040116406401   5.085595688942258e-05
                 0.09375       1.006291396852981   5.085595688942258e-05
                 0.09375       1.055378782065321   5.085595688942258e-05
                 0.09375       1.104466167277662   5.085595688942258e-05
                 0.09375       1.153553552490002   5.085595688942258e-05
                 0.09375       1.202640937702343   5.085595688942258e-05
                 0.09375       1.251728322914683   5.085595688942258e-05
                 0.09375       1.300815708127024   5.085595688942258e-05
                 0.09375       1.349903093339364   5.085595688942258e-05
                 0.09375       1.398990478551705   5.085595688942258e-05
                 0.09375       1.448077863764045   5.085595688942258e-05
                 0.09375       1.497165248976386   5.085595688942258e-05
                 0.09375       1.546252634188726   5.085595688942258e-05
                 0.09375       1.595340019401067   5.085595688942258e-05
                 0.09375       1.644427404613407   5.085595688942258e-05
                 0.09375       1.693514789825748   5.085595688942258e-05
                 0.09375       1.742602175038088   5.085595688942258e-05
                 0.09375       1.791689560250429   5.085595688942258e-05
                 0.09375       1.840776945462769   5.085595688942258e-05
                 0.09375        1.88986433067511   5.085595688942258e-05
                 0.09375       1.938951715887451   5.085595688942258e-05
                 0.09375       1.988039101099791   5.085595688942258e-05
                 0.09375       2.037126486312132   5.085595688942258e-05
                 0.09375       2.086213871524472   5.085595688942258e-05
                 0.09375       2.135301256736812   5.085595688942258e-05
                 0.09375       2.184388641949153   5.085595688942258e-05
                 0.09375       2.233476027161494   5.085595688942258e-05
                 0.09375       2.282563412373834   5.085595688942258e-05
                 0.09375       2.331650797586175   5.085595688942258e-05
                 0.09375       2.380738182798515   5.085595688942258e-05
                 0.09375       2.429825568010856   5.085595688942258e-05
                 0.09375       2.478912953223196   5.085595688942258e-05
                 0.09375       2.528000338435537   5.085595688942258e-05
                 0.09375       2.577087723647877   5.085595688942258e-05
                 0.09375       2.626175108860218   5.085595688942258e-05
                 0.09375       2.675262494072558   5.085595688942258e-05
                 0.09375       2.724349879284899   5.085595688942258e-05
                 0.09375       2.773437264497239   5.085595688942258e-05
                 0.09375        2.82252464970958   5.085595688942258e-05
                 0.09375        2.87161203492192   5.085595688942258e-05
                 0.09375       2.920699420134261   5.085595688942258e-05
                 0.09375       2.969786805346601   5.085595688942258e-05
                 0.09375       3.018874190558942   5.085595688942258e-05
                 0.09375       3.067961575771282   5.085595688942258e-05
                 0.09375       3.117048960983623   5.085595688942258e-05

                 0.15625     0.02454369260617026   5.226736108799699e-05
                 0.15625     0.07363107781851078   5.226736108799699e-05
                 0.15625      0.1227184630308513   5.226736108799699e-05
                 0.15625      0.1718058482431918   5.226736108799699e-05
                 0.15625      0.2208932334555323   5.226736108799699e-05
                 0.15625      0.2699806186678728   5.226736108799699e-05
                 0.15625      0.3190680038802134   5.226736108799699e-05
                 0.15625      0.3681553890925539   5.226736108799699e-05
                 0.15625      0.4172427743048944   5.226736108799699e-05
                 0.15625      0.4663301595172349   5.226736108799699e-05
                 0.15625      0.5154175447295755   5.226736108799699e-05
                 0.15625      0.5645049299419159   5.226736108799699e-05
                 0.15625      0.6135923151542565   5.226736108799699e-05
                 0.15625       0.662679700366597   5.226736108799699e-05
                 0.15625      0.7117670855789375   5.226736108799699e-05
                 0.15625       0.760854470791278   5.226736108799699e-05
                 0.15625      0.8099418560036186   5.226736108799699e-05
                 0.15625       0.859029241215959   5.226736108799699e-05
                 0.15625      0.9081166264282996   5.226736108799699e-05
                 0.15625      0.9572040116406401   5.226736108799699e-05
                 0.15625       1.006291396852981   5.226736108799699e-05
                 0.15625       1.055378782065321   5.226736108799699e-05
                 0.15625       1.104466167277662   5.226736108799699e-05
                 0.15625       1.153553552490002   5.226736108799699e-05
                 0.15625       1.202640937702343   5.226736108799699e-05
                 0.15625       1.251728322914683   5.226736108799699e-05
                 0.15625       1.300815708127024   5.226736108799699e-05
                 0.15625       1.349903093339364   5.226736108799699e-05
                 0.15625       1.398990478551705   5.226736108799699e-05
                 0.15625       1.448077863764045   5.226736108799699e-05
                 0.15625       1.497165248976386   5.226736108799699e-05
                 0.15625       1.546252634188726   5.226736108799699e-05
                 0.15625       1.595340019401067   5.226736108799699e-05
                 0.15625       1.644427404613407   5.226736108799699e-05
                 0.15625       1.693514789825748   5.226736108799699e-05
                 0.15625       1.742602175038088   5.226736108799699e-05
                 0.15625       1.791689560250429   5.226736108799699e-05
                 0.15625       1.840776945462769   5.226736108799699e-05
                 0.15625        1.88986433067511   5.226736108799699e-05
                 0.15625       1.938951715887451   5.226736108799699e-05
                 0.15625       1.988039101099791   5.226736108799699e-05
                 0.15625       2.037126486312132   5.226736108799699e-05
                 0.15625       2.086213871524472   5.226736108799699e-05
                 0.15625       2.135301256736812   5.226736108799699e-05
                 0.15625       2.184388641949153   5.226736108799699e-05
                 0.15625       2.233476027161494   5.226736108799699e-05
                 0.15625       2.282563412373834   5.226736108799699e-05
                 0.15625       2.331650797586175   5.226736108799699e-05
                 0.15625       2.380738182798515   5.226736108799699e-05
                 0.15625       2.429825568010856   5.226736108799699e-05
                 0.15625       2.478912953223196   5.226736108799699e-05
                 0.15625       2.528000338435537   5.226736108799699e-05
                 0.15625       2.577087723647877   5.226736108799699e-05
                 0.15625       2.626175108860218   5.226736108799699e-05
                 0.15625       2.675262494072558   5.226736108799699e-05
                 0.15625       2.724349879284899   5.226736108799699e-05
                 0.15625       2.773437264497239   5.226736108799699e-05
                 0.15625        2.82252464970958   5.226736108799699e-05
                 0.15625        2.87161203492192   5.226736108799699e-05
                 0.15625       2.920699420134261   5.226736108799699e-05
                 0.15625       2.969786805346601   5.226736108799699e-05
                 0.15625       3.018874190558942   5.226736108799699e-05
                 0.15625       3.067961575771282   5.226736108799699e-05
                 0.15625       3.117048960983623   5.226736108799699e-05

                 0.21875     0.02454369260617026   5.413355384572781e-05
                 0.21875     0.07363107781851078   5.413355384572781e-05
                 0.21875      0.1227184630308513   5.413355384572781e-05
                 0.21875      0.1718058482431918   5.413355384572781e-05
                 0.21875      0.2208932334555323   5.413355384572781e-05
                 0.21875      0.2699806186678728   5.413355384572781e-05
                 0.21875      0.3190680038802134   5.413355384572781e-05
                 0.21875      0.3681553890925539   5.413355384572781e-05
                 0.21875      0.4172427743048944   5.413355384572781e-05
                 0.21875      0.4663301595172349   5.413355384572781e-05
                 0.21875      0.5154175447295755   5.413355384572781e-05
                 0.21875      0.5645049299419159   5.413355384572781e-05
                 0.21875      0.6135923151542565   5.413355384572781e-05
                 0.21875       0.662679700366597   5.413355384572781e-05
                 0.21875      0.7117670855789375   5.413355384572781e-05
                 0.21875       0.760854470791278   5.413355384572781e-05
                 0.21875      0.8099418560036186   5.413355384572781e-05
                 0.21875       0.859029241215959   5.413355384572781e-05
                 0.21875      0.9081166264282996   5.413355384572781e-05
                 0.21875      0.9572040116406401   5.413355384572781e-05
                 0.21875       1.006291396852981   5.413355384572781e-05
                 0.21875       1.055378782065321   5.413355384572781e-05
                 0.21875       1.104466167277662   5.413355384572781e-05
                 0.21875       1.153553552490002   5.413355384572781e-05
                 0.21875       1.202640937702343   5.413355384572781e-05
                 0.21875       1.251728322914683   5.413355384572781e-05
                 0.21875       1.300815708127024   5.413355384572781e-05
                 0.21875       1.349903093339364   5.413355384572781e-05
                 0.21875       1.398990478551705   5.413355384572781e-05
                 0.21875       1.448077863764045   5.413355384572781e-05
                 0.21875       1.497165248976386   5.413355384572781e-05
                 0.21875       1.546252634188726   5.413355384572781e-05
                 0.21875       1.595340019401067   5.413355384572781e-05
                 0.21875       1.644427404613407   5.413355384572781e-05
                 0.21875       1.693514789825748   5.413355384572781e-05
                 0.21875       1.742602175038088   5.413355384572781e-05
                 0.21875       1.791689560250429   5.413355384572781e-05
                 0.21875       1.840776945462769   5.413355384572781e-05
                 0.21875        1.88986433067511   5.413355384572781e-05
                 0.21875       1.938951715887451   5.413355384572781e-05
                 0.21875       1.988039101099791   5.413355384572781e-05
                 0.21875       2.037126486312132   5.413355384572781e-05
                 0.21875       2.086213871524472   5.413355384572781e-05
                 0.21875       2.135301256736812   5.413355384572781e-05
                 0.21875       2.184388641949153   5.413355384572781e-05
                 0.21875       2.233476027161494   5.413355384572781e-05
                 0.21875       2.282563412373834   5.413355384572781e-05
                 0.21875       2.331650797586175   5.413355384572781e-05
                 0.21875       2.380738182798515   5.413355384572781e-05
                 0.21875       2.429825568010856   5.413355384572781e-05
                 0.21875       2.478912953223196   5.413355384572781e-05
                 0.21875       2.528000338435537   5.413355384572781e-05
                 0.21875       2.577087723647877   5.413355384572781e-05
                 0.21875       2.626175108860218   5.413355384572781e-05
                 0.21875       2.675262494072558   5.413355384572781e-05
                 0.21875       2.724349879284899   5.413355384572781e-05
                 0.21875       2.773437264497239   5.413355384572781e-05
                 0.21875        2.82252464970958   5.413355384572781e-05
                 0.21875        2.87161203492192   5.413355384572781e-05
                 0.21875       2.920699420134261   5.413355384572781e-05
                 0.21875       2.969786805346601   5.413355384572781e-05
                 0.21875       3.018874190558942   5.413355384572781e-05
                 0.21875       3.067961575771282   5.413355384572781e-05
                 0.21875       3.117048960983623   5.413355384572781e-05

                 0.28125     0.02454369260617026   5.618924487760054e-05
                 0.28125     0.07363107781851078   5.618924487760054e-05
                 0.28125      0.1227184630308513   5.618924487760054e-05
                 0.28125      0.1718058482431918   5.618924487760054e-05
                 0.28125      0.2208932334555323   5.618924487760054e-05
                 0.28125      0.2699806186678728   5.618924487760054e-05
                 0.28125      0.3190680038802134   5.618924487760054e-05
                 0.28125      0.3681553890925539   5.618924487760054e-05
                 0.28125      0.4172427743048944   5.618924487760054e-05
                 0.28125      0.4663301595172349   5.618924487760054e-05
                 0.28125      0.5154175447295755   5.618924487760054e-05
                 0.28125      0.5645049299419159   5.618924487760054e-05
                 0.28125      0.6135923151542565   5.618924487760054e-05
                 0.28125       0.662679700366597   5.618924487760054e-05
                 0.28125      0.7117670855789375   5.618924487760054e-05
                 0.28125       0.760854470791278   5.618924487760054e-05
                 0.28125      0.8099418560036186   5.618924487760054e-05
                 0.28125       0.859029241215959   5.618924487760054e-05
                 0.28125      0.9081166264282996   5.618924487760054e-05
                 0.28125      0.9572040116406401   5.618924487760054e-05
                 0.28125       1.006291396852981   5.618924487760054e-05
                 0.28125       1.055378782065321   5.618924487760054e-05
                 0.28125       1.104466167277662   5.618924487760054e-05
                 0.28125       1.153553552490002   5.618924487760054e-05
                 0.28125       1.202640937702343   5.618924487760054e-05
                 0.28125       1.251728322914683   5.618924487760054e-05
                 0.28125       1.300815708127024   5.618924487760054e-05
                 0.28125       1.349903093339364   5.618924487760054e-05
                 0.28125       1.398990478551705   5.618924487760054e-05
                 0.28125       1.448077863764045   5.618924487760054e-05
                 0.28125       1.497165248976386   5.618924487760054e-05
                 0.28125       1.546252634188726   5.618924487760054e-05
                 0.28125       1.595340019401067   5.618924487760054e-05
                 0.28125       1.644427404613407   5.618924487760054e-05
                 0.28125       1.693514789825748   5.618924487760054e-05
                 0.28125       1.742602175038088   5.618924487760054e-05
                 0.28125       1.791689560250429   5.618924487760054e-05
                 0.28125       1.840776945462769   5.618924487760054e-05
                 0.28125        1.88986433067511   5.618924487760054e-05
                 0.28125       1.938951715887451   5.618924487760054e-05
                 0.28125       1.988039101099791   5.618924487760054e-05
                 0.28125       2.037126486312132   5.618924487760054e-05
                 0.28125       2.086213871524472   5.618924487760054e-05
                 0.28125       2.135301256736812   5.618924487760054e-05
                 0.28125       2.184388641949153   5.618924487760054e-05
                 0.28125       2.233476027161494   5.618924487760054e-05
                 0.28125       2.282563412373834   5.618924487760054e-05
                 0.28125       2.331650797586175   5.618924487760054e-05
                 0.28125       2.380738182798515   5.618924487760054e-05
                 0.28125       2.429825568010856   5.618924487760054e-05
                 0.28125       2.478912953223196   5.618924487760054e-05
                 0.28125       2.528000338435537   5.618924487760054e-05
                 0.28125       2.577087723647877   5.618924487760054e-05
                 0.28125       2.626175108860218   5.618924487760054e-05
                 0.28125       2.675262494072558   5.618924487760054e-05
                 0.28125       2.724349879284899   5.618924487760054e-05
                 0.28125       2.773437264497239   5.618924487760054e-05
                 0.28125        2.82252464970958   5.618924487760054e-05
                 0.28125        2.87161203492192   5.618924487760054e-05
                 0.28125       2.920699420134261   5.618924487760054e-05
                 0.28125       2.969786805346601   5.618924487760054e-05
                 0.28125       3.018874190558942   5.618924487760054e-05
                 0.28125       3.067961575771282   5.618924487760054e-05
                 0.28125       3.117048960983623   5.618924487760054e-05

                 0.34375     0.02454369260617026    5.81346937035385e-05
                 0.34375     0.07363107781851078    5.81346937035385e-05
                 0.34375      0.1227184630308513    5.81346937035385e-05
                 0.34375      0.1718058482431918    5.81346937035385e-05
                 0.34375      0.2208932334555323    5.81346937035385e-05
                 0.34375      0.2699806186678728    5.81346937035385e-05
                 0.34375      0.3190680038802134    5.81346937035385e-05
                 0.34375      0.3681553890925539    5.81346937035385e-05
                 0.34375      0.4172427743048944    5.81346937035385e-05
                 0.34375      0.4663301595172349    5.81346937035385e-05
                 0.34375      0.5154175447295755    5.81346937035385e-05
                 0.34375      0.5645049299419159    5.81346937035385e-05
                 0.34375      0.6135923151542565    5.81346937035385e-05
                 0.34375       0.662679700366597    5.81346937035385e-05
                 0.34375      0.7117670855789375    5.81346937035385e-05
                 0.34375       0.760854470791278    5.81346937035385e-05
                 0.34375      0.8099418560036186    5.81346937035385e-05
                 0.34375       0.859029241215959    5.81346937035385e-05
                 0.34375      0.9081166264282996    5.81346937035385e-05
                 0.34375      0.9572040116406401    5.81346937035385e-05
                 0.34375       1.006291396852981    5.81346937035385e-05
                 0.34375       1.055378782065321    5.81346937035385e-05
                 0.34375       1.104466167277662    5.81346937035385e-05
                 0.34375       1.153553552490002    5.81346937035385e-05
                 0.34375       1.202640937702343    5.81346937035385e-05
                 0.34375       1.251728322914683    5.81346937035385e-05
                 0.34375       1.300815708127024    5.81346937035385e-05
                 0.34375       1.349903093339364    5.81346937035385e-05
                 0.34375       1.398990478551705    5.81346937035385e-05
                 0.34375       1.448077863764045    5.81346937035385e-05
                 0.34375       1.497165248976386    5.81346937035385e-05
                 0.34375       1.546252634188726    5.81346937035385e-05
                 0.34375       1.595340019401067    5.81346937035385e-05
                 0.34375       1.644427404613407    5.81346937035385e-05
                 0.34375       1.693514789825748    5.81346937035385e-05
                 0.34375       1.742602175038088    5.81346937035385e-05
                 0.34375       1.791689560250429    5.81346937035385e-05
                 0.34375       1.840776945462769    5.81346937035385e-05
                 0.34375        1.88986433067511    5.81346937035385e-05
                 0.34375       1.938951715887451    5.81346937035385e-05
                 0.34375       1.988039101099791    5.81346937035385e-05
                 0.34375       2.037126486312132    5.81346937035385e-05
                 0.34375       2.086213871524472    5.81346937035385e-05
                 0.34375       2.135301256736812    5.81346937035385e-05
                 0.34375       2.184388641949153    5.81346937035385e-05
                 0.34375       2.233476027161494    5.81346937035385e-05
                 0.34375       2.282563412373834    5.81346937035385e-05
                 0.34375       2.331650797586175    5.81346937035385e-05
                 0.34375       2.380738182798515    5.81346937035385e-05
                 0.34375       2.429825568010856    5.81346937035385e-05
                 0.34375       2.478912953223196    5.81346937035385e-05
                 0.34375       2.528000338435537    5.81346937035385e-05
                 0.34375       2.577087723647877    5.81346937035385e-05
                 0.34375       2.626175108860218    5.81346937035385e-05
                 0.34375       2.675262494072558    5.81346937035385e-05
                 0.34375       2.724349879284899    5.81346937035385e-05
                 0.34375       2.773437264497239    5.81346937035385e-05
                 0.34375        2.82252464970958    5.81346937035385e-05
                 0.34375        2.87161203492192    5.81346937035385e-05
                 0.34375       2.920699420134261    5.81346937035385e-05
                 0.34375       2.969786805346601    5.81346937035385e-05
                 0.34375       3.018874190558942    5.81346937035385e-05
                 0.34375       3.067961575771282    5.81346937035385e-05
                 0.34375       3.117048960983623    5.81346937035385e-05

                 0.40625     0.02454369260617026   5.967162443874996e-05
                 0.40625     0.07363107781851078   5.967162443874996e-05
                 0.40625      0.1227184630308513   5.967162443874996e-05
                 0.40625      0.1718058482431918   5.967162443874996e-05
                 0.40625      0.2208932334555323   5.967162443874996e-05
                 0.40625      0.2699806186678728   5.967162443874996e-05
                 0.40625      0.3190680038802134   5.967162443874996e-05
                 0.40625      0.3681553890925539   5.967162443874996e-05
                 0.40625      0.4172427743048944   5.967162443874996e-05
                 0.40625      0.4663301595172349   5.967162443874996e-05
                 0.40625      0.5154175447295755   5.967162443874996e-05
                 0.40625      0.5645049299419159   5.967162443874996e-05
                 0.40625      0.6135923151542565   5.967162443874996e-05
                 0.40625       0.662679700366597   5.967162443874996e-05
                 0.40625      0.7117670855789375   5.967162443874996e-05
                 0.40625       0.760854470791278   5.967162443874996e-05
                 0.40625      0.8099418560036186   5.967162443874996e-05
                 0.40625       0.859029241215959   5.967162443874996e-05
                 0.40625      0.9081166264282996   5.967162443874996e-05
                 0.40625      0.9572040116406401   5.967162443874996e-05
                 0.40625       1.006291396852981   5.967162443874996e-05
                 0.40625       1.055378782065321   5.967162443874996e-05
                 0.40625       1.104466167277662   5.967162443874996e-05
                 0.40625       1.153553552490002   5.967162443874996e-05
                 0.40625       1.202640937702343   5.967162443874996e-05
                 0.40625       1.251728322914683   5.967162443874996e-05
                 0.40625       1.300815708127024   5.967162443874996e-05
                 0.40625       1.349903093339364   5.967162443874996e-05
                 0.40625       1.398990478551705   5.967162443874996e-05
                 0.40625       1.448077863764045   5.967162443874996e-05
                 0.40625       1.497165248976386   5.967162443874996e-05
                 0.40625       1.546252634188726   5.967162443874996e-05
                 0.40625       1.595340019401067   5.967162443874996e-05
                 0.40625       1.644427404613407   5.967162443874996e-05
                 0.40625       1.693514789825748   5.967162443874996e-05
                 0.40625       1.742602175038088   5.967162443874996e-05
                 0.40625       1.791689560250429   5.967162443874996e-05
                 0.40625       1.840776945462769   5.967162443874996e-05
                 0.40625        1.88986433067511   5.967162443874996e-05
                 0.40625       1.938951715887451   5.967162443874996e-05
                 0.40625       1.988039101099791   5.967162443874996e-05
                 0.40625       2.037126486312132   5.967162443874996e-05
                 0.40625       2.086213871524472   5.967162443874996e-05
                 0.40625       2.135301256736812   5.967162443874996e-05
                 0.40625       2.184388641949153   5.967162443874996e-05
                 0.40625       2.233476027161494   5.967162443874996e-05
                 0.40625       2.282563412373834   5.967162443874996e-05
                 0.40625       2.331650797586175   5.967162443874996e-05
                 0.40625       2.380738182798515   5.967162443874996e-05
                 0.40625       2.429825568010856   5.967162443874996e-05
                 0.40625       2.478912953223196   5.967162443874996e-05
                 0.40625       2.528000338435537   5.967162443874996e-05
                 0.40625       2.577087723647877   5.967162443874996e-05
                 0.40625       2.626175108860218   5.967162443874996e-05
                 0.40625       2.675262494072558   5.967162443874996e-05
                 0.40625       2.724349879284899   5.967162443874996e-05
                 0.40625       2.773437264497239   5.967162443874996e-05
                 0.40625        2.82252464970958   5.967162443874996e-05
                 0.40625        2.87161203492192   5.967162443874996e-05
                 0.40625       2.920699420134261   5.967162443874996e-05
                 0.40625       2.969786805346601   5.967162443874996e-05
                 0.40625       3.018874190558942   5.967162443874996e-05
                 0.40625       3.067961575771282   5.967162443874996e-05
                 0.40625       3.117048960983623   5.967162443874996e-05

                 0.46875     0.02454369260617026   6.053730012517949e-05
                 0.46875     0.07363107781851078   6.053730012517949e-05
                 0.46875      0.1227184630308513   6.053730012517949e-05
                 0.46875      0.1718058482431918   6.053730012517949e-05
                 0.46875      0.2208932334555323   6.053730012517949e-05
                 0.46875      0.2699806186678728   6.053730012517949e-05
                 0.46875      0.3190680038802134   6.053730012517949e-05
                 0.46875      0.3681553890925539   6.053730012517949e-05
                 0.46875      0.4172427743048944   6.053730012517949e-05
                 0.46875      0.4663301595172349   6.053730012517949e-05
                 0.46875      0.5154175447295755   6.053730012517949e-05
                 0.46875      0.5645049299419159   6.053730012517949e-05
                 0.46875      0.6135923151542565   6.053730012517949e-05
                 0.46875       0.662679700366597   6.053730012517949e-05
                 0.46875      0.7117670855789375   6.053730012517949e-05
                 0.46875       0.760854470791278   6.053730012517949e-05
                 0.46875      0.8099418560036186   6.053730012517949e-05
                 0.46875       0.859029241215959   6.053730012517949e-05
                 0.46875      0.9081166264282996   6.053730012517949e-05
                 0.46875      0.9572040116406401   6.053730012517949e-05
                 0.46875       1.006291396852981   6.053730012517949e-05
                 0.46875       1.055378782065321   6.053730012517949e-05
                 0.46875       1.104466167277662   6.053730012517949e-05
                 0.46875       1.153553552490002   6.053730012517949e-05
                 0.46875       1.202640937702343   6.053730012517949e-05
                 0.46875       1.251728322914683   6.053730012517949e-05
                 0.46875       1.300815708127024   6.053730012517949e-05
                 0.46875       1.349903093339364   6.053730012517949e-05
                 0.46875       1.398990478551705   6.053730012517949e-05
                 0.46875       1.448077863764045   6.053730012517949e-05
                 0.46875       1.497165248976386   6.053730012517949e-05
                 0.46875       1.546252634188726   6.053730012517949e-05
                 0.46875       1.595340019401067   6.053730012517949e-05
                 0.46875       1.644427404613407   6.053730012517949e-05
                 0.46875       1.693514789825748   6.053730012517949e-05
                 0.46875       1.742602175038088   6.053730012517949e-05
                 0.46875       1.791689560250429   6.053730012517949e-05
                 0.46875       1.840776945462769   6.053730012517949e-05
                 0.46875        1.88986433067511   6.053730012517949e-05
                 0.46875       1.938951715887451   6.053730012517949e-05
                 0.46875       1.988039101099791   6.053730012517949e-05
                 0.46875       2.037126486312132   6.053730012517949e-05
                 0.46875       2.086213871524472   6.053730012517949e-05
                 0.46875       2.135301256736812   6.053730012517949e-05
                 0.46875       2.184388641949153   6.053730012517949e-05
                 0.46875       2.233476027161494   6.053730012517949e-05
                 0.46875       2.282563412373834   6.053730012517949e-05
                 0.46875       2.331650797586175   6.053730012517949e-05
                 0.46875       2.380738182798515   6.053730012517949e-05
                 0.46875       2.429825568010856   6.053730012517949e-05
                 0.46875       2.478912953223196   6.053730012517949e-05
                 0.46875       2.528000338435537   6.053730012517949e-05
                 0.46875       2.577087723647877   6.053730012517949e-05
                 0.46875       2.626175108860218   6.053730012517949e-05
                 0.46875       2.675262494072558   6.053730012517949e-05
                 0.46875       2.724349879284899   6.053730012517949e-05
                 0.46875       2.773437264497239   6.053730012517949e-05
                 0.46875        2.82252464970958   6.053730012517949e-05
                 0.46875        2.87161203492192   6.053730012517949e-05
                 0.46875       2.920699420134261   6.053730012517949e-05
                 0.46875       2.969786805346601   6.053730012517949e-05
                 0.46875       3.018874190558942   6.053730012517949e-05
                 0.46875       3.067961575771282   6.053730012517949e-05
                 0.46875       3.117048960983623   6.053730012517949e-05

                 0.53125     0.02454369260617026   6.053236802278835e-05
                 0.53125     0.07363107781851078   6.053236802278835e-05
                 0.53125      0.1227184630308513   6.053236802278835e-05
                 0.53125      0.1718058482431918   6.053236802278835e-05
                 0.53125      0.2208932334555323   6.053236802278835e-05
                 0.53125      0.2699806186678728   6.053236802278835e-05
                 0.53125      0.3190680038802134   6.053236802278835e-05
                 0.53125      0.3681553890925539   6.053236802278835e-05
                 0.53125      0.4172427743048944   6.053236802278835e-05
                 0.53125      0.4663301595172349   6.053236802278835e-05
                 0.53125      0.5154175447295755   6.053236802278835e-05
                 0.53125      0.5645049299419159   6.053236802278835e-05
                 0.53125      0.6135923151542565   6.053236802278835e-05
                 0.53125       0.662679700366597   6.053236802278835e-05
                 0.53125      0.7117670855789375   6.053236802278835e-05
                 0.53125       0.760854470791278   6.053236802278835e-05
                 0.53125      0.8099418560036186   6.053236802278835e-05
                 0.53125       0.859029241215959   6.053236802278835e-05
                 0.53125      0.9081166264282996   6.053236802278835e-05
                 0.53125      0.9572040116406401   6.053236802278835e-05
                 0.53125       1.006291396852981   6.053236802278835e-05
                 0.53125       1.055378782065321   6.053236802278835e-05
                 0.53125       1.104466167277662   6.053236802278835e-05
                 0.53125       1.153553552490002   6.053236802278835e-05
                 0.53125       1.202640937702343   6.053236802278835e-05
                 0.53125       1.251728322914683   6.053236802278835e-05
                 0.53125       1.300815708127024   6.053236802278835e-05
                 0.53125       1.349903093339364   6.053236802278835e-05
                 0.53125       1.398990478551705   6.053236802278835e-05
                 0.53125       1.448077863764045   6.053236802278835e-05
                 0.53125       1.497165248976386   6.053236802278835e-05
                 0.53125       1.546252634188726   6.053236802278835e-05
                 0.53125       1.595340019401067   6.053236802278835e-05
                 0.53125       1.644427404613407   6.053236802278835e-05
                 0.53125       1.693514789825748   6.053236802278835e-05
                 0.53125       1.742602175038088   6.053236802278835e-05
                 0.53125       1.791689560250429   6.053236802278835e-05
                 0.53125       1.840776945462769   6.053236802278835e-05
                 0.53125        1.88986433067511   6.053236802278835e-05
                 0.53125       1.938951715887451   6.053236802278835e-05
                 0.53125       1.988039101099791   6.053236802278835e-05
                 0.53125       2.037126486312132   6.053236802278835e-05
                 0.53125       2.086213871524472   6.053236802278835e-05
                 0.53125       2.135301256736812   6.053236802278835e-05
                 0.53125       2.184388641949153   6.053236802278835e-05
                 0.53125       2.233476027161494   6.053236802278835e-05
                 0.53125       2.282563412373834   6.053236802278835e-05
                 0.53125       2.331650797586175   6.053236802278835e-05
                 0.53125       2.380738182798515   6.053236802278835e-05
                 0.53125       2.429825568010856   6.053236802278835e-05
                 0.53125       2.478912953223196   6.053236802278835e-05
                 0.53125       2.528000338435537   6.053236802278835e-05
                 0.53125       2.577087723647877   6.053236802278835e-05
                 0.53125       2.626175108860218   6.053236802278835e-05
                 0.53125       2.675262494072558   6.053236802278835e-05
                 0.53125       2.724349879284899   6.053236802278835e-05
                 0.53125       2.773437264497239   6.053236802278835e-05
                 0.53125        2.82252464970958   6.053236802278835e-05
                 0.53125        2.87161203492192   6.053236802278835e-05
                 0.53125       2.920699420134261   6.053236802278835e-05
                 0.53125       2.969786805346601   6.053236802278835e-05
                 0.53125       3.018874190558942   6.053236802278835e-05
                 0.53125       3.067961575771282   6.053236802278835e-05
                 0.53125       3.117048960983623   6.053236802278835e-05

                 0.59375     0.02454369260617026   5.953929173223064e-05
                 0.59375     0.07363107781851078   5.953929173223064e-05
                 0.59375      0.1227184630308513   5.953929173223064e-05
                 0.59375      0.1718058482431918   5.953929173223064e-05
                 0.59375      0.2208932334555323   5.953929173223064e-05
                 0.59375      0.2699806186678728   5.953929173223064e-05
                 0.59375      0.3190680038802134   5.953929173223064e-05
                 0.59375      0.3681553890925539   5.953929173223064e-05
                 0.59375      0.4172427743048944   5.953929173223064e-05
                 0.59375      0.4663301595172349   5.953929173223064e-05
                 0.59375      0.5154175447295755   5.953929173223064e-05
                 0.59375      0.5645049299419159   5.953929173223064e-05
                 0.59375      0.6135923151542565   5.953929173223064e-05
                 0.59375       0.662679700366597   5.953929173223064e-05
                 0.59375      0.7117670855789375   5.953929173223064e-05
                 0.59375       0.760854470791278   5.953929173223064e-05
                 0.59375      0.8099418560036186   5.953929173223064e-05
                 0.59375       0.859029241215959   5.953929173223064e-05
                 0.59375      0.9081166264282996   5.953929173223064e-05
                 0.59375      0.9572040116406401   5.953929173223064e-05
                 0.59375       1.006291396852981   5.953929173223064e-05
                 0.59375       1.055378782065321   5.953929173223064e-05
                 0.59375       1.104466167277662   5.953929173223064e-05
                 0.59375       1.153553552490002   5.953929173223064e-05
                 0.59375       1.202640937702343   5.953929173223064e-05
                 0.59375       1.251728322914683   5.953929173223064e-05
                 0.59375       1.300815708127024   5.953929173223064e-05
                 0.59375       1.349903093339364   5.953929173223064e-05
                 0.59375       1.398990478551705   5.953929173223064e-05
                 0.59375       1.448077863764045   5.953929173223064e-05
                 0.59375       1.497165248976386   5.953929173223064e-05
                 0.59375       1.546252634188726   5.953929173223064e-05
                 0.59375       1.595340019401067   5.953929173223064e-05
                 0.59375       1.644427404613407   5.953929173223064e-05
                 0.59375       1.693514789825748   5.953929173223064e-05
                 0.59375       1.742602175038088   5.953929173223064e-05
                 0.59375       1.791689560250429   5.953929173223064e-05
                 0.59375       1.840776945462769   5.953929173223064e-05
                 0.59375        1.88986433067511   5.953929173223064e-05
                 0.59375       1.938951715887451   5.953929173223064e-05
                 0.59375       1.988039101099791   5.953929173223064e-05
                 0.59375       2.037126486312132   5.953929173223064e-05
                 0.59375       2.086213871524472   5.953929173223064e-05
                 0.59375       2.135301256736812   5.953929173223064e-05
                 0.59375       2.184388641949153   5.953929173223064e-05
                 0.59375       2.233476027161494   5.953929173223064e-05
                 0.59375       2.282563412373834   5.953929173223064e-05
                 0.59375       2.331650797586175   5.953929173223064e-05
                 0.59375       2.380738182798515   5.953929173223064e-05
                 0.59375       2.429825568010856   5.953929173223064e-05
                 0.59375       2.478912953223196   5.953929173223064e-05
                 0.59375       2.528000338435537   5.953929173223064e-05
                 0.59375       2.577087723647877   5.953929173223064e-05
                 0.59375       2.626175108860218   5.953929173223064e-05
                 0.59375       2.675262494072558   5.953929173223064e-05
                 0.59375       2.724349879284899   5.953929173223064e-05
                 0.59375       2.773437264497239   5.953929173223064e-05
                 0.59375        2.82252464970958   5.953929173223064e-05
                 0.59375        2.87161203492192   5.953929173223064e-05
                 0.59375       2.920699420134261   5.953929173223064e-05
                 0.59375       2.969786805346601   5.953929173223064e-05
                 0.59375       3.018874190558942   5.953929173223064e-05
                 0.59375       3.067961575771282   5.953929173223064e-05
                 0.59375       3.117048960983623   5.953929173223064e-05

                 0.65625     0.02454369260617026   5.752978689971925e-05
                 0.65625     0.07363107781851078   5.752978689971925e-05
                 0.65625      0.1227184630308513   5.752978689971925e-05
                 0.65625      0.1718058482431918   5.752978689971925e-05
                 0.65625      0.2208932334555323   5.752978689971925e-05
                 0.65625      0.2699806186678728   5.752978689971925e-05
                 0.65625      0.3190680038802134   5.752978689971925e-05
                 0.65625      0.3681553890925539   5.752978689971925e-05
                 0.65625      0.4172427743048944   5.752978689971925e-05
                 0.65625      0.4663301595172349   5.752978689971925e-05
                 0.65625      0.5154175447295755   5.752978689971925e-05
                 0.65625      0.5645049299419159   5.752978689971925e-05
                 0.65625      0.6135923151542565   5.752978689971925e-05
                 0.65625       0.662679700366597   5.752978689971925e-05
                 0.65625      0.7117670855789375   5.752978689971925e-05
                 0.65625       0.760854470791278   5.752978689971925e-05
                 0.65625      0.8099418560036186   5.752978689971925e-05
                 0.65625       0.859029241215959   5.752978689971925e-05
                 0.65625      0.9081166264282996   5.752978689971925e-05
                 0.65625      0.9572040116406401   5.752978689971925e-05
                 0.65625       1.006291396852981   5.752978689971925e-05
                 0.65625       1.055378782065321   5.752978689971925e-05
                 0.65625       1.104466167277662   5.752978689971925e-05
                 0.65625       1.153553552490002   5.752978689971925e-05
                 0.65625       1.202640937702343   5.752978689971925e-05
                 0.65625       1.251728322914683   5.752978689971925e-05
                 0.65625       1.300815708127024   5.752978689971925e-05
                 0.65625       1.349903093339364   5.752978689971925e-05
                 0.65625       1.398990478551705   5.752978689971925e-05
                 0.65625       1.448077863764045   5.752978689971925e-05
                 0.65625       1.497165248976386   5.752978689971925e-05
                 0.65625       1.546252634188726   5.752978689971925e-05
                 0.65625       1.595340019401067   5.752978689971925e-05
                 0.65625       1.644427404613407   5.752978689971925e-05
                 0.65625       1.693514789825748   5.752978689971925e-05
                 0.65625       1.742602175038088   5.752978689971925e-05
                 0.65625       1.791689560250429   5.752978689971925e-05
                 0.65625       1.840776945462769   5.752978689971925e-05
                 0.65625        1.88986433067511   5.752978689971925e-05
                 0.65625       1.938951715887451   5.752978689971925e-05
                 0.65625       1.988039101099791   5.752978689971925e-05
                 0.65625       2.037126486312132   5.752978689971925e-05
                 0.65625       2.086213871524472   5.752978689971925e-05
                 0.65625       2.135301256736812   5.752978689971925e-05
                 0.65625       2.184388641949153   5.752978689971925e-05
                 0.65625       2.233476027161494   5.752978689971925e-05
                 0.65625       2.282563412373834   5.752978689971925e-05
                 0.65625       2.331650797586175   5.752978689971925e-05
                 0.65625       2.380738182798515   5.752978689971925e-05
                 0.65625       2.429825568010856   5.752978689971925e-05
                 0.65625       2.478912953223196   5.752978689971925e-05
                 0.65625       2.528000338435537   5.752978689971925e-05
                 0.65625       2.577087723647877   5.752978689971925e-05
                 0.65625       2.626175108860218   5.752978689971925e-05
                 0.65625       2.675262494072558   5.752978689971925e-05
                 0.65625       2.724349879284899   5.752978689971925e-05
                 0.65625       2.773437264497239   5.752978689971925e-05
                 0.65625        2.82252464970958   5.752978689971925e-05
                 0.65625        2.87161203492192   5.752978689971925e-05
                 0.65625       2.920699420134261   5.752978689971925e-05
                 0.65625       2.969786805346601   5.752978689971925e-05
                 0.65625       3.018874190558942   5.752978689971925e-05
                 0.65625       3.067961575771282   5.752978689971925e-05
                 0.65625       3.117048960983623   5.752978689971925e-05

                 0.71875     0.02454369260617026   5.456137166632396e-05
                 0.71875     0.07363107781851078   5.456137166632396e-05
                 0.71875      0.1227184630308513   5.456137166632396e-05
                 0.71875      0.1718058482431918   5.456137166632396e-05
                 0.71875      0.2208932334555323   5.456137166632396e-05
                 0.71875      0.2699806186678728   5.456137166632396e-05
                 0.71875      0.3190680038802134   5.456137166632396e-05
                 0.71875      0.3681553890925539   5.456137166632396e-05
                 0.71875      0.4172427743048944   5.456137166632396e-05
                 0.71875      0.4663301595172349   5.456137166632396e-05
                 0.71875      0.5154175447295755   5.456137166632396e-05
                 0.71875      0.5645049299419159   5.456137166632396e-05
                 0.71875      0.6135923151542565   5.456137166632396e-05
                 0.71875       0.662679700366597   5.456137166632396e-05
                 0.71875      0.7117670855789375   5.456137166632396e-05
                 0.71875       0.760854470791278   5.456137166632396e-05
                 0.71875      0.8099418560036186   5.456137166632396e-05
                 0.71875       0.859029241215959   5.456137166632396e-05
                 0.71875      0.9081166264282996   5.456137166632396e-05
                 0.71875      0.9572040116406401   5.456137166632396e-05
                 0.71875       1.006291396852981   5.456137166632396e-05
                 0.71875       1.055378782065321   5.456137166632396e-05
                 0.71875       1.104466167277662   5.456137166632396e-05
                 0.71875       1.153553552490002   5.456137166632396e-05
                 0.71875       1.202640937702343   5.456137166632396e-05
                 0.71875       1.251728322914683   5.456137166632396e-05
                 0.71875       1.300815708127024   5.456137166632396e-05
                 0.71875       1.349903093339364   5.456137166632396e-05
                 0.71875       1.398990478551705   5.456137166632396e-05
                 0.71875       1.448077863764045   5.456137166632396e-05
                 0.71875       1.497165248976386   5.456137166632396e-05
                 0.71875       1.546252634188726   5.456137166632396e-05
                 0.71875       1.595340019401067   5.456137166632396e-05
                 0.71875       1.644427404613407   5.456137166632396e-05
                 0.71875       1.693514789825748   5.456137166632396e-05
                 0.71875       1.742602175038088   5.456137166632396e-05
                 0.71875       1.791689560250429   5.456137166632396e-05
                 0.71875       1.840776945462769   5.456137166632396e-05
                 0.71875        1.88986433067511   5.456137166632396e-05
                 0.71875       1.938951715887451   5.456137166632396e-05
                 0.71875       1.988039101099791   5.456137166632396e-05
                 0.71875       2.037126486312132   5.456137166632396e-05
                 0.71875       2.086213871524472   5.456137166632396e-05
                 0.71875       2.135301256736812   5.456137166632396e-05
                 0.71875       2.184388641949153   5.456137166632396e-05
                 0.71875       2.233476027161494   5.456137166632396e-05
                 0.71875       2.282563412373834   5.456137166632396e-05
                 0.71875       2.331650797586175   5.456137166632396e-05
                 0.71875       2.380738182798515   5.456137166632396e-05
                 0.71875       2.429825568010856   5.456137166632396e-05
                 0.71875       2.478912953223196   5.456137166632396e-05
                 0.71875       2.528000338435537   5.456137166632396e-05
                 0.71875       2.577087723647877   5.456137166632396e-05
                 0.71875       2.626175108860218   5.456137166632396e-05
                 0.71875       2.675262494072558   5.456137166632396e-05
                 0.71875       2.724349879284899   5.456137166632396e-05
                 0.71875       2.773437264497239   5.456137166632396e-05
                 0.71875        2.82252464970958   5.456137166632396e-05
                 0.71875        2.87161203492192   5.456137166632396e-05
                 0.71875       2.920699420134261   5.456137166632396e-05
                 0.71875       2.969786805346601   5.456137166632396e-05
                 0.71875       3.018874190558942   5.456137166632396e-05
                 0.71875       3.067961575771282   5.456137166632396e-05
                 0.71875       3.117048960983623   5.456137166632396e-05

                 0.78125     0.02454369260617026   5.076464064251644e-05
                 0.78125     0.07363107781851078   5.076464064251644e-05
                 0.78125      0.1227184630308513   5.076464064251644e-05
                 0.78125      0.1718058482431918   5.076464064251644e-05
                 0.78125      0.2208932334555323   5.076464064251644e-05
                 0.78125      0.2699806186678728   5.076464064251644e-05
                 0.78125      0.3190680038802134   5.076464064251644e-05
                 0.78125      0.3681553890925539   5.076464064251644e-05
                 0.78125      0.4172427743048944   5.076464064251644e-05
                 0.78125      0.4663301595172349   5.076464064251644e-05
                 0.78125      0.5154175447295755   5.076464064251644e-05
                 0.78125      0.5645049299419159   5.076464064251644e-05
                 0.78125      0.6135923151542565   5.076464064251644e-05
                 0.78125       0.662679700366597   5.076464064251644e-05
                 0.78125      0.7117670855789375   5.076464064251644e-05
                 0.78125       0.760854470791278   5.076464064251644e-05
                 0.78125      0.8099418560036186   5.076464064251644e-05
                 0.78125       0.859029241215959   5.076464064251644e-05
                 0.78125      0.9081166264282996   5.076464064251644e-05
                 0.78125      0.9572040116406401   5.076464064251644e-05
                 0.78125       1.006291396852981   5.076464064251644e-05
                 0.78125       1.055378782065321   5.076464064251644e-05
                 0.78125       1.104466167277662   5.076464064251644e-05
                 0.78125       1.153553552490002   5.076464064251644e-05
                 0.78125       1.202640937702343   5.076464064251644e-05
                 0.78125       1.251728322914683   5.076464064251644e-05
                 0.78125       1.300815708127024   5.076464064251644e-05
                 0.78125       1.349903093339364   5.076464064251644e-05
                 0.78125       1.398990478551705   5.076464064251644e-05
                 0.78125       1.448077863764045   5.076464064251644e-05
                 0.78125       1.497165248976386   5.076464064251644e-05
                 0.78125       1.546252634188726   5.076464064251644e-05
                 0.78125       1.595340019401067   5.076464064251644e-05
                 0.78125       1.644427404613407   5.076464064251644e-05
                 0.78125       1.693514789825748   5.076464064251644e-05
                 0.78125       1.742602175038088   5.076464064251644e-05
                 0.78125       1.791689560250429   5.076464064251644e-05
                 0.78125       1.840776945462769   5.076464064251644e-05
                 0.78125        1.88986433067511   5.076464064251644e-05
                 0.78125       1.938951715887451   5.076464064251644e-05
                 0.78125       1.988039101099791   5.076464064251644e-05
                 0.78125       2.037126486312132   5.076464064251644e-05
                 0.78125       2.086213871524472   5.076464064251644e-05
                 0.78125       2.135301256736812   5.076464064251644e-05
                 0.78125       2.184388641949153   5.076464064251644e-05
                 0.78125       2.233476027161494   5.076464064251644e-05
                 0.78125       2.282563412373834   5.076464064251644e-05
                 0.78125       2.331650797586175   5.076464064251644e-05
                 0.78125       2.380738182798515   5.076464064251644e-05
                 0.78125       2.429825568010856   5.076464064251644e-05
                 0.78125       2.478912953223196   5.076464064251644e-05
                 0.78125       2.528000338435537   5.076464064251644e-05
                 0.78125       2.577087723647877   5.076464064251644e-05
                 0.78125       2.626175108860218   5.076464064251644e-05
                 0.78125       2.675262494072558   5.076464064251644e-05
                 0.78125       2.724349879284899   5.076464064251644e-05
                 0.78125       2.773437264497239   5.076464064251644e-05
                 0.78125        2.82252464970958   5.076464064251644e-05
                 0.78125        2.87161203492192   5.076464064251644e-05
                 0.78125       2.920699420134261   5.076464064251644e-05
                 0.78125       2.969786805346601   5.076464064251644e-05
                 0.78125       3.018874190558942   5.076464064251644e-05
                 0.78125       3.067961575771282   5.076464064251644e-05
                 0.78125       3.117048960983623   5.076464064251644e-05

                 0.84375     0.02454369260617026   4.632394866370406e-05
                 0.84375     0.07363107781851078   4.632394866370406e-05
                 0.84375      0.1227184630308513   4.632394866370406e-05
                 0.84375      0.1718058482431918   4.632394866370406e-05
                 0.84375      0.2208932334555323   4.632394866370406e-05
                 0.84375      0.2699806186678728   4.632394866370406e-05
                 0.84375      0.3190680038802134   4.632394866370406e-05
                 0.84375      0.3681553890925539   4.632394866370406e-05
                 0.84375      0.4172427743048944   4.632394866370406e-05
                 0.84375      0.4663301595172349   4.632394866370406e-05
                 0.84375      0.5154175447295755   4.632394866370406e-05
                 0.84375      0.5645049299419159   4.632394866370406e-05
                 0.84375      0.6135923151542565   4.632394866370406e-05
                 0.84375       0.662679700366597   4.632394866370406e-05
                 0.84375      0.7117670855789375   4.632394866370406e-05
                 0.84375       0.760854470791278   4.632394866370406e-05
                 0.84375      0.8099418560036186   4.632394866370406e-05
                 0.84375       0.859029241215959   4.632394866370406e-05
                 0.84375      0.9081166264282996   4.632394866370406e-05
                 0.84375      0.9572040116406401   4.632394866370406e-05
                 0.84375       1.006291396852981   4.632394866370406e-05
                 0.84375       1.055378782065321   4.632394866370406e-05
                 0.84375       1.104466167277662   4.632394866370406e-05
                 0.84375       1.153553552490002   4.632394866370406e-05
                 0.84375       1.202640937702343   4.632394866370406e-05
                 0.84375       1.251728322914683   4.632394866370406e-05
                 0.84375       1.300815708127024   4.632394866370406e-05
                 0.84375       1.349903093339364   4.632394866370406e-05
                 0.84375       1.398990478551705   4.632394866370406e-05
                 0.84375       1.448077863764045   4.632394866370406e-05
                 0.84375       1.497165248976386   4.632394866370406e-05
                 0.84375       1.546252634188726   4.632394866370406e-05
                 0.84375       1.595340019401067   4.632394866370406e-05
                 0.84375       1.644427404613407   4.632394866370406e-05
                 0.84375       1.693514789825748   4.632394866370406e-05
                 0.84375       1.742602175038088   4.632394866370406e-05
                 0.84375       1.791689560250429   4.632394866370406e-05
                 0.84375       1.840776945462769   4.632394866370406e-05
                 0.84375        1.88986433067511   4.632394866370406e-05
                 0.84375       1.938951715887451   4.632394866370406e-05
                 0.84375       1.988039101099791   4.632394866370406e-05
                 0.84375       2.037126486312132   4.632394866370406e-05
                 0.84375       2.086213871524472   4.632394866370406e-05
                 0.84375       2.135301256736812   4.632394866370406e-05
                 0.84375       2.184388641949153   4.632394866370406e-05
                 0.84375       2.233476027161494   4.632394866370406e-05
                 0.84375       2.282563412373834   4.632394866370406e-05
                 0.84375       2.331650797586175   4.632394866370406e-05
                 0.84375       2.380738182798515   4.632394866370406e-05
                 0.84375       2.429825568010856   4.632394866370406e-05
                 0.84375       2.478912953223196   4.632394866370406e-05
                 0.84375       2.528000338435537   4.632394866370406e-05
                 0.84375       2.577087723647877   4.632394866370406e-05
                 0.84375       2.626175108860218   4.632394866370406e-05
                 0.84375       2.675262494072558   4.632394866370406e-05
                 0.84375       2.724349879284899   4.632394866370406e-05
                 0.84375       2.773437264497239   4.632394866370406e-05
                 0.84375        2.82252464970958   4.632394866370406e-05
                 0.84375        2.87161203492192   4.632394866370406e-05
                 0.84375       2.920699420134261   4.632394866370406e-05
                 0.84375       2.969786805346601   4.632394866370406e-05
                 0.84375       3.018874190558942   4.632394866370406e-05
                 0.84375       3.067961575771282   4.632394866370406e-05
                 0.84375       3.117048960983623   4.632394866370406e-05

                 0.90625     0.02454369260617026   4.145472617635356e-05
                 0.90625     0.07363107781851078   4.145472617635356e-05
                 0.90625      0.1227184630308513   4.145472617635356e-05
                 0.90625      0.1718058482431918   4.145472617635356e-05
                 0.90625      0.2208932334555323   4.145472617635356e-05
                 0.90625      0.2699806186678728   4.145472617635356e-05
                 0.90625      0.3190680038802134   4.145472617635356e-05
                 0.90625      0.3681553890925539   4.145472617635356e-05
                 0.90625      0.4172427743048944   4.145472617635356e-05
                 0.90625      0.4663301595172349   4.145472617635356e-05
                 0.90625      0.5154175447295755   4.145472617635356e-05
                 0.90625      0.5645049299419159   4.145472617635356e-05
                 0.90625      0.6135923151542565   4.145472617635356e-05
                 0.90625       0.662679700366597   4.145472617635356e-05
                 0.90625      0.7117670855789375   4.145472617635356e-05
                 0.90625       0.760854470791278   4.145472617635356e-05
                 0.90625      0.8099418560036186   4.145472617635356e-05
                 0.90625       0.859029241215959   4.145472617635356e-05
                 0.90625      0.9081166264282996   4.145472617635356e-05
                 0.90625      0.9572040116406401   4.145472617635356e-05
                 0.90625       1.006291396852981   4.145472617635356e-05
                 0.90625       1.055378782065321   4.145472617635356e-05
                 0.90625       1.104466167277662   4.145472617635356e-05
                 0.90625       1.153553552490002   4.145472617635356e-05
                 0.90625       1.202640937702343   4.145472617635356e-05
                 0.90625       1.251728322914683   4.145472617635356e-05
                 0.90625       1.300815708127024   4.145472617635356e-05
                 0.90625       1.349903093339364   4.145472617635356e-05
                 0.90625       1.398990478551705   4.145472617635356e-05
                 0.90625       1.448077863764045   4.145472617635356e-05
                 0.90625       1.497165248976386   4.145472617635356e-05
                 0.90625       1.546252634188726   4.145472617635356e-05
                 0.90625       1.595340019401067   4.145472617635356e-05
                 0.90625       1.644427404613407   4.145472617635356e-05
                 0.90625       1.693514789825748   4.145472617635356e-05
                 0.90625       1.742602175038088   4.145472617635356e-05
                 0.90625       1.791689560250429   4.145472617635356e-05
                 0.90625       1.840776945462769   4.145472617635356e-05
                 0.90625        1.88986433067511   4.145472617635356e-05
                 0.90625       1.938951715887451   4.145472617635356e-05
                 0.90625       1.988039101099791   4.145472617635356e-05
                 0.90625       2.037126486312132   4.145472617635356e-05
                 0.90625       2.086213871524472   4.145472617635356e-05
                 0.90625       2.135301256736812   4.145472617635356e-05
                 0.90625       2.184388641949153   4.145472617635356e-05
                 0.90625       2.233476027161494   4.145472617635356e-05
                 0.90625       2.282563412373834   4.145472617635356e-05
                 0.90625       2.331650797586175   4.145472617635356e-05
                 0.90625       2.380738182798515   4.145472617635356e-05
                 0.90625       2.429825568010856   4.145472617635356e-05
                 0.90625       2.478912953223196   4.145472617635356e-05
                 0.90625       2.528000338435537   4.145472617635356e-05
                 0.90625       2.577087723647877   4.145472617635356e-05
                 0.90625       2.626175108860218   4.145472617635356e-05
                 0.90625       2.675262494072558   4.145472617635356e-05
                 0.90625       2.724349879284899   4.145472617635356e-05
                 0.90625       2.773437264497239   4.145472617635356e-05
                 0.90625        2.82252464970958   4.145472617635356e-05
                 0.90625        2.87161203492192   4.145472617635356e-05
                 0.90625       2.920699420134261   4.145472617635356e-05
                 0.90625       2.969786805346601   4.145472617635356e-05
                 0.90625       3.018874190558942   4.145472617635356e-05
                 0.90625       3.067961575771282   4.145472617635356e-05
                 0.90625       3.117048960983623   4.145472617635356e-05

                 0.96875     0.02454369260617026   3.638063141116169e-05
                 0.96875     0.07363107781851078   3.638063141116169e-05
                 0.96875      0.1227184630308513   3.638063141116169e-05
                 0.96875      0.1718058482431918   3.638063141116169e-05
                 0.96875      0.2208932334555323   3.638063141116169e-05
                 0.96875      0.2699806186678728   3.638063141116169e-05
                 0.96875      0.3190680038802134   3.638063141116169e-05
                 0.96875      0.3681553890925539   3.638063141116169e-05
                 0.96875      0.4172427743048944   3.638063141116169e-05
                 0.96875      0.4663301595172349   3.638063141116169e-05
                 0.96875      0.5154175447295755   3.638063141116169e-05
                 0.96875      0.5645049299419159   3.638063141116169e-05
                 0.96875      0.6135923151542565   3.638063141116169e-05
                 0.96875       0.662679700366597   3.638063141116169e-05
                 0.96875      0.7117670855789375   3.638063141116169e-05
                 0.96875       0.760854470791278   3.638063141116169e-05
                 0.96875      0.8099418560036186   3.638063141116169e-05
                 0.96875       0.859029241215959   3.638063141116169e-05
                 0.96875      0.9081166264282996   3.638063141116169e-05
                 0.96875      0.9572040116406401   3.638063141116169e-05
                 0.96875       1.006291396852981   3.638063141116169e-05
                 0.96875       1.055378782065321   3.638063141116169e-05
                 0.96875       1.104466167277662   3.638063141116169e-05
                 0.96875       1.153553552490002   3.638063141116169e-05
                 0.96875       1.202640937702343   3.638063141116169e-05
                 0.96875       1.251728322914683   3.638063141116169e-05
                 0.96875       1.300815708127024   3.638063141116169e-05
                 0.96875       1.349903093339364   3.638063141116169e-05
                 0.96875       1.398990478551705   3.638063141116169e-05
                 0.96875       1.448077863764045   3.638063141116169e-05
                 0.96875       1.497165248976386   3.638063141116169e-05
                 0.96875       1.546252634188726   3.638063141116169e-05
                 0.96875       1.595340019401067   3.638063141116169e-05
                 0.96875       1.644427404613407   3.638063141116169e-05
                 0.96875       1.693514789825748   3.638063141116169e-05
                 0.96875       1.742602175038088   3.638063141116169e-05
                 0.96875       1.791689560250429   3.638063141116169e-05
                 0.96875       1.840776945462769   3.638063141116169e-05
                 0.96875        1.88986433067511   3.638063141116169e-05
                 0.96875       1.938951715887451   3.638063141116169e-05
                 0.96875       1.988039101099791   3.638063141116169e-05
                 0.96875       2.037126486312132   3.638063141116169e-05
                 0.96875       2.086213871524472   3.638063141116169e-05
                 0.96875       2.135301256736812   3.638063141116169e-05
                 0.96875       2.184388641949153   3.638063141116169e-05
                 0.96875       2.233476027161494   3.638063141116169e-05
                 0.96875       2.282563412373834   3.638063141116169e-05
                 0.96875       2.331650797586175   3.638063141116169e-05
                 0.96875       2.380738182798515   3.638063141116169e-05
                 0.96875       2.429825568010856   3.638063141116169e-05
                 0.96875       2.478912953223196   3.638063141116169e-05
                 0.96875       2.528000338435537   3.638063141116169e-05
                 0.96875       2.577087723647877   3.638063141116169e-05
                 0.96875       2.626175108860218   3.638063141116169e-05
                 0.96875       2.675262494072558   3.638063141116169e-05
                 0.96875       2.724349879284899   3.638063141116169e-05
                 0.96875       2.773437264497239   3.638063141116169e-05
                 0.96875        2.82252464970958   3.638063141116169e-05
                 0.96875        2.87161203492192   3.638063141116169e-05
                 0.96875       2.920699420134261   3.638063141116169e-05
                 0.96875       2.969786805346601   3.638063141116169e-05
                 0.96875       3.018874190558942   3.638063141116169e-05
                 0.96875       3.067961575771282   3.638063141116169e-05
                 0.96875       3.117048960983623   3.638063141116169e-05

                 1.03125     0.02454369260617026   3.131326244171106e-05
                 1.03125     0.07363107781851078   3.131326244171106e-05
                 1.03125      0.1227184630308513   3.131326244171106e-05
                 1.03125      0.1718058482431918   3.131326244171106e-05
                 1.03125      0.2208932334555323   3.131326244171106e-05
                 1.03125      0.2699806186678728   3.131326244171106e-05
                 1.03125      0.3190680038802134   3.131326244171106e-05
                 1.03125      0.3681553890925539   3.131326244171106e-05
                 1.03125      0.4172427743048944   3.131326244171106e-05
                 1.03125      0.4663301595172349   3.131326244171106e-05
                 1.03125      0.5154175447295755   3.131326244171106e-05
                 1.03125      0.5645049299419159   3.131326244171106e-05
                 1.03125      0.6135923151542565   3.131326244171106e-05
                 1.03125       0.662679700366597   3.131326244171106e-05
                 1.03125      0.7117670855789375   3.131326244171106e-05
                 1.03125       0.760854470791278   3.131326244171106e-05
                 1.03125      0.8099418560036186   3.131326244171106e-05
                 1.03125       0.859029241215959   3.131326244171106e-05
                 1.03125      0.9081166264282996   3.131326244171106e-05
                 1.03125      0.9572040116406401   3.131326244171106e-05
                 1.03125       1.006291396852981   3.131326244171106e-05
                 1.03125       1.055378782065321   3.131326244171106e-05
                 1.03125       1.104466167277662   3.131326244171106e-05
                 1.03125       1.153553552490002   3.131326244171106e-05
                 1.03125       1.202640937702343   3.131326244171106e-05
                 1.03125       1.251728322914683   3.131326244171106e-05
                 1.03125       1.300815708127024   3.131326244171106e-05
                 1.03125       1.349903093339364   3.131326244171106e-05
                 1.03125       1.398990478551705   3.131326244171106e-05
                 1.03125       1.448077863764045   3.131326244171106e-05
                 1.03125       1.497165248976386   3.131326244171106e-05
                 1.03125       1.546252634188726   3.131326244171106e-05
                 1.03125       1.595340019401067   3.131326244171106e-05
                 1.03125       1.644427404613407   3.131326244171106e-05
                 1.03125       1.693514789825748   3.131326244171106e-05
                 1.03125       1.742602175038088   3.131326244171106e-05
                 1.03125       1.791689560250429   3.131326244171106e-05
                 1.03125       1.840776945462769   3.131326244171106e-05
                 1.03125        1.88986433067511   3.131326244171106e-05
                 1.03125       1.938951715887451   3.131326244171106e-05
                 1.03125       1.988039101099791   3.131326244171106e-05
                 1.03125       2.037126486312132   3.131326244171106e-05
                 1.03125       2.086213871524472   3.131326244171106e-05
                 1.03125       2.135301256736812   3.131326244171106e-05
                 1.03125       2.184388641949153   3.131326244171106e-05
                 1.03125       2.233476027161494   3.131326244171106e-05
                 1.03125       2.282563412373834   3.131326244171106e-05
                 1.03125       2.331650797586175   3.131326244171106e-05
                 1.03125       2.380738182798515   3.131326244171106e-05
                 1.03125       2.429825568010856   3.131326244171106e-05
                 1.03125       2.478912953223196   3.131326244171106e-05
                 1.03125       2.528000338435537   3.131326244171106e-05
                 1.03125       2.577087723647877   3.131326244171106e-05
                 1.03125       2.626175108860218   3.131326244171106e-05
                 1.03125       2.675262494072558   3.131326244171106e-05
                 1.03125       2.724349879284899   3.131326244171106e-05
                 1.03125       2.773437264497239   3.131326244171106e-05
                 1.03125        2.82252464970958   3.131326244171106e-05
                 1.03125        2.87161203492192   3.131326244171106e-05
                 1.03125       2.920699420134261   3.131326244171106e-05
                 1.03125       2.969786805346601   3.131326244171106e-05
                 1.03125       3.018874190558942   3.131326244171106e-05
                 1.03125       3.067961575771282   3.131326244171106e-05
                 1.03125       3.117048960983623   3.131326244171106e-05

                 1.09375     0.02454369260617026   2.643635775045039e-05
                 1.09375     0.07363107781851078   2.643635775045039e-05
                 1.09375      0.1227184630308513   2.643635775045039e-05
                 1.09375      0.1718058482431918   2.643635775045039e-05
                 1.09375      0.2208932334555323   2.643635775045039e-05
                 1.09375      0.2699806186678728   2.643635775045039e-05
                 1.09375      0.3190680038802134   2.643635775045039e-05
                 1.09375      0.3681553890925539   2.643635775045039e-05
                 1.09375      0.4172427743048944   2.643635775045039e-05
                 1.09375      0.4663301595172349   2.643635775045039e-05
                 1.09375      0.5154175447295755   2.643635775045039e-05
                 1.09375      0.5645049299419159   2.643635775045039e-05
                 1.09375      0.6135923151542565   2.643635775045039e-05
                 1.09375       0.662679700366597   2.643635775045039e-05
                 1.09375      0.7117670855789375   2.643635775045039e-05
                 1.09375       0.760854470791278   2.643635775045039e-05
                 1.09375      0.8099418560036186   2.643635775045039e-05
                 1.09375       0.859029241215959   2.643635775045039e-05
                 1.09375      0.9081166264282996   2.643635775045039e-05
                 1.09375      0.9572040116406401   2.643635775045039e-05
                 1.09375       1.006291396852981   2.643635775045039e-05
                 1.09375       1.055378782065321   2.643635775045039e-05
                 1.09375       1.104466167277662   2.643635775045039e-05
                 1.09375       1.153553552490002   2.643635775045039e-05
                 1.09375       1.202640937702343   2.643635775045039e-05
                 1.09375       1.251728322914683   2.643635775045039e-05
                 1.09375       1.300815708127024   2.643635775045039e-05
                 1.09375       1.349903093339364   2.643635775045039e-05
                 1.09375       1.398990478551705   2.643635775045039e-05
                 1.09375       1.448077863764045   2.643635775045039e-05
                 1.09375       1.497165248976386   2.643635775045039e-05
                 1.09375       1.546252634188726   2.643635775045039e-05
                 1.09375       1.595340019401067   2.643635775045039e-05
                 1.09375       1.644427404613407   2.643635775045039e-05
                 1.09375       1.693514789825748   2.643635775045039e-05
                 1.09375       1.742602175038088   2.643635775045039e-05
                 1.09375       1.791689560250429   2.643635775045039e-05
                 1.09375       1.840776945462769   2.643635775045039e-05
                 1.09375        1.88986433067511   2.643635775045039e-05
                 1.09375       1.938951715887451   2.643635775045039e-05
                 1.09375       1.988039101099791   2.643635775045039e-05
                 1.09375       2.037126486312132   2.643635775045039e-05
                 1.09375       2.086213871524472   2.643635775045039e-05
                 1.09375       2.135301256736812   2.643635775045039e-05
                 1.09375       2.184388641949153   2.643635775045039e-05
                 1.09375       2.233476027161494   2.643635775045039e-05
                 1.09375       2.282563412373834   2.643635775045039e-05
                 1.09375       2.331650797586175   2.643635775045039e-05
                 1.09375       2.380738182798515   2.643635775045039e-05
                 1.09375       2.429825568010856   2.643635775045039e-05
                 1.09375       2.478912953223196   2.643635775045039e-05
                 1.09375       2.528000338435537   2.643635775045039e-05
                 1.09375       2.577087723647877   2.643635775045039e-05
                 1.09375       2.626175108860218   2.643635775045039e-05
                 1.09375       2.675262494072558   2.643635775045039e-05
                 1.09375       2.724349879284899   2.643635775045039e-05
                 1.09375       2.773437264497239   2.643635775045039e-05
                 1.09375        2.82252464970958   2.643635775045039e-05
                 1.09375        2.87161203492192   2.643635775045039e-05
                 1.09375       2.920699420134261   2.643635775045039e-05
                 1.09375       2.969786805346601   2.643635775045039e-05
                 1.09375       3.018874190558942   2.643635775045039e-05
                 1.09375       3.067961575771282   2.643635775045039e-05
                 1.09375       3.117048960983623   2.643635775045039e-05

                 1.15625     0.02454369260617026   2.189548674131134e-05
                 1.15625     0.07363107781851078   2.189548674131134e-05
                 1.15625      0.1227184630308513   2.189548674131134e-05
                 1.15625      0.1718058482431918   2.189548674131134e-05
                 1.15625      0.2208932334555323   2.189548674131134e-05
                 1.15625      0.2699806186678728   2.189548674131134e-05
                 1.15625      0.3190680038802134   2.189548674131134e-05
                 1.15625      0.3681553890925539   2.189548674131134e-05
                 1.15625      0.4172427743048944   2.189548674131134e-05
                 1.15625      0.4663301595172349   2.189548674131134e-05
                 1.15625      0.5154175447295755   2.189548674131134e-05
                 1.15625      0.5645049299419159   2.189548674131134e-05
                 1.15625      0.6135923151542565   2.189548674131134e-05
                 1.15625       0.662679700366597   2.189548674131134e-05
                 1.15625      0.7117670855789375   2.189548674131134e-05
                 1.15625       0.760854470791278   2.189548674131134e-05
                 1.15625      0.8099418560036186   2.189548674131134e-05
                 1.15625       0.859029241215959   2.189548674131134e-05
                 1.15625      0.9081166264282996   2.189548674131134e-05
                 1.15625      0.9572040116406401   2.189548674131134e-05
                 1.15625       1.006291396852981   2.189548674131134e-05
                 1.15625       1.055378782065321   2.189548674131134e-05
                 1.15625       1.104466167277662   2.189548674131134e-05
                 1.15625       1.153553552490002   2.189548674131134e-05
                 1.15625       1.202640937702343   2.189548674131134e-05
                 1.15625       1.251728322914683   2.189548674131134e-05
                 1.15625       1.300815708127024   2.189548674131134e-05
                 1.15625       1.349903093339364   2.189548674131134e-05
                 1.15625       1.398990478551705   2.189548674131134e-05
                 1.15625       1.448077863764045   2.189548674131134e-05
                 1.15625       1.497165248976386   2.189548674131134e-05
                 1.15625       1.546252634188726   2.189548674131134e-05
                 1.15625       1.595340019401067   2.189548674131134e-05
                 1.15625       1.644427404613407   2.189548674131134e-05
                 1.15625       1.693514789825748   2.189548674131134e-05
                 1.15625       1.742602175038088   2.189548674131134e-05
                 1.15625       1.791689560250429   2.189548674131134e-05
                 1.15625       1.840776945462769   2.189548674131134e-05
                 1.15625        1.88986433067511   2.189548674131134e-05
                 1.15625       1.938951715887451   2.189548674131134e-05
                 1.15625       1.988039101099791   2.189548674131134e-05
                 1.15625       2.037126486312132   2.189548674131134e-05
                 1.15625       2.086213871524472   2.189548674131134e-05
                 1.15625       2.135301256736812   2.189548674131134e-05
                 1.15625       2.184388641949153   2.189548674131134e-05
                 1.15625       2.233476027161494   2.189548674131134e-05
                 1.15625       2.282563412373834   2.189548674131134e-05
                 1.15625       2.331650797586175   2.189548674131134e-05
                 1.15625       2.380738182798515   2.189548674131134e-05
                 1.15625       2.429825568010856   2.189548674131134e-05
                 1.15625       2.478912953223196   2.189548674131134e-05
                 1.15625       2.528000338435537   2.189548674131134e-05
                 1.15625       2.577087723647877   2.189548674131134e-05
                 1.15625       2.626175108860218   2.189548674131134e-05
                 1.15625       2.675262494072558   2.189548674131134e-05
                 1.15625       2.724349879284899   2.189548674131134e-05
                 1.15625       2.773437264497239   2.189548674131134e-05
                 1.15625        2.82252464970958   2.189548674131134e-05
                 1.15625        2.87161203492192   2.189548674131134e-05
                 1.15625       2.920699420134261   2.189548674131134e-05
                 1.15625       2.969786805346601   2.189548674131134e-05
                 1.15625       3.018874190558942   2.189548674131134e-05
                 1.15625       3.067961575771282   2.189548674131134e-05
                 1.15625       3.117048960983623   2.189548674131134e-05

                 1.21875     0.02454369260617026   1.779334060715993e-05
                 1.21875     0.07363107781851078   1.779334060715993e-05
                 1.21875      0.1227184630308513   1.779334060715993e-05
                 1.21875      0.1718058482431918   1.779334060715993e-05
                 1.21875      0.2208932334555323   1.779334060715993e-05
                 1.21875      0.2699806186678728   1.779334060715993e-05
                 1.21875      0.3190680038802134   1.779334060715993e-05
                 1.21875      0.3681553890925539   1.779334060715993e-05
                 1.21875      0.4172427743048944   1.779334060715993e-05
                 1.21875      0.4663301595172349   1.779334060715993e-05
                 1.21875      0.5154175447295755   1.779334060715993e-05
                 1.21875      0.5645049299419159   1.779334060715993e-05
                 1.21875      0.6135923151542565   1.779334060715993e-05
                 1.21875       0.662679700366597   1.779334060715993e-05
                 1.21875      0.7117670855789375   1.779334060715993e-05
                 1.21875       0.760854470791278   1.779334060715993e-05
                 1.21875      0.8099418560036186   1.779334060715993e-05
                 1.21875       0.859029241215959   1.779334060715993e-05
                 1.21875      0.9081166264282996   1.779334060715993e-05
                 1.21875      0.9572040116406401   1.779334060715993e-05
                 1.21875       1.006291396852981   1.779334060715993e-05
                 1.21875       1.055378782065321   1.779334060715993e-05
                 1.21875       1.104466167277662   1.779334060715993e-05
                 1.21875       1.153553552490002   1.779334060715993e-05
                 1.21875       1.202640937702343   1.779334060715993e-05
                 1.21875       1.251728322914683   1.779334060715993e-05
                 1.21875       1.300815708127024   1.779334060715993e-05
                 1.21875       1.349903093339364   1.779334060715993e-05
                 1.21875       1.398990478551705   1.779334060715993e-05
                 1.21875       1.448077863764045   1.779334060715993e-05
                 1.21875       1.497165248976386   1.779334060715993e-05
                 1.21875       1.546252634188726   1.779334060715993e-05
                 1.21875       1.595340019401067   1.779334060715993e-05
                 1.21875       1.644427404613407   1.779334060715993e-05
                 1.21875       1.693514789825748   1.779334060715993e-05
                 1.21875       1.742602175038088   1.779334060715993e-05
                 1.21875       1.791689560250429   1.779334060715993e-05
                 1.21875       1.840776945462769   1.779334060715993e-05
                 1.21875        1.88986433067511   1.779334060715993e-05
                 1.21875       1.938951715887451   1.779334060715993e-05
                 1.21875       1.988039101099791   1.779334060715993e-05
                 1.21875       2.037126486312132   1.779334060715993e-05
                 1.21875       2.086213871524472   1.779334060715993e-05
                 1.21875       2.135301256736812   1.779334060715993e-05
                 1.21875       2.184388641949153   1.779334060715993e-05
                 1.21875       2.233476027161494   1.779334060715993e-05
                 1.21875       2.282563412373834   1.779334060715993e-05
                 1.21875       2.331650797586175   1.779334060715993e-05
                 1.21875       2.380738182798515   1.779334060715993e-05
                 1.21875       2.429825568010856   1.779334060715993e-05
                 1.21875       2.478912953223196   1.779334060715993e-05
                 1.21875       2.528000338435537   1.779334060715993e-05
                 1.21875       2.577087723647877   1.779334060715993e-05
                 1.21875       2.626175108860218   1.779334060715993e-05
                 1.21875       2.675262494072558   1.779334060715993e-05
                 1.21875       2.724349879284899   1.779334060715993e-05
                 1.21875       2.773437264497239   1.779334060715993e-05
                 1.21875        2.82252464970958   1.779334060715993e-05
                 1.21875        2.87161203492192   1.779334060715993e-05
                 1.21875       2.920699420134261   1.779334060715993e-05
                 1.21875       2.969786805346601   1.779334060715993e-05
                 1.21875       3.018874190558942   1.779334060715993e-05
                 1.21875       3.067961575771282   1.779334060715993e-05
                 1.21875       3.117048960983623   1.779334060715993e-05

                 1.28125     0.02454369260617026   1.419000863012831e-05
                 1.28125     0.07363107781851078   1.419000863012831e-05
                 1.28125      0.1227184630308513   1.419000863012831e-05
                 1.28125      0.1718058482431918   1.419000863012831e-05
                 1.28125      0.2208932334555323   1.419000863012831e-05
                 1.28125      0.2699806186678728   1.419000863012831e-05
                 1.28125      0.3190680038802134   1.419000863012831e-05
                 1.28125      0.3681553890925539   1.419000863012831e-05
                 1.28125      0.4172427743048944   1.419000863012831e-05
                 1.28125      0.4663301595172349   1.419000863012831e-05
                 1.28125      0.5154175447295755   1.419000863012831e-05
                 1.28125      0.5645049299419159   1.419000863012831e-05
                 1.28125      0.6135923151542565   1.419000863012831e-05
                 1.28125       0.662679700366597   1.419000863012831e-05
                 1.28125      0.7117670855789375   1.419000863012831e-05
                 1.28125       0.760854470791278   1.419000863012831e-05
                 1.28125      0.8099418560036186   1.419000863012831e-05
                 1.28125       0.859029241215959   1.419000863012831e-05
                 1.28125      0.9081166264282996   1.419000863012831e-05
                 1.28125      0.9572040116406401   1.419000863012831e-05
                 1.28125       1.006291396852981   1.419000863012831e-05
                 1.28125       1.055378782065321   1.419000863012831e-05
                 1.28125       1.104466167277662   1.419000863012831e-05
                 1.28125       1.153553552490002   1.419000863012831e-05
                 1.28125       1.202640937702343   1.419000863012831e-05
                 1.28125       1.251728322914683   1.419000863012831e-05
                 1.28125       1.300815708127024   1.419000863012831e-05
                 1.28125       1.349903093339364   1.419000863012831e-05
                 1.28125       1.398990478551705   1.419000863012831e-05
                 1.28125       1.448077863764045   1.419000863012831e-05
                 1.28125       1.497165248976386   1.419000863012831e-05
                 1.28125       1.546252634188726   1.419000863012831e-05
                 1.28125       1.595340019401067   1.419000863012831e-05
                 1.28125       1.644427404613407   1.419000863012831e-05
                 1.28125       1.693514789825748   1.419000863012831e-05
                 1.28125       1.742602175038088   1.419000863012831e-05
                 1.28125       1.791689560250429   1.419000863012831e-05
                 1.28125       1.840776945462769   1.419000863012831e-05
                 1.28125        1.88986433067511   1.419000863012831e-05
                 1.28125       1.938951715887451   1.419000863012831e-05
                 1.28125       1.988039101099791   1.419000863012831e-05
                 1.28125       2.037126486312132   1.419000863012831e-05
                 1.28125       2.086213871524472   1.419000863012831e-05
                 1.28125       2.135301256736812   1.419000863012831e-05
                 1.28125       2.184388641949153   1.419000863012831e-05
                 1.28125       2.233476027161494   1.419000863012831e-05
                 1.28125       2.282563412373834   1.419000863012831e-05
                 1.28125       2.331650797586175   1.419000863012831e-05
                 1.28125       2.380738182798515   1.419000863012831e-05
                 1.28125       2.429825568010856   1.419000863012831e-05
                 1.28125       2.478912953223196   1.419000863012831e-05
                 1.28125       2.528000338435537   1.419000863012831e-05
                 1.28125       2.577087723647877   1.419000863012831e-05
                 1.28125       2.626175108860218   1.419000863012831e-05
                 1.28125       2.675262494072558   1.419000863012831e-05
                 1.28125       2.724349879284899   1.419000863012831e-05
                 1.28125       2.773437264497239   1.419000863012831e-05
                 1.28125        2.82252464970958   1.419000863012831e-05
                 1.28125        2.87161203492192   1.419000863012831e-05
                 1.28125       2.920699420134261   1.419000863012831e-05
                 1.28125       2.969786805346601   1.419000863012831e-05
                 1.28125       3.018874190558942   1.419000863012831e-05
                 1.28125       3.067961575771282   1.419000863012831e-05
                 1.28125       3.117048960983623   1.419000863012831e-05

                 1.34375     0.02454369260617026   1.110714041424962e-05
                 1.34375     0.07363107781851078   1.110714041424962e-05
                 1.34375      0.1227184630308513   1.110714041424962e-05
                 1.34375      0.1718058482431918   1.110714041424962e-05
                 1.34375      0.2208932334555323   1.110714041424962e-05
                 1.34375      0.2699806186678728   1.110714041424962e-05
                 1.34375      0.3190680038802134   1.110714041424962e-05
                 1.34375      0.3681553890925539   1.110714041424962e-05
                 1.34375      0.4172427743048944   1.110714041424962e-05
                 1.34375      0.4663301595172349   1.110714041424962e-05
                 1.34375      0.5154175447295755   1.110714041424962e-05
                 1.34375      0.5645049299419159   1.110714041424962e-05
                 1.34375      0.6135923151542565   1.110714041424962e-05
                 1.34375       0.662679700366597   1.110714041424962e-05
                 1.34375      0.7117670855789375   1.110714041424962e-05
                 1.34375       0.760854470791278   1.110714041424962e-05
                 1.34375      0.8099418560036186   1.110714041424962e-05
                 1.34375       0.859029241215959   1.110714041424962e-05
                 1.34375      0.9081166264282996   1.110714041424962e-05
                 1.34375      0.9572040116406401   1.110714041424962e-05
                 1.34375       1.006291396852981   1.110714041424962e-05
                 1.34375       1.055378782065321   1.110714041424962e-05
                 1.34375       1.104466167277662   1.110714041424962e-05
                 1.34375       1.153553552490002   1.110714041424962e-05
                 1.34375       1.202640937702343   1.110714041424962e-05
                 1.34375       1.251728322914683   1.110714041424962e-05
                 1.34375       1.300815708127024   1.110714041424962e-05
                 1.34375       1.349903093339364   1.110714041424962e-05
                 1.34375       1.398990478551705   1.110714041424962e-05
                 1.34375       1.448077863764045   1.110714041424962e-05
                 1.34375       1.497165248976386   1.110714041424962e-05
                 1.34375       1.546252634188726   1.110714041424962e-05
                 1.34375       1.595340019401067   1.110714041424962e-05
                 1.34375       1.644427404613407   1.110714041424962e-05
                 1.34375       1.693514789825748   1.110714041424962e-05
                 1.34375       1.742602175038088   1.110714041424962e-05
                 1.34375       1.791689560250429   1.110714041424962e-05
                 1.34375       1.840776945462769   1.110714041424962e-05
                 1.34375        1.88986433067511   1.110714041424962e-05
                 1.34375       1.938951715887451   1.110714041424962e-05
                 1.34375       1.988039101099791   1.110714041424962e-05
                 1.34375       2.037126486312132   1.110714041424962e-05
                 1.34375       2.086213871524472   1.110714041424962e-05
                 1.34375       2.135301256736812   1.110714041424962e-05
                 1.34375       2.184388641949153   1.110714041424962e-05
                 1.34375       2.233476027161494   1.110714041424962e-05
                 1.34375       2.282563412373834   1.110714041424962e-05
                 1.34375       2.331650797586175   1.110714041424962e-05
                 1.34375       2.380738182798515   1.110714041424962e-05
                 1.34375       2.429825568010856   1.110714041424962e-05
                 1.34375       2.478912953223196   1.110714041424962e-05
                 1.34375       2.528000338435537   1.110714041424962e-05
                 1.34375       2.577087723647877   1.110714041424962e-05
                 1.34375       2.626175108860218   1.110714041424962e-05
                 1.34375       2.675262494072558   1.110714041424962e-05
                 1.34375       2.724349879284899   1.110714041424962e-05
                 1.34375       2.773437264497239   1.110714041424962e-05
                 1.34375        2.82252464970958   1.110714041424962e-05
                 1.34375        2.87161203492192   1.110714041424962e-05
                 1.34375       2.920699420134261   1.110714041424962e-05
                 1.34375       2.969786805346601   1.110714041424962e-05
                 1.34375       3.018874190558942   1.110714041424962e-05
                 1.34375       3.067961575771282   1.110714041424962e-05
                 1.34375       3.117048960983623   1.110714041424962e-05

                 1.40625     0.02454369260617026   8.534669718846008e-06
                 1.40625     0.07363107781851078   8.534669718846008e-06
                 1.40625      0.1227184630308513   8.534669718846008e-06
                 1.40625      0.1718058482431918   8.534669718846008e-06
                 1.40625      0.2208932334555323   8.534669718846008e-06
                 1.40625      0.2699806186678728   8.534669718846008e-06
                 1.40625      0.3190680038802134   8.534669718846008e-06
                 1.40625      0.3681553890925539   8.534669718846008e-06
                 1.40625      0.4172427743048944   8.534669718846008e-06
                 1.40625      0.4663301595172349   8.534669718846008e-06
                 1.40625      0.5154175447295755   8.534669718846008e-06
                 1.40625      0.5645049299419159   8.534669718846008e-06
                 1.40625      0.6135923151542565   8.534669718846008e-06
                 1.40625       0.662679700366597   8.534669718846008e-06
                 1.40625      0.7117670855789375   8.534669718846008e-06
                 1.40625       0.760854470791278   8.534669718846008e-06
                 1.40625      0.8099418560036186   8.534669718846008e-06
                 1.40625       0.859029241215959   8.534669718846008e-06
                 1.40625      0.9081166264282996   8.534669718846008e-06
                 1.40625      0.9572040116406401   8.534669718846008e-06
                 1.40625       1.006291396852981   8.534669718846008e-06
                 1.40625       1.055378782065321   8.534669718846008e-06
                 1.40625       1.104466167277662   8.534669718846008e-06
                 1.40625       1.153553552490002   8.534669718846008e-06
                 1.40625       1.202640937702343   8.534669718846008e-06
                 1.40625       1.251728322914683   8.534669718846008e-06
                 1.40625       1.300815708127024   8.534669718846008e-06
                 1.40625       1.349903093339364   8.534669718846008e-06
                 1.40625       1.398990478551705   8.534669718846008e-06
                 1.40625       1.448077863764045   8.534669718846008e-06
                 1.40625       1.497165248976386   8.534669718846008e-06
                 1.40625       1.546252634188726   8.534669718846008e-06
                 1.40625       1.595340019401067   8.534669718846008e-06
                 1.40625       1.644427404613407   8.534669718846008e-06
                 1.40625       1.693514789825748   8.534669718846008e-06
                 1.40625       1.742602175038088   8.534669718846008e-06
                 1.40625       1.791689560250429   8.534669718846008e-06
                 1.40625       1.840776945462769   8.534669718846008e-06
                 1.40625        1.88986433067511   8.534669718846008e-06
                 1.40625       1.938951715887451   8.534669718846008e-06
                 1.40625       1.988039101099791   8.534669718846008e-06
                 1.40625       2.037126486312132   8.534669718846008e-06
                 1.40625       2.086213871524472   8.534669718846008e-06
                 1.40625       2.135301256736812   8.534669718846008e-06
                 1.40625       2.184388641949153   8.534669718846008e-06
                 1.40625       2.233476027161494   8.534669718846008e-06
                 1.40625       2.282563412373834   8.534669718846008e-06
                 1.40625       2.331650797586175   8.534669718846008e-06
                 1.40625       2.380738182798515   8.534669718846008e-06
                 1.40625       2.429825568010856   8.534669718846008e-06
                 1.40625       2.478912953223196   8.534669718846008e-06
                 1.40625       2.528000338435537   8.534669718846008e-06
                 1.40625       2.577087723647877   8.534669718846008e-06
                 1.40625       2.626175108860218   8.534669718846008e-06
                 1.40625       2.675262494072558   8.534669718846008e-06
                 1.40625       2.724349879284899   8.534669718846008e-06
                 1.40625       2.773437264497239   8.534669718846008e-06
                 1.40625        2.82252464970958   8.534669718846008e-06
                 1.40625        2.87161203492192   8.534669718846008e-06
                 1.40625       2.920699420134261   8.534669718846008e-06
                 1.40625       2.969786805346601   8.534669718846008e-06
                 1.40625       3.018874190558942   8.534669718846008e-06
                 1.40625       3.067961575771282   8.534669718846008e-06
                 1.40625       3.117048960983623   8.534669718846008e-06

                 1.46875     0.02454369260617026   6.438782841106587e-06
                 1.46875     0.07363107781851078   6.438782841106587e-06
                 1.46875      0.1227184630308513   6.438782841106587e-06
                 1.46875      0.1718058482431918   6.438782841106587e-06
                 1.46875      0.2208932334555323   6.438782841106587e-06
                 1.46875      0.2699806186678728   6.438782841106587e-06
                 1.46875      0.3190680038802134   6.438782841106587e-06
                 1.46875      0.3681553890925539   6.438782841106587e-06
                 1.46875      0.4172427743048944   6.438782841106587e-06
                 1.46875      0.4663301595172349   6.438782841106587e-06
                 1.46875      0.5154175447295755   6.438782841106587e-06
                 1.46875      0.5645049299419159   6.438782841106587e-06
                 1.46875      0.6135923151542565   6.438782841106587e-06
                 1.46875       0.662679700366597   6.438782841106587e-06
                 1.46875      0.7117670855789375   6.438782841106587e-06
                 1.46875       0.760854470791278   6.438782841106587e-06
                 1.46875      0.8099418560036186   6.438782841106587e-06
                 1.46875       0.859029241215959   6.438782841106587e-06
                 1.46875      0.9081166264282996   6.438782841106587e-06
                 1.46875      0.9572040116406401   6.438782841106587e-06
                 1.46875       1.006291396852981   6.438782841106587e-06
                 1.46875       1.055378782065321   6.438782841106587e-06
                 1.46875       1.104466167277662   6.438782841106587e-06
                 1.46875       1.153553552490002   6.438782841106587e-06
                 1.46875       1.202640937702343   6.438782841106587e-06
                 1.46875       1.251728322914683   6.438782841106587e-06
                 1.46875       1.300815708127024   6.438782841106587e-06
                 1.46875       1.349903093339364   6.438782841106587e-06
                 1.46875       1.398990478551705   6.438782841106587e-06
                 1.46875       1.448077863764045   6.438782841106587e-06
                 1.46875       1.497165248976386   6.438782841106587e-06
                 1.46875       1.546252634188726   6.438782841106587e-06
                 1.46875       1.595340019401067   6.438782841106587e-06
                 1.46875       1.644427404613407   6.438782841106587e-06
                 1.46875       1.693514789825748   6.438782841106587e-06
                 1.46875       1.742602175038088   6.438782841106587e-06
                 1.46875       1.791689560250429   6.438782841106587e-06
                 1.46875       1.840776945462769   6.438782841106587e-06
                 1.46875        1.88986433067511   6.438782841106587e-06
                 1.46875       1.938951715887451   6.438782841106587e-06
                 1.46875       1.988039101099791   6.438782841106587e-06
                 1.46875       2.037126486312132   6.438782841106587e-06
                 1.46875       2.086213871524472   6.438782841106587e-06
                 1.46875       2.135301256736812   6.438782841106587e-06
                 1.46875       2.184388641949153   6.438782841106587e-06
                 1.46875       2.233476027161494   6.438782841106587e-06
                 1.46875       2.282563412373834   6.438782841106587e-06
                 1.46875       2.331650797586175   6.438782841106587e-06
                 1.46875       2.380738182798515   6.438782841106587e-06
                 1.46875       2.429825568010856   6.438782841106587e-06
                 1.46875       2.478912953223196   6.438782841106587e-06
                 1.46875       2.528000338435537   6.438782841106587e-06
                 1.46875       2.577087723647877   6.438782841106587e-06
                 1.46875       2.626175108860218   6.438782841106587e-06
                 1.46875       2.675262494072558   6.438782841106587e-06
                 1.46875       2.724349879284899   6.438782841106587e-06
                 1.46875       2.773437264497239   6.438782841106587e-06
                 1.46875        2.82252464970958   6.438782841106587e-06
                 1.46875        2.87161203492192   6.438782841106587e-06
                 1.46875       2.920699420134261   6.438782841106587e-06
                 1.46875       2.969786805346601   6.438782841106587e-06
                 1.46875       3.018874190558942   6.438782841106587e-06
                 1.46875       3.067961575771282   6.438782841106587e-06
                 1.46875       3.117048960983623   6.438782841106587e-06

                 1.53125     0.02454369260617026   4.769995596376895e-06
                 1.53125     0.07363107781851078   4.769995596376895e-06
                 1.53125      0.1227184630308513   4.769995596376895e-06
                 1.53125      0.1718058482431918   4.769995596376895e-06
                 1.53125      0.2208932334555323   4.769995596376895e-06
                 1.53125      0.2699806186678728   4.769995596376895e-06
                 1.53125      0.3190680038802134   4.769995596376895e-06
                 1.53125      0.3681553890925539   4.769995596376895e-06
                 1.53125      0.4172427743048944   4.769995596376895e-06
                 1.53125      0.4663301595172349   4.769995596376895e-06
                 1.53125      0.5154175447295755   4.769995596376895e-06
                 1.53125      0.5645049299419159   4.769995596376895e-06
                 1.53125      0.6135923151542565   4.769995596376895e-06
                 1.53125       0.662679700366597   4.769995596376895e-06
                 1.53125      0.7117670855789375   4.769995596376895e-06
                 1.53125       0.760854470791278   4.769995596376895e-06
                 1.53125      0.8099418560036186   4.769995596376895e-06
                 1.53125       0.859029241215959   4.769995596376895e-06
                 1.53125      0.9081166264282996   4.769995596376895e-06
                 1.53125      0.9572040116406401   4.769995596376895e-06
                 1.53125       1.006291396852981   4.769995596376895e-06
                 1.53125       1.055378782065321   4.769995596376895e-06
                 1.53125       1.104466167277662   4.769995596376895e-06
                 1.53125       1.153553552490002   4.769995596376895e-06
                 1.53125       1.202640937702343   4.769995596376895e-06
                 1.53125       1.251728322914683   4.769995596376895e-06
                 1.53125       1.300815708127024   4.769995596376895e-06
                 1.53125       1.349903093339364   4.769995596376895e-06
                 1.53125       1.398990478551705   4.769995596376895e-06
                 1.53125       1.448077863764045   4.769995596376895e-06
                 1.53125       1.497165248976386   4.769995596376895e-06
                 1.53125       1.546252634188726   4.769995596376895e-06
                 1.53125       1.595340019401067   4.769995596376895e-06
                 1.53125       1.644427404613407   4.769995596376895e-06
                 1.53125       1.693514789825748   4.769995596376895e-06
                 1.53125       1.742602175038088   4.769995596376895e-06
                 1.53125       1.791689560250429   4.769995596376895e-06
                 1.53125       1.840776945462769   4.769995596376895e-06
                 1.53125        1.88986433067511   4.769995596376895e-06
                 1.53125       1.938951715887451   4.769995596376895e-06
                 1.53125       1.988039101099791   4.769995596376895e-06
                 1.53125       2.037126486312132   4.769995596376895e-06
                 1.53125       2.086213871524472   4.769995596376895e-06
                 1.53125       2.135301256736812   4.769995596376895e-06
                 1.53125       2.184388641949153   4.769995596376895e-06
                 1.53125       2.233476027161494   4.769995596376895e-06
                 1.53125       2.282563412373834   4.769995596376895e-06
                 1.53125       2.331650797586175   4.769995596376895e-06
                 1.53125       2.380738182798515   4.769995596376895e-06
                 1.53125       2.429825568010856   4.769995596376895e-06
                 1.53125       2.478912953223196   4.769995596376895e-06
                 1.53125       2.528000338435537   4.769995596376895e-06
                 1.53125       2.577087723647877   4.769995596376895e-06
                 1.53125       2.626175108860218   4.769995596376895e-06
                 1.53125       2.675262494072558   4.769995596376895e-06
                 1.53125       2.724349879284899   4.769995596376895e-06
                 1.53125       2.773437264497239   4.769995596376895e-06
                 1.53125        2.82252464970958   4.769995596376895e-06
                 1.53125        2.87161203492192   4.769995596376895e-06
                 1.53125       2.920699420134261   4.769995596376895e-06
                 1.53125       2.969786805346601   4.769995596376895e-06
                 1.53125       3.018874190558942   4.769995596376895e-06
                 1.53125       3.067961575771282   4.769995596376895e-06
                 1.53125       3.117048960983623   4.769995596376895e-06

                 1.59375     0.02454369260617026   3.470486681571784e-06
                 1.59375     0.07363107781851078   3.470486681571784e-06
                 1.59375      0.1227184630308513   3.470486681571784e-06
                 1.59375      0.1718058482431918   3.470486681571784e-06
                 1.59375      0.2208932334555323   3.470486681571784e-06
                 1.59375      0.2699806186678728   3.470486681571784e-06
                 1.59375      0.3190680038802134   3.470486681571784e-06
                 1.59375      0.3681553890925539   3.470486681571784e-06
                 1.59375      0.4172427743048944   3.470486681571784e-06
                 1.59375      0.4663301595172349   3.470486681571784e-06
                 1.59375      0.5154175447295755   3.470486681571784e-06
                 1.59375      0.5645049299419159   3.470486681571784e-06
                 1.59375      0.6135923151542565   3.470486681571784e-06
                 1.59375       0.662679700366597   3.470486681571784e-06
                 1.59375      0.7117670855789375   3.470486681571784e-06
                 1.59375       0.760854470791278   3.470486681571784e-06
                 1.59375      0.8099418560036186   3.470486681571784e-06
                 1.59375       0.859029241215959   3.470486681571784e-06
                 1.59375      0.9081166264282996   3.470486681571784e-06
                 1.59375      0.9572040116406401   3.470486681571784e-06
                 1.59375       1.006291396852981   3.470486681571784e-06
                 1.59375       1.055378782065321   3.470486681571784e-06
                 1.59375       1.104466167277662   3.470486681571784e-06
                 1.59375       1.153553552490002   3.470486681571784e-06
                 1.59375       1.202640937702343   3.470486681571784e-06
                 1.59375       1.251728322914683   3.470486681571784e-06
                 1.59375       1.300815708127024   3.470486681571784e-06
                 1.59375       1.349903093339364   3.470486681571784e-06
                 1.59375       1.398990478551705   3.470486681571784e-06
                 1.59375       1.448077863764045   3.470486681571784e-06
                 1.59375       1.497165248976386   3.470486681571784e-06
                 1.59375       1.546252634188726   3.470486681571784e-06
                 1.59375       1.595340019401067   3.470486681571784e-06
                 1.59375       1.644427404613407   3.470486681571784e-06
                 1.59375       1.693514789825748   3.470486681571784e-06
                 1.59375       1.742602175038088   3.470486681571784e-06
                 1.59375       1.791689560250429   3.470486681571784e-06
                 1.59375       1.840776945462769   3.470486681571784e-06
                 1.59375        1.88986433067511   3.470486681571784e-06
                 1.59375       1.938951715887451   3.470486681571784e-06
                 1.59375       1.988039101099791   3.470486681571784e-06
                 1.59375       2.037126486312132   3.470486681571784e-06
                 1.59375       2.086213871524472   3.470486681571784e-06
                 1.59375       2.135301256736812   3.470486681571784e-06
                 1.59375       2.184388641949153   3.470486681571784e-06
                 1.59375       2.233476027161494   3.470486681571784e-06
                 1.59375       2.282563412373834   3.470486681571784e-06
                 1.59375       2.331650797586175   3.470486681571784e-06
                 1.59375       2.380738182798515   3.470486681571784e-06
                 1.59375       2.429825568010856   3.470486681571784e-06
                 1.59375       2.478912953223196   3.470486681571784e-06
                 1.59375       2.528000338435537   3.470486681571784e-06
                 1.59375       2.577087723647877   3.470486681571784e-06
                 1.59375       2.626175108860218   3.470486681571784e-06
                 1.59375       2.675262494072558   3.470486681571784e-06
                 1.59375       2.724349879284899   3.470486681571784e-06
                 1.59375       2.773437264497239   3.470486681571784e-06
                 1.59375        2.82252464970958   3.470486681571784e-06
                 1.59375        2.87161203492192   3.470486681571784e-06
                 1.59375       2.920699420134261   3.470486681571784e-06
                 1.59375       2.969786805346601   3.470486681571784e-06
                 1.59375       3.018874190558942   3.470486681571784e-06
                 1.59375       3.067961575771282   3.470486681571784e-06
                 1.59375       3.117048960983623   3.470486681571784e-06

                 1.65625     0.02454369260617026   2.480153080596507e-06
                 1.65625     0.07363107781851078   2.480153080596507e-06
                 1.65625      0.1227184630308513   2.480153080596507e-06
                 1.65625      0.1718058482431918   2.480153080596507e-06
                 1.65625      0.2208932334555323   2.480153080596507e-06
                 1.65625      0.2699806186678728   2.480153080596507e-06
                 1.65625      0.3190680038802134   2.480153080596507e-06
                 1.65625      0.3681553890925539   2.480153080596507e-06
                 1.65625      0.4172427743048944   2.480153080596507e-06
                 1.65625      0.4663301595172349   2.480153080596507e-06
                 1.65625      0.5154175447295755   2.480153080596507e-06
                 1.65625      0.5645049299419159   2.480153080596507e-06
                 1.65625      0.6135923151542565   2.480153080596507e-06
                 1.65625       0.662679700366597   2.480153080596507e-06
                 1.65625      0.7117670855789375   2.480153080596507e-06
                 1.65625       0.760854470791278   2.480153080596507e-06
                 1.65625      0.8099418560036186   2.480153080596507e-06
                 1.65625       0.859029241215959   2.480153080596507e-06
                 1.65625      0.9081166264282996   2.480153080596507e-06
                 1.65625      0.9572040116406401   2.480153080596507e-06
                 1.65625       1.006291396852981   2.480153080596507e-06
                 1.65625       1.055378782065321   2.480153080596507e-06
                 1.65625       1.104466167277662   2.480153080596507e-06
                 1.65625       1.153553552490002   2.480153080596507e-06
                 1.65625       1.202640937702343   2.480153080596507e-06
                 1.65625       1.251728322914683   2.480153080596507e-06
                 1.65625       1.300815708127024   2.480153080596507e-06
                 1.65625       1.349903093339364   2.480153080596507e-06
                 1.65625       1.398990478551705   2.480153080596507e-06
                 1.65625       1.448077863764045   2.480153080596507e-06
                 1.65625       1.497165248976386   2.480153080596507e-06
                 1.65625       1.546252634188726   2.480153080596507e-06
                 1.65625       1.595340019401067   2.480153080596507e-06
                 1.65625       1.644427404613407   2.480153080596507e-06
                 1.65625       1.693514789825748   2.480153080596507e-06
                 1.65625       1.742602175038088   2.480153080596507e-06
                 1.65625       1.791689560250429   2.480153080596507e-06
                 1.65625       1.840776945462769   2.480153080596507e-06
                 1.65625        1.88986433067511   2.480153080596507e-06
                 1.65625       1.938951715887451   2.480153080596507e-06
                 1.65625       1.988039101099791   2.480153080596507e-06
                 1.65625       2.037126486312132   2.480153080596507e-06
                 1.65625       2.086213871524472   2.480153080596507e-06
                 1.65625       2.135301256736812   2.480153080596507e-06
                 1.65625       2.184388641949153   2.480153080596507e-06
                 1.65625       2.233476027161494   2.480153080596507e-06
                 1.65625       2.282563412373834   2.480153080596507e-06
                 1.65625       2.331650797586175   2.480153080596507e-06
                 1.65625       2.380738182798515   2.480153080596507e-06
                 1.65625       2.429825568010856   2.480153080596507e-06
                 1.65625       2.478912953223196   2.480153080596507e-06
                 1.65625       2.528000338435537   2.480153080596507e-06
                 1.65625       2.577087723647877   2.480153080596507e-06
                 1.65625       2.626175108860218   2.480153080596507e-06
                 1.65625       2.675262494072558   2.480153080596507e-06
                 1.65625       2.724349879284899   2.480153080596507e-06
                 1.65625       2.773437264497239   2.480153080596507e-06
                 1.65625        2.82252464970958   2.480153080596507e-06
                 1.65625        2.87161203492192   2.480153080596507e-06
                 1.65625       2.920699420134261   2.480153080596507e-06
                 1.65625       2.969786805346601   2.480153080596507e-06
                 1.65625       3.018874190558942   2.480153080596507e-06
                 1.65625       3.067961575771282   2.480153080596507e-06
                 1.65625       3.117048960983623   2.480153080596507e-06

                 1.71875     0.02454369260617026   1.741150268927867e-06
                 1.71875     0.07363107781851078   1.741150268927867e-06
                 1.71875      0.1227184630308513   1.741150268927867e-06
                 1.71875      0.1718058482431918   1.741150268927867e-06
                 1.71875      0.2208932334555323   1.741150268927867e-06
                 1.71875      0.2699806186678728   1.741150268927867e-06
                 1.71875      0.3190680038802134   1.741150268927867e-06
                 1.71875      0.3681553890925539   1.741150268927867e-06
                 1.71875      0.4172427743048944   1.741150268927867e-06
                 1.71875      0.4663301595172349   1.741150268927867e-06
                 1.71875      0.5154175447295755   1.741150268927867e-06
                 1.71875      0.5645049299419159   1.741150268927867e-06
                 1.71875      0.6135923151542565   1.741150268927867e-06
                 1.71875       0.662679700366597   1.741150268927867e-06
                 1.71875      0.7117670855789375   1.741150268927867e-06
                 1.71875       0.760854470791278   1.741150268927867e-06
                 1.71875      0.8099418560036186   1.741150268927867e-06
                 1.71875       0.859029241215959   1.741150268927867e-06
                 1.71875      0.9081166264282996   1.741150268927867e-06
                 1.71875      0.9572040116406401   1.741150268927867e-06
                 1.71875       1.006291396852981   1.741150268927867e-06
                 1.71875       1.055378782065321   1.741150268927867e-06
                 1.71875       1.104466167277662   1.741150268927867e-06
                 1.71875       1.153553552490002   1.741150268927867e-06
                 1.71875       1.202640937702343   1.741150268927867e-06
                 1.71875       1.251728322914683   1.741150268927867e-06
                 1.71875       1.300815708127024   1.741150268927867e-06
                 1.71875       1.349903093339364   1.741150268927867e-06
                 1.71875       1.398990478551705   1.741150268927867e-06
                 1.71875       1.448077863764045   1.741150268927867e-06
                 1.71875       1.497165248976386   1.741150268927867e-06
                 1.71875       1.546252634188726   1.741150268927867e-06
                 1.71875       1.595340019401067   1.741150268927867e-06
                 1.71875       1.644427404613407   1.741150268927867e-06
                 1.71875       1.693514789825748   1.741150268927867e-06
                 1.71875       1.742602175038088   1.741150268927867e-06
                 1.71875       1.791689560250429   1.741150268927867e-06
                 1.71875       1.840776945462769   1.741150268927867e-06
                 1.71875        1.88986433067511   1.741150268927867e-06
                 1.71875       1.938951715887451   1.741150268927867e-06
                 1.71875       1.988039101099791   1.741150268927867e-06
                 1.71875       2.037126486312132   1.741150268927867e-06
                 1.71875       2.086213871524472   1.741150268927867e-06
                 1.71875       2.135301256736812   1.741150268927867e-06
                 1.71875       2.184388641949153   1.741150268927867e-06
                 1.71875       2.233476027161494   1.741150268927867e-06
                 1.71875       2.282563412373834   1.741150268927867e-06
                 1.71875       2.331650797586175   1.741150268927867e-06
                 1.71875       2.380738182798515   1.741150268927867e-06
                 1.71875       2.429825568010856   1.741150268927867e-06
                 1.71875       2.478912953223196   1.741150268927867e-06
                 1.71875       2.528000338435537   1.741150268927867e-06
                 1.71875       2.577087723647877   1.741150268927867e-06
                 1.71875       2.626175108860218   1.741150268927867e-06
                 1.71875       2.675262494072558   1.741150268927867e-06
                 1.71875       2.724349879284899   1.741150268927867e-06
                 1.71875       2.773437264497239   1.741150268927867e-06
                 1.71875        2.82252464970958   1.741150268927867e-06
                 1.71875        2.87161203492192   1.741150268927867e-06
                 1.71875       2.920699420134261   1.741150268927867e-06
                 1.71875       2.969786805346601   1.741150268927867e-06
                 1.71875       3.018874190558942   1.741150268927867e-06
                 1.71875       3.067961575771282   1.741150268927867e-06
                 1.71875       3.117048960983623   1.741150268927867e-06

                 1.78125     0.02454369260617026   1.200920367115798e-06
                 1.78125     0.07363107781851078   1.200920367115798e-06
                 1.78125      0.1227184630308513   1.200920367115798e-06
                 1.78125      0.1718058482431918   1.200920367115798e-06
                 1.78125      0.2208932334555323   1.200920367115798e-06
                 1.78125      0.2699806186678728   1.200920367115798e-06
                 1.78125      0.3190680038802134   1.200920367115798e-06
                 1.78125      0.3681553890925539   1.200920367115798e-06
                 1.78125      0.4172427743048944   1.200920367115798e-06
                 1.78125      0.4663301595172349   1.200920367115798e-06
                 1.78125      0.5154175447295755   1.200920367115798e-06
                 1.78125      0.5645049299419159   1.200920367115798e-06
                 1.78125      0.6135923151542565   1.200920367115798e-06
                 1.78125       0.662679700366597   1.200920367115798e-06
                 1.78125      0.7117670855789375   1.200920367115798e-06
                 1.78125       0.760854470791278   1.200920367115798e-06
                 1.78125      0.8099418560036186   1.200920367115798e-06
                 1.78125       0.859029241215959   1.200920367115798e-06
                 1.78125      0.9081166264282996   1.200920367115798e-06
                 1.78125      0.9572040116406401   1.200920367115798e-06
                 1.78125       1.006291396852981   1.200920367115798e-06
                 1.78125       1.055378782065321   1.200920367115798e-06
                 1.78125       1.104466167277662   1.200920367115798e-06
                 1.78125       1.153553552490002   1.200920367115798e-06
                 1.78125       1.202640937702343   1.200920367115798e-06
                 1.78125       1.251728322914683   1.200920367115798e-06
                 1.78125       1.300815708127024   1.200920367115798e-06
                 1.78125       1.349903093339364   1.200920367115798e-06
                 1.78125       1.398990478551705   1.200920367115798e-06
                 1.78125       1.448077863764045   1.200920367115798e-06
                 1.78125       1.497165248976386   1.200920367115798e-06
                 1.78125       1.546252634188726   1.200920367115798e-06
                 1.78125       1.595340019401067   1.200920367115798e-06
                 1.78125       1.644427404613407   1.200920367115798e-06
                 1.78125       1.693514789825748   1.200920367115798e-06
                 1.78125       1.742602175038088   1.200920367115798e-06
                 1.78125       1.791689560250429   1.200920367115798e-06
                 1.78125       1.840776945462769   1.200920367115798e-06
                 1.78125        1.88986433067511   1.200920367115798e-06
                 1.78125       1.938951715887451   1.200920367115798e-06
                 1.78125       1.988039101099791   1.200920367115798e-06
                 1.78125       2.037126486312132   1.200920367115798e-06
                 1.78125       2.086213871524472   1.200920367115798e-06
                 1.78125       2.135301256736812   1.200920367115798e-06
                 1.78125       2.184388641949153   1.200920367115798e-06
                 1.78125       2.233476027161494   1.200920367115798e-06
                 1.78125       2.282563412373834   1.200920367115798e-06
                 1.78125       2.331650797586175   1.200920367115798e-06
                 1.78125       2.380738182798515   1.200920367115798e-06
                 1.78125       2.429825568010856   1.200920367115798e-06
                 1.78125       2.478912953223196   1.200920367115798e-06
                 1.78125       2.528000338435537   1.200920367115798e-06
                 1.78125       2.577087723647877   1.200920367115798e-06
                 1.78125       2.626175108860218   1.200920367115798e-06
                 1.78125       2.675262494072558   1.200920367115798e-06
                 1.78125       2.724349879284899   1.200920367115798e-06
                 1.78125       2.773437264497239   1.200920367115798e-06
                 1.78125        2.82252464970958   1.200920367115798e-06
                 1.78125        2.87161203492192   1.200920367115798e-06
                 1.78125       2.920699420134261   1.200920367115798e-06
                 1.78125       2.969786805346601   1.200920367115798e-06
                 1.78125       3.018874190558942   1.200920367115798e-06
                 1.78125       3.067961575771282   1.200920367115798e-06
                 1.78125       3.117048960983623   1.200920367115798e-06

                 1.84375     0.02454369260617026   8.138785426909745e-07
                 1.84375     0.07363107781851078   8.138785426909745e-07
                 1.84375      0.1227184630308513   8.138785426909745e-07
                 1.84375      0.1718058482431918   8.138785426909745e-07
                 1.84375      0.2208932334555323   8.138785426909745e-07
                 1.84375      0.2699806186678728   8.138785426909745e-07
                 1.84375      0.3190680038802134   8.138785426909745e-07
                 1.84375      0.3681553890925539   8.138785426909745e-07
                 1.84375      0.4172427743048944   8.138785426909745e-07
                 1.84375      0.4663301595172349   8.138785426909745e-07
                 1.84375      0.5154175447295755   8.138785426909745e-07
                 1.84375      0.5645049299419159   8.138785426909745e-07
                 1.84375      0.6135923151542565   8.138785426909745e-07
                 1.84375       0.662679700366597   8.138785426909745e-07
                 1.84375      0.7117670855789375   8.138785426909745e-07
                 1.84375       0.760854470791278   8.138785426909745e-07
                 1.84375      0.8099418560036186   8.138785426909745e-07
                 1.84375       0.859029241215959   8.138785426909745e-07
                 1.84375      0.9081166264282996   8.138785426909745e-07
                 1.84375      0.9572040116406401   8.138785426909745e-07
                 1.84375       1.006291396852981   8.138785426909745e-07
                 1.84375       1.055378782065321   8.138785426909745e-07
                 1.84375       1.104466167277662   8.138785426909745e-07
                 1.84375       1.153553552490002   8.138785426909745e-07
                 1.84375       1.202640937702343   8.138785426909745e-07
                 1.84375       1.251728322914683   8.138785426909745e-07
                 1.84375       1.300815708127024   8.138785426909745e-07
                 1.84375       1.349903093339364   8.138785426909745e-07
                 1.84375       1.398990478551705   8.138785426909745e-07
                 1.84375       1.448077863764045   8.138785426909745e-07
                 1.84375       1.497165248976386   8.138785426909745e-07
                 1.84375       1.546252634188726   8.138785426909745e-07
                 1.84375       1.595340019401067   8.138785426909745e-07
                 1.84375       1.644427404613407   8.138785426909745e-07
                 1.84375       1.693514789825748   8.138785426909745e-07
                 1.84375       1.742602175038088   8.138785426909745e-07
                 1.84375       1.791689560250429   8.138785426909745e-07
                 1.84375       1.840776945462769   8.138785426909745e-07
                 1.84375        1.88986433067511   8.138785426909745e-07
                 1.84375       1.938951715887451   8.138785426909745e-07
                 1.84375       1.988039101099791   8.138785426909745e-07
                 1.84375       2.037126486312132   8.138785426909745e-07
                 1.84375       2.086213871524472   8.138785426909745e-07
                 1.84375       2.135301256736812   8.138785426909745e-07
                 1.84375       2.184388641949153   8.138785426909745e-07
                 1.84375       2.233476027161494   8.138785426909745e-07
                 1.84375       2.282563412373834   8.138785426909745e-07
                 1.84375       2.331650797586175   8.138785426909745e-07
                 1.84375       2.380738182798515   8.138785426909745e-07
                 1.84375       2.429825568010856   8.138785426909745e-07
                 1.84375       2.478912953223196   8.138785426909745e-07
                 1.84375       2.528000338435537   8.138785426909745e-07
                 1.84375       2.577087723647877   8.138785426909745e-07
                 1.84375       2.626175108860218   8.138785426909745e-07
                 1.84375       2.675262494072558   8.138785426909745e-07
                 1.84375       2.724349879284899   8.138785426909745e-07
                 1.84375       2.773437264497239   8.138785426909745e-07
                 1.84375        2.82252464970958   8.138785426909745e-07
                 1.84375        2.87161203492192   8.138785426909745e-07
                 1.84375       2.920699420134261   8.138785426909745e-07
                 1.84375       2.969786805346601   8.138785426909745e-07
                 1.84375       3.018874190558942   8.138785426909745e-07
                 1.84375       3.067961575771282   8.138785426909745e-07
                 1.84375       3.117048960983623   8.138785426909745e-07

                 1.90625     0.02454369260617026   5.420215496431208e-07
                 1.90625     0.07363107781851078   5.420215496431208e-07
                 1.90625      0.1227184630308513   5.420215496431208e-07
                 1.90625      0.1718058482431918   5.420215496431208e-07
                 1.90625      0.2208932334555323   5.420215496431208e-07
                 1.90625      0.2699806186678728   5.420215496431208e-07
                 1.90625      0.3190680038802134   5.420215496431208e-07
                 1.90625      0.3681553890925539   5.420215496431208e-07
                 1.90625      0.4172427743048944   5.420215496431208e-07
                 1.90625      0.4663301595172349   5.420215496431208e-07
                 1.90625      0.5154175447295755   5.420215496431208e-07
                 1.90625      0.5645049299419159   5.420215496431208e-07
                 1.90625      0.6135923151542565   5.420215496431208e-07
                 1.90625       0.662679700366597   5.420215496431208e-07
                 1.90625      0.7117670855789375   5.420215496431208e-07
                 1.90625       0.760854470791278   5.420215496431208e-07
                 1.90625      0.8099418560036186   5.420215496431208e-07
                 1.90625       0.859029241215959   5.420215496431208e-07
                 1.90625      0.9081166264282996   5.420215496431208e-07
                 1.90625      0.9572040116406401   5.420215496431208e-07
                 1.90625       1.006291396852981   5.420215496431208e-07
                 1.90625       1.055378782065321   5.420215496431208e-07
                 1.90625       1.104466167277662   5.420215496431208e-07
                 1.90625       1.153553552490002   5.420215496431208e-07
                 1.90625       1.202640937702343   5.420215496431208e-07
                 1.90625       1.251728322914683   5.420215496431208e-07
                 1.90625       1.300815708127024   5.420215496431208e-07
                 1.90625       1.349903093339364   5.420215496431208e-07
                 1.90625       1.398990478551705   5.420215496431208e-07
                 1.90625       1.448077863764045   5.420215496431208e-07
                 1.90625       1.497165248976386   5.420215496431208e-07
                 1.90625       1.546252634188726   5.420215496431208e-07
                 1.90625       1.595340019401067   5.420215496431208e-07
                 1.90625       1.644427404613407   5.420215496431208e-07
                 1.90625       1.693514789825748   5.420215496431208e-07
                 1.90625       1.742602175038088   5.420215496431208e-07
                 1.90625       1.791689560250429   5.420215496431208e-07
                 1.90625       1.840776945462769   5.420215496431208e-07
                 1.90625        1.88986433067511   5.420215496431208e-07
                 1.90625       1.938951715887451   5.420215496431208e-07
                 1.90625       1.988039101099791   5.420215496431208e-07
                 1.90625       2.037126486312132   5.420215496431208e-07
                 1.90625       2.086213871524472   5.420215496431208e-07
                 1.90625       2.135301256736812   5.420215496431208e-07
                 1.90625       2.184388641949153   5.420215496431208e-07
                 1.90625       2.233476027161494   5.420215496431208e-07
                 1.90625       2.282563412373834   5.420215496431208e-07
                 1.90625       2.331650797586175   5.420215496431208e-07
                 1.90625       2.380738182798515   5.420215496431208e-07
                 1.90625       2.429825568010856   5.420215496431208e-07
                 1.90625       2.478912953223196   5.420215496431208e-07
                 1.90625       2.528000338435537   5.420215496431208e-07
                 1.90625       2.577087723647877   5.420215496431208e-07
                 1.90625       2.626175108860218   5.420215496431208e-07
                 1.90625       2.675262494072558   5.420215496431208e-07
                 1.90625       2.724349879284899   5.420215496431208e-07
                 1.90625       2.773437264497239   5.420215496431208e-07
                 1.90625        2.82252464970958   5.420215496431208e-07
                 1.90625        2.87161203492192   5.420215496431208e-07
                 1.90625       2.920699420134261   5.420215496431208e-07
                 1.90625       2.969786805346601   5.420215496431208e-07
                 1.90625       3.018874190558942   5.420215496431208e-07
                 1.90625       3.067961575771282   5.420215496431208e-07
                 1.90625       3.117048960983623   5.420215496431208e-07

                 1.96875     0.02454369260617026   3.547531710115561e-07
                 1.96875     0.07363107781851078   3.547531710115561e-07
                 1.96875      0.1227184630308513   3.547531710115561e-07
                 1.96875      0.1718058482431918   3.547531710115561e-07
                 1.96875      0.2208932334555323   3.547531710115561e-07
                 1.96875      0.2699806186678728   3.547531710115561e-07
                 1.96875      0.3190680038802134   3.547531710115561e-07
                 1.96875      0.3681553890925539   3.547531710115561e-07
                 1.96875      0.4172427743048944   3.547531710115561e-07
                 1.96875      0.4663301595172349   3.547531710115561e-07
                 1.96875      0.5154175447295755   3.547531710115561e-07
                 1.96875      0.5645049299419159   3.547531710115561e-07
                 1.96875      0.6135923151542565   3.547531710115561e-07
                 1.96875       0.662679700366597   3.547531710115561e-07
                 1.96875      0.7117670855789375   3.547531710115561e-07
                 1.96875       0.760854470791278   3.547531710115561e-07
                 1.96875      0.8099418560036186   3.547531710115561e-07
                 1.96875       0.859029241215959   3.547531710115561e-07
                 1.96875      0.9081166264282996   3.547531710115561e-07
                 1.96875      0.9572040116406401   3.547531710115561e-07
                 1.96875       1.006291396852981   3.547531710115561e-07
                 1.96875       1.055378782065321   3.547531710115561e-07
                 1.96875       1.104466167277662   3.547531710115561e-07
                 1.96875       1.153553552490002   3.547531710115561e-07
                 1.96875       1.202640937702343   3.547531710115561e-07
                 1.96875       1.251728322914683   3.547531710115561e-07
                 1.96875       1.300815708127024   3.547531710115561e-07
                 1.96875       1.349903093339364   3.547531710115561e-07
                 1.96875       1.398990478551705   3.547531710115561e-07
                 1.96875       1.448077863764045   3.547531710115561e-07
                 1.96875       1.497165248976386   3.547531710115561e-07
                 1.96875       1.546252634188726   3.547531710115561e-07
                 1.96875       1.595340019401067   3.547531710115561e-07
                 1.96875       1.644427404613407   3.547531710115561e-07
                 1.96875       1.693514789825748   3.547531710115561e-07
                 1.96875       1.742602175038088   3.547531710115561e-07
                 1.96875       1.791689560250429   3.547531710115561e-07
                 1.96875       1.840776945462769   3.547531710115561e-07
                 1.96875        1.88986433067511   3.547531710115561e-07
                 1.96875       1.938951715887451   3.547531710115561e-07
                 1.96875       1.988039101099791   3.547531710115561e-07
                 1.96875       2.037126486312132   3.547531710115561e-07
                 1.96875       2.086213871524472   3.547531710115561e-07
                 1.96875       2.135301256736812   3.547531710115561e-07
                 1.96875       2.184388641949153   3.547531710115561e-07
                 1.96875       2.233476027161494   3.547531710115561e-07
                 1.96875       2.282563412373834   3.547531710115561e-07
                 1.96875       2.331650797586175   3.547531710115561e-07
                 1.96875       2.380738182798515   3.547531710115561e-07
                 1.96875       2.429825568010856   3.547531710115561e-07
                 1.96875       2.478912953223196   3.547531710115561e-07
                 1.96875       2.528000338435537   3.547531710115561e-07
                 1.96875       2.577087723647877   3.547531710115561e-07
                 1.96875       2.626175108860218   3.547531710115561e-07
                 1.96875       2.675262494072558   3.547531710115561e-07
                 1.96875       2.724349879284899   3.547531710115561e-07
                 1.96875       2.773437264497239   3.547531710115561e-07
                 1.96875        2.82252464970958   3.547531710115561e-07
                 1.96875        2.87161203492192   3.547531710115561e-07
                 1.96875       2.920699420134261   3.547531710115561e-07
                 1.96875       2.969786805346601   3.547531710115561e-07
                 1.96875       3.018874190558942   3.547531710115561e-07
                 1.96875       3.067961575771282   3.547531710115561e-07
                 1.96875       3.117048960983623   3.547531710115561e-07

                 2.03125     0.02454369260617026   2.282061140822291e-07
                 2.03125     0.07363107781851078   2.282061140822291e-07
                 2.03125      0.1227184630308513   2.282061140822291e-07
                 2.03125      0.1718058482431918   2.282061140822291e-07
                 2.03125      0.2208932334555323   2.282061140822291e-07
                 2.03125      0.2699806186678728   2.282061140822291e-07
                 2.03125      0.3190680038802134   2.282061140822291e-07
                 2.03125      0.3681553890925539   2.282061140822291e-07
                 2.03125      0.4172427743048944   2.282061140822291e-07
                 2.03125      0.4663301595172349   2.282061140822291e-07
                 2.03125      0.5154175447295755   2.282061140822291e-07
                 2.03125      0.5645049299419159   2.282061140822291e-07
                 2.03125      0.6135923151542565   2.282061140822291e-07
                 2.03125       0.662679700366597   2.282061140822291e-07
                 2.03125      0.7117670855789375   2.282061140822291e-07
                 2.03125       0.760854470791278   2.282061140822291e-07
                 2.03125      0.8099418560036186   2.282061140822291e-07
                 2.03125       0.859029241215959   2.282061140822291e-07
                 2.03125      0.9081166264282996   2.282061140822291e-07
                 2.03125      0.9572040116406401   2.282061140822291e-07
                 2.03125       1.006291396852981   2.282061140822291e-07
                 2.03125       1.055378782065321   2.282061140822291e-07
                 2.03125       1.104466167277662   2.282061140822291e-07
                 2.03125       1.153553552490002   2.282061140822291e-07
                 2.03125       1.202640937702343   2.282061140822291e-07
                 2.03125       1.251728322914683   2.282061140822291e-07
                 2.03125       1.300815708127024   2.282061140822291e-07
                 2.03125       1.349903093339364   2.282061140822291e-07
                 2.03125       1.398990478551705   2.282061140822291e-07
                 2.03125       1.448077863764045   2.282061140822291e-07
                 2.03125       1.497165248976386   2.282061140822291e-07
                 2.03125       1.546252634188726   2.282061140822291e-07
                 2.03125       1.595340019401067   2.282061140822291e-07
                 2.03125       1.644427404613407   2.282061140822291e-07
                 2.03125       1.693514789825748   2.282061140822291e-07
                 2.03125       1.742602175038088   2.282061140822291e-07
                 2.03125       1.791689560250429   2.282061140822291e-07
                 2.03125       1.840776945462769   2.282061140822291e-07
                 2.03125        1.88986433067511   2.282061140822291e-07
                 2.03125       1.938951715887451   2.282061140822291e-07
                 2.03125       1.988039101099791   2.282061140822291e-07
                 2.03125       2.037126486312132   2.282061140822291e-07
                 2.03125       2.086213871524472   2.282061140822291e-07
                 2.03125       2.135301256736812   2.282061140822291e-07
                 2.03125       2.184388641949153   2.282061140822291e-07
                 2.03125       2.233476027161494   2.282061140822291e-07
                 2.03125       2.282563412373834   2.282061140822291e-07
                 2.03125       2.331650797586175   2.282061140822291e-07
                 2.03125       2.380738182798515   2.282061140822291e-07
                 2.03125       2.429825568010856   2.282061140822291e-07
                 2.03125       2.478912953223196   2.282061140822291e-07
                 2.03125       2.528000338435537   2.282061140822291e-07
                 2.03125       2.577087723647877   2.282061140822291e-07
                 2.03125       2.626175108860218   2.282061140822291e-07
                 2.03125       2.675262494072558   2.282061140822291e-07
                 2.03125       2.724349879284899   2.282061140822291e-07
                 2.03125       2.773437264497239   2.282061140822291e-07
                 2.03125        2.82252464970958   2.282061140822291e-07
                 2.03125        2.87161203492192   2.282061140822291e-07
                 2.03125       2.920699420134261   2.282061140822291e-07
                 2.03125       2.969786805346601   2.282061140822291e-07
                 2.03125       3.018874190558942   2.282061140822291e-07
                 2.03125       3.067961575771282   2.282061140822291e-07
                 2.03125       3.117048960983623   2.282061140822291e-07

                 2.09375     0.02454369260617026   1.442963868013646e-07
                 2.09375     0.07363107781851078   1.442963868013646e-07
                 2.09375      0.1227184630308513   1.442963868013646e-07
                 2.09375      0.1718058482431918   1.442963868013646e-07
                 2.09375      0.2208932334555323   1.442963868013646e-07
                 2.09375      0.2699806186678728   1.442963868013646e-07
                 2.09375      0.3190680038802134   1.442963868013646e-07
                 2.09375      0.3681553890925539   1.442963868013646e-07
                 2.09375      0.4172427743048944   1.442963868013646e-07
                 2.09375      0.4663301595172349   1.442963868013646e-07
                 2.09375      0.5154175447295755   1.442963868013646e-07
                 2.09375      0.5645049299419159   1.442963868013646e-07
                 2.09375      0.6135923151542565   1.442963868013646e-07
                 2.09375       0.662679700366597   1.442963868013646e-07
                 2.09375      0.7117670855789375   1.442963868013646e-07
                 2.09375       0.760854470791278   1.442963868013646e-07
                 2.09375      0.8099418560036186   1.442963868013646e-07
                 2.09375       0.859029241215959   1.442963868013646e-07
                 2.09375      0.9081166264282996   1.442963868013646e-07
                 2.09375      0.9572040116406401   1.442963868013646e-07
                 2.09375       1.006291396852981   1.442963868013646e-07
                 2.09375       1.055378782065321   1.442963868013646e-07
                 2.09375       1.104466167277662   1.442963868013646e-07
                 2.09375       1.153553552490002   1.442963868013646e-07
                 2.09375       1.202640937702343   1.442963868013646e-07
                 2.09375       1.251728322914683   1.442963868013646e-07
                 2.09375       1.300815708127024   1.442963868013646e-07
                 2.09375       1.349903093339364   1.442963868013646e-07
                 2.09375       1.398990478551705   1.442963868013646e-07
                 2.09375       1.448077863764045   1.442963868013646e-07
                 2.09375       1.497165248976386   1.442963868013646e-07
                 2.09375       1.546252634188726   1.442963868013646e-07
                 2.09375       1.595340019401067   1.442963868013646e-07
                 2.09375       1.644427404613407   1.442963868013646e-07
                 2.09375       1.693514789825748   1.442963868013646e-07
                 2.09375       1.742602175038088   1.442963868013646e-07
                 2.09375       1.791689560250429   1.442963868013646e-07
                 2.09375       1.840776945462769   1.442963868013646e-07
                 2.09375        1.88986433067511   1.442963868013646e-07
                 2.09375       1.938951715887451   1.442963868013646e-07
                 2.09375       1.988039101099791   1.442963868013646e-07
                 2.09375       2.037126486312132   1.442963868013646e-07
                 2.09375       2.086213871524472   1.442963868013646e-07
                 2.09375       2.135301256736812   1.442963868013646e-07
                 2.09375       2.184388641949153   1.442963868013646e-07
                 2.09375       2.233476027161494   1.442963868013646e-07
                 2.09375       2.282563412373834   1.442963868013646e-07
                 2.09375       2.331650797586175   1.442963868013646e-07
                 2.09375       2.380738182798515   1.442963868013646e-07
                 2.09375       2.429825568010856   1.442963868013646e-07
                 2.09375       2.478912953223196   1.442963868013646e-07
                 2.09375       2.528000338435537   1.442963868013646e-07
                 2.09375       2.577087723647877   1.442963868013646e-07
                 2.09375       2.626175108860218   1.442963868013646e-07
                 2.09375       2.675262494072558   1.442963868013646e-07
                 2.09375       2.724349879284899   1.442963868013646e-07
                 2.09375       2.773437264497239   1.442963868013646e-07
                 2.09375        2.82252464970958   1.442963868013646e-07
                 2.09375        2.87161203492192   1.442963868013646e-07
                 2.09375       2.920699420134261   1.442963868013646e-07
                 2.09375       2.969786805346601   1.442963868013646e-07
                 2.09375       3.018874190558942   1.442963868013646e-07
                 2.09375       3.067961575771282   1.442963868013646e-07
                 2.09375       3.117048960983623   1.442963868013646e-07

                 2.15625     0.02454369260617026   8.969007706931029e-08
                 2.15625     0.07363107781851078   8.969007706931029e-08
                 2.15625      0.1227184630308513   8.969007706931029e-08
                 2.15625      0.1718058482431918   8.969007706931029e-08
                 2.15625      0.2208932334555323   8.969007706931029e-08
                 2.15625      0.2699806186678728   8.969007706931029e-08
                 2.15625      0.3190680038802134   8.969007706931029e-08
                 2.15625      0.3681553890925539   8.969007706931029e-08
                 2.15625      0.4172427743048944   8.969007706931029e-08
                 2.15625      0.4663301595172349   8.969007706931029e-08
                 2.15625      0.5154175447295755   8.969007706931029e-08
                 2.15625      0.5645049299419159   8.969007706931029e-08
                 2.15625      0.6135923151542565   8.969007706931029e-08
                 2.15625       0.662679700366597   8.969007706931029e-08
                 2.15625      0.7117670855789375   8.969007706931029e-08
                 2.15625       0.760854470791278   8.969007706931029e-08
                 2.15625      0.8099418560036186   8.969007706931029e-08
                 2.15625       0.859029241215959   8.969007706931029e-08
                 2.15625      0.9081166264282996   8.969007706931029e-08
                 2.15625      0.9572040116406401   8.969007706931029e-08
                 2.15625       1.006291396852981   8.969007706931029e-08
                 2.15625       1.055378782065321   8.969007706931029e-08
                 2.15625       1.104466167277662   8.969007706931029e-08
                 2.15625       1.153553552490002   8.969007706931029e-08
                 2.15625       1.202640937702343   8.969007706931029e-08
                 2.15625       1.251728322914683   8.969007706931029e-08
                 2.15625       1.300815708127024   8.969007706931029e-08
                 2.15625       1.349903093339364   8.969007706931029e-08
                 2.15625       1.398990478551705   8.969007706931029e-08
                 2.15625       1.448077863764045   8.969007706931029e-08
                 2.15625       1.497165248976386   8.969007706931029e-08
                 2.15625       1.546252634188726   8.969007706931029e-08
                 2.15625       1.595340019401067   8.969007706931029e-08
                 2.15625       1.644427404613407   8.969007706931029e-08
                 2.15625       1.693514789825748   8.969007706931029e-08
                 2.15625       1.742602175038088   8.969007706931029e-08
                 2.15625       1.791689560250429   8.969007706931029e-08
                 2.15625       1.840776945462769   8.969007706931029e-08
                 2.15625        1.88986433067511   8.969007706931029e-08
                 2.15625       1.938951715887451   8.969007706931029e-08
                 2.15625       1.988039101099791   8.969007706931029e-08
                 2.15625       2.037126486312132   8.969007706931029e-08
                 2.15625       2.086213871524472   8.969007706931029e-08
                 2.15625       2.135301256736812   8.969007706931029e-08
                 2.15625       2.184388641949153   8.969007706931029e-08
                 2.15625       2.233476027161494   8.969007706931029e-08
                 2.15625       2.282563412373834   8.969007706931029e-08
                 2.15625       2.331650797586175   8.969007706931029e-08
                 2.15625       2.380738182798515   8.969007706931029e-08
                 2.15625       2.429825568010856   8.969007706931029e-08
                 2.15625       2.478912953223196   8.969007706931029e-08
                 2.15625       2.528000338435537   8.969007706931029e-08
                 2.15625       2.577087723647877   8.969007706931029e-08
                 2.15625       2.626175108860218   8.969007706931029e-08
                 2.15625       2.675262494072558   8.969007706931029e-08
                 2.15625       2.724349879284899   8.969007706931029e-08
                 2.15625       2.773437264497239   8.969007706931029e-08
                 2.15625        2.82252464970958   8.969007706931029e-08
                 2.15625        2.87161203492192   8.969007706931029e-08
                 2.15625       2.920699420134261   8.969007706931029e-08
                 2.15625       2.969786805346601   8.969007706931029e-08
                 2.15625       3.018874190558942   8.969007706931029e-08
                 2.15625       3.067961575771282   8.969007706931029e-08
                 2.15625       3.117048960983623   8.969007706931029e-08

                 2.21875     0.02454369260617026   5.480566784725247e-08
                 2.21875     0.07363107781851078   5.480566784725247e-08
                 2.21875      0.1227184630308513   5.480566784725247e-08
                 2.21875      0.1718058482431918   5.480566784725247e-08
                 2.21875      0.2208932334555323   5.480566784725247e-08
                 2.21875      0.2699806186678728   5.480566784725247e-08
                 2.21875      0.3190680038802134   5.480566784725247e-08
                 2.21875      0.3681553890925539   5.480566784725247e-08
                 2.21875      0.4172427743048944   5.480566784725247e-08
                 2.21875      0.4663301595172349   5.480566784725247e-08
                 2.21875      0.5154175447295755   5.480566784725247e-08
                 2.21875      0.5645049299419159   5.480566784725247e-08
                 2.21875      0.6135923151542565   5.480566784725247e-08
                 2.21875       0.662679700366597   5.480566784725247e-08
                 2.21875      0.7117670855789375   5.480566784725247e-08
                 2.21875       0.760854470791278   5.480566784725247e-08
                 2.21875      0.8099418560036186   5.480566784725247e-08
                 2.21875       0.859029241215959   5.480566784725247e-08
                 2.21875      0.9081166264282996   5.480566784725247e-08
                 2.21875      0.9572040116406401   5.480566784725247e-08
                 2.21875       1.006291396852981   5.480566784725247e-08
                 2.21875       1.055378782065321   5.480566784725247e-08
                 2.21875       1.104466167277662   5.480566784725247e-08
                 2.21875       1.153553552490002   5.480566784725247e-08
                 2.21875       1.202640937702343   5.480566784725247e-08
                 2.21875       1.251728322914683   5.480566784725247e-08
                 2.21875       1.300815708127024   5.480566784725247e-08
                 2.21875       1.349903093339364   5.480566784725247e-08
                 2.21875       1.398990478551705   5.480566784725247e-08
                 2.21875       1.448077863764045   5.480566784725247e-08
                 2.21875       1.497165248976386   5.480566784725247e-08
                 2.21875       1.546252634188726   5.480566784725247e-08
                 2.21875       1.595340019401067   5.480566784725247e-08
                 2.21875       1.644427404613407   5.480566784725247e-08
                 2.21875       1.693514789825748   5.480566784725247e-08
                 2.21875       1.742602175038088   5.480566784725247e-08
                 2.21875       1.791689560250429   5.480566784725247e-08
                 2.21875       1.840776945462769   5.480566784725247e-08
                 2.21875        1.88986433067511   5.480566784725247e-08
                 2.21875       1.938951715887451   5.480566784725247e-08
                 2.21875       1.988039101099791   5.480566784725247e-08
                 2.21875       2.037126486312132   5.480566784725247e-08
                 2.21875       2.086213871524472   5.480566784725247e-08
                 2.21875       2.135301256736812   5.480566784725247e-08
                 2.21875       2.184388641949153   5.480566784725247e-08
                 2.21875       2.233476027161494   5.480566784725247e-08
                 2.21875       2.282563412373834   5.480566784725247e-08
                 2.21875       2.331650797586175   5.480566784725247e-08
                 2.21875       2.380738182798515   5.480566784725247e-08
                 2.21875       2.429825568010856   5.480566784725247e-08
                 2.21875       2.478912953223196   5.480566784725247e-08
                 2.21875       2.528000338435537   5.480566784725247e-08
                 2.21875       2.577087723647877   5.480566784725247e-08
                 2.21875       2.626175108860218   5.480566784725247e-08
                 2.21875       2.675262494072558   5.480566784725247e-08
                 2.21875       2.724349879284899   5.480566784725247e-08
                 2.21875       2.773437264497239   5.480566784725247e-08
                 2.21875        2.82252464970958   5.480566784725247e-08
                 2.21875        2.87161203492192   5.480566784725247e-08
                 2.21875       2.920699420134261   5.480566784725247e-08
                 2.21875       2.969786805346601   5.480566784725247e-08
                 2.21875       3.018874190558942   5.480566784725247e-08
                 2.21875       3.067961575771282   5.480566784725247e-08
                 2.21875       3.117048960983623   5.480566784725247e-08

                 2.28125     0.02454369260617026   3.292517051258552e-08
                 2.28125     0.07363107781851078   3.292517051258552e-08
                 2.28125      0.1227184630308513   3.292517051258552e-08
                 2.28125      0.1718058482431918   3.292517051258552e-08
                 2.28125      0.2208932334555323   3.292517051258552e-08
                 2.28125      0.2699806186678728   3.292517051258552e-08
                 2.28125      0.3190680038802134   3.292517051258552e-08
                 2.28125      0.3681553890925539   3.292517051258552e-08
                 2.28125      0.4172427743048944   3.292517051258552e-08
                 2.28125      0.4663301595172349   3.292517051258552e-08
                 2.28125      0.5154175447295755   3.292517051258552e-08
                 2.28125      0.5645049299419159   3.292517051258552e-08
                 2.28125      0.6135923151542565   3.292517051258552e-08
                 2.28125       0.662679700366597   3.292517051258552e-08
                 2.28125      0.7117670855789375   3.292517051258552e-08
                 2.28125       0.760854470791278   3.292517051258552e-08
                 2.28125      0.8099418560036186   3.292517051258552e-08
                 2.28125       0.859029241215959   3.292517051258552e-08
                 2.28125      0.9081166264282996   3.292517051258552e-08
                 2.28125      0.9572040116406401   3.292517051258552e-08
                 2.28125       1.006291396852981   3.292517051258552e-08
                 2.28125       1.055378782065321   3.292517051258552e-08
                 2.28125       1.104466167277662   3.292517051258552e-08
                 2.28125       1.153553552490002   3.292517051258552e-08
                 2.28125       1.202640937702343   3.292517051258552e-08
                 2.28125       1.251728322914683   3.292517051258552e-08
                 2.28125       1.300815708127024   3.292517051258552e-08
                 2.28125       1.349903093339364   3.292517051258552e-08
                 2.28125       1.398990478551705   3.292517051258552e-08
                 2.28125       1.448077863764045   3.292517051258552e-08
                 2.28125       1.497165248976386   3.292517051258552e-08
                 2.28125       1.546252634188726   3.292517051258552e-08
                 2.28125       1.595340019401067   3.292517051258552e-08
                 2.28125       1.644427404613407   3.292517051258552e-08
                 2.28125       1.693514789825748   3.292517051258552e-08
                 2.28125       1.742602175038088   3.292517051258552e-08
                 2.28125       1.791689560250429   3.292517051258552e-08
                 2.28125       1.840776945462769   3.292517051258552e-08
                 2.28125        1.88986433067511   3.292517051258552e-08
                 2.28125       1.938951715887451   3.292517051258552e-08
                 2.28125       1.988039101099791   3.292517051258552e-08
                 2.28125       2.037126486312132   3.292517051258552e-08
                 2.28125       2.086213871524472   3.292517051258552e-08
                 2.28125       2.135301256736812   3.292517051258552e-08
                 2.28125       2.184388641949153   3.292517051258552e-08
                 2.28125       2.233476027161494   3.292517051258552e-08
                 2.28125       2.282563412373834   3.292517051258552e-08
                 2.28125       2.331650797586175   3.292517051258552e-08
                 2.28125       2.380738182798515   3.292517051258552e-08
                 2.28125       2.429825568010856   3.292517051258552e-08
                 2.28125       2.478912953223196   3.292517051258552e-08
                 2.28125       2.528000338435537   3.292517051258552e-08
                 2.28125       2.577087723647877   3.292517051258552e-08
                 2.28125       2.626175108860218   3.292517051258552e-08
                 2.28125       2.675262494072558   3.292517051258552e-08
                 2.28125       2.724349879284899   3.292517051258552e-08
                 2.28125       2.773437264497239   3.292517051258552e-08
                 2.28125        2.82252464970958   3.292517051258552e-08
                 2.28125        2.87161203492192   3.292517051258552e-08
                 2.28125       2.920699420134261   3.292517051258552e-08
                 2.28125       2.969786805346601   3.292517051258552e-08
                 2.28125       3.018874190558942   3.292517051258552e-08
                 2.28125       3.067961575771282   3.292517051258552e-08
                 2.28125       3.117048960983623   3.292517051258552e-08

                 2.34375     0.02454369260617026   1.944820561267197e-08
                 2.34375     0.07363107781851078   1.944820561267197e-08
                 2.34375      0.1227184630308513   1.944820561267197e-08
                 2.34375      0.1718058482431918   1.944820561267197e-08
                 2.34375      0.2208932334555323   1.944820561267197e-08
                 2.34375      0.2699806186678728   1.944820561267197e-08
                 2.34375      0.3190680038802134   1.944820561267197e-08
                 2.34375      0.3681553890925539   1.944820561267197e-08
                 2.34375      0.4172427743048944   1.944820561267197e-08
                 2.34375      0.4663301595172349   1.944820561267197e-08
                 2.34375      0.5154175447295755   1.944820561267197e-08
                 2.34375      0.5645049299419159   1.944820561267197e-08
                 2.34375      0.6135923151542565   1.944820561267197e-08
                 2.34375       0.662679700366597   1.944820561267197e-08
                 2.34375      0.7117670855789375   1.944820561267197e-08
                 2.34375       0.760854470791278   1.944820561267197e-08
                 2.34375      0.8099418560036186   1.944820561267197e-08
                 2.34375       0.859029241215959   1.944820561267197e-08
                 2.34375      0.9081166264282996   1.944820561267197e-08
                 2.34375      0.9572040116406401   1.944820561267197e-08
                 2.34375       1.006291396852981   1.944820561267197e-08
                 2.34375       1.055378782065321   1.944820561267197e-08
                 2.34375       1.104466167277662   1.944820561267197e-08
                 2.34375       1.153553552490002   1.944820561267197e-08
                 2.34375       1.202640937702343   1.944820561267197e-08
                 2.34375       1.251728322914683   1.944820561267197e-08
                 2.34375       1.300815708127024   1.944820561267197e-08
                 2.34375       1.349903093339364   1.944820561267197e-08
                 2.34375       1.398990478551705   1.944820561267197e-08
                 2.34375       1.448077863764045   1.944820561267197e-08
                 2.34375       1.497165248976386   1.944820561267197e-08
                 2.34375       1.546252634188726   1.944820561267197e-08
                 2.34375       1.595340019401067   1.944820561267197e-08
                 2.34375       1.644427404613407   1.944820561267197e-08
                 2.34375       1.693514789825748   1.944820561267197e-08
                 2.34375       1.742602175038088   1.944820561267197e-08
                 2.34375       1.791689560250429   1.944820561267197e-08
                 2.34375       1.840776945462769   1.944820561267197e-08
                 2.34375        1.88986433067511   1.944820561267197e-08
                 2.34375       1.938951715887451   1.944820561267197e-08
                 2.34375       1.988039101099791   1.944820561267197e-08
                 2.34375       2.037126486312132   1.944820561267197e-08
                 2.34375       2.086213871524472   1.944820561267197e-08
                 2.34375       2.135301256736812   1.944820561267197e-08
                 2.34375       2.184388641949153   1.944820561267197e-08
                 2.34375       2.233476027161494   1.944820561267197e-08
                 2.34375       2.282563412373834   1.944820561267197e-08
                 2.34375       2.331650797586175   1.944820561267197e-08
                 2.34375       2.380738182798515   1.944820561267197e-08
                 2.34375       2.429825568010856   1.944820561267197e-08
                 2.34375       2.478912953223196   1.944820561267197e-08
                 2.34375       2.528000338435537   1.944820561267197e-08
                 2.34375       2.577087723647877   1.944820561267197e-08
                 2.34375       2.626175108860218   1.944820561267197e-08
                 2.34375       2.675262494072558   1.944820561267197e-08
                 2.34375       2.724349879284899   1.944820561267197e-08
                 2.34375       2.773437264497239   1.944820561267197e-08
                 2.34375        2.82252464970958   1.944820561267197e-08
                 2.34375        2.87161203492192   1.944820561267197e-08
                 2.34375       2.920699420134261   1.944820561267197e-08
                 2.34375       2.969786805346601   1.944820561267197e-08
                 2.34375       3.018874190558942   1.944820561267197e-08
                 2.34375       3.067961575771282   1.944820561267197e-08
                 2.34375       3.117048960983623   1.944820561267197e-08

                 2.40625     0.02454369260617026   1.129550659027294e-08
                 2.40625     0.07363107781851078   1.129550659027294e-08
                 2.40625      0.1227184630308513   1.129550659027294e-08
                 2.40625      0.1718058482431918   1.129550659027294e-08
                 2.40625      0.2208932334555323   1.129550659027294e-08
                 2.40625      0.2699806186678728   1.129550659027294e-08
                 2.40625      0.3190680038802134   1.129550659027294e-08
                 2.40625      0.3681553890925539   1.129550659027294e-08
                 2.40625      0.4172427743048944   1.129550659027294e-08
                 2.40625      0.4663301595172349   1.129550659027294e-08
                 2.40625      0.5154175447295755   1.129550659027294e-08
                 2.40625      0.5645049299419159   1.129550659027294e-08
                 2.40625      0.6135923151542565   1.129550659027294e-08
                 2.40625       0.662679700366597   1.129550659027294e-08
                 2.40625      0.7117670855789375   1.129550659027294e-08
                 2.40625       0.760854470791278   1.129550659027294e-08
                 2.40625      0.8099418560036186   1.129550659027294e-08
                 2.40625       0.859029241215959   1.129550659027294e-08
                 2.40625      0.9081166264282996   1.129550659027294e-08
                 2.40625      0.9572040116406401   1.129550659027294e-08
                 2.40625       1.006291396852981   1.129550659027294e-08
                 2.40625       1.055378782065321   1.129550659027294e-08
                 2.40625       1.104466167277662   1.129550659027294e-08
                 2.40625       1.153553552490002   1.129550659027294e-08
                 2.40625       1.202640937702343   1.129550659027294e-08
                 2.40625       1.251728322914683   1.129550659027294e-08
                 2.40625       1.300815708127024   1.129550659027294e-08
                 2.40625       1.349903093339364   1.129550659027294e-08
                 2.40625       1.398990478551705   1.129550659027294e-08
                 2.40625       1.448077863764045   1.129550659027294e-08
                 2.40625       1.497165248976386   1.129550659027294e-08
                 2.40625       1.546252634188726   1.129550659027294e-08
                 2.40625       1.595340019401067   1.129550659027294e-08
                 2.40625       1.644427404613407   1.129550659027294e-08
                 2.40625       1.693514789825748   1.129550659027294e-08
                 2.40625       1.742602175038088   1.129550659027294e-08
                 2.40625       1.791689560250429   1.129550659027294e-08
                 2.40625       1.840776945462769   1.129550659027294e-08
                 2.40625        1.88986433067511   1.129550659027294e-08
                 2.40625       1.938951715887451   1.129550659027294e-08
                 2.40625       1.988039101099791   1.129550659027294e-08
                 2.40625       2.037126486312132   1.129550659027294e-08
                 2.40625       2.086213871524472   1.129550659027294e-08
                 2.40625       2.135301256736812   1.129550659027294e-08
                 2.40625       2.184388641949153   1.129550659027294e-08
                 2.40625       2.233476027161494   1.129550659027294e-08
                 2.40625       2.282563412373834   1.129550659027294e-08
                 2.40625       2.331650797586175   1.129550659027294e-08
                 2.40625       2.380738182798515   1.129550659027294e-08
                 2.40625       2.429825568010856   1.129550659027294e-08
                 2.40625       2.478912953223196   1.129550659027294e-08
                 2.40625       2.528000338435537   1.129550659027294e-08
                 2.40625       2.577087723647877   1.129550659027294e-08
                 2.40625       2.626175108860218   1.129550659027294e-08
                 2.40625       2.675262494072558   1.129550659027294e-08
                 2.40625       2.724349879284899   1.129550659027294e-08
                 2.40625       2.773437264497239   1.129550659027294e-08
                 2.40625        2.82252464970958   1.129550659027294e-08
                 2.40625        2.87161203492192   1.129550659027294e-08
                 2.40625       2.920699420134261   1.129550659027294e-08
                 2.40625       2.969786805346601   1.129550659027294e-08
                 2.40625       3.018874190558942   1.129550659027294e-08
                 2.40625       3.067961575771282   1.129550659027294e-08
                 2.40625       3.117048960983623   1.129550659027294e-08

                 2.46875     0.02454369260617026   6.451053983878534e-09
                 2.46875     0.07363107781851078   6.451053983878534e-09
                 2.46875      0.1227184630308513   6.451053983878534e-09
                 2.46875      0.1718058482431918   6.451053983878534e-09
                 2.46875      0.2208932334555323   6.451053983878534e-09
                 2.46875      0.2699806186678728   6.451053983878534e-09
                 2.46875      0.3190680038802134   6.451053983878534e-09
                 2.46875      0.3681553890925539   6.451053983878534e-09
                 2.46875      0.4172427743048944   6.451053983878534e-09
                 2.46875      0.4663301595172349   6.451053983878534e-09
                 2.46875      0.5154175447295755   6.451053983878534e-09
                 2.46875      0.5645049299419159   6.451053983878534e-09
                 2.46875      0.6135923151542565   6.451053983878534e-09
                 2.46875       0.662679700366597   6.451053983878534e-09
                 2.46875      0.7117670855789375   6.451053983878534e-09
                 2.46875       0.760854470791278   6.451053983878534e-09
                 2.46875      0.8099418560036186   6.451053983878534e-09
                 2.46875       0.859029241215959   6.451053983878534e-09
                 2.46875      0.9081166264282996   6.451053983878534e-09
                 2.46875      0.9572040116406401   6.451053983878534e-09
                 2.46875       1.006291396852981   6.451053983878534e-09
                 2.46875       1.055378782065321   6.451053983878534e-09
                 2.46875       1.104466167277662   6.451053983878534e-09
                 2.46875       1.153553552490002   6.451053983878534e-09
                 2.46875       1.202640937702343   6.451053983878534e-09
                 2.46875       1.251728322914683   6.451053983878534e-09
                 2.46875       1.300815708127024   6.451053983878534e-09
                 2.46875       1.349903093339364   6.451053983878534e-09
                 2.46875       1.398990478551705   6.451053983878534e-09
                 2.46875       1.448077863764045   6.451053983878534e-09
                 2.46875       1.497165248976386   6.451053983878534e-09
                 2.46875       1.546252634188726   6.451053983878534e-09
                 2.46875       1.595340019401067   6.451053983878534e-09
                 2.46875       1.644427404613407   6.451053983878534e-09
                 2.46875       1.693514789825748   6.451053983878534e-09
                 2.46875       1.742602175038088   6.451053983878534e-09
                 2.46875       1.791689560250429   6.451053983878534e-09
                 2.46875       1.840776945462769   6.451053983878534e-09
                 2.46875        1.88986433067511   6.451053983878534e-09
                 2.46875       1.938951715887451   6.451053983878534e-09
                 2.46875       1.988039101099791   6.451053983878534e-09
                 2.46875       2.037126486312132   6.451053983878534e-09
                 2.46875       2.086213871524472   6.451053983878534e-09
                 2.46875       2.135301256736812   6.451053983878534e-09
                 2.46875       2.184388641949153   6.451053983878534e-09
                 2.46875       2.233476027161494   6.451053983878534e-09
                 2.46875       2.282563412373834   6.451053983878534e-09
                 2.46875       2.331650797586175   6.451053983878534e-09
                 2.46875       2.380738182798515   6.451053983878534e-09
                 2.46875       2.429825568010856   6.451053983878534e-09
                 2.46875       2.478912953223196   6.451053983878534e-09
                 2.46875       2.528000338435537   6.451053983878534e-09
                 2.46875       2.577087723647877   6.451053983878534e-09
                 2.46875       2.626175108860218   6.451053983878534e-09
                 2.46875       2.675262494072558   6.451053983878534e-09
                 2.46875       2.724349879284899   6.451053983878534e-09
                 2.46875       2.773437264497239   6.451053983878534e-09
                 2.46875        2.82252464970958   6.451053983878534e-09
                 2.46875        2.87161203492192   6.451053983878534e-09
                 2.46875       2.920699420134261   6.451053983878534e-09
                 2.46875       2.969786805346601   6.451053983878534e-09
                 2.46875       3.018874190558942   6.451053983878534e-09
                 2.46875       3.067961575771282   6.451053983878534e-09
                 2.46875       3.117048960983623   6.451053983878534e-09

                 2.53125     0.02454369260617026   3.623072730210794e-09
                 2.53125     0.07363107781851078   3.623072730210794e-09
                 2.53125      0.1227184630308513   3.623072730210794e-09
                 2.53125      0.1718058482431918   3.623072730210794e-09
                 2.53125      0.2208932334555323   3.623072730210794e-09
                 2.53125      0.2699806186678728   3.623072730210794e-09
                 2.53125      0.3190680038802134   3.623072730210794e-09
                 2.53125      0.3681553890925539   3.623072730210794e-09
                 2.53125      0.4172427743048944   3.623072730210794e-09
                 2.53125      0.4663301595172349   3.623072730210794e-09
                 2.53125      0.5154175447295755   3.623072730210794e-09
                 2.53125      0.5645049299419159   3.623072730210794e-09
                 2.53125      0.6135923151542565   3.623072730210794e-09
                 2.53125       0.662679700366597   3.623072730210794e-09
                 2.53125      0.7117670855789375   3.623072730210794e-09
                 2.53125       0.760854470791278   3.623072730210794e-09
                 2.53125      0.8099418560036186   3.623072730210794e-09
                 2.53125       0.859029241215959   3.623072730210794e-09
                 2.53125      0.9081166264282996   3.623072730210794e-09
                 2.53125      0.9572040116406401   3.623072730210794e-09
                 2.53125       1.006291396852981   3.623072730210794e-09
                 2.53125       1.055378782065321   3.623072730210794e-09
                 2.53125       1.104466167277662   3.623072730210794e-09
                 2.53125       1.153553552490002   3.623072730210794e-09
                 2.53125       1.202640937702343   3.623072730210794e-09
                 2.53125       1.251728322914683   3.623072730210794e-09
                 2.53125       1.300815708127024   3.623072730210794e-09
                 2.53125       1.349903093339364   3.623072730210794e-09
                 2.53125       1.398990478551705   3.623072730210794e-09
                 2.53125       1.448077863764045   3.623072730210794e-09
                 2.53125       1.497165248976386   3.623072730210794e-09
                 2.53125       1.546252634188726   3.623072730210794e-09
                 2.53125       1.595340019401067   3.623072730210794e-09
                 2.53125       1.644427404613407   3.623072730210794e-09
                 2.53125       1.693514789825748   3.623072730210794e-09
                 2.53125       1.742602175038088   3.623072730210794e-09
                 2.53125       1.791689560250429   3.623072730210794e-09
                 2.53125       1.840776945462769   3.623072730210794e-09
                 2.53125        1.88986433067511   3.623072730210794e-09
                 2.53125       1.938951715887451   3.623072730210794e-09
                 2.53125       1.988039101099791   3.623072730210794e-09
                 2.53125       2.037126486312132   3.623072730210794e-09
                 2.53125       2.086213871524472   3.623072730210794e-09
                 2.53125       2.135301256736812   3.623072730210794e-09
                 2.53125       2.184388641949153   3.623072730210794e-09
                 2.53125       2.233476027161494   3.623072730210794e-09
                 2.53125       2.282563412373834   3.623072730210794e-09
                 2.53125       2.331650797586175   3.623072730210794e-09
                 2.53125       2.380738182798515   3.623072730210794e-09
                 2.53125       2.429825568010856   3.623072730210794e-09
                 2.53125       2.478912953223196   3.623072730210794e-09
                 2.53125       2.528000338435537   3.623072730210794e-09
                 2.53125       2.577087723647877   3.623072730210794e-09
                 2.53125       2.626175108860218   3.623072730210794e-09
                 2.53125       2.675262494072558   3.623072730210794e-09
                 2.53125       2.724349879284899   3.623072730210794e-09
                 2.53125       2.773437264497239   3.623072730210794e-09
                 2.53125        2.82252464970958   3.623072730210794e-09
                 2.53125        2.87161203492192   3.623072730210794e-09
                 2.53125       2.920699420134261   3.623072730210794e-09
                 2.53125       2.969786805346601   3.623072730210794e-09
                 2.53125       3.018874190558942   3.623072730210794e-09
                 2.53125       3.067961575771282   3.623072730210794e-09
                 2.53125       3.117048960983623   3.623072730210794e-09

                 2.59375     0.02454369260617026   2.001087545050897e-09
                 2.59375     0.07363107781851078   2.001087545050897e-09
                 2.59375      0.1227184630308513   2.001087545050897e-09
                 2.59375      0.1718058482431918   2.001087545050897e-09
                 2.59375      0.2208932334555323   2.001087545050897e-09
                 2.59375      0.2699806186678728   2.001087545050897e-09
                 2.59375      0.3190680038802134   2.001087545050897e-09
                 2.59375      0.3681553890925539   2.001087545050897e-09
                 2.59375      0.4172427743048944   2.001087545050897e-09
                 2.59375      0.4663301595172349   2.001087545050897e-09
                 2.59375      0.5154175447295755   2.001087545050897e-09
                 2.59375      0.5645049299419159   2.001087545050897e-09
                 2.59375      0.6135923151542565   2.001087545050897e-09
                 2.59375       0.662679700366597   2.001087545050897e-09
                 2.59375      0.7117670855789375   2.001087545050897e-09
                 2.59375       0.760854470791278   2.001087545050897e-09
                 2.59375      0.8099418560036186   2.001087545050897e-09
                 2.59375       0.859029241215959   2.001087545050897e-09
                 2.59375      0.9081166264282996   2.001087545050897e-09
                 2.59375      0.9572040116406401   2.001087545050897e-09
                 2.59375       1.006291396852981   2.001087545050897e-09
                 2.59375       1.055378782065321   2.001087545050897e-09
                 2.59375       1.104466167277662   2.001087545050897e-09
                 2.59375       1.153553552490002   2.001087545050897e-09
                 2.59375       1.202640937702343   2.001087545050897e-09
                 2.59375       1.251728322914683   2.001087545050897e-09
                 2.59375       1.300815708127024   2.001087545050897e-09
                 2.59375       1.349903093339364   2.001087545050897e-09
                 2.59375       1.398990478551705   2.001087545050897e-09
                 2.59375       1.448077863764045   2.001087545050897e-09
                 2.59375       1.497165248976386   2.001087545050897e-09
                 2.59375       1.546252634188726   2.001087545050897e-09
                 2.59375       1.595340019401067   2.001087545050897e-09
                 2.59375       1.644427404613407   2.001087545050897e-09
                 2.59375       1.693514789825748   2.001087545050897e-09
                 2.59375       1.742602175038088   2.001087545050897e-09
                 2.59375       1.791689560250429   2.001087545050897e-09
                 2.59375       1.840776945462769   2.001087545050897e-09
                 2.59375        1.88986433067511   2.001087545050897e-09
                 2.59375       1.938951715887451   2.001087545050897e-09
                 2.59375       1.988039101099791   2.001087545050897e-09
                 2.59375       2.037126486312132   2.001087545050897e-09
                 2.59375       2.086213871524472   2.001087545050897e-09
                 2.59375       2.135301256736812   2.001087545050897e-09
                 2.59375       2.184388641949153   2.001087545050897e-09
                 2.59375       2.233476027161494   2.001087545050897e-09
                 2.59375       2.282563412373834   2.001087545050897e-09
                 2.59375       2.331650797586175   2.001087545050897e-09
                 2.59375       2.380738182798515   2.001087545050897e-09
                 2.59375       2.429825568010856   2.001087545050897e-09
                 2.59375       2.478912953223196   2.001087545050897e-09
                 2.59375       2.528000338435537   2.001087545050897e-09
                 2.59375       2.577087723647877   2.001087545050897e-09
                 2.59375       2.626175108860218   2.001087545050897e-09
                 2.59375       2.675262494072558   2.001087545050897e-09
                 2.59375       2.724349879284899   2.001087545050897e-09
                 2.59375       2.773437264497239   2.001087545050897e-09
                 2.59375        2.82252464970958   2.001087545050897e-09
                 2.59375        2.87161203492192   2.001087545050897e-09
                 2.59375       2.920699420134261   2.001087545050897e-09
                 2.59375       2.969786805346601   2.001087545050897e-09
                 2.59375       3.018874190558942   2.001087545050897e-09
                 2.59375       3.067961575771282   2.001087545050897e-09
                 2.59375       3.117048960983623   2.001087545050897e-09

                 2.65625     0.02454369260617026   1.086970497768192e-09
                 2.65625     0.07363107781851078   1.086970497768192e-09
                 2.65625      0.1227184630308513   1.086970497768192e-09
                 2.65625      0.1718058482431918   1.086970497768192e-09
                 2.65625      0.2208932334555323   1.086970497768192e-09
                 2.65625      0.2699806186678728   1.086970497768192e-09
                 2.65625      0.3190680038802134   1.086970497768192e-09
                 2.65625      0.3681553890925539   1.086970497768192e-09
                 2.65625      0.4172427743048944   1.086970497768192e-09
                 2.65625      0.4663301595172349   1.086970497768192e-09
                 2.65625      0.5154175447295755   1.086970497768192e-09
                 2.65625      0.5645049299419159   1.086970497768192e-09
                 2.65625      0.6135923151542565   1.086970497768192e-09
                 2.65625       0.662679700366597   1.086970497768192e-09
                 2.65625      0.7117670855789375   1.086970497768192e-09
                 2.65625       0.760854470791278   1.086970497768192e-09
                 2.65625      0.8099418560036186   1.086970497768192e-09
                 2.65625       0.859029241215959   1.086970497768192e-09
                 2.65625      0.9081166264282996   1.086970497768192e-09
                 2.65625      0.9572040116406401   1.086970497768192e-09
                 2.65625       1.006291396852981   1.086970497768192e-09
                 2.65625       1.055378782065321   1.086970497768192e-09
                 2.65625       1.104466167277662   1.086970497768192e-09
                 2.65625       1.153553552490002   1.086970497768192e-09
                 2.65625       1.202640937702343   1.086970497768192e-09
                 2.65625       1.251728322914683   1.086970497768192e-09
                 2.65625       1.300815708127024   1.086970497768192e-09
                 2.65625       1.349903093339364   1.086970497768192e-09
                 2.65625       1.398990478551705   1.086970497768192e-09
                 2.65625       1.448077863764045   1.086970497768192e-09
                 2.65625       1.497165248976386   1.086970497768192e-09
                 2.65625       1.546252634188726   1.086970497768192e-09
                 2.65625       1.595340019401067   1.086970497768192e-09
                 2.65625       1.644427404613407   1.086970497768192e-09
                 2.65625       1.693514789825748   1.086970497768192e-09
                 2.65625       1.742602175038088   1.086970497768192e-09
                 2.65625       1.791689560250429   1.086970497768192e-09
                 2.65625       1.840776945462769   1.086970497768192e-09
                 2.65625        1.88986433067511   1.086970497768192e-09
                 2.65625       1.938951715887451   1.086970497768192e-09
                 2.65625       1.988039101099791   1.086970497768192e-09
                 2.65625       2.037126486312132   1.086970497768192e-09
                 2.65625       2.086213871524472   1.086970497768192e-09
                 2.65625       2.135301256736812   1.086970497768192e-09
                 2.65625       2.184388641949153   1.086970497768192e-09
                 2.65625       2.233476027161494   1.086970497768192e-09
                 2.65625       2.282563412373834   1.086970497768192e-09
                 2.65625       2.331650797586175   1.086970497768192e-09
                 2.65625       2.380738182798515   1.086970497768192e-09
                 2.65625       2.429825568010856   1.086970497768192e-09
                 2.65625       2.478912953223196   1.086970497768192e-09
                 2.65625       2.528000338435537   1.086970497768192e-09
                 2.65625       2.577087723647877   1.086970497768192e-09
                 2.65625       2.626175108860218   1.086970497768192e-09
                 2.65625       2.675262494072558   1.086970497768192e-09
                 2.65625       2.724349879284899   1.086970497768192e-09
                 2.65625       2.773437264497239   1.086970497768192e-09
                 2.65625        2.82252464970958   1.086970497768192e-09
                 2.65625        2.87161203492192   1.086970497768192e-09
                 2.65625       2.920699420134261   1.086970497768192e-09
                 2.65625       2.969786805346601   1.086970497768192e-09
                 2.65625       3.018874190558942   1.086970497768192e-09
                 2.65625       3.067961575771282   1.086970497768192e-09
                 2.65625       3.117048960983623   1.086970497768192e-09

                 2.71875     0.02454369260617026   5.806986858444076e-10
                 2.71875     0.07363107781851078   5.806986858444076e-10
                 2.71875      0.1227184630308513   5.806986858444076e-10
                 2.71875      0.1718058482431918   5.806986858444076e-10
                 2.71875      0.2208932334555323   5.806986858444076e-10
                 2.71875      0.2699806186678728   5.806986858444076e-10
                 2.71875      0.3190680038802134   5.806986858444076e-10
                 2.71875      0.3681553890925539   5.806986858444076e-10
                 2.71875      0.4172427743048944   5.806986858444076e-10
                 2.71875      0.4663301595172349   5.806986858444076e-10
                 2.71875      0.5154175447295755   5.806986858444076e-10
                 2.71875      0.5645049299419159   5.806986858444076e-10
                 2.71875      0.6135923151542565   5.806986858444076e-10
                 2.71875       0.662679700366597   5.806986858444076e-10
                 2.71875      0.7117670855789375   5.806986858444076e-10
                 2.71875       0.760854470791278   5.806986858444076e-10
                 2.71875      0.8099418560036186   5.806986858444076e-10
                 2.71875       0.859029241215959   5.806986858444076e-10
                 2.71875      0.9081166264282996   5.806986858444076e-10
                 2.71875      0.9572040116406401   5.806986858444076e-10
                 2.71875       1.006291396852981   5.806986858444076e-10
                 2.71875       1.055378782065321   5.806986858444076e-10
                 2.71875       1.104466167277662   5.806986858444076e-10
                 2.71875       1.153553552490002   5.806986858444076e-10
                 2.71875       1.202640937702343   5.806986858444076e-10
                 2.71875       1.251728322914683   5.806986858444076e-10
                 2.71875       1.300815708127024   5.806986858444076e-10
                 2.71875       1.349903093339364   5.806986858444076e-10
                 2.71875       1.398990478551705   5.806986858444076e-10
                 2.71875       1.448077863764045   5.806986858444076e-10
                 2.71875       1.497165248976386   5.806986858444076e-10
                 2.71875       1.546252634188726   5.806986858444076e-10
                 2.71875       1.595340019401067   5.806986858444076e-10
                 2.71875       1.644427404613407   5.806986858444076e-10
                 2.71875       1.693514789825748   5.806986858444076e-10
                 2.71875       1.742602175038088   5.806986858444076e-10
                 2.71875       1.791689560250429   5.806986858444076e-10
                 2.71875       1.840776945462769   5.806986858444076e-10
                 2.71875        1.88986433067511   5.806986858444076e-10
                 2.71875       1.938951715887451   5.806986858444076e-10
                 2.71875       1.988039101099791   5.806986858444076e-10
                 2.71875       2.037126486312132   5.806986858444076e-10
                 2.71875       2.086213871524472   5.806986858444076e-10
                 2.71875       2.135301256736812   5.806986858444076e-10
                 2.71875       2.184388641949153   5.806986858444076e-10
                 2.71875       2.233476027161494   5.806986858444076e-10
                 2.71875       2.282563412373834   5.806986858444076e-10
                 2.71875       2.331650797586175   5.806986858444076e-10
                 2.71875       2.380738182798515   5.806986858444076e-10
                 2.71875       2.429825568010856   5.806986858444076e-10
                 2.71875       2.478912953223196   5.806986858444076e-10
                 2.71875       2.528000338435537   5.806986858444076e-10
                 2.71875       2.577087723647877   5.806986858444076e-10
                 2.71875       2.626175108860218   5.806986858444076e-10
                 2.71875       2.675262494072558   5.806986858444076e-10
                 2.71875       2.724349879284899   5.806986858444076e-10
                 2.71875       2.773437264497239   5.806986858444076e-10
                 2.71875        2.82252464970958   5.806986858444076e-10
                 2.71875        2.87161203492192   5.806986858444076e-10
                 2.71875       2.920699420134261   5.806986858444076e-10
                 2.71875       2.969786805346601   5.806986858444076e-10
                 2.71875       3.018874190558942   5.806986858444076e-10
                 2.71875       3.067961575771282   5.806986858444076e-10
                 2.71875       3.117048960983623   5.806986858444076e-10

                 2.78125     0.02454369260617026   3.051286857375026e-10
                 2.78125     0.07363107781851078   3.051286857375026e-10
                 2.78125      0.1227184630308513   3.051286857375026e-10
                 2.78125      0.1718058482431918   3.051286857375026e-10
                 2.78125      0.2208932334555323   3.051286857375026e-10
                 2.78125      0.2699806186678728   3.051286857375026e-10
                 2.78125      0.3190680038802134   3.051286857375026e-10
                 2.78125      0.3681553890925539   3.051286857375026e-10
                 2.78125      0.4172427743048944   3.051286857375026e-10
                 2.78125      0.4663301595172349   3.051286857375026e-10
                 2.78125      0.5154175447295755   3.051286857375026e-10
                 2.78125      0.5645049299419159   3.051286857375026e-10
                 2.78125      0.6135923151542565   3.051286857375026e-10
                 2.78125       0.662679700366597   3.051286857375026e-10
                 2.78125      0.7117670855789375   3.051286857375026e-10
                 2.78125       0.760854470791278   3.051286857375026e-10
                 2.78125      0.8099418560036186   3.051286857375026e-10
                 2.78125       0.859029241215959   3.051286857375026e-10
                 2.78125      0.9081166264282996   3.051286857375026e-10
                 2.78125      0.9572040116406401   3.051286857375026e-10
                 2.78125       1.006291396852981   3.051286857375026e-10
                 2.78125       1.055378782065321   3.051286857375026e-10
                 2.78125       1.104466167277662   3.051286857375026e-10
                 2.78125       1.153553552490002   3.051286857375026e-10
                 2.78125       1.202640937702343   3.051286857375026e-10
                 2.78125       1.251728322914683   3.051286857375026e-10
                 2.78125       1.300815708127024   3.051286857375026e-10
                 2.78125       1.349903093339364   3.051286857375026e-10
                 2.78125       1.398990478551705   3.051286857375026e-10
                 2.78125       1.448077863764045   3.051286857375026e-10
                 2.78125       1.497165248976386   3.051286857375026e-10
                 2.78125       1.546252634188726   3.051286857375026e-10
                 2.78125       1.595340019401067   3.051286857375026e-10
                 2.78125       1.644427404613407   3.051286857375026e-10
                 2.78125       1.693514789825748   3.051286857375026e-10
                 2.78125       1.742602175038088   3.051286857375026e-10
                 2.78125       1.791689560250429   3.051286857375026e-10
                 2.78125       1.840776945462769   3.051286857375026e-10
                 2.78125        1.88986433067511   3.051286857375026e-10
                 2.78125       1.938951715887451   3.051286857375026e-10
                 2.78125       1.988039101099791   3.051286857375026e-10
                 2.78125       2.037126486312132   3.051286857375026e-10
                 2.78125       2.086213871524472   3.051286857375026e-10
                 2.78125       2.135301256736812   3.051286857375026e-10
                 2.78125       2.184388641949153   3.051286857375026e-10
                 2.78125       2.233476027161494   3.051286857375026e-10
                 2.78125       2.282563412373834   3.051286857375026e-10
                 2.78125       2.331650797586175   3.051286857375026e-10
                 2.78125       2.380738182798515   3.051286857375026e-10
                 2.78125       2.429825568010856   3.051286857375026e-10
                 2.78125       2.478912953223196   3.051286857375026e-10
                 2.78125       2.528000338435537   3.051286857375026e-10
                 2.78125       2.577087723647877   3.051286857375026e-10
                 2.78125       2.626175108860218   3.051286857375026e-10
                 2.78125       2.675262494072558   3.051286857375026e-10
                 2.78125       2.724349879284899   3.051286857375026e-10
                 2.78125       2.773437264497239   3.051286857375026e-10
                 2.78125        2.82252464970958   3.051286857375026e-10
                 2.78125        2.87161203492192   3.051286857375026e-10
                 2.78125       2.920699420134261   3.051286857375026e-10
                 2.78125       2.969786805346601   3.051286857375026e-10
                 2.78125       3.018874190558942   3.051286857375026e-10
                 2.78125       3.067961575771282   3.051286857375026e-10
                 2.78125       3.117048960983623   3.051286857375026e-10

                 2.84375     0.02454369260617026   1.576997535078655e-10
                 2.84375     0.07363107781851078   1.576997535078655e-10
                 2.84375      0.1227184630308513   1.576997535078655e-10
                 2.84375      0.1718058482431918   1.576997535078655e-10
                 2.84375      0.2208932334555323   1.576997535078655e-10
                 2.84375      0.2699806186678728   1.576997535078655e-10
                 2.84375      0.3190680038802134   1.576997535078655e-10
                 2.84375      0.3681553890925539   1.576997535078655e-10
                 2.84375      0.4172427743048944   1.576997535078655e-10
                 2.84375      0.4663301595172349   1.576997535078655e-10
                 2.84375      0.5154175447295755   1.576997535078655e-10
                 2.84375      0.5645049299419159   1.576997535078655e-10
                 2.84375      0.6135923151542565   1.576997535078655e-10
                 2.84375       0.662679700366597   1.576997535078655e-10
                 2.84375      0.7117670855789375   1.576997535078655e-10
                 2.84375       0.760854470791278   1.576997535078655e-10
                 2.84375      0.8099418560036186   1.576997535078655e-10
                 2.84375       0.859029241215959   1.576997535078655e-10
                 2.84375      0.9081166264282996   1.576997535078655e-10
                 2.84375      0.9572040116406401   1.576997535078655e-10
                 2.84375       1.006291396852981   1.576997535078655e-10
                 2.84375       1.055378782065321   1.576997535078655e-10
                 2.84375       1.104466167277662   1.576997535078655e-10
                 2.84375       1.153553552490002   1.576997535078655e-10
                 2.84375       1.202640937702343   1.576997535078655e-10
                 2.84375       1.251728322914683   1.576997535078655e-10
                 2.84375       1.300815708127024   1.576997535078655e-10
                 2.84375       1.349903093339364   1.576997535078655e-10
                 2.84375       1.398990478551705   1.576997535078655e-10
                 2.84375       1.448077863764045   1.576997535078655e-10
                 2.84375       1.497165248976386   1.576997535078655e-10
                 2.84375       1.546252634188726   1.576997535078655e-10
                 2.84375       1.595340019401067   1.576997535078655e-10
                 2.84375       1.644427404613407   1.576997535078655e-10
                 2.84375       1.693514789825748   1.576997535078655e-10
                 2.84375       1.742602175038088   1.576997535078655e-10
                 2.84375       1.791689560250429   1.576997535078655e-10
                 2.84375       1.840776945462769   1.576997535078655e-10
                 2.84375        1.88986433067511   1.576997535078655e-10
                 2.84375       1.938951715887451   1.576997535078655e-10
                 2.84375       1.988039101099791   1.576997535078655e-10
                 2.84375       2.037126486312132   1.576997535078655e-10
                 2.84375       2.086213871524472   1.576997535078655e-10
                 2.84375       2.135301256736812   1.576997535078655e-10
                 2.84375       2.184388641949153   1.576997535078655e-10
                 2.84375       2.233476027161494   1.576997535078655e-10
                 2.84375       2.282563412373834   1.576997535078655e-10
                 2.84375       2.331650797586175   1.576997535078655e-10
                 2.84375       2.380738182798515   1.576997535078655e-10
                 2.84375       2.429825568010856   1.576997535078655e-10
                 2.84375       2.478912953223196   1.576997535078655e-10
                 2.84375       2.528000338435537   1.576997535078655e-10
                 2.84375       2.577087723647877   1.576997535078655e-10
                 2.84375       2.626175108860218   1.576997535078655e-10
                 2.84375       2.675262494072558   1.576997535078655e-10
                 2.84375       2.724349879284899   1.576997535078655e-10
                 2.84375       2.773437264497239   1.576997535078655e-10
                 2.84375        2.82252464970958   1.576997535078655e-10
                 2.84375        2.87161203492192   1.576997535078655e-10
                 2.84375       2.920699420134261   1.576997535078655e-10
                 2.84375       2.969786805346601   1.576997535078655e-10
                 2.84375       3.018874190558942   1.576997535078655e-10
                 2.84375       3.067961575771282   1.576997535078655e-10
                 2.84375       3.117048960983623   1.576997535078655e-10

                 2.90625     0.02454369260617026   8.016974422457766e-11
                 2.90625     0.07363107781851078   8.016974422457766e-11
                 2.90625      0.1227184630308513   8.016974422457766e-11
                 2.90625      0.1718058482431918   8.016974422457766e-11
                 2.90625      0.2208932334555323   8.016974422457766e-11
                 2.90625      0.2699806186678728   8.016974422457766e-11
                 2.90625      0.3190680038802134   8.016974422457766e-11
                 2.90625      0.3681553890925539   8.016974422457766e-11
                 2.90625      0.4172427743048944   8.016974422457766e-11
                 2.90625      0.4663301595172349   8.016974422457766e-11
                 2.90625      0.5154175447295755   8.016974422457766e-11
                 2.90625      0.5645049299419159   8.016974422457766e-11
                 2.90625      0.6135923151542565   8.016974422457766e-11
                 2.90625       0.662679700366597   8.016974422457766e-11
                 2.90625      0.7117670855789375   8.016974422457766e-11
                 2.90625       0.760854470791278   8.016974422457766e-11
                 2.90625      0.8099418560036186   8.016974422457766e-11
                 2.90625       0.859029241215959   8.016974422457766e-11
                 2.90625      0.9081166264282996   8.016974422457766e-11
                 2.90625      0.9572040116406401   8.016974422457766e-11
                 2.90625       1.006291396852981   8.016974422457766e-11
                 2.90625       1.055378782065321   8.016974422457766e-11
                 2.90625       1.104466167277662   8.016974422457766e-11
                 2.90625       1.153553552490002   8.016974422457766e-11
                 2.90625       1.202640937702343   8.016974422457766e-11
                 2.90625       1.251728322914683   8.016974422457766e-11
                 2.90625       1.300815708127024   8.016974422457766e-11
                 2.90625       1.349903093339364   8.016974422457766e-11
                 2.90625       1.398990478551705   8.016974422457766e-11
                 2.90625       1.448077863764045   8.016974422457766e-11
                 2.90625       1.497165248976386   8.016974422457766e-11
                 2.90625       1.546252634188726   8.016974422457766e-11
                 2.90625       1.595340019401067   8.016974422457766e-11
                 2.90625       1.644427404613407   8.016974422457766e-11
                 2.90625       1.693514789825748   8.016974422457766e-11
                 2.90625       1.742602175038088   8.016974422457766e-11
                 2.90625       1.791689560250429   8.016974422457766e-11
                 2.90625       1.840776945462769   8.016974422457766e-11
                 2.90625        1.88986433067511   8.016974422457766e-11
                 2.90625       1.938951715887451   8.016974422457766e-11
                 2.90625       1.988039101099791   8.016974422457766e-11
                 2.90625       2.037126486312132   8.016974422457766e-11
                 2.90625       2.086213871524472   8.016974422457766e-11
                 2.90625       2.135301256736812   8.016974422457766e-11
                 2.90625       2.184388641949153   8.016974422457766e-11
                 2.90625       2.233476027161494   8.016974422457766e-11
                 2.90625       2.282563412373834   8.016974422457766e-11
                 2.90625       2.331650797586175   8.016974422457766e-11
                 2.90625       2.380738182798515   8.016974422457766e-11
                 2.90625       2.429825568010856   8.016974422457766e-11
                 2.90625       2.478912953223196   8.016974422457766e-11
                 2.90625       2.528000338435537   8.016974422457766e-11
                 2.90625       2.577087723647877   8.016974422457766e-11
                 2.90625       2.626175108860218   8.016974422457766e-11
                 2.90625       2.675262494072558   8.016974422457766e-11
                 2.90625       2.724349879284899   8.016974422457766e-11
                 2.90625       2.773437264497239   8.016974422457766e-11
                 2.90625        2.82252464970958   8.016974422457766e-11
                 2.90625        2.87161203492192   8.016974422457766e-11
                 2.90625       2.920699420134261   8.016974422457766e-11
                 2.90625       2.969786805346601   8.016974422457766e-11
                 2.90625       3.018874190558942   8.016974422457766e-11
                 2.90625       3.067961575771282   8.016974422457766e-11
                 2.90625       3.117048960983623   8.016974422457766e-11

                 2.96875     0.02454369260617026   4.009002589228861e-11
                 2.96875     0.07363107781851078   4.009002589228861e-11
                 2.96875      0.1227184630308513   4.009002589228861e-11
                 2.96875      0.1718058482431918   4.009002589228861e-11
                 2.96875      0.2208932334555323   4.009002589228861e-11
                 2.96875      0.2699806186678728   4.009002589228861e-11
                 2.96875      0.3190680038802134   4.009002589228861e-11
                 2.96875      0.3681553890925539   4.009002589228861e-11
                 2.96875      0.4172427743048944   4.009002589228861e-11
                 2.96875      0.4663301595172349   4.009002589228861e-11
                 2.96875      0.5154175447295755   4.009002589228861e-11
                 2.96875      0.5645049299419159   4.009002589228861e-11
                 2.96875      0.6135923151542565   4.009002589228861e-11
                 2.96875       0.662679700366597   4.009002589228861e-11
                 2.96875      0.7117670855789375   4.009002589228861e-11
                 2.96875       0.760854470791278   4.009002589228861e-11
                 2.96875      0.8099418560036186   4.009002589228861e-11
                 2.96875       0.859029241215959   4.009002589228861e-11
                 2.96875      0.9081166264282996   4.009002589228861e-11
                 2.96875      0.9572040116406401   4.009002589228861e-11
                 2.96875       1.006291396852981   4.009002589228861e-11
                 2.96875       1.055378782065321   4.009002589228861e-11
                 2.96875       1.104466167277662   4.009002589228861e-11
                 2.96875       1.153553552490002   4.009002589228861e-11
                 2.96875       1.202640937702343   4.009002589228861e-11
                 2.96875       1.251728322914683   4.009002589228861e-11
                 2.96875       1.300815708127024   4.009002589228861e-11
                 2.96875       1.349903093339364   4.009002589228861e-11
                 2.96875       1.398990478551705   4.009002589228861e-11
                 2.96875       1.448077863764045   4.009002589228861e-11
                 2.96875       1.497165248976386   4.009002589228861e-11
                 2.96875       1.546252634188726   4.009002589228861e-11
                 2.96875       1.595340019401067   4.009002589228861e-11
                 2.96875       1.644427404613407   4.009002589228861e-11
                 2.96875       1.693514789825748   4.009002589228861e-11
                 2.96875       1.742602175038088   4.009002589228861e-11
                 2.96875       1.791689560250429   4.009002589228861e-11
                 2.96875       1.840776945462769   4.009002589228861e-11
                 2.96875        1.88986433067511   4.009002589228861e-11
                 2.96875       1.938951715887451   4.009002589228861e-11
                 2.96875       1.988039101099791   4.009002589228861e-11
                 2.96875       2.037126486312132   4.009002589228861e-11
                 2.96875       2.086213871524472   4.009002589228861e-11
                 2.96875       2.135301256736812   4.009002589228861e-11
                 2.96875       2.184388641949153   4.009002589228861e-11
                 2.96875       2.233476027161494   4.009002589228861e-11
                 2.96875       2.282563412373834   4.009002589228861e-11
                 2.96875       2.331650797586175   4.009002589228861e-11
                 2.96875       2.380738182798515   4.009002589228861e-11
                 2.96875       2.429825568010856   4.009002589228861e-11
                 2.96875       2.478912953223196   4.009002589228861e-11
                 2.96875       2.528000338435537   4.009002589228861e-11
                 2.96875       2.577087723647877   4.009002589228861e-11
                 2.96875       2.626175108860218   4.009002589228861e-11
                 2.96875       2.675262494072558   4.009002589228861e-11
                 2.96875       2.724349879284899   4.009002589228861e-11
                 2.96875       2.773437264497239   4.009002589228861e-11
                 2.96875        2.82252464970958   4.009002589228861e-11
                 2.96875        2.87161203492192   4.009002589228861e-11
                 2.96875       2.920699420134261   4.009002589228861e-11
                 2.96875       2.969786805346601   4.009002589228861e-11
                 2.96875       3.018874190558942   4.009002589228861e-11
                 2.96875       3.067961575771282   4.009002589228861e-11
                 2.96875       3.117048960983623   4.009002589228861e-11

                 3.03125     0.02454369260617026   1.972071065023392e-11
                 3.03125     0.07363107781851078   1.972071065023392e-11
                 3.03125      0.1227184630308513   1.972071065023392e-11
                 3.03125      0.1718058482431918   1.972071065023392e-11
                 3.03125      0.2208932334555323   1.972071065023392e-11
                 3.03125      0.2699806186678728   1.972071065023392e-11
                 3.03125      0.3190680038802134   1.972071065023392e-11
                 3.03125      0.3681553890925539   1.972071065023392e-11
                 3.03125      0.4172427743048944   1.972071065023392e-11
                 3.03125      0.4663301595172349   1.972071065023392e-11
                 3.03125      0.5154175447295755   1.972071065023392e-11
                 3.03125      0.5645049299419159   1.972071065023392e-11
                 3.03125      0.6135923151542565   1.972071065023392e-11
                 3.03125       0.662679700366597   1.972071065023392e-11
                 3.03125      0.7117670855789375   1.972071065023392e-11
                 3.03125       0.760854470791278   1.972071065023392e-11
                 3.03125      0.8099418560036186   1.972071065023392e-11
                 3.03125       0.859029241215959   1.972071065023392e-11
                 3.03125      0.9081166264282996   1.972071065023392e-11
                 3.03125      0.9572040116406401   1.972071065023392e-11
                 3.03125       1.006291396852981   1.972071065023392e-11
                 3.03125       1.055378782065321   1.972071065023392e-11
                 3.03125       1.104466167277662   1.972071065023392e-11
                 3.03125       1.153553552490002   1.972071065023392e-11
                 3.03125       1.202640937702343   1.972071065023392e-11
                 3.03125       1.251728322914683   1.972071065023392e-11
                 3.03125       1.300815708127024   1.972071065023392e-11
                 3.03125       1.349903093339364   1.972071065023392e-11
                 3.03125       1.398990478551705   1.972071065023392e-11
                 3.03125       1.448077863764045   1.972071065023392e-11
                 3.03125       1.497165248976386   1.972071065023392e-11
                 3.03125       1.546252634188726   1.972071065023392e-11
                 3.03125       1.595340019401067   1.972071065023392e-11
                 3.03125       1.644427404613407   1.972071065023392e-11
                 3.03125       1.693514789825748   1.972071065023392e-11
                 3.03125       1.742602175038088   1.972071065023392e-11
                 3.03125       1.791689560250429   1.972071065023392e-11
                 3.03125       1.840776945462769   1.972071065023392e-11
                 3.03125        1.88986433067511   1.972071065023392e-11
                 3.03125       1.938951715887451   1.972071065023392e-11
                 3.03125       1.988039101099791   1.972071065023392e-11
                 3.03125       2.037126486312132   1.972071065023392e-11
                 3.03125       2.086213871524472   1.972071065023392e-11
                 3.03125       2.135301256736812   1.972071065023392e-11
                 3.03125       2.184388641949153   1.972071065023392e-11
                 3.03125       2.233476027161494   1.972071065023392e-11
                 3.03125       2.282563412373834   1.972071065023392e-11
                 3.03125       2.331650797586175   1.972071065023392e-11
                 3.03125       2.380738182798515   1.972071065023392e-11
                 3.03125       2.429825568010856   1.972071065023392e-11
                 3.03125       2.478912953223196   1.972071065023392e-11
                 3.03125       2.528000338435537   1.972071065023392e-11
                 3.03125       2.577087723647877   1.972071065023392e-11
                 3.03125       2.626175108860218   1.972071065023392e-11
                 3.03125       2.675262494072558   1.972071065023392e-11
                 3.03125       2.724349879284899   1.972071065023392e-11
                 3.03125       2.773437264497239   1.972071065023392e-11
                 3.03125        2.82252464970958   1.972071065023392e-11
                 3.03125        2.87161203492192   1.972071065023392e-11
                 3.03125       2.920699420134261   1.972071065023392e-11
                 3.03125       2.969786805346601   1.972071065023392e-11
                 3.03125       3.018874190558942   1.972071065023392e-11
                 3.03125       3.067961575771282   1.972071065023392e-11
                 3.03125       3.117048960983623   1.972071065023392e-11

                 3.09375     0.02454369260617026   9.542945422996824e-12
                 3.09375     0.07363107781851078   9.542945422996824e-12
                 3.09375      0.1227184630308513   9.542945422996824e-12
                 3.09375      0.1718058482431918   9.542945422996824e-12
                 3.09375      0.2208932334555323   9.542945422996824e-12
                 3.09375      0.2699806186678728   9.542945422996824e-12
                 3.09375      0.3190680038802134   9.542945422996824e-12
                 3.09375      0.3681553890925539   9.542945422996824e-12
                 3.09375      0.4172427743048944   9.542945422996824e-12
                 3.09375      0.4663301595172349   9.542945422996824e-12
                 3.09375      0.5154175447295755   9.542945422996824e-12
                 3.09375      0.5645049299419159   9.542945422996824e-12
                 3.09375      0.6135923151542565   9.542945422996824e-12
                 3.09375       0.662679700366597   9.542945422996824e-12
                 3.09375      0.7117670855789375   9.542945422996824e-12
                 3.09375       0.760854470791278   9.542945422996824e-12
                 3.09375      0.8099418560036186   9.542945422996824e-12
                 3.09375       0.859029241215959   9.542945422996824e-12
                 3.09375      0.9081166264282996   9.542945422996824e-12
                 3.09375      0.9572040116406401   9.542945422996824e-12
                 3.09375       1.006291396852981   9.542945422996824e-12
                 3.09375       1.055378782065321   9.542945422996824e-12
                 3.09375       1.104466167277662   9.542945422996824e-12
                 3.09375       1.153553552490002   9.542945422996824e-12
                 3.09375       1.202640937702343   9.542945422996824e-12
                 3.09375       1.251728322914683   9.542945422996824e-12
                 3.09375       1.300815708127024   9.542945422996824e-12
                 3.09375       1.349903093339364   9.542945422996824e-12
                 3.09375       1.398990478551705   9.542945422996824e-12
                 3.09375       1.448077863764045   9.542945422996824e-12
                 3.09375       1.497165248976386   9.542945422996824e-12
                 3.09375       1.546252634188726   9.542945422996824e-12
                 3.09375       1.595340019401067   9.542945422996824e-12
                 3.09375       1.644427404613407   9.542945422996824e-12
                 3.09375       1.693514789825748   9.542945422996824e-12
                 3.09375       1.742602175038088   9.542945422996824e-12
                 3.09375       1.791689560250429   9.542945422996824e-12
                 3.09375       1.840776945462769   9.542945422996824e-12
                 3.09375        1.88986433067511   9.542945422996824e-12
                 3.09375       1.938951715887451   9.542945422996824e-12
                 3.09375       1.988039101099791   9.542945422996824e-12
                 3.09375       2.037126486312132   9.542945422996824e-12
                 3.09375       2.086213871524472   9.542945422996824e-12
                 3.09375       2.135301256736812   9.542945422996824e-12
                 3.09375       2.184388641949153   9.542945422996824e-12
                 3.09375       2.233476027161494   9.542945422996824e-12
                 3.09375       2.282563412373834   9.542945422996824e-12
                 3.09375       2.331650797586175   9.542945422996824e-12
                 3.09375       2.380738182798515   9.542945422996824e-12
                 3.09375       2.429825568010856   9.542945422996824e-12
                 3.09375       2.478912953223196   9.542945422996824e-12
                 3.09375       2.528000338435537   9.542945422996824e-12
                 3.09375       2.577087723647877   9.542945422996824e-12
                 3.09375       2.626175108860218   9.542945422996824e-12
                 3.09375       2.675262494072558   9.542945422996824e-12
                 3.09375       2.724349879284899   9.542945422996824e-12
                 3.09375       2.773437264497239   9.542945422996824e-12
                 3.09375        2.82252464970958   9.542945422996824e-12
                 3.09375        2.87161203492192   9.542945422996824e-12
                 3.09375       2.920699420134261   9.542945422996824e-12
                 3.09375       2.969786805346601   9.542945422996824e-12
                 3.09375       3.018874190558942   9.542945422996824e-12
                 3.09375       3.067961575771282   9.542945422996824e-12
                 3.09375       3.117048960983623   9.542945422996824e-12

                 3.15625     0.02454369260617026   4.542851431492731e-12
                 3.15625     0.07363107781851078   4.542851431492731e-12
                 3.15625      0.1227184630308513   4.542851431492731e-12
                 3.15625      0.1718058482431918   4.542851431492731e-12
                 3.15625      0.2208932334555323   4.542851431492731e-12
                 3.15625      0.2699806186678728   4.542851431492731e-12
                 3.15625      0.3190680038802134   4.542851431492731e-12
                 3.15625      0.3681553890925539   4.542851431492731e-12
                 3.15625      0.4172427743048944   4.542851431492731e-12
                 3.15625      0.4663301595172349   4.542851431492731e-12
                 3.15625      0.5154175447295755   4.542851431492731e-12
                 3.15625      0.5645049299419159   4.542851431492731e-12
                 3.15625      0.6135923151542565   4.542851431492731e-12
                 3.15625       0.662679700366597   4.542851431492731e-12
                 3.15625      0.7117670855789375   4.542851431492731e-12
                 3.15625       0.760854470791278   4.542851431492731e-12
                 3.15625      0.8099418560036186   4.542851431492731e-12
                 3.15625       0.859029241215959   4.542851431492731e-12
                 3.15625      0.9081166264282996   4.542851431492731e-12
                 3.15625      0.9572040116406401   4.542851431492731e-12
                 3.15625       1.006291396852981   4.542851431492731e-12
                 3.15625       1.055378782065321   4.542851431492731e-12
                 3.15625       1.104466167277662   4.542851431492731e-12
                 3.15625       1.153553552490002   4.542851431492731e-12
                 3.15625       1.202640937702343   4.542851431492731e-12
                 3.15625       1.251728322914683   4.542851431492731e-12
                 3.15625       1.300815708127024   4.542851431492731e-12
                 3.15625       1.349903093339364   4.542851431492731e-12
                 3.15625       1.398990478551705   4.542851431492731e-12
                 3.15625       1.448077863764045   4.542851431492731e-12
                 3.15625       1.497165248976386   4.542851431492731e-12
                 3.15625       1.546252634188726   4.542851431492731e-12
                 3.15625       1.595340019401067   4.542851431492731e-12
                 3.15625       1.644427404613407   4.542851431492731e-12
                 3.15625       1.693514789825748   4.542851431492731e-12
                 3.15625       1.742602175038088   4.542851431492731e-12
                 3.15625       1.791689560250429   4.542851431492731e-12
                 3.15625       1.840776945462769   4.542851431492731e-12
                 3.15625        1.88986433067511   4.542851431492731e-12
                 3.15625       1.938951715887451   4.542851431492731e-12
                 3.15625       1.988039101099791   4.542851431492731e-12
                 3.15625       2.037126486312132   4.542851431492731e-12
                 3.15625       2.086213871524472   4.542851431492731e-12
                 3.15625       2.135301256736812   4.542851431492731e-12
                 3.15625       2.184388641949153   4.542851431492731e-12
                 3.15625       2.233476027161494   4.542851431492731e-12
                 3.15625       2.282563412373834   4.542851431492731e-12
                 3.15625       2.331650797586175   4.542851431492731e-12
                 3.15625       2.380738182798515   4.542851431492731e-12
                 3.15625       2.429825568010856   4.542851431492731e-12
                 3.15625       2.478912953223196   4.542851431492731e-12
                 3.15625       2.528000338435537   4.542851431492731e-12
                 3.15625       2.577087723647877   4.542851431492731e-12
                 3.15625       2.626175108860218   4.542851431492731e-12
                 3.15625       2.675262494072558   4.542851431492731e-12
                 3.15625       2.724349879284899   4.542851431492731e-12
                 3.15625       2.773437264497239   4.542851431492731e-12
                 3.15625        2.82252464970958   4.542851431492731e-12
                 3.15625        2.87161203492192   4.542851431492731e-12
                 3.15625       2.920699420134261   4.542851431492731e-12
                 3.15625       2.969786805346601   4.542851431492731e-12
                 3.15625       3.018874190558942   4.542851431492731e-12
                 3.15625       3.067961575771282   4.542851431492731e-12
                 3.15625       3.117048960983623   4.542851431492731e-12

                 3.21875     0.02454369260617026   2.127515541737853e-12
                 3.21875     0.07363107781851078   2.127515541737853e-12
                 3.21875      0.1227184630308513   2.127515541737853e-12
                 3.21875      0.1718058482431918   2.127515541737853e-12
                 3.21875      0.2208932334555323   2.127515541737853e-12
                 3.21875      0.2699806186678728   2.127515541737853e-12
                 3.21875      0.3190680038802134   2.127515541737853e-12
                 3.21875      0.3681553890925539   2.127515541737853e-12
                 3.21875      0.4172427743048944   2.127515541737853e-12
                 3.21875      0.4663301595172349   2.127515541737853e-12
                 3.21875      0.5154175447295755   2.127515541737853e-12
                 3.21875      0.5645049299419159   2.127515541737853e-12
                 3.21875      0.6135923151542565   2.127515541737853e-12
                 3.21875       0.662679700366597   2.127515541737853e-12
                 3.21875      0.7117670855789375   2.127515541737853e-12
                 3.21875       0.760854470791278   2.127515541737853e-12
                 3.21875      0.8099418560036186   2.127515541737853e-12
                 3.21875       0.859029241215959   2.127515541737853e-12
                 3.21875      0.9081166264282996   2.127515541737853e-12
                 3.21875      0.9572040116406401   2.127515541737853e-12
                 3.21875       1.006291396852981   2.127515541737853e-12
                 3.21875       1.055378782065321   2.127515541737853e-12
                 3.21875       1.104466167277662   2.127515541737853e-12
                 3.21875       1.153553552490002   2.127515541737853e-12
                 3.21875       1.202640937702343   2.127515541737853e-12
                 3.21875       1.251728322914683   2.127515541737853e-12
                 3.21875       1.300815708127024   2.127515541737853e-12
                 3.21875       1.349903093339364   2.127515541737853e-12
                 3.21875       1.398990478551705   2.127515541737853e-12
                 3.21875       1.448077863764045   2.127515541737853e-12
                 3.21875       1.497165248976386   2.127515541737853e-12
                 3.21875       1.546252634188726   2.127515541737853e-12
                 3.21875       1.595340019401067   2.127515541737853e-12
                 3.21875       1.644427404613407   2.127515541737853e-12
                 3.21875       1.693514789825748   2.127515541737853e-12
                 3.21875       1.742602175038088   2.127515541737853e-12
                 3.21875       1.791689560250429   2.127515541737853e-12
                 3.21875       1.840776945462769   2.127515541737853e-12
                 3.21875        1.88986433067511   2.127515541737853e-12
                 3.21875       1.938951715887451   2.127515541737853e-12
                 3.21875       1.988039101099791   2.127515541737853e-12
                 3.21875       2.037126486312132   2.127515541737853e-12
                 3.21875       2.086213871524472   2.127515541737853e-12
                 3.21875       2.135301256736812   2.127515541737853e-12
                 3.21875       2.184388641949153   2.127515541737853e-12
                 3.21875       2.233476027161494   2.127515541737853e-12
                 3.21875       2.282563412373834   2.127515541737853e-12
                 3.21875       2.331650797586175   2.127515541737853e-12
                 3.21875       2.380738182798515   2.127515541737853e-12
                 3.21875       2.429825568010856   2.127515541737853e-12
                 3.21875       2.478912953223196   2.127515541737853e-12
                 3.21875       2.528000338435537   2.127515541737853e-12
                 3.21875       2.577087723647877   2.127515541737853e-12
                 3.21875       2.626175108860218   2.127515541737853e-12
                 3.21875       2.675262494072558   2.127515541737853e-12
                 3.21875       2.724349879284899   2.127515541737853e-12
                 3.21875       2.773437264497239   2.127515541737853e-12
                 3.21875        2.82252464970958   2.127515541737853e-12
                 3.21875        2.87161203492192   2.127515541737853e-12
                 3.21875       2.920699420134261   2.127515541737853e-12
                 3.21875       2.969786805346601   2.127515541737853e-12
                 3.21875       3.018874190558942   2.127515541737853e-12
                 3.21875       3.067961575771282   2.127515541737853e-12
                 3.21875       3.117048960983623   2.127515541737853e-12

                 3.28125     0.02454369260617026   9.802262834591646e-13
                 3.28125     0.07363107781851078   9.802262834591646e-13
                 3.28125      0.1227184630308513   9.802262834591646e-13
                 3.28125      0.1718058482431918   9.802262834591646e-13
                 3.28125      0.2208932334555323   9.802262834591646e-13
                 3.28125      0.2699806186678728   9.802262834591646e-13
                 3.28125      0.3190680038802134   9.802262834591646e-13
                 3.28125      0.3681553890925539   9.802262834591646e-13
                 3.28125      0.4172427743048944   9.802262834591646e-13
                 3.28125      0.4663301595172349   9.802262834591646e-13
                 3.28125      0.5154175447295755   9.802262834591646e-13
                 3.28125      0.5645049299419159   9.802262834591646e-13
                 3.28125      0.6135923151542565   9.802262834591646e-13
                 3.28125       0.662679700366597   9.802262834591646e-13
                 3.28125      0.7117670855789375   9.802262834591646e-13
                 3.28125       0.760854470791278   9.802262834591646e-13
                 3.28125      0.8099418560036186   9.802262834591646e-13
                 3.28125       0.859029241215959   9.802262834591646e-13
                 3.28125      0.9081166264282996   9.802262834591646e-13
                 3.28125      0.9572040116406401   9.802262834591646e-13
                 3.28125       1.006291396852981   9.802262834591646e-13
                 3.28125       1.055378782065321   9.802262834591646e-13
                 3.28125       1.104466167277662   9.802262834591646e-13
                 3.28125       1.153553552490002   9.802262834591646e-13
                 3.28125       1.202640937702343   9.802262834591646e-13
                 3.28125       1.251728322914683   9.802262834591646e-13
                 3.28125       1.300815708127024   9.802262834591646e-13
                 3.28125       1.349903093339364   9.802262834591646e-13
                 3.28125       1.398990478551705   9.802262834591646e-13
                 3.28125       1.448077863764045   9.802262834591646e-13
                 3.28125       1.497165248976386   9.802262834591646e-13
                 3.28125       1.546252634188726   9.802262834591646e-13
                 3.28125       1.595340019401067   9.802262834591646e-13
                 3.28125       1.644427404613407   9.802262834591646e-13
                 3.28125       1.693514789825748   9.802262834591646e-13
                 3.28125       1.742602175038088   9.802262834591646e-13
                 3.28125       1.791689560250429   9.802262834591646e-13
                 3.28125       1.840776945462769   9.802262834591646e-13
                 3.28125        1.88986433067511   9.802262834591646e-13
                 3.28125       1.938951715887451   9.802262834591646e-13
                 3.28125       1.988039101099791   9.802262834591646e-13
                 3.28125       2.037126486312132   9.802262834591646e-13
                 3.28125       2.086213871524472   9.802262834591646e-13
                 3.28125       2.135301256736812   9.802262834591646e-13
                 3.28125       2.184388641949153   9.802262834591646e-13
                 3.28125       2.233476027161494   9.802262834591646e-13
                 3.28125       2.282563412373834   9.802262834591646e-13
                 3.28125       2.331650797586175   9.802262834591646e-13
                 3.28125       2.380738182798515   9.802262834591646e-13
                 3.28125       2.429825568010856   9.802262834591646e-13
                 3.28125       2.478912953223196   9.802262834591646e-13
                 3.28125       2.528000338435537   9.802262834591646e-13
                 3.28125       2.577087723647877   9.802262834591646e-13
                 3.28125       2.626175108860218   9.802262834591646e-13
                 3.28125       2.675262494072558   9.802262834591646e-13
                 3.28125       2.724349879284899   9.802262834591646e-13
                 3.28125       2.773437264497239   9.802262834591646e-13
                 3.28125        2.82252464970958   9.802262834591646e-13
                 3.28125        2.87161203492192   9.802262834591646e-13
                 3.28125       2.920699420134261   9.802262834591646e-13
                 3.28125       2.969786805346601   9.802262834591646e-13
                 3.28125       3.018874190558942   9.802262834591646e-13
                 3.28125       3.067961575771282   9.802262834591646e-13
                 3.28125       3.117048960983623   9.802262834591646e-13

                 3.34375     0.02454369260617026   4.443242784940763e-13
                 3.34375     0.07363107781851078   4.443242784940763e-13
                 3.34375      0.1227184630308513   4.443242784940763e-13
                 3.34375      0.1718058482431918   4.443242784940763e-13
                 3.34375      0.2208932334555323   4.443242784940763e-13
                 3.34375      0.2699806186678728   4.443242784940763e-13
                 3.34375      0.3190680038802134   4.443242784940763e-13
                 3.34375      0.3681553890925539   4.443242784940763e-13
                 3.34375      0.4172427743048944   4.443242784940763e-13
                 3.34375      0.4663301595172349   4.443242784940763e-13
                 3.34375      0.5154175447295755   4.443242784940763e-13
                 3.34375      0.5645049299419159   4.443242784940763e-13
                 3.34375      0.6135923151542565   4.443242784940763e-13
                 3.34375       0.662679700366597   4.443242784940763e-13
                 3.34375      0.7117670855789375   4.443242784940763e-13
                 3.34375       0.760854470791278   4.443242784940763e-13
                 3.34375      0.8099418560036186   4.443242784940763e-13
                 3.34375       0.859029241215959   4.443242784940763e-13
                 3.34375      0.9081166264282996   4.443242784940763e-13
                 3.34375      0.9572040116406401   4.443242784940763e-13
                 3.34375       1.006291396852981   4.443242784940763e-13
                 3.34375       1.055378782065321   4.443242784940763e-13
                 3.34375       1.104466167277662   4.443242784940763e-13
                 3.34375       1.153553552490002   4.443242784940763e-13
                 3.34375       1.202640937702343   4.443242784940763e-13
                 3.34375       1.251728322914683   4.443242784940763e-13
                 3.34375       1.300815708127024   4.443242784940763e-13
                 3.34375       1.349903093339364   4.443242784940763e-13
                 3.34375       1.398990478551705   4.443242784940763e-13
                 3.34375       1.448077863764045   4.443242784940763e-13
                 3.34375       1.497165248976386   4.443242784940763e-13
                 3.34375       1.546252634188726   4.443242784940763e-13
                 3.34375       1.595340019401067   4.443242784940763e-13
                 3.34375       1.644427404613407   4.443242784940763e-13
                 3.34375       1.693514789825748   4.443242784940763e-13
                 3.34375       1.742602175038088   4.443242784940763e-13
                 3.34375       1.791689560250429   4.443242784940763e-13
                 3.34375       1.840776945462769   4.443242784940763e-13
                 3.34375        1.88986433067511   4.443242784940763e-13
                 3.34375       1.938951715887451   4.443242784940763e-13
                 3.34375       1.988039101099791   4.443242784940763e-13
                 3.34375       2.037126486312132   4.443242784940763e-13
                 3.34375       2.086213871524472   4.443242784940763e-13
                 3.34375       2.135301256736812   4.443242784940763e-13
                 3.34375       2.184388641949153   4.443242784940763e-13
                 3.34375       2.233476027161494   4.443242784940763e-13
                 3.34375       2.282563412373834   4.443242784940763e-13
                 3.34375       2.331650797586175   4.443242784940763e-13
                 3.34375       2.380738182798515   4.443242784940763e-13
                 3.34375       2.429825568010856   4.443242784940763e-13
                 3.34375       2.478912953223196   4.443242784940763e-13
                 3.34375       2.528000338435537   4.443242784940763e-13
                 3.34375       2.577087723647877   4.443242784940763e-13
                 3.34375       2.626175108860218   4.443242784940763e-13
                 3.34375       2.675262494072558   4.443242784940763e-13
                 3.34375       2.724349879284899   4.443242784940763e-13
                 3.34375       2.773437264497239   4.443242784940763e-13
                 3.34375        2.82252464970958   4.443242784940763e-13
                 3.34375        2.87161203492192   4.443242784940763e-13
                 3.34375       2.920699420134261   4.443242784940763e-13
                 3.34375       2.969786805346601   4.443242784940763e-13
                 3.34375       3.018874190558942   4.443242784940763e-13
                 3.34375       3.067961575771282   4.443242784940763e-13
                 3.34375       3.117048960983623   4.443242784940763e-13

                 3.40625     0.02454369260617026   1.981545318146293e-13
                 3.40625     0.07363107781851078   1.981545318146293e-13
                 3.40625      0.1227184630308513   1.981545318146293e-13
                 3.40625      0.1718058482431918   1.981545318146293e-13
                 3.40625      0.2208932334555323   1.981545318146293e-13
                 3.40625      0.2699806186678728   1.981545318146293e-13
                 3.40625      0.3190680038802134   1.981545318146293e-13
                 3.40625      0.3681553890925539   1.981545318146293e-13
                 3.40625      0.4172427743048944   1.981545318146293e-13
                 3.40625      0.4663301595172349   1.981545318146293e-13
                 3.40625      0.5154175447295755   1.981545318146293e-13
                 3.40625      0.5645049299419159   1.981545318146293e-13
                 3.40625      0.6135923151542565   1.981545318146293e-13
                 3.40625       0.662679700366597   1.981545318146293e-13
                 3.40625      0.7117670855789375   1.981545318146293e-13
                 3.40625       0.760854470791278   1.981545318146293e-13
                 3.40625      0.8099418560036186   1.981545318146293e-13
                 3.40625       0.859029241215959   1.981545318146293e-13
                 3.40625      0.9081166264282996   1.981545318146293e-13
                 3.40625      0.9572040116406401   1.981545318146293e-13
                 3.40625       1.006291396852981   1.981545318146293e-13
                 3.40625       1.055378782065321   1.981545318146293e-13
                 3.40625       1.104466167277662   1.981545318146293e-13
                 3.40625       1.153553552490002   1.981545318146293e-13
                 3.40625       1.202640937702343   1.981545318146293e-13
                 3.40625       1.251728322914683   1.981545318146293e-13
                 3.40625       1.300815708127024   1.981545318146293e-13
                 3.40625       1.349903093339364   1.981545318146293e-13
                 3.40625       1.398990478551705   1.981545318146293e-13
                 3.40625       1.448077863764045   1.981545318146293e-13
                 3.40625       1.497165248976386   1.981545318146293e-13
                 3.40625       1.546252634188726   1.981545318146293e-13
                 3.40625       1.595340019401067   1.981545318146293e-13
                 3.40625       1.644427404613407   1.981545318146293e-13
                 3.40625       1.693514789825748   1.981545318146293e-13
                 3.40625       1.742602175038088   1.981545318146293e-13
                 3.40625       1.791689560250429   1.981545318146293e-13
                 3.40625       1.840776945462769   1.981545318146293e-13
                 3.40625        1.88986433067511   1.981545318146293e-13
                 3.40625       1.938951715887451   1.981545318146293e-13
                 3.40625       1.988039101099791   1.981545318146293e-13
                 3.40625       2.037126486312132   1.981545318146293e-13
                 3.40625       2.086213871524472   1.981545318146293e-13
                 3.40625       2.135301256736812   1.981545318146293e-13
                 3.40625       2.184388641949153   1.981545318146293e-13
                 3.40625       2.233476027161494   1.981545318146293e-13
                 3.40625       2.282563412373834   1.981545318146293e-13
                 3.40625       2.331650797586175   1.981545318146293e-13
                 3.40625       2.380738182798515   1.981545318146293e-13
                 3.40625       2.429825568010856   1.981545318146293e-13
                 3.40625       2.478912953223196   1.981545318146293e-13
                 3.40625       2.528000338435537   1.981545318146293e-13
                 3.40625       2.577087723647877   1.981545318146293e-13
                 3.40625       2.626175108860218   1.981545318146293e-13
                 3.40625       2.675262494072558   1.981545318146293e-13
                 3.40625       2.724349879284899   1.981545318146293e-13
                 3.40625       2.773437264497239   1.981545318146293e-13
                 3.40625        2.82252464970958   1.981545318146293e-13
                 3.40625        2.87161203492192   1.981545318146293e-13
                 3.40625       2.920699420134261   1.981545318146293e-13
                 3.40625       2.969786805346601   1.981545318146293e-13
                 3.40625       3.018874190558942   1.981545318146293e-13
                 3.40625       3.067961575771282   1.981545318146293e-13
                 3.40625       3.117048960983623   1.981545318146293e-13

                 3.46875     0.02454369260617026   8.694565783775896e-14
                 3.46875     0.07363107781851078   8.694565783775896e-14
                 3.46875      0.1227184630308513   8.694565783775896e-14
                 3.46875      0.1718058482431918   8.694565783775896e-14
                 3.46875      0.2208932334555323   8.694565783775896e-14
                 3.46875      0.2699806186678728   8.694565783775896e-14
                 3.46875      0.3190680038802134   8.694565783775896e-14
                 3.46875      0.3681553890925539   8.694565783775896e-14
                 3.46875      0.4172427743048944   8.694565783775896e-14
                 3.46875      0.4663301595172349   8.694565783775896e-14
                 3.46875      0.5154175447295755   8.694565783775896e-14
                 3.46875      0.5645049299419159   8.694565783775896e-14
                 3.46875      0.6135923151542565   8.694565783775896e-14
                 3.46875       0.662679700366597   8.694565783775896e-14
                 3.46875      0.7117670855789375   8.694565783775896e-14
                 3.46875       0.760854470791278   8.694565783775896e-14
                 3.46875      0.8099418560036186   8.694565783775896e-14
                 3.46875       0.859029241215959   8.694565783775896e-14
                 3.46875      0.9081166264282996   8.694565783775896e-14
                 3.46875      0.9572040116406401   8.694565783775896e-14
                 3.46875       1.006291396852981   8.694565783775896e-14
                 3.46875       1.055378782065321   8.694565783775896e-14
                 3.46875       1.104466167277662   8.694565783775896e-14
                 3.46875       1.153553552490002   8.694565783775896e-14
                 3.46875       1.202640937702343   8.694565783775896e-14
                 3.46875       1.251728322914683   8.694565783775896e-14
                 3.46875       1.300815708127024   8.694565783775896e-14
                 3.46875       1.349903093339364   8.694565783775896e-14
                 3.46875       1.398990478551705   8.694565783775896e-14
                 3.46875       1.448077863764045   8.694565783775896e-14
                 3.46875       1.497165248976386   8.694565783775896e-14
                 3.46875       1.546252634188726   8.694565783775896e-14
                 3.46875       1.595340019401067   8.694565783775896e-14
                 3.46875       1.644427404613407   8.694565783775896e-14
                 3.46875       1.693514789825748   8.694565783775896e-14
                 3.46875       1.742602175038088   8.694565783775896e-14
                 3.46875       1.791689560250429   8.694565783775896e-14
                 3.46875       1.840776945462769   8.694565783775896e-14
                 3.46875        1.88986433067511   8.694565783775896e-14
                 3.46875       1.938951715887451   8.694565783775896e-14
                 3.46875       1.988039101099791   8.694565783775896e-14
                 3.46875       2.037126486312132   8.694565783775896e-14
                 3.46875       2.086213871524472   8.694565783775896e-14
                 3.46875       2.135301256736812   8.694565783775896e-14
                 3.46875       2.184388641949153   8.694565783775896e-14
                 3.46875       2.233476027161494   8.694565783775896e-14
                 3.46875       2.282563412373834   8.694565783775896e-14
                 3.46875       2.331650797586175   8.694565783775896e-14
                 3.46875       2.380738182798515   8.694565783775896e-14
                 3.46875       2.429825568010856   8.694565783775896e-14
                 3.46875       2.478912953223196   8.694565783775896e-14
                 3.46875       2.528000338435537   8.694565783775896e-14
                 3.46875       2.577087723647877   8.694565783775896e-14
                 3.46875       2.626175108860218   8.694565783775896e-14
                 3.46875       2.675262494072558   8.694565783775896e-14
                 3.46875       2.724349879284899   8.694565783775896e-14
                 3.46875       2.773437264497239   8.694565783775896e-14
                 3.46875        2.82252464970958   8.694565783775896e-14
                 3.46875        2.87161203492192   8.694565783775896e-14
                 3.46875       2.920699420134261   8.694565783775896e-14
                 3.46875       2.969786805346601   8.694565783775896e-14
                 3.46875       3.018874190558942   8.694565783775896e-14
                 3.46875       3.067961575771282   8.694565783775896e-14
                 3.46875       3.117048960983623   8.694565783775896e-14

                 3.53125     0.02454369260617026   3.753538693122642e-14
                 3.53125     0.07363107781851078   3.753538693122642e-14
                 3.53125      0.1227184630308513   3.753538693122642e-14
                 3.53125      0.1718058482431918   3.753538693122642e-14
                 3.53125      0.2208932334555323   3.753538693122642e-14
                 3.53125      0.2699806186678728   3.753538693122642e-14
                 3.53125      0.3190680038802134   3.753538693122642e-14
                 3.53125      0.3681553890925539   3.753538693122642e-14
                 3.53125      0.4172427743048944   3.753538693122642e-14
                 3.53125      0.4663301595172349   3.753538693122642e-14
                 3.53125      0.5154175447295755   3.753538693122642e-14
                 3.53125      0.5645049299419159   3.753538693122642e-14
                 3.53125      0.6135923151542565   3.753538693122642e-14
                 3.53125       0.662679700366597   3.753538693122642e-14
                 3.53125      0.7117670855789375   3.753538693122642e-14
                 3.53125       0.760854470791278   3.753538693122642e-14
                 3.53125      0.8099418560036186   3.753538693122642e-14
                 3.53125       0.859029241215959   3.753538693122642e-14
                 3.53125      0.9081166264282996   3.753538693122642e-14
                 3.53125      0.9572040116406401   3.753538693122642e-14
                 3.53125       1.006291396852981   3.753538693122642e-14
                 3.53125       1.055378782065321   3.753538693122642e-14
                 3.53125       1.104466167277662   3.753538693122642e-14
                 3.53125       1.153553552490002   3.753538693122642e-14
                 3.53125       1.202640937702343   3.753538693122642e-14
                 3.53125       1.251728322914683   3.753538693122642e-14
                 3.53125       1.300815708127024   3.753538693122642e-14
                 3.53125       1.349903093339364   3.753538693122642e-14
                 3.53125       1.398990478551705   3.753538693122642e-14
                 3.53125       1.448077863764045   3.753538693122642e-14
                 3.53125       1.497165248976386   3.753538693122642e-14
                 3.53125       1.546252634188726   3.753538693122642e-14
                 3.53125       1.595340019401067   3.753538693122642e-14
                 3.53125       1.644427404613407   3.753538693122642e-14
                 3.53125       1.693514789825748   3.753538693122642e-14
                 3.53125       1.742602175038088   3.753538693122642e-14
                 3.53125       1.791689560250429   3.753538693122642e-14
                 3.53125       1.840776945462769   3.753538693122642e-14
                 3.53125        1.88986433067511   3.753538693122642e-14
                 3.53125       1.938951715887451   3.753538693122642e-14
                 3.53125       1.988039101099791   3.753538693122642e-14
                 3.53125       2.037126486312132   3.753538693122642e-14
                 3.53125       2.086213871524472   3.753538693122642e-14
                 3.53125       2.135301256736812   3.753538693122642e-14
                 3.53125       2.184388641949153   3.753538693122642e-14
                 3.53125       2.233476027161494   3.753538693122642e-14
                 3.53125       2.282563412373834   3.753538693122642e-14
                 3.53125       2.331650797586175   3.753538693122642e-14
                 3.53125       2.380738182798515   3.753538693122642e-14
                 3.53125       2.429825568010856   3.753538693122642e-14
                 3.53125       2.478912953223196   3.753538693122642e-14
                 3.53125       2.528000338435537   3.753538693122642e-14
                 3.53125       2.577087723647877   3.753538693122642e-14
                 3.53125       2.626175108860218   3.753538693122642e-14
                 3.53125       2.675262494072558   3.753538693122642e-14
                 3.53125       2.724349879284899   3.753538693122642e-14
                 3.53125       2.773437264497239   3.753538693122642e-14
                 3.53125        2.82252464970958   3.753538693122642e-14
                 3.53125        2.87161203492192   3.753538693122642e-14
                 3.53125       2.920699420134261   3.753538693122642e-14
                 3.53125       2.969786805346601   3.753538693122642e-14
                 3.53125       3.018874190558942   3.753538693122642e-14
                 3.53125       3.067961575771282   3.753538693122642e-14
                 3.53125       3.117048960983623   3.753538693122642e-14

                 3.59375     0.02454369260617026     1.5943796805786e-14
                 3.59375     0.07363107781851078     1.5943796805786e-14
                 3.59375      0.1227184630308513     1.5943796805786e-14
                 3.59375      0.1718058482431918     1.5943796805786e-14
                 3.59375      0.2208932334555323     1.5943796805786e-14
                 3.59375      0.2699806186678728     1.5943796805786e-14
                 3.59375      0.3190680038802134     1.5943796805786e-14
                 3.59375      0.3681553890925539     1.5943796805786e-14
                 3.59375      0.4172427743048944     1.5943796805786e-14
                 3.59375      0.4663301595172349     1.5943796805786e-14
                 3.59375      0.5154175447295755     1.5943796805786e-14
                 3.59375      0.5645049299419159     1.5943796805786e-14
                 3.59375      0.6135923151542565     1.5943796805786e-14
                 3.59375       0.662679700366597     1.5943796805786e-14
                 3.59375      0.7117670855789375     1.5943796805786e-14
                 3.59375       0.760854470791278     1.5943796805786e-14
                 3.59375      0.8099418560036186     1.5943796805786e-14
                 3.59375       0.859029241215959     1.5943796805786e-14
                 3.59375      0.9081166264282996     1.5943796805786e-14
                 3.59375      0.9572040116406401     1.5943796805786e-14
                 3.59375       1.006291396852981     1.5943796805786e-14
                 3.59375       1.055378782065321     1.5943796805786e-14
                 3.59375       1.104466167277662     1.5943796805786e-14
                 3.59375       1.153553552490002     1.5943796805786e-14
                 3.59375       1.202640937702343     1.5943796805786e-14
                 3.59375       1.251728322914683     1.5943796805786e-14
                 3.59375       1.300815708127024     1.5943796805786e-14
                 3.59375       1.349903093339364     1.5943796805786e-14
                 3.59375       1.398990478551705     1.5943796805786e-14
                 3.59375       1.448077863764045     1.5943796805786e-14
                 3.59375       1.497165248976386     1.5943796805786e-14
                 3.59375       1.546252634188726     1.5943796805786e-14
                 3.59375       1.595340019401067     1.5943796805786e-14
                 3.59375       1.644427404613407     1.5943796805786e-14
                 3.59375       1.693514789825748     1.5943796805786e-14
                 3.59375       1.742602175038088     1.5943796805786e-14
                 3.59375       1.791689560250429     1.5943796805786e-14
                 3.59375       1.840776945462769     1.5943796805786e-14
                 3.59375        1.88986433067511     1.5943796805786e-14
                 3.59375       1.938951715887451     1.5943796805786e-14
                 3.59375       1.988039101099791     1.5943796805786e-14
                 3.59375       2.037126486312132     1.5943796805786e-14
                 3.59375       2.086213871524472     1.5943796805786e-14
                 3.59375       2.135301256736812     1.5943796805786e-14
                 3.59375       2.184388641949153     1.5943796805786e-14
                 3.59375       2.233476027161494     1.5943796805786e-14
                 3.59375       2.282563412373834     1.5943796805786e-14
                 3.59375       2.331650797586175     1.5943796805786e-14
                 3.59375       2.380738182798515     1.5943796805786e-14
                 3.59375       2.429825568010856     1.5943796805786e-14
                 3.59375       2.478912953223196     1.5943796805786e-14
                 3.59375       2.528000338435537     1.5943796805786e-14
                 3.59375       2.577087723647877     1.5943796805786e-14
                 3.59375       2.626175108860218     1.5943796805786e-14
                 3.59375       2.675262494072558     1.5943796805786e-14
                 3.59375       2.724349879284899     1.5943796805786e-14
                 3.59375       2.773437264497239     1.5943796805786e-14
                 3.59375        2.82252464970958     1.5943796805786e-14
                 3.59375        2.87161203492192     1.5943796805786e-14
                 3.59375       2.920699420134261     1.5943796805786e-14
                 3.59375       2.969786805346601     1.5943796805786e-14
                 3.59375       3.018874190558942     1.5943796805786e-14
                 3.59375       3.067961575771282     1.5943796805786e-14
                 3.59375       3.117048960983623     1.5943796805786e-14

                 3.65625     0.02454369260617026   6.663597960293404e-15
                 3.65625     0.07363107781851078   6.663597960293404e-15
                 3.65625      0.1227184630308513   6.663597960293404e-15
                 3.65625      0.1718058482431918   6.663597960293404e-15
                 3.65625      0.2208932334555323   6.663597960293404e-15
                 3.65625      0.2699806186678728   6.663597960293404e-15
                 3.65625      0.3190680038802134   6.663597960293404e-15
                 3.65625      0.3681553890925539   6.663597960293404e-15
                 3.65625      0.4172427743048944   6.663597960293404e-15
                 3.65625      0.4663301595172349   6.663597960293404e-15
                 3.65625      0.5154175447295755   6.663597960293404e-15
                 3.65625      0.5645049299419159   6.663597960293404e-15
                 3.65625      0.6135923151542565   6.663597960293404e-15
                 3.65625       0.662679700366597   6.663597960293404e-15
                 3.65625      0.7117670855789375   6.663597960293404e-15
                 3.65625       0.760854470791278   6.663597960293404e-15
                 3.65625      0.8099418560036186   6.663597960293404e-15
                 3.65625       0.859029241215959   6.663597960293404e-15
                 3.65625      0.9081166264282996   6.663597960293404e-15
                 3.65625      0.9572040116406401   6.663597960293404e-15
                 3.65625       1.006291396852981   6.663597960293404e-15
                 3.65625       1.055378782065321   6.663597960293404e-15
                 3.65625       1.104466167277662   6.663597960293404e-15
                 3.65625       1.153553552490002   6.663597960293404e-15
                 3.65625       1.202640937702343   6.663597960293404e-15
                 3.65625       1.251728322914683   6.663597960293404e-15
                 3.65625       1.300815708127024   6.663597960293404e-15
                 3.65625       1.349903093339364   6.663597960293404e-15
                 3.65625       1.398990478551705   6.663597960293404e-15
                 3.65625       1.448077863764045   6.663597960293404e-15
                 3.65625       1.497165248976386   6.663597960293404e-15
                 3.65625       1.546252634188726   6.663597960293404e-15
                 3.65625       1.595340019401067   6.663597960293404e-15
                 3.65625       1.644427404613407   6.663597960293404e-15
                 3.65625       1.693514789825748   6.663597960293404e-15
                 3.65625       1.742602175038088   6.663597960293404e-15
                 3.65625       1.791689560250429   6.663597960293404e-15
                 3.65625       1.840776945462769   6.663597960293404e-15
                 3.65625        1.88986433067511   6.663597960293404e-15
                 3.65625       1.938951715887451   6.663597960293404e-15
                 3.65625       1.988039101099791   6.663597960293404e-15
                 3.65625       2.037126486312132   6.663597960293404e-15
                 3.65625       2.086213871524472   6.663597960293404e-15
                 3.65625       2.135301256736812   6.663597960293404e-15
                 3.65625       2.184388641949153   6.663597960293404e-15
                 3.65625       2.233476027161494   6.663597960293404e-15
                 3.65625       2.282563412373834   6.663597960293404e-15
                 3.65625       2.331650797586175   6.663597960293404e-15
                 3.65625       2.380738182798515   6.663597960293404e-15
                 3.65625       2.429825568010856   6.663597960293404e-15
                 3.65625       2.478912953223196   6.663597960293404e-15
                 3.65625       2.528000338435537   6.663597960293404e-15
                 3.65625       2.577087723647877   6.663597960293404e-15
                 3.65625       2.626175108860218   6.663597960293404e-15
                 3.65625       2.675262494072558   6.663597960293404e-15
                 3.65625       2.724349879284899   6.663597960293404e-15
                 3.65625       2.773437264497239   6.663597960293404e-15
                 3.65625        2.82252464970958   6.663597960293404e-15
                 3.65625        2.87161203492192   6.663597960293404e-15
                 3.65625       2.920699420134261   6.663597960293404e-15
                 3.65625       2.969786805346601   6.663597960293404e-15
                 3.65625       3.018874190558942   6.663597960293404e-15
                 3.65625       3.067961575771282   6.663597960293404e-15
                 3.65625       3.117048960983623   6.663597960293404e-15

                 3.71875     0.02454369260617026   2.740311548331728e-15
                 3.71875     0.07363107781851078   2.740311548331728e-15
                 3.71875      0.1227184630308513   2.740311548331728e-15
                 3.71875      0.1718058482431918   2.740311548331728e-15
                 3.71875      0.2208932334555323   2.740311548331728e-15
                 3.71875      0.2699806186678728   2.740311548331728e-15
                 3.71875      0.3190680038802134   2.740311548331728e-15
                 3.71875      0.3681553890925539   2.740311548331728e-15
                 3.71875      0.4172427743048944   2.740311548331728e-15
                 3.71875      0.4663301595172349   2.740311548331728e-15
                 3.71875      0.5154175447295755   2.740311548331728e-15
                 3.71875      0.5645049299419159   2.740311548331728e-15
                 3.71875      0.6135923151542565   2.740311548331728e-15
                 3.71875       0.662679700366597   2.740311548331728e-15
                 3.71875      0.7117670855789375   2.740311548331728e-15
                 3.71875       0.760854470791278   2.740311548331728e-15
                 3.71875      0.8099418560036186   2.740311548331728e-15
                 3.71875       0.859029241215959   2.740311548331728e-15
                 3.71875      0.9081166264282996   2.740311548331728e-15
                 3.71875      0.9572040116406401   2.740311548331728e-15
                 3.71875       1.006291396852981   2.740311548331728e-15
                 3.71875       1.055378782065321   2.740311548331728e-15
                 3.71875       1.104466167277662   2.740311548331728e-15
                 3.71875       1.153553552490002   2.740311548331728e-15
                 3.71875       1.202640937702343   2.740311548331728e-15
                 3.71875       1.251728322914683   2.740311548331728e-15
                 3.71875       1.300815708127024   2.740311548331728e-15
                 3.71875       1.349903093339364   2.740311548331728e-15
                 3.71875       1.398990478551705   2.740311548331728e-15
                 3.71875       1.448077863764045   2.740311548331728e-15
                 3.71875       1.497165248976386   2.740311548331728e-15
                 3.71875       1.546252634188726   2.740311548331728e-15
                 3.71875       1.595340019401067   2.740311548331728e-15
                 3.71875       1.644427404613407   2.740311548331728e-15
                 3.71875       1.693514789825748   2.740311548331728e-15
                 3.71875       1.742602175038088   2.740311548331728e-15
                 3.71875       1.791689560250429   2.740311548331728e-15
                 3.71875       1.840776945462769   2.740311548331728e-15
                 3.71875        1.88986433067511   2.740311548331728e-15
                 3.71875       1.938951715887451   2.740311548331728e-15
                 3.71875       1.988039101099791   2.740311548331728e-15
                 3.71875       2.037126486312132   2.740311548331728e-15
                 3.71875       2.086213871524472   2.740311548331728e-15
                 3.71875       2.135301256736812   2.740311548331728e-15
                 3.71875       2.184388641949153   2.740311548331728e-15
                 3.71875       2.233476027161494   2.740311548331728e-15
                 3.71875       2.282563412373834   2.740311548331728e-15
                 3.71875       2.331650797586175   2.740311548331728e-15
                 3.71875       2.380738182798515   2.740311548331728e-15
                 3.71875       2.429825568010856   2.740311548331728e-15
                 3.71875       2.478912953223196   2.740311548331728e-15
                 3.71875       2.528000338435537   2.740311548331728e-15
                 3.71875       2.577087723647877   2.740311548331728e-15
                 3.71875       2.626175108860218   2.740311548331728e-15
                 3.71875       2.675262494072558   2.740311548331728e-15
                 3.71875       2.724349879284899   2.740311548331728e-15
                 3.71875       2.773437264497239   2.740311548331728e-15
                 3.71875        2.82252464970958   2.740311548331728e-15
                 3.71875        2.87161203492192   2.740311548331728e-15
                 3.71875       2.920699420134261   2.740311548331728e-15
                 3.71875       2.969786805346601   2.740311548331728e-15
                 3.71875       3.018874190558942   2.740311548331728e-15
                 3.71875       3.067961575771282   2.740311548331728e-15
                 3.71875       3.117048960983623   2.740311548331728e-15

                 3.78125     0.02454369260617026   1.108849955693334e-15
                 3.78125     0.07363107781851078   1.108849955693334e-15
                 3.78125      0.1227184630308513   1.108849955693334e-15
                 3.78125      0.1718058482431918   1.108849955693334e-15
                 3.78125      0.2208932334555323   1.108849955693334e-15
                 3.78125      0.2699806186678728   1.108849955693334e-15
                 3.78125      0.3190680038802134   1.108849955693334e-15
                 3.78125      0.3681553890925539   1.108849955693334e-15
                 3.78125      0.4172427743048944   1.108849955693334e-15
                 3.78125      0.4663301595172349   1.108849955693334e-15
                 3.78125      0.5154175447295755   1.108849955693334e-15
                 3.78125      0.5645049299419159   1.108849955693334e-15
                 3.78125      0.6135923151542565   1.108849955693334e-15
                 3.78125       0.662679700366597   1.108849955693334e-15
                 3.78125      0.7117670855789375   1.108849955693334e-15
                 3.78125       0.760854470791278   1.108849955693334e-15
                 3.78125      0.8099418560036186   1.108849955693334e-15
                 3.78125       0.859029241215959   1.108849955693334e-15
                 3.78125      0.9081166264282996   1.108849955693334e-15
                 3.78125      0.9572040116406401   1.108849955693334e-15
                 3.78125       1.006291396852981   1.108849955693334e-15
                 3.78125       1.055378782065321   1.108849955693334e-15
                 3.78125       1.104466167277662   1.108849955693334e-15
                 3.78125       1.153553552490002   1.108849955693334e-15
                 3.78125       1.202640937702343   1.108849955693334e-15
                 3.78125       1.251728322914683   1.108849955693334e-15
                 3.78125       1.300815708127024   1.108849955693334e-15
                 3.78125       1.349903093339364   1.108849955693334e-15
                 3.78125       1.398990478551705   1.108849955693334e-15
                 3.78125       1.448077863764045   1.108849955693334e-15
                 3.78125       1.497165248976386   1.108849955693334e-15
                 3.78125       1.546252634188726   1.108849955693334e-15
                 3.78125       1.595340019401067   1.108849955693334e-15
                 3.78125       1.644427404613407   1.108849955693334e-15
                 3.78125       1.693514789825748   1.108849955693334e-15
                 3.78125       1.742602175038088   1.108849955693334e-15
                 3.78125       1.791689560250429   1.108849955693334e-15
                 3.78125       1.840776945462769   1.108849955693334e-15
                 3.78125        1.88986433067511   1.108849955693334e-15
                 3.78125       1.938951715887451   1.108849955693334e-15
                 3.78125       1.988039101099791   1.108849955693334e-15
                 3.78125       2.037126486312132   1.108849955693334e-15
                 3.78125       2.086213871524472   1.108849955693334e-15
                 3.78125       2.135301256736812   1.108849955693334e-15
                 3.78125       2.184388641949153   1.108849955693334e-15
                 3.78125       2.233476027161494   1.108849955693334e-15
                 3.78125       2.282563412373834   1.108849955693334e-15
                 3.78125       2.331650797586175   1.108849955693334e-15
                 3.78125       2.380738182798515   1.108849955693334e-15
                 3.78125       2.429825568010856   1.108849955693334e-15
                 3.78125       2.478912953223196   1.108849955693334e-15
                 3.78125       2.528000338435537   1.108849955693334e-15
                 3.78125       2.577087723647877   1.108849955693334e-15
                 3.78125       2.626175108860218   1.108849955693334e-15
                 3.78125       2.675262494072558   1.108849955693334e-15
                 3.78125       2.724349879284899   1.108849955693334e-15
                 3.78125       2.773437264497239   1.108849955693334e-15
                 3.78125        2.82252464970958   1.108849955693334e-15
                 3.78125        2.87161203492192   1.108849955693334e-15
                 3.78125       2.920699420134261   1.108849955693334e-15
                 3.78125       2.969786805346601   1.108849955693334e-15
                 3.78125       3.018874190558942   1.108849955693334e-15
                 3.78125       3.067961575771282   1.108849955693334e-15
                 3.78125       3.117048960983623   1.108849955693334e-15

                 3.84375     0.02454369260617026   4.415038938658292e-16
                 3.84375     0.07363107781851078   4.415038938658292e-16
                 3.84375      0.1227184630308513   4.415038938658292e-16
                 3.84375      0.1718058482431918   4.415038938658292e-16
                 3.84375      0.2208932334555323   4.415038938658292e-16
                 3.84375      0.2699806186678728   4.415038938658292e-16
                 3.84375      0.3190680038802134   4.415038938658292e-16
                 3.84375      0.3681553890925539   4.415038938658292e-16
                 3.84375      0.4172427743048944   4.415038938658292e-16
                 3.84375      0.4663301595172349   4.415038938658292e-16
                 3.84375      0.5154175447295755   4.415038938658292e-16
                 3.84375      0.5645049299419159   4.415038938658292e-16
                 3.84375      0.6135923151542565   4.415038938658292e-16
                 3.84375       0.662679700366597   4.415038938658292e-16
                 3.84375      0.7117670855789375   4.415038938658292e-16
                 3.84375       0.760854470791278   4.415038938658292e-16
                 3.84375      0.8099418560036186   4.415038938658292e-16
                 3.84375       0.859029241215959   4.415038938658292e-16
                 3.84375      0.9081166264282996   4.415038938658292e-16
                 3.84375      0.9572040116406401   4.415038938658292e-16
                 3.84375       1.006291396852981   4.415038938658292e-16
                 3.84375       1.055378782065321   4.415038938658292e-16
                 3.84375       1.104466167277662   4.415038938658292e-16
                 3.84375       1.153553552490002   4.415038938658292e-16
                 3.84375       1.202640937702343   4.415038938658292e-16
                 3.84375       1.251728322914683   4.415038938658292e-16
                 3.84375       1.300815708127024   4.415038938658292e-16
                 3.84375       1.349903093339364   4.415038938658292e-16
                 3.84375       1.398990478551705   4.415038938658292e-16
                 3.84375       1.448077863764045   4.415038938658292e-16
                 3.84375       1.497165248976386   4.415038938658292e-16
                 3.84375       1.546252634188726   4.415038938658292e-16
                 3.84375       1.595340019401067   4.415038938658292e-16
                 3.84375       1.644427404613407   4.415038938658292e-16
                 3.84375       1.693514789825748   4.415038938658292e-16
                 3.84375       1.742602175038088   4.415038938658292e-16
                 3.84375       1.791689560250429   4.415038938658292e-16
                 3.84375       1.840776945462769   4.415038938658292e-16
                 3.84375        1.88986433067511   4.415038938658292e-16
                 3.84375       1.938951715887451   4.415038938658292e-16
                 3.84375       1.988039101099791   4.415038938658292e-16
                 3.84375       2.037126486312132   4.415038938658292e-16
                 3.84375       2.086213871524472   4.415038938658292e-16
                 3.84375       2.135301256736812   4.415038938658292e-16
                 3.84375       2.184388641949153   4.415038938658292e-16
                 3.84375       2.233476027161494   4.415038938658292e-16
                 3.84375       2.282563412373834   4.415038938658292e-16
                 3.84375       2.331650797586175   4.415038938658292e-16
                 3.84375       2.380738182798515   4.415038938658292e-16
                 3.84375       2.429825568010856   4.415038938658292e-16
                 3.84375       2.478912953223196   4.415038938658292e-16
                 3.84375       2.528000338435537   4.415038938658292e-16
                 3.84375       2.577087723647877   4.415038938658292e-16
                 3.84375       2.626175108860218   4.415038938658292e-16
                 3.84375       2.675262494072558   4.415038938658292e-16
                 3.84375       2.724349879284899   4.415038938658292e-16
                 3.84375       2.773437264497239   4.415038938658292e-16
                 3.84375        2.82252464970958   4.415038938658292e-16
                 3.84375        2.87161203492192   4.415038938658292e-16
                 3.84375       2.920699420134261   4.415038938658292e-16
                 3.84375       2.969786805346601   4.415038938658292e-16
                 3.84375       3.018874190558942   4.415038938658292e-16
                 3.84375       3.067961575771282   4.415038938658292e-16
                 3.84375       3.117048960983623   4.415038938658292e-16

                 3.90625     0.02454369260617026   1.729784909479886e-16
                 3.90625     0.07363107781851078   1.729784909479886e-16
                 3.90625      0.1227184630308513   1.729784909479886e-16
                 3.90625      0.1718058482431918   1.729784909479886e-16
                 3.90625      0.2208932334555323   1.729784909479886e-16
                 3.90625      0.2699806186678728   1.729784909479886e-16
                 3.90625      0.3190680038802134   1.729784909479886e-16
                 3.90625      0.3681553890925539   1.729784909479886e-16
                 3.90625      0.4172427743048944   1.729784909479886e-16
                 3.90625      0.4663301595172349   1.729784909479886e-16
                 3.90625      0.5154175447295755   1.729784909479886e-16
                 3.90625      0.5645049299419159   1.729784909479886e-16
                 3.90625      0.6135923151542565   1.729784909479886e-16
                 3.90625       0.662679700366597   1.729784909479886e-16
                 3.90625      0.7117670855789375   1.729784909479886e-16
                 3.90625       0.760854470791278   1.729784909479886e-16
                 3.90625      0.8099418560036186   1.729784909479886e-16
                 3.90625       0.859029241215959   1.729784909479886e-16
                 3.90625      0.9081166264282996   1.729784909479886e-16
                 3.90625      0.9572040116406401   1.729784909479886e-16
                 3.90625       1.006291396852981   1.729784909479886e-16
                 3.90625       1.055378782065321   1.729784909479886e-16
                 3.90625       1.104466167277662   1.729784909479886e-16
                 3.90625       1.153553552490002   1.729784909479886e-16
                 3.90625       1.202640937702343   1.729784909479886e-16
                 3.90625       1.251728322914683   1.729784909479886e-16
                 3.90625       1.300815708127024   1.729784909479886e-16
                 3.90625       1.349903093339364   1.729784909479886e-16
                 3.90625       1.398990478551705   1.729784909479886e-16
                 3.90625       1.448077863764045   1.729784909479886e-16
                 3.90625       1.497165248976386   1.729784909479886e-16
                 3.90625       1.546252634188726   1.729784909479886e-16
                 3.90625       1.595340019401067   1.729784909479886e-16
                 3.90625       1.644427404613407   1.729784909479886e-16
                 3.90625       1.693514789825748   1.729784909479886e-16
                 3.90625       1.742602175038088   1.729784909479886e-16
                 3.90625       1.791689560250429   1.729784909479886e-16
                 3.90625       1.840776945462769   1.729784909479886e-16
                 3.90625        1.88986433067511   1.729784909479886e-16
                 3.90625       1.938951715887451   1.729784909479886e-16
                 3.90625       1.988039101099791   1.729784909479886e-16
                 3.90625       2.037126486312132   1.729784909479886e-16
                 3.90625       2.086213871524472   1.729784909479886e-16
                 3.90625       2.135301256736812   1.729784909479886e-16
                 3.90625       2.184388641949153   1.729784909479886e-16
                 3.90625       2.233476027161494   1.729784909479886e-16
                 3.90625       2.282563412373834   1.729784909479886e-16
                 3.90625       2.331650797586175   1.729784909479886e-16
                 3.90625       2.380738182798515   1.729784909479886e-16
                 3.90625       2.429825568010856   1.729784909479886e-16
                 3.90625       2.478912953223196   1.729784909479886e-16
                 3.90625       2.528000338435537   1.729784909479886e-16
                 3.90625       2.577087723647877   1.729784909479886e-16
                 3.90625       2.626175108860218   1.729784909479886e-16
                 3.90625       2.675262494072558   1.729784909479886e-16
                 3.90625       2.724349879284899   1.729784909479886e-16
                 3.90625       2.773437264497239   1.729784909479886e-16
                 3.90625        2.82252464970958   1.729784909479886e-16
                 3.90625        2.87161203492192   1.729784909479886e-16
                 3.90625       2.920699420134261   1.729784909479886e-16
                 3.90625       2.969786805346601   1.729784909479886e-16
                 3.90625       3.018874190558942   1.729784909479886e-16
                 3.90625       3.067961575771282   1.729784909479886e-16
                 3.90625       3.117048960983623   1.729784909479886e-16

                 3.96875     0.02454369260617026   6.668867263984702e-17
                 3.96875     0.07363107781851078   6.668867263984702e-17
                 3.96875      0.1227184630308513   6.668867263984702e-17
                 3.96875      0.1718058482431918   6.668867263984702e-17
                 3.96875      0.2208932334555323   6.668867263984702e-17
                 3.96875      0.2699806186678728   6.668867263984702e-17
                 3.96875      0.3190680038802134   6.668867263984702e-17
                 3.96875      0.3681553890925539   6.668867263984702e-17
                 3.96875      0.4172427743048944   6.668867263984702e-17
                 3.96875      0.4663301595172349   6.668867263984702e-17
                 3.96875      0.5154175447295755   6.668867263984702e-17
                 3.96875      0.5645049299419159   6.668867263984702e-17
                 3.96875      0.6135923151542565   6.668867263984702e-17
                 3.96875       0.662679700366597   6.668867263984702e-17
                 3.96875      0.7117670855789375   6.668867263984702e-17
                 3.96875       0.760854470791278   6.668867263984702e-17
                 3.96875      0.8099418560036186   6.668867263984702e-17
                 3.96875       0.859029241215959   6.668867263984702e-17
                 3.96875      0.9081166264282996   6.668867263984702e-17
                 3.96875      0.9572040116406401   6.668867263984702e-17
                 3.96875       1.006291396852981   6.668867263984702e-17
                 3.96875       1.055378782065321   6.668867263984702e-17
                 3.96875       1.104466167277662   6.668867263984702e-17
                 3.96875       1.153553552490002   6.668867263984702e-17
                 3.96875       1.202640937702343   6.668867263984702e-17
                 3.96875       1.251728322914683   6.668867263984702e-17
                 3.96875       1.300815708127024   6.668867263984702e-17
                 3.96875       1.349903093339364   6.668867263984702e-17
                 3.96875       1.398990478551705   6.668867263984702e-17
                 3.96875       1.448077863764045   6.668867263984702e-17
                 3.96875       1.497165248976386   6.668867263984702e-17
                 3.96875       1.546252634188726   6.668867263984702e-17
                 3.96875       1.595340019401067   6.668867263984702e-17
                 3.96875       1.644427404613407   6.668867263984702e-17
                 3.96875       1.693514789825748   6.668867263984702e-17
                 3.96875       1.742602175038088   6.668867263984702e-17
                 3.96875       1.791689560250429   6.668867263984702e-17
                 3.96875       1.840776945462769   6.668867263984702e-17
                 3.96875        1.88986433067511   6.668867263984702e-17
                 3.96875       1.938951715887451   6.668867263984702e-17
                 3.96875       1.988039101099791   6.668867263984702e-17
                 3.96875       2.037126486312132   6.668867263984702e-17
                 3.96875       2.086213871524472   6.668867263984702e-17
                 3.96875       2.135301256736812   6.668867263984702e-17
                 3.96875       2.184388641949153   6.668867263984702e-17
                 3.96875       2.233476027161494   6.668867263984702e-17
                 3.96875       2.282563412373834   6.668867263984702e-17
                 3.96875       2.331650797586175   6.668867263984702e-17
                 3.96875       2.380738182798515   6.668867263984702e-17
                 3.96875       2.429825568010856   6.668867263984702e-17
                 3.96875       2.478912953223196   6.668867263984702e-17
                 3.96875       2.528000338435537   6.668867263984702e-17
                 3.96875       2.577087723647877   6.668867263984702e-17
                 3.96875       2.626175108860218   6.668867263984702e-17
                 3.96875       2.675262494072558   6.668867263984702e-17
                 3.96875       2.724349879284899   6.668867263984702e-17
                 3.96875       2.773437264497239   6.668867263984702e-17
                 3.96875        2.82252464970958   6.668867263984702e-17
                 3.96875        2.87161203492192   6.668867263984702e-17
                 3.96875       2.920699420134261   6.668867263984702e-17
                 3.96875       2.969786805346601   6.668867263984702e-17
                 3.96875       3.018874190558942   6.668867263984702e-17
                 3.96875       3.067961575771282   6.668867263984702e-17
                 3.96875       3.117048960983623   6.668867263984702e-17

                 4.03125     0.02454369260617026   2.530001332056247e-17
                 4.03125     0.07363107781851078   2.530001332056247e-17
                 4.03125      0.1227184630308513   2.530001332056247e-17
                 4.03125      0.1718058482431918   2.530001332056247e-17
                 4.03125      0.2208932334555323   2.530001332056247e-17
                 4.03125      0.2699806186678728   2.530001332056247e-17
                 4.03125      0.3190680038802134   2.530001332056247e-17
                 4.03125      0.3681553890925539   2.530001332056247e-17
                 4.03125      0.4172427743048944   2.530001332056247e-17
                 4.03125      0.4663301595172349   2.530001332056247e-17
                 4.03125      0.5154175447295755   2.530001332056247e-17
                 4.03125      0.5645049299419159   2.530001332056247e-17
                 4.03125      0.6135923151542565   2.530001332056247e-17
                 4.03125       0.662679700366597   2.530001332056247e-17
                 4.03125      0.7117670855789375   2.530001332056247e-17
                 4.03125       0.760854470791278   2.530001332056247e-17
                 4.03125      0.8099418560036186   2.530001332056247e-17
                 4.03125       0.859029241215959   2.530001332056247e-17
                 4.03125      0.9081166264282996   2.530001332056247e-17
                 4.03125      0.9572040116406401   2.530001332056247e-17
                 4.03125       1.006291396852981   2.530001332056247e-17
                 4.03125       1.055378782065321   2.530001332056247e-17
                 4.03125       1.104466167277662   2.530001332056247e-17
                 4.03125       1.153553552490002   2.530001332056247e-17
                 4.03125       1.202640937702343   2.530001332056247e-17
                 4.03125       1.251728322914683   2.530001332056247e-17
                 4.03125       1.300815708127024   2.530001332056247e-17
                 4.03125       1.349903093339364   2.530001332056247e-17
                 4.03125       1.398990478551705   2.530001332056247e-17
                 4.03125       1.448077863764045   2.530001332056247e-17
                 4.03125       1.497165248976386   2.530001332056247e-17
                 4.03125       1.546252634188726   2.530001332056247e-17
                 4.03125       1.595340019401067   2.530001332056247e-17
                 4.03125       1.644427404613407   2.530001332056247e-17
                 4.03125       1.693514789825748   2.530001332056247e-17
                 4.03125       1.742602175038088   2.530001332056247e-17
                 4.03125       1.791689560250429   2.530001332056247e-17
                 4.03125       1.840776945462769   2.530001332056247e-17
                 4.03125        1.88986433067511   2.530001332056247e-17
                 4.03125       1.938951715887451   2.530001332056247e-17
                 4.03125       1.988039101099791   2.530001332056247e-17
                 4.03125       2.037126486312132   2.530001332056247e-17
                 4.03125       2.086213871524472   2.530001332056247e-17
                 4.03125       2.135301256736812   2.530001332056247e-17
                 4.03125       2.184388641949153   2.530001332056247e-17
                 4.03125       2.233476027161494   2.530001332056247e-17
                 4.03125       2.282563412373834   2.530001332056247e-17
                 4.03125       2.331650797586175   2.530001332056247e-17
                 4.03125       2.380738182798515   2.530001332056247e-17
                 4.03125       2.429825568010856   2.530001332056247e-17
                 4.03125       2.478912953223196   2.530001332056247e-17
                 4.03125       2.528000338435537   2.530001332056247e-17
                 4.03125       2.577087723647877   2.530001332056247e-17
                 4.03125       2.626175108860218   2.530001332056247e-17
                 4.03125       2.675262494072558   2.530001332056247e-17
                 4.03125       2.724349879284899   2.530001332056247e-17
                 4.03125       2.773437264497239   2.530001332056247e-17
                 4.03125        2.82252464970958   2.530001332056247e-17
                 4.03125        2.87161203492192   2.530001332056247e-17
                 4.03125       2.920699420134261   2.530001332056247e-17
                 4.03125       2.969786805346601   2.530001332056247e-17
                 4.03125       3.018874190558942   2.530001332056247e-17
                 4.03125       3.067961575771282   2.530001332056247e-17
                 4.03125       3.117048960983623   2.530001332056247e-17

                 4.09375     0.02454369260617026   9.445047892462091e-18
                 4.09375     0.07363107781851078   9.445047892462091e-18
                 4.09375      0.1227184630308513   9.445047892462091e-18
                 4.09375      0.1718058482431918   9.445047892462091e-18
                 4.09375      0.2208932334555323   9.445047892462091e-18
                 4.09375      0.2699806186678728   9.445047892462091e-18
                 4.09375      0.3190680038802134   9.445047892462091e-18
                 4.09375      0.3681553890925539   9.445047892462091e-18
                 4.09375      0.4172427743048944   9.445047892462091e-18
                 4.09375      0.4663301595172349   9.445047892462091e-18
                 4.09375      0.5154175447295755   9.445047892462091e-18
                 4.09375      0.5645049299419159   9.445047892462091e-18
                 4.09375      0.6135923151542565   9.445047892462091e-18
                 4.09375       0.662679700366597   9.445047892462091e-18
                 4.09375      0.7117670855789375   9.445047892462091e-18
                 4.09375       0.760854470791278   9.445047892462091e-18
                 4.09375      0.8099418560036186   9.445047892462091e-18
                 4.09375       0.859029241215959   9.445047892462091e-18
                 4.09375      0.9081166264282996   9.445047892462091e-18
                 4.09375      0.9572040116406401   9.445047892462091e-18
                 4.09375       1.006291396852981   9.445047892462091e-18
                 4.09375       1.055378782065321   9.445047892462091e-18
                 4.09375       1.104466167277662   9.445047892462091e-18
                 4.09375       1.153553552490002   9.445047892462091e-18
                 4.09375       1.202640937702343   9.445047892462091e-18
                 4.09375       1.251728322914683   9.445047892462091e-18
                 4.09375       1.300815708127024   9.445047892462091e-18
                 4.09375       1.349903093339364   9.445047892462091e-18
                 4.09375       1.398990478551705   9.445047892462091e-18
                 4.09375       1.448077863764045   9.445047892462091e-18
                 4.09375       1.497165248976386   9.445047892462091e-18
                 4.09375       1.546252634188726   9.445047892462091e-18
                 4.09375       1.595340019401067   9.445047892462091e-18
                 4.09375       1.644427404613407   9.445047892462091e-18
                 4.09375       1.693514789825748   9.445047892462091e-18
                 4.09375       1.742602175038088   9.445047892462091e-18
                 4.09375       1.791689560250429   9.445047892462091e-18
                 4.09375       1.840776945462769   9.445047892462091e-18
                 4.09375        1.88986433067511   9.445047892462091e-18
                 4.09375       1.938951715887451   9.445047892462091e-18
                 4.09375       1.988039101099791   9.445047892462091e-18
                 4.09375       2.037126486312132   9.445047892462091e-18
                 4.09375       2.086213871524472   9.445047892462091e-18
                 4.09375       2.135301256736812   9.445047892462091e-18
                 4.09375       2.184388641949153   9.445047892462091e-18
                 4.09375       2.233476027161494   9.445047892462091e-18
                 4.09375       2.282563412373834   9.445047892462091e-18
                 4.09375       2.331650797586175   9.445047892462091e-18
                 4.09375       2.380738182798515   9.445047892462091e-18
                 4.09375       2.429825568010856   9.445047892462091e-18
                 4.09375       2.478912953223196   9.445047892462091e-18
                 4.09375       2.528000338435537   9.445047892462091e-18
                 4.09375       2.577087723647877   9.445047892462091e-18
                 4.09375       2.626175108860218   9.445047892462091e-18
                 4.09375       2.675262494072558   9.445047892462091e-18
                 4.09375       2.724349879284899   9.445047892462091e-18
                 4.09375       2.773437264497239   9.445047892462091e-18
                 4.09375        2.82252464970958   9.445047892462091e-18
                 4.09375        2.87161203492192   9.445047892462091e-18
                 4.09375       2.920699420134261   9.445047892462091e-18
                 4.09375       2.969786805346601   9.445047892462091e-18
                 4.09375       3.018874190558942   9.445047892462091e-18
                 4.09375       3.067961575771282   9.445047892462091e-18
                 4.09375       3.117048960983623   9.445047892462091e-18

                 4.15625     0.02454369260617026   3.469829146611566e-18
                 4.15625     0.07363107781851078   3.469829146611566e-18
                 4.15625      0.1227184630308513   3.469829146611566e-18
                 4.15625      0.1718058482431918   3.469829146611566e-18
                 4.15625      0.2208932334555323   3.469829146611566e-18
                 4.15625      0.2699806186678728   3.469829146611566e-18
                 4.15625      0.3190680038802134   3.469829146611566e-18
                 4.15625      0.3681553890925539   3.469829146611566e-18
                 4.15625      0.4172427743048944   3.469829146611566e-18
                 4.15625      0.4663301595172349   3.469829146611566e-18
                 4.15625      0.5154175447295755   3.469829146611566e-18
                 4.15625      0.5645049299419159   3.469829146611566e-18
                 4.15625      0.6135923151542565   3.469829146611566e-18
                 4.15625       0.662679700366597   3.469829146611566e-18
                 4.15625      0.7117670855789375   3.469829146611566e-18
                 4.15625       0.760854470791278   3.469829146611566e-18
                 4.15625      0.8099418560036186   3.469829146611566e-18
                 4.15625       0.859029241215959   3.469829146611566e-18
                 4.15625      0.9081166264282996   3.469829146611566e-18
                 4.15625      0.9572040116406401   3.469829146611566e-18
                 4.15625       1.006291396852981   3.469829146611566e-18
                 4.15625       1.055378782065321   3.469829146611566e-18
                 4.15625       1.104466167277662   3.469829146611566e-18
                 4.15625       1.153553552490002   3.469829146611566e-18
                 4.15625       1.202640937702343   3.469829146611566e-18
                 4.15625       1.251728322914683   3.469829146611566e-18
                 4.15625       1.300815708127024   3.469829146611566e-18
                 4.15625       1.349903093339364   3.469829146611566e-18
                 4.15625       1.398990478551705   3.469829146611566e-18
                 4.15625       1.448077863764045   3.469829146611566e-18
                 4.15625       1.497165248976386   3.469829146611566e-18
                 4.15625       1.546252634188726   3.469829146611566e-18
                 4.15625       1.595340019401067   3.469829146611566e-18
                 4.15625       1.644427404613407   3.469829146611566e-18
                 4.15625       1.693514789825748   3.469829146611566e-18
                 4.15625       1.742602175038088   3.469829146611566e-18
                 4.15625       1.791689560250429   3.469829146611566e-18
                 4.15625       1.840776945462769   3.469829146611566e-18
                 4.15625        1.88986433067511   3.469829146611566e-18
                 4.15625       1.938951715887451   3.469829146611566e-18
                 4.15625       1.988039101099791   3.469829146611566e-18
                 4.15625       2.037126486312132   3.469829146611566e-18
                 4.15625       2.086213871524472   3.469829146611566e-18
                 4.15625       2.135301256736812   3.469829146611566e-18
                 4.15625       2.184388641949153   3.469829146611566e-18
                 4.15625       2.233476027161494   3.469829146611566e-18
                 4.15625       2.282563412373834   3.469829146611566e-18
                 4.15625       2.331650797586175   3.469829146611566e-18
                 4.15625       2.380738182798515   3.469829146611566e-18
                 4.15625       2.429825568010856   3.469829146611566e-18
                 4.15625       2.478912953223196   3.469829146611566e-18
                 4.15625       2.528000338435537   3.469829146611566e-18
                 4.15625       2.577087723647877   3.469829146611566e-18
                 4.15625       2.626175108860218   3.469829146611566e-18
                 4.15625       2.675262494072558   3.469829146611566e-18
                 4.15625       2.724349879284899   3.469829146611566e-18
                 4.15625       2.773437264497239   3.469829146611566e-18
                 4.15625        2.82252464970958   3.469829146611566e-18
                 4.15625        2.87161203492192   3.469829146611566e-18
                 4.15625       2.920699420134261   3.469829146611566e-18
                 4.15625       2.969786805346601   3.469829146611566e-18
                 4.15625       3.018874190558942   3.469829146611566e-18
                 4.15625       3.067961575771282   3.469829146611566e-18
                 4.15625       3.117048960983623   3.469829146611566e-18

                 4.21875     0.02454369260617026   1.254405817354806e-18
                 4.21875     0.07363107781851078   1.254405817354806e-18
                 4.21875      0.1227184630308513   1.254405817354806e-18
                 4.21875      0.1718058482431918   1.254405817354806e-18
                 4.21875      0.2208932334555323   1.254405817354806e-18
                 4.21875      0.2699806186678728   1.254405817354806e-18
                 4.21875      0.3190680038802134   1.254405817354806e-18
                 4.21875      0.3681553890925539   1.254405817354806e-18
                 4.21875      0.4172427743048944   1.254405817354806e-18
                 4.21875      0.4663301595172349   1.254405817354806e-18
                 4.21875      0.5154175447295755   1.254405817354806e-18
                 4.21875      0.5645049299419159   1.254405817354806e-18
                 4.21875      0.6135923151542565   1.254405817354806e-18
                 4.21875       0.662679700366597   1.254405817354806e-18
                 4.21875      0.7117670855789375   1.254405817354806e-18
                 4.21875       0.760854470791278   1.254405817354806e-18
                 4.21875      0.8099418560036186   1.254405817354806e-18
                 4.21875       0.859029241215959   1.254405817354806e-18
                 4.21875      0.9081166264282996   1.254405817354806e-18
                 4.21875      0.9572040116406401   1.254405817354806e-18
                 4.21875       1.006291396852981   1.254405817354806e-18
                 4.21875       1.055378782065321   1.254405817354806e-18
                 4.21875       1.104466167277662   1.254405817354806e-18
                 4.21875       1.153553552490002   1.254405817354806e-18
                 4.21875       1.202640937702343   1.254405817354806e-18
                 4.21875       1.251728322914683   1.254405817354806e-18
                 4.21875       1.300815708127024   1.254405817354806e-18
                 4.21875       1.349903093339364   1.254405817354806e-18
                 4.21875       1.398990478551705   1.254405817354806e-18
                 4.21875       1.448077863764045   1.254405817354806e-18
                 4.21875       1.497165248976386   1.254405817354806e-18
                 4.21875       1.546252634188726   1.254405817354806e-18
                 4.21875       1.595340019401067   1.254405817354806e-18
                 4.21875       1.644427404613407   1.254405817354806e-18
                 4.21875       1.693514789825748   1.254405817354806e-18
                 4.21875       1.742602175038088   1.254405817354806e-18
                 4.21875       1.791689560250429   1.254405817354806e-18
                 4.21875       1.840776945462769   1.254405817354806e-18
                 4.21875        1.88986433067511   1.254405817354806e-18
                 4.21875       1.938951715887451   1.254405817354806e-18
                 4.21875       1.988039101099791   1.254405817354806e-18
                 4.21875       2.037126486312132   1.254405817354806e-18
                 4.21875       2.086213871524472   1.254405817354806e-18
                 4.21875       2.135301256736812   1.254405817354806e-18
                 4.21875       2.184388641949153   1.254405817354806e-18
                 4.21875       2.233476027161494   1.254405817354806e-18
                 4.21875       2.282563412373834   1.254405817354806e-18
                 4.21875       2.331650797586175   1.254405817354806e-18
                 4.21875       2.380738182798515   1.254405817354806e-18
                 4.21875       2.429825568010856   1.254405817354806e-18
                 4.21875       2.478912953223196   1.254405817354806e-18
                 4.21875       2.528000338435537   1.254405817354806e-18
                 4.21875       2.577087723647877   1.254405817354806e-18
                 4.21875       2.626175108860218   1.254405817354806e-18
                 4.21875       2.675262494072558   1.254405817354806e-18
                 4.21875       2.724349879284899   1.254405817354806e-18
                 4.21875       2.773437264497239   1.254405817354806e-18
                 4.21875        2.82252464970958   1.254405817354806e-18
                 4.21875        2.87161203492192   1.254405817354806e-18
                 4.21875       2.920699420134261   1.254405817354806e-18
                 4.21875       2.969786805346601   1.254405817354806e-18
                 4.21875       3.018874190558942   1.254405817354806e-18
                 4.21875       3.067961575771282   1.254405817354806e-18
                 4.21875       3.117048960983623   1.254405817354806e-18

                 4.28125     0.02454369260617026   4.462717241997986e-19
                 4.28125     0.07363107781851078   4.462717241997986e-19
                 4.28125      0.1227184630308513   4.462717241997986e-19
                 4.28125      0.1718058482431918   4.462717241997986e-19
                 4.28125      0.2208932334555323   4.462717241997986e-19
                 4.28125      0.2699806186678728   4.462717241997986e-19
                 4.28125      0.3190680038802134   4.462717241997986e-19
                 4.28125      0.3681553890925539   4.462717241997986e-19
                 4.28125      0.4172427743048944   4.462717241997986e-19
                 4.28125      0.4663301595172349   4.462717241997986e-19
                 4.28125      0.5154175447295755   4.462717241997986e-19
                 4.28125      0.5645049299419159   4.462717241997986e-19
                 4.28125      0.6135923151542565   4.462717241997986e-19
                 4.28125       0.662679700366597   4.462717241997986e-19
                 4.28125      0.7117670855789375   4.462717241997986e-19
                 4.28125       0.760854470791278   4.462717241997986e-19
                 4.28125      0.8099418560036186   4.462717241997986e-19
                 4.28125       0.859029241215959   4.462717241997986e-19
                 4.28125      0.9081166264282996   4.462717241997986e-19
                 4.28125      0.9572040116406401   4.462717241997986e-19
                 4.28125       1.006291396852981   4.462717241997986e-19
                 4.28125       1.055378782065321   4.462717241997986e-19
                 4.28125       1.104466167277662   4.462717241997986e-19
                 4.28125       1.153553552490002   4.462717241997986e-19
                 4.28125       1.202640937702343   4.462717241997986e-19
                 4.28125       1.251728322914683   4.462717241997986e-19
                 4.28125       1.300815708127024   4.462717241997986e-19
                 4.28125       1.349903093339364   4.462717241997986e-19
                 4.28125       1.398990478551705   4.462717241997986e-19
                 4.28125       1.448077863764045   4.462717241997986e-19
                 4.28125       1.497165248976386   4.462717241997986e-19
                 4.28125       1.546252634188726   4.462717241997986e-19
                 4.28125       1.595340019401067   4.462717241997986e-19
                 4.28125       1.644427404613407   4.462717241997986e-19
                 4.28125       1.693514789825748   4.462717241997986e-19
                 4.28125       1.742602175038088   4.462717241997986e-19
                 4.28125       1.791689560250429   4.462717241997986e-19
                 4.28125       1.840776945462769   4.462717241997986e-19
                 4.28125        1.88986433067511   4.462717241997986e-19
                 4.28125       1.938951715887451   4.462717241997986e-19
                 4.28125       1.988039101099791   4.462717241997986e-19
                 4.28125       2.037126486312132   4.462717241997986e-19
                 4.28125       2.086213871524472   4.462717241997986e-19
                 4.28125       2.135301256736812   4.462717241997986e-19
                 4.28125       2.184388641949153   4.462717241997986e-19
                 4.28125       2.233476027161494   4.462717241997986e-19
                 4.28125       2.282563412373834   4.462717241997986e-19
                 4.28125       2.331650797586175   4.462717241997986e-19
                 4.28125       2.380738182798515   4.462717241997986e-19
                 4.28125       2.429825568010856   4.462717241997986e-19
                 4.28125       2.478912953223196   4.462717241997986e-19
                 4.28125       2.528000338435537   4.462717241997986e-19
                 4.28125       2.577087723647877   4.462717241997986e-19
                 4.28125       2.626175108860218   4.462717241997986e-19
                 4.28125       2.675262494072558   4.462717241997986e-19
                 4.28125       2.724349879284899   4.462717241997986e-19
                 4.28125       2.773437264497239   4.462717241997986e-19
                 4.28125        2.82252464970958   4.462717241997986e-19
                 4.28125        2.87161203492192   4.462717241997986e-19
                 4.28125       2.920699420134261   4.462717241997986e-19
                 4.28125       2.969786805346601   4.462717241997986e-19
                 4.28125       3.018874190558942   4.462717241997986e-19
                 4.28125       3.067961575771282   4.462717241997986e-19
                 4.28125       3.117048960983623   4.462717241997986e-19

                 4.34375     0.02454369260617026   1.562417547518225e-19
                 4.34375     0.07363107781851078   1.562417547518225e-19
                 4.34375      0.1227184630308513   1.562417547518225e-19
                 4.34375      0.1718058482431918   1.562417547518225e-19
                 4.34375      0.2208932334555323   1.562417547518225e-19
                 4.34375      0.2699806186678728   1.562417547518225e-19
                 4.34375      0.3190680038802134   1.562417547518225e-19
                 4.34375      0.3681553890925539   1.562417547518225e-19
                 4.34375      0.4172427743048944   1.562417547518225e-19
                 4.34375      0.4663301595172349   1.562417547518225e-19
                 4.34375      0.5154175447295755   1.562417547518225e-19
                 4.34375      0.5645049299419159   1.562417547518225e-19
                 4.34375      0.6135923151542565   1.562417547518225e-19
                 4.34375       0.662679700366597   1.562417547518225e-19
                 4.34375      0.7117670855789375   1.562417547518225e-19
                 4.34375       0.760854470791278   1.562417547518225e-19
                 4.34375      0.8099418560036186   1.562417547518225e-19
                 4.34375       0.859029241215959   1.562417547518225e-19
                 4.34375      0.9081166264282996   1.562417547518225e-19
                 4.34375      0.9572040116406401   1.562417547518225e-19
                 4.34375       1.006291396852981   1.562417547518225e-19
                 4.34375       1.055378782065321   1.562417547518225e-19
                 4.34375       1.104466167277662   1.562417547518225e-19
                 4.34375       1.153553552490002   1.562417547518225e-19
                 4.34375       1.202640937702343   1.562417547518225e-19
                 4.34375       1.251728322914683   1.562417547518225e-19
                 4.34375       1.300815708127024   1.562417547518225e-19
                 4.34375       1.349903093339364   1.562417547518225e-19
                 4.34375       1.398990478551705   1.562417547518225e-19
                 4.34375       1.448077863764045   1.562417547518225e-19
                 4.34375       1.497165248976386   1.562417547518225e-19
                 4.34375       1.546252634188726   1.562417547518225e-19
                 4.34375       1.595340019401067   1.562417547518225e-19
                 4.34375       1.644427404613407   1.562417547518225e-19
                 4.34375       1.693514789825748   1.562417547518225e-19
                 4.34375       1.742602175038088   1.562417547518225e-19
                 4.34375       1.791689560250429   1.562417547518225e-19
                 4.34375       1.840776945462769   1.562417547518225e-19
                 4.34375        1.88986433067511   1.562417547518225e-19
                 4.34375       1.938951715887451   1.562417547518225e-19
                 4.34375       1.988039101099791   1.562417547518225e-19
                 4.34375       2.037126486312132   1.562417547518225e-19
                 4.34375       2.086213871524472   1.562417547518225e-19
                 4.34375       2.135301256736812   1.562417547518225e-19
                 4.34375       2.184388641949153   1.562417547518225e-19
                 4.34375       2.233476027161494   1.562417547518225e-19
                 4.34375       2.282563412373834   1.562417547518225e-19
                 4.34375       2.331650797586175   1.562417547518225e-19
                 4.34375       2.380738182798515   1.562417547518225e-19
                 4.34375       2.429825568010856   1.562417547518225e-19
                 4.34375       2.478912953223196   1.562417547518225e-19
                 4.34375       2.528000338435537   1.562417547518225e-19
                 4.34375       2.577087723647877   1.562417547518225e-19
                 4.34375       2.626175108860218   1.562417547518225e-19
                 4.34375       2.675262494072558   1.562417547518225e-19
                 4.34375       2.724349879284899   1.562417547518225e-19
                 4.34375       2.773437264497239   1.562417547518225e-19
                 4.34375        2.82252464970958   1.562417547518225e-19
                 4.34375        2.87161203492192   1.562417547518225e-19
                 4.34375       2.920699420134261   1.562417547518225e-19
                 4.34375       2.969786805346601   1.562417547518225e-19
                 4.34375       3.018874190558942   1.562417547518225e-19
                 4.34375       3.067961575771282   1.562417547518225e-19
                 4.34375       3.117048960983623   1.562417547518225e-19

                 4.40625     0.02454369260617026   5.383145860631286e-20
                 4.40625     0.07363107781851078   5.383145860631286e-20
                 4.40625      0.1227184630308513   5.383145860631286e-20
                 4.40625      0.1718058482431918   5.383145860631286e-20
                 4.40625      0.2208932334555323   5.383145860631286e-20
                 4.40625      0.2699806186678728   5.383145860631286e-20
                 4.40625      0.3190680038802134   5.383145860631286e-20
                 4.40625      0.3681553890925539   5.383145860631286e-20
                 4.40625      0.4172427743048944   5.383145860631286e-20
                 4.40625      0.4663301595172349   5.383145860631286e-20
                 4.40625      0.5154175447295755   5.383145860631286e-20
                 4.40625      0.5645049299419159   5.383145860631286e-20
                 4.40625      0.6135923151542565   5.383145860631286e-20
                 4.40625       0.662679700366597   5.383145860631286e-20
                 4.40625      0.7117670855789375   5.383145860631286e-20
                 4.40625       0.760854470791278   5.383145860631286e-20
                 4.40625      0.8099418560036186   5.383145860631286e-20
                 4.40625       0.859029241215959   5.383145860631286e-20
                 4.40625      0.9081166264282996   5.383145860631286e-20
                 4.40625      0.9572040116406401   5.383145860631286e-20
                 4.40625       1.006291396852981   5.383145860631286e-20
                 4.40625       1.055378782065321   5.383145860631286e-20
                 4.40625       1.104466167277662   5.383145860631286e-20
                 4.40625       1.153553552490002   5.383145860631286e-20
                 4.40625       1.202640937702343   5.383145860631286e-20
                 4.40625       1.251728322914683   5.383145860631286e-20
                 4.40625       1.300815708127024   5.383145860631286e-20
                 4.40625       1.349903093339364   5.383145860631286e-20
                 4.40625       1.398990478551705   5.383145860631286e-20
                 4.40625       1.448077863764045   5.383145860631286e-20
                 4.40625       1.497165248976386   5.383145860631286e-20
                 4.40625       1.546252634188726   5.383145860631286e-20
                 4.40625       1.595340019401067   5.383145860631286e-20
                 4.40625       1.644427404613407   5.383145860631286e-20
                 4.40625       1.693514789825748   5.383145860631286e-20
                 4.40625       1.742602175038088   5.383145860631286e-20
                 4.40625       1.791689560250429   5.383145860631286e-20
                 4.40625       1.840776945462769   5.383145860631286e-20
                 4.40625        1.88986433067511   5.383145860631286e-20
                 4.40625       1.938951715887451   5.383145860631286e-20
                 4.40625       1.988039101099791   5.383145860631286e-20
                 4.40625       2.037126486312132   5.383145860631286e-20
                 4.40625       2.086213871524472   5.383145860631286e-20
                 4.40625       2.135301256736812   5.383145860631286e-20
                 4.40625       2.184388641949153   5.383145860631286e-20
                 4.40625       2.233476027161494   5.383145860631286e-20
                 4.40625       2.282563412373834   5.383145860631286e-20
                 4.40625       2.331650797586175   5.383145860631286e-20
                 4.40625       2.380738182798515   5.383145860631286e-20
                 4.40625       2.429825568010856   5.383145860631286e-20
                 4.40625       2.478912953223196   5.383145860631286e-20
                 4.40625       2.528000338435537   5.383145860631286e-20
                 4.40625       2.577087723647877   5.383145860631286e-20
                 4.40625       2.626175108860218   5.383145860631286e-20
                 4.40625       2.675262494072558   5.383145860631286e-20
                 4.40625       2.724349879284899   5.383145860631286e-20
                 4.40625       2.773437264497239   5.383145860631286e-20
                 4.40625        2.82252464970958   5.383145860631286e-20
                 4.40625        2.87161203492192   5.383145860631286e-20
                 4.40625       2.920699420134261   5.383145860631286e-20
                 4.40625       2.969786805346601   5.383145860631286e-20
                 4.40625       3.018874190558942   5.383145860631286e-20
                 4.40625       3.067961575771282   5.383145860631286e-20
                 4.40625       3.117048960983623   5.383145860631286e-20

                 4.46875     0.02454369260617026   1.825245016875045e-20
                 4.46875     0.07363107781851078   1.825245016875045e-20
                 4.46875      0.1227184630308513   1.825245016875045e-20
                 4.46875      0.1718058482431918   1.825245016875045e-20
                 4.46875      0.2208932334555323   1.825245016875045e-20
                 4.46875      0.2699806186678728   1.825245016875045e-20
                 4.46875      0.3190680038802134   1.825245016875045e-20
                 4.46875      0.3681553890925539   1.825245016875045e-20
                 4.46875      0.4172427743048944   1.825245016875045e-20
                 4.46875      0.4663301595172349   1.825245016875045e-20
                 4.46875      0.5154175447295755   1.825245016875045e-20
                 4.46875      0.5645049299419159   1.825245016875045e-20
                 4.46875      0.6135923151542565   1.825245016875045e-20
                 4.46875       0.662679700366597   1.825245016875045e-20
                 4.46875      0.7117670855789375   1.825245016875045e-20
                 4.46875       0.760854470791278   1.825245016875045e-20
                 4.46875      0.8099418560036186   1.825245016875045e-20
                 4.46875       0.859029241215959   1.825245016875045e-20
                 4.46875      0.9081166264282996   1.825245016875045e-20
                 4.46875      0.9572040116406401   1.825245016875045e-20
                 4.46875       1.006291396852981   1.825245016875045e-20
                 4.46875       1.055378782065321   1.825245016875045e-20
                 4.46875       1.104466167277662   1.825245016875045e-20
                 4.46875       1.153553552490002   1.825245016875045e-20
                 4.46875       1.202640937702343   1.825245016875045e-20
                 4.46875       1.251728322914683   1.825245016875045e-20
                 4.46875       1.300815708127024   1.825245016875045e-20
                 4.46875       1.349903093339364   1.825245016875045e-20
                 4.46875       1.398990478551705   1.825245016875045e-20
                 4.46875       1.448077863764045   1.825245016875045e-20
                 4.46875       1.497165248976386   1.825245016875045e-20
                 4.46875       1.546252634188726   1.825245016875045e-20
                 4.46875       1.595340019401067   1.825245016875045e-20
                 4.46875       1.644427404613407   1.825245016875045e-20
                 4.46875       1.693514789825748   1.825245016875045e-20
                 4.46875       1.742602175038088   1.825245016875045e-20
                 4.46875       1.791689560250429   1.825245016875045e-20
                 4.46875       1.840776945462769   1.825245016875045e-20
                 4.46875        1.88986433067511   1.825245016875045e-20
                 4.46875       1.938951715887451   1.825245016875045e-20
                 4.46875       1.988039101099791   1.825245016875045e-20
                 4.46875       2.037126486312132   1.825245016875045e-20
                 4.46875       2.086213871524472   1.825245016875045e-20
                 4.46875       2.135301256736812   1.825245016875045e-20
                 4.46875       2.184388641949153   1.825245016875045e-20
                 4.46875       2.233476027161494   1.825245016875045e-20
                 4.46875       2.282563412373834   1.825245016875045e-20
                 4.46875       2.331650797586175   1.825245016875045e-20
                 4.46875       2.380738182798515   1.825245016875045e-20
                 4.46875       2.429825568010856   1.825245016875045e-20
                 4.46875       2.478912953223196   1.825245016875045e-20
                 4.46875       2.528000338435537   1.825245016875045e-20
                 4.46875       2.577087723647877   1.825245016875045e-20
                 4.46875       2.626175108860218   1.825245016875045e-20
                 4.46875       2.675262494072558   1.825245016875045e-20
                 4.46875       2.724349879284899   1.825245016875045e-20
                 4.46875       2.773437264497239   1.825245016875045e-20
                 4.46875        2.82252464970958   1.825245016875045e-20
                 4.46875        2.87161203492192   1.825245016875045e-20
                 4.46875       2.920699420134261   1.825245016875045e-20
                 4.46875       2.969786805346601   1.825245016875045e-20
                 4.46875       3.018874190558942   1.825245016875045e-20
                 4.46875       3.067961575771282   1.825245016875045e-20
                 4.46875       3.117048960983623   1.825245016875045e-20

                 4.53125     0.02454369260617026   6.090552290419687e-21
                 4.53125     0.07363107781851078   6.090552290419687e-21
                 4.53125      0.1227184630308513   6.090552290419687e-21
                 4.53125      0.1718058482431918   6.090552290419687e-21
                 4.53125      0.2208932334555323   6.090552290419687e-21
                 4.53125      0.2699806186678728   6.090552290419687e-21
                 4.53125      0.3190680038802134   6.090552290419687e-21
                 4.53125      0.3681553890925539   6.090552290419687e-21
                 4.53125      0.4172427743048944   6.090552290419687e-21
                 4.53125      0.4663301595172349   6.090552290419687e-21
                 4.53125      0.5154175447295755   6.090552290419687e-21
                 4.53125      0.5645049299419159   6.090552290419687e-21
                 4.53125      0.6135923151542565   6.090552290419687e-21
                 4.53125       0.662679700366597   6.090552290419687e-21
                 4.53125      0.7117670855789375   6.090552290419687e-21
                 4.53125       0.760854470791278   6.090552290419687e-21
                 4.53125      0.8099418560036186   6.090552290419687e-21
                 4.53125       0.859029241215959   6.090552290419687e-21
                 4.53125      0.9081166264282996   6.090552290419687e-21
                 4.53125      0.9572040116406401   6.090552290419687e-21
                 4.53125       1.006291396852981   6.090552290419687e-21
                 4.53125       1.055378782065321   6.090552290419687e-21
                 4.53125       1.104466167277662   6.090552290419687e-21
                 4.53125       1.153553552490002   6.090552290419687e-21
                 4.53125       1.202640937702343   6.090552290419687e-21
                 4.53125       1.251728322914683   6.090552290419687e-21
                 4.53125       1.300815708127024   6.090552290419687e-21
                 4.53125       1.349903093339364   6.090552290419687e-21
                 4.53125       1.398990478551705   6.090552290419687e-21
                 4.53125       1.448077863764045   6.090552290419687e-21
                 4.53125       1.497165248976386   6.090552290419687e-21
                 4.53125       1.546252634188726   6.090552290419687e-21
                 4.53125       1.595340019401067   6.090552290419687e-21
                 4.53125       1.644427404613407   6.090552290419687e-21
                 4.53125       1.693514789825748   6.090552290419687e-21
                 4.53125       1.742602175038088   6.090552290419687e-21
                 4.53125       1.791689560250429   6.090552290419687e-21
                 4.53125       1.840776945462769   6.090552290419687e-21
                 4.53125        1.88986433067511   6.090552290419687e-21
                 4.53125       1.938951715887451   6.090552290419687e-21
                 4.53125       1.988039101099791   6.090552290419687e-21
                 4.53125       2.037126486312132   6.090552290419687e-21
                 4.53125       2.086213871524472   6.090552290419687e-21
                 4.53125       2.135301256736812   6.090552290419687e-21
                 4.53125       2.184388641949153   6.090552290419687e-21
                 4.53125       2.233476027161494   6.090552290419687e-21
                 4.53125       2.282563412373834   6.090552290419687e-21
                 4.53125       2.331650797586175   6.090552290419687e-21
                 4.53125       2.380738182798515   6.090552290419687e-21
                 4.53125       2.429825568010856   6.090552290419687e-21
                 4.53125       2.478912953223196   6.090552290419687e-21
                 4.53125       2.528000338435537   6.090552290419687e-21
                 4.53125       2.577087723647877   6.090552290419687e-21
                 4.53125       2.626175108860218   6.090552290419687e-21
                 4.53125       2.675262494072558   6.090552290419687e-21
                 4.53125       2.724349879284899   6.090552290419687e-21
                 4.53125       2.773437264497239   6.090552290419687e-21
                 4.53125        2.82252464970958   6.090552290419687e-21
                 4.53125        2.87161203492192   6.090552290419687e-21
                 4.53125       2.920699420134261   6.090552290419687e-21
                 4.53125       2.969786805346601   6.090552290419687e-21
                 4.53125       3.018874190558942   6.090552290419687e-21
                 4.53125       3.067961575771282   6.090552290419687e-21
                 4.53125       3.117048960983623   6.090552290419687e-21

                 4.59375     0.02454369260617026   2.000078229822625e-21
                 4.59375     0.07363107781851078   2.000078229822625e-21
                 4.59375      0.1227184630308513   2.000078229822625e-21
                 4.59375      0.1718058482431918   2.000078229822625e-21
                 4.59375      0.2208932334555323   2.000078229822625e-21
                 4.59375      0.2699806186678728   2.000078229822625e-21
                 4.59375      0.3190680038802134   2.000078229822625e-21
                 4.59375      0.3681553890925539   2.000078229822625e-21
                 4.59375      0.4172427743048944   2.000078229822625e-21
                 4.59375      0.4663301595172349   2.000078229822625e-21
                 4.59375      0.5154175447295755   2.000078229822625e-21
                 4.59375      0.5645049299419159   2.000078229822625e-21
                 4.59375      0.6135923151542565   2.000078229822625e-21
                 4.59375       0.662679700366597   2.000078229822625e-21
                 4.59375      0.7117670855789375   2.000078229822625e-21
                 4.59375       0.760854470791278   2.000078229822625e-21
                 4.59375      0.8099418560036186   2.000078229822625e-21
                 4.59375       0.859029241215959   2.000078229822625e-21
                 4.59375      0.9081166264282996   2.000078229822625e-21
                 4.59375      0.9572040116406401   2.000078229822625e-21
                 4.59375       1.006291396852981   2.000078229822625e-21
                 4.59375       1.055378782065321   2.000078229822625e-21
                 4.59375       1.104466167277662   2.000078229822625e-21
                 4.59375       1.153553552490002   2.000078229822625e-21
                 4.59375       1.202640937702343   2.000078229822625e-21
                 4.59375       1.251728322914683   2.000078229822625e-21
                 4.59375       1.300815708127024   2.000078229822625e-21
                 4.59375       1.349903093339364   2.000078229822625e-21
                 4.59375       1.398990478551705   2.000078229822625e-21
                 4.59375       1.448077863764045   2.000078229822625e-21
                 4.59375       1.497165248976386   2.000078229822625e-21
                 4.59375       1.546252634188726   2.000078229822625e-21
                 4.59375       1.595340019401067   2.000078229822625e-21
                 4.59375       1.644427404613407   2.000078229822625e-21
                 4.59375       1.693514789825748   2.000078229822625e-21
                 4.59375       1.742602175038088   2.000078229822625e-21
                 4.59375       1.791689560250429   2.000078229822625e-21
                 4.59375       1.840776945462769   2.000078229822625e-21
                 4.59375        1.88986433067511   2.000078229822625e-21
                 4.59375       1.938951715887451   2.000078229822625e-21
                 4.59375       1.988039101099791   2.000078229822625e-21
                 4.59375       2.037126486312132   2.000078229822625e-21
                 4.59375       2.086213871524472   2.000078229822625e-21
                 4.59375       2.135301256736812   2.000078229822625e-21
                 4.59375       2.184388641949153   2.000078229822625e-21
                 4.59375       2.233476027161494   2.000078229822625e-21
                 4.59375       2.282563412373834   2.000078229822625e-21
                 4.59375       2.331650797586175   2.000078229822625e-21
                 4.59375       2.380738182798515   2.000078229822625e-21
                 4.59375       2.429825568010856   2.000078229822625e-21
                 4.59375       2.478912953223196   2.000078229822625e-21
                 4.59375       2.528000338435537   2.000078229822625e-21
                 4.59375       2.577087723647877   2.000078229822625e-21
                 4.59375       2.626175108860218   2.000078229822625e-21
                 4.59375       2.675262494072558   2.000078229822625e-21
                 4.59375       2.724349879284899   2.000078229822625e-21
                 4.59375       2.773437264497239   2.000078229822625e-21
                 4.59375        2.82252464970958   2.000078229822625e-21
                 4.59375        2.87161203492192   2.000078229822625e-21
                 4.59375       2.920699420134261   2.000078229822625e-21
                 4.59375       2.969786805346601   2.000078229822625e-21
                 4.59375       3.018874190558942   2.000078229822625e-21
                 4.59375       3.067961575771282   2.000078229822625e-21
                 4.59375       3.117048960983623   2.000078229822625e-21

                 4.65625     0.02454369260617026   6.463924056287354e-22
                 4.65625     0.07363107781851078   6.463924056287354e-22
                 4.65625      0.1227184630308513   6.463924056287354e-22
                 4.65625      0.1718058482431918   6.463924056287354e-22
                 4.65625      0.2208932334555323   6.463924056287354e-22
                 4.65625      0.2699806186678728   6.463924056287354e-22
                 4.65625      0.3190680038802134   6.463924056287354e-22
                 4.65625      0.3681553890925539   6.463924056287354e-22
                 4.65625      0.4172427743048944   6.463924056287354e-22
                 4.65625      0.4663301595172349   6.463924056287354e-22
                 4.65625      0.5154175447295755   6.463924056287354e-22
                 4.65625      0.5645049299419159   6.463924056287354e-22
                 4.65625      0.6135923151542565   6.463924056287354e-22
                 4.65625       0.662679700366597   6.463924056287354e-22
                 4.65625      0.7117670855789375   6.463924056287354e-22
                 4.65625       0.760854470791278   6.463924056287354e-22
                 4.65625      0.8099418560036186   6.463924056287354e-22
                 4.65625       0.859029241215959   6.463924056287354e-22
                 4.65625      0.9081166264282996   6.463924056287354e-22
                 4.65625      0.9572040116406401   6.463924056287354e-22
                 4.65625       1.006291396852981   6.463924056287354e-22
                 4.65625       1.055378782065321   6.463924056287354e-22
                 4.65625       1.104466167277662   6.463924056287354e-22
                 4.65625       1.153553552490002   6.463924056287354e-22
                 4.65625       1.202640937702343   6.463924056287354e-22
                 4.65625       1.251728322914683   6.463924056287354e-22
                 4.65625       1.300815708127024   6.463924056287354e-22
                 4.65625       1.349903093339364   6.463924056287354e-22
                 4.65625       1.398990478551705   6.463924056287354e-22
                 4.65625       1.448077863764045   6.463924056287354e-22
                 4.65625       1.497165248976386   6.463924056287354e-22
                 4.65625       1.546252634188726   6.463924056287354e-22
                 4.65625       1.595340019401067   6.463924056287354e-22
                 4.65625       1.644427404613407   6.463924056287354e-22
                 4.65625       1.693514789825748   6.463924056287354e-22
                 4.65625       1.742602175038088   6.463924056287354e-22
                 4.65625       1.791689560250429   6.463924056287354e-22
                 4.65625       1.840776945462769   6.463924056287354e-22
                 4.65625        1.88986433067511   6.463924056287354e-22
                 4.65625       1.938951715887451   6.463924056287354e-22
                 4.65625       1.988039101099791   6.463924056287354e-22
                 4.65625       2.037126486312132   6.463924056287354e-22
                 4.65625       2.086213871524472   6.463924056287354e-22
                 4.65625       2.135301256736812   6.463924056287354e-22
                 4.65625       2.184388641949153   6.463924056287354e-22
                 4.65625       2.233476027161494   6.463924056287354e-22
                 4.65625       2.282563412373834   6.463924056287354e-22
                 4.65625       2.331650797586175   6.463924056287354e-22
                 4.65625       2.380738182798515   6.463924056287354e-22
                 4.65625       2.429825568010856   6.463924056287354e-22
                 4.65625       2.478912953223196   6.463924056287354e-22
                 4.65625       2.528000338435537   6.463924056287354e-22
                 4.65625       2.577087723647877   6.463924056287354e-22
                 4.65625       2.626175108860218   6.463924056287354e-22
                 4.65625       2.675262494072558   6.463924056287354e-22
                 4.65625       2.724349879284899   6.463924056287354e-22
                 4.65625       2.773437264497239   6.463924056287354e-22
                 4.65625        2.82252464970958   6.463924056287354e-22
                 4.65625        2.87161203492192   6.463924056287354e-22
                 4.65625       2.920699420134261   6.463924056287354e-22
                 4.65625       2.969786805346601   6.463924056287354e-22
                 4.65625       3.018874190558942   6.463924056287354e-22
                 4.65625       3.067961575771282   6.463924056287354e-22
                 4.65625       3.117048960983623   6.463924056287354e-22

                 4.71875     0.02454369260617026   2.055930644511989e-22
                 4.71875     0.07363107781851078   2.055930644511989e-22
                 4.71875      0.1227184630308513   2.055930644511989e-22
                 4.71875      0.1718058482431918   2.055930644511989e-22
                 4.71875      0.2208932334555323   2.055930644511989e-22
                 4.71875      0.2699806186678728   2.055930644511989e-22
                 4.71875      0.3190680038802134   2.055930644511989e-22
                 4.71875      0.3681553890925539   2.055930644511989e-22
                 4.71875      0.4172427743048944   2.055930644511989e-22
                 4.71875      0.4663301595172349   2.055930644511989e-22
                 4.71875      0.5154175447295755   2.055930644511989e-22
                 4.71875      0.5645049299419159   2.055930644511989e-22
                 4.71875      0.6135923151542565   2.055930644511989e-22
                 4.71875       0.662679700366597   2.055930644511989e-22
                 4.71875      0.7117670855789375   2.055930644511989e-22
                 4.71875       0.760854470791278   2.055930644511989e-22
                 4.71875      0.8099418560036186   2.055930644511989e-22
                 4.71875       0.859029241215959   2.055930644511989e-22
                 4.71875      0.9081166264282996   2.055930644511989e-22
                 4.71875      0.9572040116406401   2.055930644511989e-22
                 4.71875       1.006291396852981   2.055930644511989e-22
                 4.71875       1.055378782065321   2.055930644511989e-22
                 4.71875       1.104466167277662   2.055930644511989e-22
                 4.71875       1.153553552490002   2.055930644511989e-22
                 4.71875       1.202640937702343   2.055930644511989e-22
                 4.71875       1.251728322914683   2.055930644511989e-22
                 4.71875       1.300815708127024   2.055930644511989e-22
                 4.71875       1.349903093339364   2.055930644511989e-22
                 4.71875       1.398990478551705   2.055930644511989e-22
                 4.71875       1.448077863764045   2.055930644511989e-22
                 4.71875       1.497165248976386   2.055930644511989e-22
                 4.71875       1.546252634188726   2.055930644511989e-22
                 4.71875       1.595340019401067   2.055930644511989e-22
                 4.71875       1.644427404613407   2.055930644511989e-22
                 4.71875       1.693514789825748   2.055930644511989e-22
                 4.71875       1.742602175038088   2.055930644511989e-22
                 4.71875       1.791689560250429   2.055930644511989e-22
                 4.71875       1.840776945462769   2.055930644511989e-22
                 4.71875        1.88986433067511   2.055930644511989e-22
                 4.71875       1.938951715887451   2.055930644511989e-22
                 4.71875       1.988039101099791   2.055930644511989e-22
                 4.71875       2.037126486312132   2.055930644511989e-22
                 4.71875       2.086213871524472   2.055930644511989e-22
                 4.71875       2.135301256736812   2.055930644511989e-22
                 4.71875       2.184388641949153   2.055930644511989e-22
                 4.71875       2.233476027161494   2.055930644511989e-22
                 4.71875       2.282563412373834   2.055930644511989e-22
                 4.71875       2.331650797586175   2.055930644511989e-22
                 4.71875       2.380738182798515   2.055930644511989e-22
                 4.71875       2.429825568010856   2.055930644511989e-22
                 4.71875       2.478912953223196   2.055930644511989e-22
                 4.71875       2.528000338435537   2.055930644511989e-22
                 4.71875       2.577087723647877   2.055930644511989e-22
                 4.71875       2.626175108860218   2.055930644511989e-22
                 4.71875       2.675262494072558   2.055930644511989e-22
                 4.71875       2.724349879284899   2.055930644511989e-22
                 4.71875       2.773437264497239   2.055930644511989e-22
                 4.71875        2.82252464970958   2.055930644511989e-22
                 4.71875        2.87161203492192   2.055930644511989e-22
                 4.71875       2.920699420134261   2.055930644511989e-22
                 4.71875       2.969786805346601   2.055930644511989e-22
                 4.71875       3.018874190558942   2.055930644511989e-22
                 4.71875       3.067961575771282   2.055930644511989e-22
                 4.71875       3.117048960983623   2.055930644511989e-22

                 4.78125     0.02454369260617026   6.435576718570284e-23
                 4.78125     0.07363107781851078   6.435576718570284e-23
                 4.78125      0.1227184630308513   6.435576718570284e-23
                 4.78125      0.1718058482431918   6.435576718570284e-23
                 4.78125      0.2208932334555323   6.435576718570284e-23
                 4.78125      0.2699806186678728   6.435576718570284e-23
                 4.78125      0.3190680038802134   6.435576718570284e-23
                 4.78125      0.3681553890925539   6.435576718570284e-23
                 4.78125      0.4172427743048944   6.435576718570284e-23
                 4.78125      0.4663301595172349   6.435576718570284e-23
                 4.78125      0.5154175447295755   6.435576718570284e-23
                 4.78125      0.5645049299419159   6.435576718570284e-23
                 4.78125      0.6135923151542565   6.435576718570284e-23
                 4.78125       0.662679700366597   6.435576718570284e-23
                 4.78125      0.7117670855789375   6.435576718570284e-23
                 4.78125       0.760854470791278   6.435576718570284e-23
                 4.78125      0.8099418560036186   6.435576718570284e-23
                 4.78125       0.859029241215959   6.435576718570284e-23
                 4.78125      0.9081166264282996   6.435576718570284e-23
                 4.78125      0.9572040116406401   6.435576718570284e-23
                 4.78125       1.006291396852981   6.435576718570284e-23
                 4.78125       1.055378782065321   6.435576718570284e-23
                 4.78125       1.104466167277662   6.435576718570284e-23
                 4.78125       1.153553552490002   6.435576718570284e-23
                 4.78125       1.202640937702343   6.435576718570284e-23
                 4.78125       1.251728322914683   6.435576718570284e-23
                 4.78125       1.300815708127024   6.435576718570284e-23
                 4.78125       1.349903093339364   6.435576718570284e-23
                 4.78125       1.398990478551705   6.435576718570284e-23
                 4.78125       1.448077863764045   6.435576718570284e-23
                 4.78125       1.497165248976386   6.435576718570284e-23
                 4.78125       1.546252634188726   6.435576718570284e-23
                 4.78125       1.595340019401067   6.435576718570284e-23
                 4.78125       1.644427404613407   6.435576718570284e-23
                 4.78125       1.693514789825748   6.435576718570284e-23
                 4.78125       1.742602175038088   6.435576718570284e-23
                 4.78125       1.791689560250429   6.435576718570284e-23
                 4.78125       1.840776945462769   6.435576718570284e-23
                 4.78125        1.88986433067511   6.435576718570284e-23
                 4.78125       1.938951715887451   6.435576718570284e-23
                 4.78125       1.988039101099791   6.435576718570284e-23
                 4.78125       2.037126486312132   6.435576718570284e-23
                 4.78125       2.086213871524472   6.435576718570284e-23
                 4.78125       2.135301256736812   6.435576718570284e-23
                 4.78125       2.184388641949153   6.435576718570284e-23
                 4.78125       2.233476027161494   6.435576718570284e-23
                 4.78125       2.282563412373834   6.435576718570284e-23
                 4.78125       2.331650797586175   6.435576718570284e-23
                 4.78125       2.380738182798515   6.435576718570284e-23
                 4.78125       2.429825568010856   6.435576718570284e-23
                 4.78125       2.478912953223196   6.435576718570284e-23
                 4.78125       2.528000338435537   6.435576718570284e-23
                 4.78125       2.577087723647877   6.435576718570284e-23
                 4.78125       2.626175108860218   6.435576718570284e-23
                 4.78125       2.675262494072558   6.435576718570284e-23
                 4.78125       2.724349879284899   6.435576718570284e-23
                 4.78125       2.773437264497239   6.435576718570284e-23
                 4.78125        2.82252464970958   6.435576718570284e-23
                 4.78125        2.87161203492192   6.435576718570284e-23
                 4.78125       2.920699420134261   6.435576718570284e-23
                 4.78125       2.969786805346601   6.435576718570284e-23
                 4.78125       3.018874190558942   6.435576718570284e-23
                 4.78125       3.067961575771282   6.435576718570284e-23
                 4.78125       3.117048960983623   6.435576718570284e-23

                 4.84375     0.02454369260617026   1.982608590064241e-23
                 4.84375     0.07363107781851078   1.982608590064241e-23
                 4.84375      0.1227184630308513   1.982608590064241e-23
                 4.84375      0.1718058482431918   1.982608590064241e-23
                 4.84375      0.2208932334555323   1.982608590064241e-23
                 4.84375      0.2699806186678728   1.982608590064241e-23
                 4.84375      0.3190680038802134   1.982608590064241e-23
                 4.84375      0.3681553890925539   1.982608590064241e-23
                 4.84375      0.4172427743048944   1.982608590064241e-23
                 4.84375      0.4663301595172349   1.982608590064241e-23
                 4.84375      0.5154175447295755   1.982608590064241e-23
                 4.84375      0.5645049299419159   1.982608590064241e-23
                 4.84375      0.6135923151542565   1.982608590064241e-23
                 4.84375       0.662679700366597   1.982608590064241e-23
                 4.84375      0.7117670855789375   1.982608590064241e-23
                 4.84375       0.760854470791278   1.982608590064241e-23
                 4.84375      0.8099418560036186   1.982608590064241e-23
                 4.84375       0.859029241215959   1.982608590064241e-23
                 4.84375      0.9081166264282996   1.982608590064241e-23
                 4.84375      0.9572040116406401   1.982608590064241e-23
                 4.84375       1.006291396852981   1.982608590064241e-23
                 4.84375       1.055378782065321   1.982608590064241e-23
                 4.84375       1.104466167277662   1.982608590064241e-23
                 4.84375       1.153553552490002   1.982608590064241e-23
                 4.84375       1.202640937702343   1.982608590064241e-23
                 4.84375       1.251728322914683   1.982608590064241e-23
                 4.84375       1.300815708127024   1.982608590064241e-23
                 4.84375       1.349903093339364   1.982608590064241e-23
                 4.84375       1.398990478551705   1.982608590064241e-23
                 4.84375       1.448077863764045   1.982608590064241e-23
                 4.84375       1.497165248976386   1.982608590064241e-23
                 4.84375       1.546252634188726   1.982608590064241e-23
                 4.84375       1.595340019401067   1.982608590064241e-23
                 4.84375       1.644427404613407   1.982608590064241e-23
                 4.84375       1.693514789825748   1.982608590064241e-23
                 4.84375       1.742602175038088   1.982608590064241e-23
                 4.84375       1.791689560250429   1.982608590064241e-23
                 4.84375       1.840776945462769   1.982608590064241e-23
                 4.84375        1.88986433067511   1.982608590064241e-23
                 4.84375       1.938951715887451   1.982608590064241e-23
                 4.84375       1.988039101099791   1.982608590064241e-23
                 4.84375       2.037126486312132   1.982608590064241e-23
                 4.84375       2.086213871524472   1.982608590064241e-23
                 4.84375       2.135301256736812   1.982608590064241e-23
                 4.84375       2.184388641949153   1.982608590064241e-23
                 4.84375       2.233476027161494   1.982608590064241e-23
                 4.84375       2.282563412373834   1.982608590064241e-23
                 4.84375       2.331650797586175   1.982608590064241e-23
                 4.84375       2.380738182798515   1.982608590064241e-23
                 4.84375       2.429825568010856   1.982608590064241e-23
                 4.84375       2.478912953223196   1.982608590064241e-23
                 4.84375       2.528000338435537   1.982608590064241e-23
                 4.84375       2.577087723647877   1.982608590064241e-23
                 4.84375       2.626175108860218   1.982608590064241e-23
                 4.84375       2.675262494072558   1.982608590064241e-23
                 4.84375       2.724349879284899   1.982608590064241e-23
                 4.84375       2.773437264497239   1.982608590064241e-23
                 4.84375        2.82252464970958   1.982608590064241e-23
                 4.84375        2.87161203492192   1.982608590064241e-23
                 4.84375       2.920699420134261   1.982608590064241e-23
                 4.84375       2.969786805346601   1.982608590064241e-23
                 4.84375       3.018874190558942   1.982608590064241e-23
                 4.84375       3.067961575771282   1.982608590064241e-23
                 4.84375       3.117048960983623   1.982608590064241e-23

                 4.90625     0.02454369260617026   6.011191461163925e-24
                 4.90625     0.07363107781851078   6.011191461163925e-24
                 4.90625      0.1227184630308513   6.011191461163925e-24
                 4.90625      0.1718058482431918   6.011191461163925e-24
                 4.90625      0.2208932334555323   6.011191461163925e-24
                 4.90625      0.2699806186678728   6.011191461163925e-24
                 4.90625      0.3190680038802134   6.011191461163925e-24
                 4.90625      0.3681553890925539   6.011191461163925e-24
                 4.90625      0.4172427743048944   6.011191461163925e-24
                 4.90625      0.4663301595172349   6.011191461163925e-24
                 4.90625      0.5154175447295755   6.011191461163925e-24
                 4.90625      0.5645049299419159   6.011191461163925e-24
                 4.90625      0.6135923151542565   6.011191461163925e-24
                 4.90625       0.662679700366597   6.011191461163925e-24
                 4.90625      0.7117670855789375   6.011191461163925e-24
                 4.90625       0.760854470791278   6.011191461163925e-24
                 4.90625      0.8099418560036186   6.011191461163925e-24
                 4.90625       0.859029241215959   6.011191461163925e-24
                 4.90625      0.9081166264282996   6.011191461163925e-24
                 4.90625      0.9572040116406401   6.011191461163925e-24
                 4.90625       1.006291396852981   6.011191461163925e-24
                 4.90625       1.055378782065321   6.011191461163925e-24
                 4.90625       1.104466167277662   6.011191461163925e-24
                 4.90625       1.153553552490002   6.011191461163925e-24
                 4.90625       1.202640937702343   6.011191461163925e-24
                 4.90625       1.251728322914683   6.011191461163925e-24
                 4.90625       1.300815708127024   6.011191461163925e-24
                 4.90625       1.349903093339364   6.011191461163925e-24
                 4.90625       1.398990478551705   6.011191461163925e-24
                 4.90625       1.448077863764045   6.011191461163925e-24
                 4.90625       1.497165248976386   6.011191461163925e-24
                 4.90625       1.546252634188726   6.011191461163925e-24
                 4.90625       1.595340019401067   6.011191461163925e-24
                 4.90625       1.644427404613407   6.011191461163925e-24
                 4.90625       1.693514789825748   6.011191461163925e-24
                 4.90625       1.742602175038088   6.011191461163925e-24
                 4.90625       1.791689560250429   6.011191461163925e-24
                 4.90625       1.840776945462769   6.011191461163925e-24
                 4.90625        1.88986433067511   6.011191461163925e-24
                 4.90625       1.938951715887451   6.011191461163925e-24
                 4.90625       1.988039101099791   6.011191461163925e-24
                 4.90625       2.037126486312132   6.011191461163925e-24
                 4.90625       2.086213871524472   6.011191461163925e-24
                 4.90625       2.135301256736812   6.011191461163925e-24
                 4.90625       2.184388641949153   6.011191461163925e-24
                 4.90625       2.233476027161494   6.011191461163925e-24
                 4.90625       2.282563412373834   6.011191461163925e-24
                 4.90625       2.331650797586175   6.011191461163925e-24
                 4.90625       2.380738182798515   6.011191461163925e-24
                 4.90625       2.429825568010856   6.011191461163925e-24
                 4.90625       2.478912953223196   6.011191461163925e-24
                 4.90625       2.528000338435537   6.011191461163925e-24
                 4.90625       2.577087723647877   6.011191461163925e-24
                 4.90625       2.626175108860218   6.011191461163925e-24
                 4.90625       2.675262494072558   6.011191461163925e-24
                 4.90625       2.724349879284899   6.011191461163925e-24
                 4.90625       2.773437264497239   6.011191461163925e-24
                 4.90625        2.82252464970958   6.011191461163925e-24
                 4.90625        2.87161203492192   6.011191461163925e-24
                 4.90625       2.920699420134261   6.011191461163925e-24
                 4.90625       2.969786805346601   6.011191461163925e-24
                 4.90625       3.018874190558942   6.011191461163925e-24
                 4.90625       3.067961575771282   6.011191461163925e-24
                 4.90625       3.117048960983623   6.011191461163925e-24

                 4.96875     0.02454369260617026   1.793748868501782e-24
                 4.96875     0.07363107781851078   1.793748868501782e-24
                 4.96875      0.1227184630308513   1.793748868501782e-24
                 4.96875      0.1718058482431918   1.793748868501782e-24
                 4.96875      0.2208932334555323   1.793748868501782e-24
                 4.96875      0.2699806186678728   1.793748868501782e-24
                 4.96875      0.3190680038802134   1.793748868501782e-24
                 4.96875      0.3681553890925539   1.793748868501782e-24
                 4.96875      0.4172427743048944   1.793748868501782e-24
                 4.96875      0.4663301595172349   1.793748868501782e-24
                 4.96875      0.5154175447295755   1.793748868501782e-24
                 4.96875      0.5645049299419159   1.793748868501782e-24
                 4.96875      0.6135923151542565   1.793748868501782e-24
                 4.96875       0.662679700366597   1.793748868501782e-24
                 4.96875      0.7117670855789375   1.793748868501782e-24
                 4.96875       0.760854470791278   1.793748868501782e-24
                 4.96875      0.8099418560036186   1.793748868501782e-24
                 4.96875       0.859029241215959   1.793748868501782e-24
                 4.96875      0.9081166264282996   1.793748868501782e-24
                 4.96875      0.9572040116406401   1.793748868501782e-24
                 4.96875       1.006291396852981   1.793748868501782e-24
                 4.96875       1.055378782065321   1.793748868501782e-24
                 4.96875       1.104466167277662   1.793748868501782e-24
                 4.96875       1.153553552490002   1.793748868501782e-24
                 4.96875       1.202640937702343   1.793748868501782e-24
                 4.96875       1.251728322914683   1.793748868501782e-24
                 4.96875       1.300815708127024   1.793748868501782e-24
                 4.96875       1.349903093339364   1.793748868501782e-24
                 4.96875       1.398990478551705   1.793748868501782e-24
                 4.96875       1.448077863764045   1.793748868501782e-24
                 4.96875       1.497165248976386   1.793748868501782e-24
                 4.96875       1.546252634188726   1.793748868501782e-24
                 4.96875       1.595340019401067   1.793748868501782e-24
                 4.96875       1.644427404613407   1.793748868501782e-24
                 4.96875       1.693514789825748   1.793748868501782e-24
                 4.96875       1.742602175038088   1.793748868501782e-24
                 4.96875       1.791689560250429   1.793748868501782e-24
                 4.96875       1.840776945462769   1.793748868501782e-24
                 4.96875        1.88986433067511   1.793748868501782e-24
                 4.96875       1.938951715887451   1.793748868501782e-24
                 4.96875       1.988039101099791   1.793748868501782e-24
                 4.96875       2.037126486312132   1.793748868501782e-24
                 4.96875       2.086213871524472   1.793748868501782e-24
                 4.96875       2.135301256736812   1.793748868501782e-24
                 4.96875       2.184388641949153   1.793748868501782e-24
                 4.96875       2.233476027161494   1.793748868501782e-24
                 4.96875       2.282563412373834   1.793748868501782e-24
                 4.96875       2.331650797586175   1.793748868501782e-24
                 4.96875       2.380738182798515   1.793748868501782e-24
                 4.96875       2.429825568010856   1.793748868501782e-24
                 4.96875       2.478912953223196   1.793748868501782e-24
                 4.96875       2.528000338435537   1.793748868501782e-24
                 4.96875       2.577087723647877   1.793748868501782e-24
                 4.96875       2.626175108860218   1.793748868501782e-24
                 4.96875       2.675262494072558   1.793748868501782e-24
                 4.96875       2.724349879284899   1.793748868501782e-24
                 4.96875       2.773437264497239   1.793748868501782e-24
                 4.96875        2.82252464970958   1.793748868501782e-24
                 4.96875        2.87161203492192   1.793748868501782e-24
                 4.96875       2.920699420134261   1.793748868501782e-24
                 4.96875       2.969786805346601   1.793748868501782e-24
                 4.96875       3.018874190558942   1.793748868501782e-24
                 4.96875       3.067961575771282   1.793748868501782e-24
                 4.96875       3.117048960983623   1.793748868501782e-24

                 5.03125     0.02454369260617026   5.267972925505778e-25
                 5.03125     0.07363107781851078   5.267972925505778e-25
                 5.03125      0.1227184630308513   5.267972925505778e-25
                 5.03125      0.1718058482431918   5.267972925505778e-25
                 5.03125      0.2208932334555323   5.267972925505778e-25
                 5.03125      0.2699806186678728   5.267972925505778e-25
                 5.03125      0.3190680038802134   5.267972925505778e-25
                 5.03125      0.3681553890925539   5.267972925505778e-25
                 5.03125      0.4172427743048944   5.267972925505778e-25
                 5.03125      0.4663301595172349   5.267972925505778e-25
                 5.03125      0.5154175447295755   5.267972925505778e-25
                 5.03125      0.5645049299419159   5.267972925505778e-25
                 5.03125      0.6135923151542565   5.267972925505778e-25
                 5.03125       0.662679700366597   5.267972925505778e-25
                 5.03125      0.7117670855789375   5.267972925505778e-25
                 5.03125       0.760854470791278   5.267972925505778e-25
                 5.03125      0.8099418560036186   5.267972925505778e-25
                 5.03125       0.859029241215959   5.267972925505778e-25
                 5.03125      0.9081166264282996   5.267972925505778e-25
                 5.03125      0.9572040116406401   5.267972925505778e-25
                 5.03125       1.006291396852981   5.267972925505778e-25
                 5.03125       1.055378782065321   5.267972925505778e-25
                 5.03125       1.104466167277662   5.267972925505778e-25
                 5.03125       1.153553552490002   5.267972925505778e-25
                 5.03125       1.202640937702343   5.267972925505778e-25
                 5.03125       1.251728322914683   5.267972925505778e-25
                 5.03125       1.300815708127024   5.267972925505778e-25
                 5.03125       1.349903093339364   5.267972925505778e-25
                 5.03125       1.398990478551705   5.267972925505778e-25
                 5.03125       1.448077863764045   5.267972925505778e-25
                 5.03125       1.497165248976386   5.267972925505778e-25
                 5.03125       1.546252634188726   5.267972925505778e-25
                 5.03125       1.595340019401067   5.267972925505778e-25
                 5.03125       1.644427404613407   5.267972925505778e-25
                 5.03125       1.693514789825748   5.267972925505778e-25
                 5.03125       1.742602175038088   5.267972925505778e-25
                 5.03125       1.791689560250429   5.267972925505778e-25
                 5.03125       1.840776945462769   5.267972925505778e-25
                 5.03125        1.88986433067511   5.267972925505778e-25
                 5.03125       1.938951715887451   5.267972925505778e-25
                 5.03125       1.988039101099791   5.267972925505778e-25
                 5.03125       2.037126486312132   5.267972925505778e-25
                 5.03125       2.086213871524472   5.267972925505778e-25
                 5.03125       2.135301256736812   5.267972925505778e-25
                 5.03125       2.184388641949153   5.267972925505778e-25
                 5.03125       2.233476027161494   5.267972925505778e-25
                 5.03125       2.282563412373834   5.267972925505778e-25
                 5.03125       2.331650797586175   5.267972925505778e-25
                 5.03125       2.380738182798515   5.267972925505778e-25
                 5.03125       2.429825568010856   5.267972925505778e-25
                 5.03125       2.478912953223196   5.267972925505778e-25
                 5.03125       2.528000338435537   5.267972925505778e-25
                 5.03125       2.577087723647877   5.267972925505778e-25
                 5.03125       2.626175108860218   5.267972925505778e-25
                 5.03125       2.675262494072558   5.267972925505778e-25
                 5.03125       2.724349879284899   5.267972925505778e-25
                 5.03125       2.773437264497239   5.267972925505778e-25
                 5.03125        2.82252464970958   5.267972925505778e-25
                 5.03125        2.87161203492192   5.267972925505778e-25
                 5.03125       2.920699420134261   5.267972925505778e-25
                 5.03125       2.969786805346601   5.267972925505778e-25
                 5.03125       3.018874190558942   5.267972925505778e-25
                 5.03125       3.067961575771282   5.267972925505778e-25
                 5.03125       3.117048960983623   5.267972925505778e-25

                 5.09375     0.02454369260617026    1.52268278668916e-25
                 5.09375     0.07363107781851078    1.52268278668916e-25
                 5.09375      0.1227184630308513    1.52268278668916e-25
                 5.09375      0.1718058482431918    1.52268278668916e-25
                 5.09375      0.2208932334555323    1.52268278668916e-25
                 5.09375      0.2699806186678728    1.52268278668916e-25
                 5.09375      0.3190680038802134    1.52268278668916e-25
                 5.09375      0.3681553890925539    1.52268278668916e-25
                 5.09375      0.4172427743048944    1.52268278668916e-25
                 5.09375      0.4663301595172349    1.52268278668916e-25
                 5.09375      0.5154175447295755    1.52268278668916e-25
                 5.09375      0.5645049299419159    1.52268278668916e-25
                 5.09375      0.6135923151542565    1.52268278668916e-25
                 5.09375       0.662679700366597    1.52268278668916e-25
                 5.09375      0.7117670855789375    1.52268278668916e-25
                 5.09375       0.760854470791278    1.52268278668916e-25
                 5.09375      0.8099418560036186    1.52268278668916e-25
                 5.09375       0.859029241215959    1.52268278668916e-25
                 5.09375      0.9081166264282996    1.52268278668916e-25
                 5.09375      0.9572040116406401    1.52268278668916e-25
                 5.09375       1.006291396852981    1.52268278668916e-25
                 5.09375       1.055378782065321    1.52268278668916e-25
                 5.09375       1.104466167277662    1.52268278668916e-25
                 5.09375       1.153553552490002    1.52268278668916e-25
                 5.09375       1.202640937702343    1.52268278668916e-25
                 5.09375       1.251728322914683    1.52268278668916e-25
                 5.09375       1.300815708127024    1.52268278668916e-25
                 5.09375       1.349903093339364    1.52268278668916e-25
                 5.09375       1.398990478551705    1.52268278668916e-25
                 5.09375       1.448077863764045    1.52268278668916e-25
                 5.09375       1.497165248976386    1.52268278668916e-25
                 5.09375       1.546252634188726    1.52268278668916e-25
                 5.09375       1.595340019401067    1.52268278668916e-25
                 5.09375       1.644427404613407    1.52268278668916e-25
                 5.09375       1.693514789825748    1.52268278668916e-25
                 5.09375       1.742602175038088    1.52268278668916e-25
                 5.09375       1.791689560250429    1.52268278668916e-25
                 5.09375       1.840776945462769    1.52268278668916e-25
                 5.09375        1.88986433067511    1.52268278668916e-25
                 5.09375       1.938951715887451    1.52268278668916e-25
                 5.09375       1.988039101099791    1.52268278668916e-25
                 5.09375       2.037126486312132    1.52268278668916e-25
                 5.09375       2.086213871524472    1.52268278668916e-25
                 5.09375       2.135301256736812    1.52268278668916e-25
                 5.09375       2.184388641949153    1.52268278668916e-25
                 5.09375       2.233476027161494    1.52268278668916e-25
                 5.09375       2.282563412373834    1.52268278668916e-25
                 5.09375       2.331650797586175    1.52268278668916e-25
                 5.09375       2.380738182798515    1.52268278668916e-25
                 5.09375       2.429825568010856    1.52268278668916e-25
                 5.09375       2.478912953223196    1.52268278668916e-25
                 5.09375       2.528000338435537    1.52268278668916e-25
                 5.09375       2.577087723647877    1.52268278668916e-25
                 5.09375       2.626175108860218    1.52268278668916e-25
                 5.09375       2.675262494072558    1.52268278668916e-25
                 5.09375       2.724349879284899    1.52268278668916e-25
                 5.09375       2.773437264497239    1.52268278668916e-25
                 5.09375        2.82252464970958    1.52268278668916e-25
                 5.09375        2.87161203492192    1.52268278668916e-25
                 5.09375       2.920699420134261    1.52268278668916e-25
                 5.09375       2.969786805346601    1.52268278668916e-25
                 5.09375       3.018874190558942    1.52268278668916e-25
                 5.09375       3.067961575771282    1.52268278668916e-25
                 5.09375       3.117048960983623    1.52268278668916e-25

                 5.15625     0.02454369260617026    4.33174053165713e-26
                 5.15625     0.07363107781851078    4.33174053165713e-26
                 5.15625      0.1227184630308513    4.33174053165713e-26
                 5.15625      0.1718058482431918    4.33174053165713e-26
                 5.15625      0.2208932334555323    4.33174053165713e-26
                 5.15625      0.2699806186678728    4.33174053165713e-26
                 5.15625      0.3190680038802134    4.33174053165713e-26
                 5.15625      0.3681553890925539    4.33174053165713e-26
                 5.15625      0.4172427743048944    4.33174053165713e-26
                 5.15625      0.4663301595172349    4.33174053165713e-26
                 5.15625      0.5154175447295755    4.33174053165713e-26
                 5.15625      0.5645049299419159    4.33174053165713e-26
                 5.15625      0.6135923151542565    4.33174053165713e-26
                 5.15625       0.662679700366597    4.33174053165713e-26
                 5.15625      0.7117670855789375    4.33174053165713e-26
                 5.15625       0.760854470791278    4.33174053165713e-26
                 5.15625      0.8099418560036186    4.33174053165713e-26
                 5.15625       0.859029241215959    4.33174053165713e-26
                 5.15625      0.9081166264282996    4.33174053165713e-26
                 5.15625      0.9572040116406401    4.33174053165713e-26
                 5.15625       1.006291396852981    4.33174053165713e-26
                 5.15625       1.055378782065321    4.33174053165713e-26
                 5.15625       1.104466167277662    4.33174053165713e-26
                 5.15625       1.153553552490002    4.33174053165713e-26
                 5.15625       1.202640937702343    4.33174053165713e-26
                 5.15625       1.251728322914683    4.33174053165713e-26
                 5.15625       1.300815708127024    4.33174053165713e-26
                 5.15625       1.349903093339364    4.33174053165713e-26
                 5.15625       1.398990478551705    4.33174053165713e-26
                 5.15625       1.448077863764045    4.33174053165713e-26
                 5.15625       1.497165248976386    4.33174053165713e-26
                 5.15625       1.546252634188726    4.33174053165713e-26
                 5.15625       1.595340019401067    4.33174053165713e-26
                 5.15625       1.644427404613407    4.33174053165713e-26
                 5.15625       1.693514789825748    4.33174053165713e-26
                 5.15625       1.742602175038088    4.33174053165713e-26
                 5.15625       1.791689560250429    4.33174053165713e-26
                 5.15625       1.840776945462769    4.33174053165713e-26
                 5.15625        1.88986433067511    4.33174053165713e-26
                 5.15625       1.938951715887451    4.33174053165713e-26
                 5.15625       1.988039101099791    4.33174053165713e-26
                 5.15625       2.037126486312132    4.33174053165713e-26
                 5.15625       2.086213871524472    4.33174053165713e-26
                 5.15625       2.135301256736812    4.33174053165713e-26
                 5.15625       2.184388641949153    4.33174053165713e-26
                 5.15625       2.233476027161494    4.33174053165713e-26
                 5.15625       2.282563412373834    4.33174053165713e-26
                 5.15625       2.331650797586175    4.33174053165713e-26
                 5.15625       2.380738182798515    4.33174053165713e-26
                 5.15625       2.429825568010856    4.33174053165713e-26
                 5.15625       2.478912953223196    4.33174053165713e-26
                 5.15625       2.528000338435537    4.33174053165713e-26
                 5.15625       2.577087723647877    4.33174053165713e-26
                 5.15625       2.626175108860218    4.33174053165713e-26
                 5.15625       2.675262494072558    4.33174053165713e-26
                 5.15625       2.724349879284899    4.33174053165713e-26
                 5.15625       2.773437264497239    4.33174053165713e-26
                 5.15625        2.82252464970958    4.33174053165713e-26
                 5.15625        2.87161203492192    4.33174053165713e-26
                 5.15625       2.920699420134261    4.33174053165713e-26
                 5.15625       2.969786805346601    4.33174053165713e-26
                 5.15625       3.018874190558942    4.33174053165713e-26
                 5.15625       3.067961575771282    4.33174053165713e-26
                 5.15625       3.117048960983623    4.33174053165713e-26

                 5.21875     0.02454369260617026   1.212845550981494e-26
                 5.21875     0.07363107781851078   1.212845550981494e-26
                 5.21875      0.1227184630308513   1.212845550981494e-26
                 5.21875      0.1718058482431918   1.212845550981494e-26
                 5.21875      0.2208932334555323   1.212845550981494e-26
                 5.21875      0.2699806186678728   1.212845550981494e-26
                 5.21875      0.3190680038802134   1.212845550981494e-26
                 5.21875      0.3681553890925539   1.212845550981494e-26
                 5.21875      0.4172427743048944   1.212845550981494e-26
                 5.21875      0.4663301595172349   1.212845550981494e-26
                 5.21875      0.5154175447295755   1.212845550981494e-26
                 5.21875      0.5645049299419159   1.212845550981494e-26
                 5.21875      0.6135923151542565   1.212845550981494e-26
                 5.21875       0.662679700366597   1.212845550981494e-26
                 5.21875      0.7117670855789375   1.212845550981494e-26
                 5.21875       0.760854470791278   1.212845550981494e-26
                 5.21875      0.8099418560036186   1.212845550981494e-26
                 5.21875       0.859029241215959   1.212845550981494e-26
                 5.21875      0.9081166264282996   1.212845550981494e-26
                 5.21875      0.9572040116406401   1.212845550981494e-26
                 5.21875       1.006291396852981   1.212845550981494e-26
                 5.21875       1.055378782065321   1.212845550981494e-26
                 5.21875       1.104466167277662   1.212845550981494e-26
                 5.21875       1.153553552490002   1.212845550981494e-26
                 5.21875       1.202640937702343   1.212845550981494e-26
                 5.21875       1.251728322914683   1.212845550981494e-26
                 5.21875       1.300815708127024   1.212845550981494e-26
                 5.21875       1.349903093339364   1.212845550981494e-26
                 5.21875       1.398990478551705   1.212845550981494e-26
                 5.21875       1.448077863764045   1.212845550981494e-26
                 5.21875       1.497165248976386   1.212845550981494e-26
                 5.21875       1.546252634188726   1.212845550981494e-26
                 5.21875       1.595340019401067   1.212845550981494e-26
                 5.21875       1.644427404613407   1.212845550981494e-26
                 5.21875       1.693514789825748   1.212845550981494e-26
                 5.21875       1.742602175038088   1.212845550981494e-26
                 5.21875       1.791689560250429   1.212845550981494e-26
                 5.21875       1.840776945462769   1.212845550981494e-26
                 5.21875        1.88986433067511   1.212845550981494e-26
                 5.21875       1.938951715887451   1.212845550981494e-26
                 5.21875       1.988039101099791   1.212845550981494e-26
                 5.21875       2.037126486312132   1.212845550981494e-26
                 5.21875       2.086213871524472   1.212845550981494e-26
                 5.21875       2.135301256736812   1.212845550981494e-26
                 5.21875       2.184388641949153   1.212845550981494e-26
                 5.21875       2.233476027161494   1.212845550981494e-26
                 5.21875       2.282563412373834   1.212845550981494e-26
                 5.21875       2.331650797586175   1.212845550981494e-26
                 5.21875       2.380738182798515   1.212845550981494e-26
                 5.21875       2.429825568010856   1.212845550981494e-26
                 5.21875       2.478912953223196   1.212845550981494e-26
                 5.21875       2.528000338435537   1.212845550981494e-26
                 5.21875       2.577087723647877   1.212845550981494e-26
                 5.21875       2.626175108860218   1.212845550981494e-26
                 5.21875       2.675262494072558   1.212845550981494e-26
                 5.21875       2.724349879284899   1.212845550981494e-26
                 5.21875       2.773437264497239   1.212845550981494e-26
                 5.21875        2.82252464970958   1.212845550981494e-26
                 5.21875        2.87161203492192   1.212845550981494e-26
                 5.21875       2.920699420134261   1.212845550981494e-26
                 5.21875       2.969786805346601   1.212845550981494e-26
                 5.21875       3.018874190558942   1.212845550981494e-26
                 5.21875       3.067961575771282   1.212845550981494e-26
                 5.21875       3.117048960983623   1.212845550981494e-26

                 5.28125     0.02454369260617026   3.342269805225701e-27
                 5.28125     0.07363107781851078   3.342269805225701e-27
                 5.28125      0.1227184630308513   3.342269805225701e-27
                 5.28125      0.1718058482431918   3.342269805225701e-27
                 5.28125      0.2208932334555323   3.342269805225701e-27
                 5.28125      0.2699806186678728   3.342269805225701e-27
                 5.28125      0.3190680038802134   3.342269805225701e-27
                 5.28125      0.3681553890925539   3.342269805225701e-27
                 5.28125      0.4172427743048944   3.342269805225701e-27
                 5.28125      0.4663301595172349   3.342269805225701e-27
                 5.28125      0.5154175447295755   3.342269805225701e-27
                 5.28125      0.5645049299419159   3.342269805225701e-27
                 5.28125      0.6135923151542565   3.342269805225701e-27
                 5.28125       0.662679700366597   3.342269805225701e-27
                 5.28125      0.7117670855789375   3.342269805225701e-27
                 5.28125       0.760854470791278   3.342269805225701e-27
                 5.28125      0.8099418560036186   3.342269805225701e-27
                 5.28125       0.859029241215959   3.342269805225701e-27
                 5.28125      0.9081166264282996   3.342269805225701e-27
                 5.28125      0.9572040116406401   3.342269805225701e-27
                 5.28125       1.006291396852981   3.342269805225701e-27
                 5.28125       1.055378782065321   3.342269805225701e-27
                 5.28125       1.104466167277662   3.342269805225701e-27
                 5.28125       1.153553552490002   3.342269805225701e-27
                 5.28125       1.202640937702343   3.342269805225701e-27
                 5.28125       1.251728322914683   3.342269805225701e-27
                 5.28125       1.300815708127024   3.342269805225701e-27
                 5.28125       1.349903093339364   3.342269805225701e-27
                 5.28125       1.398990478551705   3.342269805225701e-27
                 5.28125       1.448077863764045   3.342269805225701e-27
                 5.28125       1.497165248976386   3.342269805225701e-27
                 5.28125       1.546252634188726   3.342269805225701e-27
                 5.28125       1.595340019401067   3.342269805225701e-27
                 5.28125       1.644427404613407   3.342269805225701e-27
                 5.28125       1.693514789825748   3.342269805225701e-27
                 5.28125       1.742602175038088   3.342269805225701e-27
                 5.28125       1.791689560250429   3.342269805225701e-27
                 5.28125       1.840776945462769   3.342269805225701e-27
                 5.28125        1.88986433067511   3.342269805225701e-27
                 5.28125       1.938951715887451   3.342269805225701e-27
                 5.28125       1.988039101099791   3.342269805225701e-27
                 5.28125       2.037126486312132   3.342269805225701e-27
                 5.28125       2.086213871524472   3.342269805225701e-27
                 5.28125       2.135301256736812   3.342269805225701e-27
                 5.28125       2.184388641949153   3.342269805225701e-27
                 5.28125       2.233476027161494   3.342269805225701e-27
                 5.28125       2.282563412373834   3.342269805225701e-27
                 5.28125       2.331650797586175   3.342269805225701e-27
                 5.28125       2.380738182798515   3.342269805225701e-27
                 5.28125       2.429825568010856   3.342269805225701e-27
                 5.28125       2.478912953223196   3.342269805225701e-27
                 5.28125       2.528000338435537   3.342269805225701e-27
                 5.28125       2.577087723647877   3.342269805225701e-27
                 5.28125       2.626175108860218   3.342269805225701e-27
                 5.28125       2.675262494072558   3.342269805225701e-27
                 5.28125       2.724349879284899   3.342269805225701e-27
                 5.28125       2.773437264497239   3.342269805225701e-27
                 5.28125        2.82252464970958   3.342269805225701e-27
                 5.28125        2.87161203492192   3.342269805225701e-27
                 5.28125       2.920699420134261   3.342269805225701e-27
                 5.28125       2.969786805346601   3.342269805225701e-27
                 5.28125       3.018874190558942   3.342269805225701e-27
                 5.28125       3.067961575771282   3.342269805225701e-27
                 5.28125       3.117048960983623   3.342269805225701e-27

                 5.34375     0.02454369260617026    9.06511313056569e-28
                 5.34375     0.07363107781851078    9.06511313056569e-28
                 5.34375      0.1227184630308513    9.06511313056569e-28
                 5.34375      0.1718058482431918    9.06511313056569e-28
                 5.34375      0.2208932334555323    9.06511313056569e-28
                 5.34375      0.2699806186678728    9.06511313056569e-28
                 5.34375      0.3190680038802134    9.06511313056569e-28
                 5.34375      0.3681553890925539    9.06511313056569e-28
                 5.34375      0.4172427743048944    9.06511313056569e-28
                 5.34375      0.4663301595172349    9.06511313056569e-28
                 5.34375      0.5154175447295755    9.06511313056569e-28
                 5.34375      0.5645049299419159    9.06511313056569e-28
                 5.34375      0.6135923151542565    9.06511313056569e-28
                 5.34375       0.662679700366597    9.06511313056569e-28
                 5.34375      0.7117670855789375    9.06511313056569e-28
                 5.34375       0.760854470791278    9.06511313056569e-28
                 5.34375      0.8099418560036186    9.06511313056569e-28
                 5.34375       0.859029241215959    9.06511313056569e-28
                 5.34375      0.9081166264282996    9.06511313056569e-28
                 5.34375      0.9572040116406401    9.06511313056569e-28
                 5.34375       1.006291396852981    9.06511313056569e-28
                 5.34375       1.055378782065321    9.06511313056569e-28
                 5.34375       1.104466167277662    9.06511313056569e-28
                 5.34375       1.153553552490002    9.06511313056569e-28
                 5.34375       1.202640937702343    9.06511313056569e-28
                 5.34375       1.251728322914683    9.06511313056569e-28
                 5.34375       1.300815708127024    9.06511313056569e-28
                 5.34375       1.349903093339364    9.06511313056569e-28
                 5.34375       1.398990478551705    9.06511313056569e-28
                 5.34375       1.448077863764045    9.06511313056569e-28
                 5.34375       1.497165248976386    9.06511313056569e-28
                 5.34375       1.546252634188726    9.06511313056569e-28
                 5.34375       1.595340019401067    9.06511313056569e-28
                 5.34375       1.644427404613407    9.06511313056569e-28
                 5.34375       1.693514789825748    9.06511313056569e-28
                 5.34375       1.742602175038088    9.06511313056569e-28
                 5.34375       1.791689560250429    9.06511313056569e-28
                 5.34375       1.840776945462769    9.06511313056569e-28
                 5.34375        1.88986433067511    9.06511313056569e-28
                 5.34375       1.938951715887451    9.06511313056569e-28
                 5.34375       1.988039101099791    9.06511313056569e-28
                 5.34375       2.037126486312132    9.06511313056569e-28
                 5.34375       2.086213871524472    9.06511313056569e-28
                 5.34375       2.135301256736812    9.06511313056569e-28
                 5.34375       2.184388641949153    9.06511313056569e-28
                 5.34375       2.233476027161494    9.06511313056569e-28
                 5.34375       2.282563412373834    9.06511313056569e-28
                 5.34375       2.331650797586175    9.06511313056569e-28
                 5.34375       2.380738182798515    9.06511313056569e-28
                 5.34375       2.429825568010856    9.06511313056569e-28
                 5.34375       2.478912953223196    9.06511313056569e-28
                 5.34375       2.528000338435537    9.06511313056569e-28
                 5.34375       2.577087723647877    9.06511313056569e-28
                 5.34375       2.626175108860218    9.06511313056569e-28
                 5.34375       2.675262494072558    9.06511313056569e-28
                 5.34375       2.724349879284899    9.06511313056569e-28
                 5.34375       2.773437264497239    9.06511313056569e-28
                 5.34375        2.82252464970958    9.06511313056569e-28
                 5.34375        2.87161203492192    9.06511313056569e-28
                 5.34375       2.920699420134261    9.06511313056569e-28
                 5.34375       2.969786805346601    9.06511313056569e-28
                 5.34375       3.018874190558942    9.06511313056569e-28
                 5.34375       3.067961575771282    9.06511313056569e-28
                 5.34375       3.117048960983623    9.06511313056569e-28

                 5.40625     0.02454369260617026   2.419933046494648e-28
                 5.40625     0.07363107781851078   2.419933046494648e-28
                 5.40625      0.1227184630308513   2.419933046494648e-28
                 5.40625      0.1718058482431918   2.419933046494648e-28
                 5.40625      0.2208932334555323   2.419933046494648e-28
                 5.40625      0.2699806186678728   2.419933046494648e-28
                 5.40625      0.3190680038802134   2.419933046494648e-28
                 5.40625      0.3681553890925539   2.419933046494648e-28
                 5.40625      0.4172427743048944   2.419933046494648e-28
                 5.40625      0.4663301595172349   2.419933046494648e-28
                 5.40625      0.5154175447295755   2.419933046494648e-28
                 5.40625      0.5645049299419159   2.419933046494648e-28
                 5.40625      0.6135923151542565   2.419933046494648e-28
                 5.40625       0.662679700366597   2.419933046494648e-28
                 5.40625      0.7117670855789375   2.419933046494648e-28
                 5.40625       0.760854470791278   2.419933046494648e-28
                 5.40625      0.8099418560036186   2.419933046494648e-28
                 5.40625       0.859029241215959   2.419933046494648e-28
                 5.40625      0.9081166264282996   2.419933046494648e-28
                 5.40625      0.9572040116406401   2.419933046494648e-28
                 5.40625       1.006291396852981   2.419933046494648e-28
                 5.40625       1.055378782065321   2.419933046494648e-28
                 5.40625       1.104466167277662   2.419933046494648e-28
                 5.40625       1.153553552490002   2.419933046494648e-28
                 5.40625       1.202640937702343   2.419933046494648e-28
                 5.40625       1.251728322914683   2.419933046494648e-28
                 5.40625       1.300815708127024   2.419933046494648e-28
                 5.40625       1.349903093339364   2.419933046494648e-28
                 5.40625       1.398990478551705   2.419933046494648e-28
                 5.40625       1.448077863764045   2.419933046494648e-28
                 5.40625       1.497165248976386   2.419933046494648e-28
                 5.40625       1.546252634188726   2.419933046494648e-28
                 5.40625       1.595340019401067   2.419933046494648e-28
                 5.40625       1.644427404613407   2.419933046494648e-28
                 5.40625       1.693514789825748   2.419933046494648e-28
                 5.40625       1.742602175038088   2.419933046494648e-28
                 5.40625       1.791689560250429   2.419933046494648e-28
                 5.40625       1.840776945462769   2.419933046494648e-28
                 5.40625        1.88986433067511   2.419933046494648e-28
                 5.40625       1.938951715887451   2.419933046494648e-28
                 5.40625       1.988039101099791   2.419933046494648e-28
                 5.40625       2.037126486312132   2.419933046494648e-28
                 5.40625       2.086213871524472   2.419933046494648e-28
                 5.40625       2.135301256736812   2.419933046494648e-28
                 5.40625       2.184388641949153   2.419933046494648e-28
                 5.40625       2.233476027161494   2.419933046494648e-28
                 5.40625       2.282563412373834   2.419933046494648e-28
                 5.40625       2.331650797586175   2.419933046494648e-28
                 5.40625       2.380738182798515   2.419933046494648e-28
                 5.40625       2.429825568010856   2.419933046494648e-28
                 5.40625       2.478912953223196   2.419933046494648e-28
                 5.40625       2.528000338435537   2.419933046494648e-28
                 5.40625       2.577087723647877   2.419933046494648e-28
                 5.40625       2.626175108860218   2.419933046494648e-28
                 5.40625       2.675262494072558   2.419933046494648e-28
                 5.40625       2.724349879284899   2.419933046494648e-28
                 5.40625       2.773437264497239   2.419933046494648e-28
                 5.40625        2.82252464970958   2.419933046494648e-28
                 5.40625        2.87161203492192   2.419933046494648e-28
                 5.40625       2.920699420134261   2.419933046494648e-28
                 5.40625       2.969786805346601   2.419933046494648e-28
                 5.40625       3.018874190558942   2.419933046494648e-28
                 5.40625       3.067961575771282   2.419933046494648e-28
                 5.40625       3.117048960983623   2.419933046494648e-28

                 5.46875     0.02454369260617026   6.358204090987977e-29
                 5.46875     0.07363107781851078   6.358204090987977e-29
                 5.46875      0.1227184630308513   6.358204090987977e-29
                 5.46875      0.1718058482431918   6.358204090987977e-29
                 5.46875      0.2208932334555323   6.358204090987977e-29
                 5.46875      0.2699806186678728   6.358204090987977e-29
                 5.46875      0.3190680038802134   6.358204090987977e-29
                 5.46875      0.3681553890925539   6.358204090987977e-29
                 5.46875      0.4172427743048944   6.358204090987977e-29
                 5.46875      0.4663301595172349   6.358204090987977e-29
                 5.46875      0.5154175447295755   6.358204090987977e-29
                 5.46875      0.5645049299419159   6.358204090987977e-29
                 5.46875      0.6135923151542565   6.358204090987977e-29
                 5.46875       0.662679700366597   6.358204090987977e-29
                 5.46875      0.7117670855789375   6.358204090987977e-29
                 5.46875       0.760854470791278   6.358204090987977e-29
                 5.46875      0.8099418560036186   6.358204090987977e-29
                 5.46875       0.859029241215959   6.358204090987977e-29
                 5.46875      0.9081166264282996   6.358204090987977e-29
                 5.46875      0.9572040116406401   6.358204090987977e-29
                 5.46875       1.006291396852981   6.358204090987977e-29
                 5.46875       1.055378782065321   6.358204090987977e-29
                 5.46875       1.104466167277662   6.358204090987977e-29
                 5.46875       1.153553552490002   6.358204090987977e-29
                 5.46875       1.202640937702343   6.358204090987977e-29
                 5.46875       1.251728322914683   6.358204090987977e-29
                 5.46875       1.300815708127024   6.358204090987977e-29
                 5.46875       1.349903093339364   6.358204090987977e-29
                 5.46875       1.398990478551705   6.358204090987977e-29
                 5.46875       1.448077863764045   6.358204090987977e-29
                 5.46875       1.497165248976386   6.358204090987977e-29
                 5.46875       1.546252634188726   6.358204090987977e-29
                 5.46875       1.595340019401067   6.358204090987977e-29
                 5.46875       1.644427404613407   6.358204090987977e-29
                 5.46875       1.693514789825748   6.358204090987977e-29
                 5.46875       1.742602175038088   6.358204090987977e-29
                 5.46875       1.791689560250429   6.358204090987977e-29
                 5.46875       1.840776945462769   6.358204090987977e-29
                 5.46875        1.88986433067511   6.358204090987977e-29
                 5.46875       1.938951715887451   6.358204090987977e-29
                 5.46875       1.988039101099791   6.358204090987977e-29
                 5.46875       2.037126486312132   6.358204090987977e-29
                 5.46875       2.086213871524472   6.358204090987977e-29
                 5.46875       2.135301256736812   6.358204090987977e-29
                 5.46875       2.184388641949153   6.358204090987977e-29
                 5.46875       2.233476027161494   6.358204090987977e-29
                 5.46875       2.282563412373834   6.358204090987977e-29
                 5.46875       2.331650797586175   6.358204090987977e-29
                 5.46875       2.380738182798515   6.358204090987977e-29
                 5.46875       2.429825568010856   6.358204090987977e-29
                 5.46875       2.478912953223196   6.358204090987977e-29
                 5.46875       2.528000338435537   6.358204090987977e-29
                 5.46875       2.577087723647877   6.358204090987977e-29
                 5.46875       2.626175108860218   6.358204090987977e-29
                 5.46875       2.675262494072558   6.358204090987977e-29
                 5.46875       2.724349879284899   6.358204090987977e-29
                 5.46875       2.773437264497239   6.358204090987977e-29
                 5.46875        2.82252464970958   6.358204090987977e-29
                 5.46875        2.87161203492192   6.358204090987977e-29
                 5.46875       2.920699420134261   6.358204090987977e-29
                 5.46875       2.969786805346601   6.358204090987977e-29
                 5.46875       3.018874190558942   6.358204090987977e-29
                 5.46875       3.067961575771282   6.358204090987977e-29
                 5.46875       3.117048960983623   6.358204090987977e-29

                 5.53125     0.02454369260617026   1.644254644922561e-29
                 5.53125     0.07363107781851078   1.644254644922561e-29
                 5.53125      0.1227184630308513   1.644254644922561e-29
                 5.53125      0.1718058482431918   1.644254644922561e-29
                 5.53125      0.2208932334555323   1.644254644922561e-29
                 5.53125      0.2699806186678728   1.644254644922561e-29
                 5.53125      0.3190680038802134   1.644254644922561e-29
                 5.53125      0.3681553890925539   1.644254644922561e-29
                 5.53125      0.4172427743048944   1.644254644922561e-29
                 5.53125      0.4663301595172349   1.644254644922561e-29
                 5.53125      0.5154175447295755   1.644254644922561e-29
                 5.53125      0.5645049299419159   1.644254644922561e-29
                 5.53125      0.6135923151542565   1.644254644922561e-29
                 5.53125       0.662679700366597   1.644254644922561e-29
                 5.53125      0.7117670855789375   1.644254644922561e-29
                 5.53125       0.760854470791278   1.644254644922561e-29
                 5.53125      0.8099418560036186   1.644254644922561e-29
                 5.53125       0.859029241215959   1.644254644922561e-29
                 5.53125      0.9081166264282996   1.644254644922561e-29
                 5.53125      0.9572040116406401   1.644254644922561e-29
                 5.53125       1.006291396852981   1.644254644922561e-29
                 5.53125       1.055378782065321   1.644254644922561e-29
                 5.53125       1.104466167277662   1.644254644922561e-29
                 5.53125       1.153553552490002   1.644254644922561e-29
                 5.53125       1.202640937702343   1.644254644922561e-29
                 5.53125       1.251728322914683   1.644254644922561e-29
                 5.53125       1.300815708127024   1.644254644922561e-29
                 5.53125       1.349903093339364   1.644254644922561e-29
                 5.53125       1.398990478551705   1.644254644922561e-29
                 5.53125       1.448077863764045   1.644254644922561e-29
                 5.53125       1.497165248976386   1.644254644922561e-29
                 5.53125       1.546252634188726   1.644254644922561e-29
                 5.53125       1.595340019401067   1.644254644922561e-29
                 5.53125       1.644427404613407   1.644254644922561e-29
                 5.53125       1.693514789825748   1.644254644922561e-29
                 5.53125       1.742602175038088   1.644254644922561e-29
                 5.53125       1.791689560250429   1.644254644922561e-29
                 5.53125       1.840776945462769   1.644254644922561e-29
                 5.53125        1.88986433067511   1.644254644922561e-29
                 5.53125       1.938951715887451   1.644254644922561e-29
                 5.53125       1.988039101099791   1.644254644922561e-29
                 5.53125       2.037126486312132   1.644254644922561e-29
                 5.53125       2.086213871524472   1.644254644922561e-29
                 5.53125       2.135301256736812   1.644254644922561e-29
                 5.53125       2.184388641949153   1.644254644922561e-29
                 5.53125       2.233476027161494   1.644254644922561e-29
                 5.53125       2.282563412373834   1.644254644922561e-29
                 5.53125       2.331650797586175   1.644254644922561e-29
                 5.53125       2.380738182798515   1.644254644922561e-29
                 5.53125       2.429825568010856   1.644254644922561e-29
                 5.53125       2.478912953223196   1.644254644922561e-29
                 5.53125       2.528000338435537   1.644254644922561e-29
                 5.53125       2.577087723647877   1.644254644922561e-29
                 5.53125       2.626175108860218   1.644254644922561e-29
                 5.53125       2.675262494072558   1.644254644922561e-29
                 5.53125       2.724349879284899   1.644254644922561e-29
                 5.53125       2.773437264497239   1.644254644922561e-29
                 5.53125        2.82252464970958   1.644254644922561e-29
                 5.53125        2.87161203492192   1.644254644922561e-29
                 5.53125       2.920699420134261   1.644254644922561e-29
                 5.53125       2.969786805346601   1.644254644922561e-29
                 5.53125       3.018874190558942   1.644254644922561e-29
                 5.53125       3.067961575771282   1.644254644922561e-29
                 5.53125       3.117048960983623   1.644254644922561e-29

                 5.59375     0.02454369260617026   4.185136389298658e-30
                 5.59375     0.07363107781851078   4.185136389298658e-30
                 5.59375      0.1227184630308513   4.185136389298658e-30
                 5.59375      0.1718058482431918   4.185136389298658e-30
                 5.59375      0.2208932334555323   4.185136389298658e-30
                 5.59375      0.2699806186678728   4.185136389298658e-30
                 5.59375      0.3190680038802134   4.185136389298658e-30
                 5.59375      0.3681553890925539   4.185136389298658e-30
                 5.59375      0.4172427743048944   4.185136389298658e-30
                 5.59375      0.4663301595172349   4.185136389298658e-30
                 5.59375      0.5154175447295755   4.185136389298658e-30
                 5.59375      0.5645049299419159   4.185136389298658e-30
                 5.59375      0.6135923151542565   4.185136389298658e-30
                 5.59375       0.662679700366597   4.185136389298658e-30
                 5.59375      0.7117670855789375   4.185136389298658e-30
                 5.59375       0.760854470791278   4.185136389298658e-30
                 5.59375      0.8099418560036186   4.185136389298658e-30
                 5.59375       0.859029241215959   4.185136389298658e-30
                 5.59375      0.9081166264282996   4.185136389298658e-30
                 5.59375      0.9572040116406401   4.185136389298658e-30
                 5.59375       1.006291396852981   4.185136389298658e-30
                 5.59375       1.055378782065321   4.185136389298658e-30
                 5.59375       1.104466167277662   4.185136389298658e-30
                 5.59375       1.153553552490002   4.185136389298658e-30
                 5.59375       1.202640937702343   4.185136389298658e-30
                 5.59375       1.251728322914683   4.185136389298658e-30
                 5.59375       1.300815708127024   4.185136389298658e-30
                 5.59375       1.349903093339364   4.185136389298658e-30
                 5.59375       1.398990478551705   4.185136389298658e-30
                 5.59375       1.448077863764045   4.185136389298658e-30
                 5.59375       1.497165248976386   4.185136389298658e-30
                 5.59375       1.546252634188726   4.185136389298658e-30
                 5.59375       1.595340019401067   4.185136389298658e-30
                 5.59375       1.644427404613407   4.185136389298658e-30
                 5.59375       1.693514789825748   4.185136389298658e-30
                 5.59375       1.742602175038088   4.185136389298658e-30
                 5.59375       1.791689560250429   4.185136389298658e-30
                 5.59375       1.840776945462769   4.185136389298658e-30
                 5.59375        1.88986433067511   4.185136389298658e-30
                 5.59375       1.938951715887451   4.185136389298658e-30
                 5.59375       1.988039101099791   4.185136389298658e-30
                 5.59375       2.037126486312132   4.185136389298658e-30
                 5.59375       2.086213871524472   4.185136389298658e-30
                 5.59375       2.135301256736812   4.185136389298658e-30
                 5.59375       2.184388641949153   4.185136389298658e-30
                 5.59375       2.233476027161494   4.185136389298658e-30
                 5.59375       2.282563412373834   4.185136389298658e-30
                 5.59375       2.331650797586175   4.185136389298658e-30
                 5.59375       2.380738182798515   4.185136389298658e-30
                 5.59375       2.429825568010856   4.185136389298658e-30
                 5.59375       2.478912953223196   4.185136389298658e-30
                 5.59375       2.528000338435537   4.185136389298658e-30
                 5.59375       2.577087723647877   4.185136389298658e-30
                 5.59375       2.626175108860218   4.185136389298658e-30
                 5.59375       2.675262494072558   4.185136389298658e-30
                 5.59375       2.724349879284899   4.185136389298658e-30
                 5.59375       2.773437264497239   4.185136389298658e-30
                 5.59375        2.82252464970958   4.185136389298658e-30
                 5.59375        2.87161203492192   4.185136389298658e-30
                 5.59375       2.920699420134261   4.185136389298658e-30
                 5.59375       2.969786805346601   4.185136389298658e-30
                 5.59375       3.018874190558942   4.185136389298658e-30
                 5.59375       3.067961575771282   4.185136389298658e-30
                 5.59375       3.117048960983623   4.185136389298658e-30

                 5.65625     0.02454369260617026   1.048475838397601e-30
                 5.65625     0.07363107781851078   1.048475838397601e-30
                 5.65625      0.1227184630308513   1.048475838397601e-30
                 5.65625      0.1718058482431918   1.048475838397601e-30
                 5.65625      0.2208932334555323   1.048475838397601e-30
                 5.65625      0.2699806186678728   1.048475838397601e-30
                 5.65625      0.3190680038802134   1.048475838397601e-30
                 5.65625      0.3681553890925539   1.048475838397601e-30
                 5.65625      0.4172427743048944   1.048475838397601e-30
                 5.65625      0.4663301595172349   1.048475838397601e-30
                 5.65625      0.5154175447295755   1.048475838397601e-30
                 5.65625      0.5645049299419159   1.048475838397601e-30
                 5.65625      0.6135923151542565   1.048475838397601e-30
                 5.65625       0.662679700366597   1.048475838397601e-30
                 5.65625      0.7117670855789375   1.048475838397601e-30
                 5.65625       0.760854470791278   1.048475838397601e-30
                 5.65625      0.8099418560036186   1.048475838397601e-30
                 5.65625       0.859029241215959   1.048475838397601e-30
                 5.65625      0.9081166264282996   1.048475838397601e-30
                 5.65625      0.9572040116406401   1.048475838397601e-30
                 5.65625       1.006291396852981   1.048475838397601e-30
                 5.65625       1.055378782065321   1.048475838397601e-30
                 5.65625       1.104466167277662   1.048475838397601e-30
                 5.65625       1.153553552490002   1.048475838397601e-30
                 5.65625       1.202640937702343   1.048475838397601e-30
                 5.65625       1.251728322914683   1.048475838397601e-30
                 5.65625       1.300815708127024   1.048475838397601e-30
                 5.65625       1.349903093339364   1.048475838397601e-30
                 5.65625       1.398990478551705   1.048475838397601e-30
                 5.65625       1.448077863764045   1.048475838397601e-30
                 5.65625       1.497165248976386   1.048475838397601e-30
                 5.65625       1.546252634188726   1.048475838397601e-30
                 5.65625       1.595340019401067   1.048475838397601e-30
                 5.65625       1.644427404613407   1.048475838397601e-30
                 5.65625       1.693514789825748   1.048475838397601e-30
                 5.65625       1.742602175038088   1.048475838397601e-30
                 5.65625       1.791689560250429   1.048475838397601e-30
                 5.65625       1.840776945462769   1.048475838397601e-30
                 5.65625        1.88986433067511   1.048475838397601e-30
                 5.65625       1.938951715887451   1.048475838397601e-30
                 5.65625       1.988039101099791   1.048475838397601e-30
                 5.65625       2.037126486312132   1.048475838397601e-30
                 5.65625       2.086213871524472   1.048475838397601e-30
                 5.65625       2.135301256736812   1.048475838397601e-30
                 5.65625       2.184388641949153   1.048475838397601e-30
                 5.65625       2.233476027161494   1.048475838397601e-30
                 5.65625       2.282563412373834   1.048475838397601e-30
                 5.65625       2.331650797586175   1.048475838397601e-30
                 5.65625       2.380738182798515   1.048475838397601e-30
                 5.65625       2.429825568010856   1.048475838397601e-30
                 5.65625       2.478912953223196   1.048475838397601e-30
                 5.65625       2.528000338435537   1.048475838397601e-30
                 5.65625       2.577087723647877   1.048475838397601e-30
                 5.65625       2.626175108860218   1.048475838397601e-30
                 5.65625       2.675262494072558   1.048475838397601e-30
                 5.65625       2.724349879284899   1.048475838397601e-30
                 5.65625       2.773437264497239   1.048475838397601e-30
                 5.65625        2.82252464970958   1.048475838397601e-30
                 5.65625        2.87161203492192   1.048475838397601e-30
                 5.65625       2.920699420134261   1.048475838397601e-30
                 5.65625       2.969786805346601   1.048475838397601e-30
                 5.65625       3.018874190558942   1.048475838397601e-30
                 5.65625       3.067961575771282   1.048475838397601e-30
                 5.65625       3.117048960983623   1.048475838397601e-30

                 5.71875     0.02454369260617026   2.585340699643445e-31
                 5.71875     0.07363107781851078   2.585340699643445e-31
                 5.71875      0.1227184630308513   2.585340699643445e-31
                 5.71875      0.1718058482431918   2.585340699643445e-31
                 5.71875      0.2208932334555323   2.585340699643445e-31
                 5.71875      0.2699806186678728   2.585340699643445e-31
                 5.71875      0.3190680038802134   2.585340699643445e-31
                 5.71875      0.3681553890925539   2.585340699643445e-31
                 5.71875      0.4172427743048944   2.585340699643445e-31
                 5.71875      0.4663301595172349   2.585340699643445e-31
                 5.71875      0.5154175447295755   2.585340699643445e-31
                 5.71875      0.5645049299419159   2.585340699643445e-31
                 5.71875      0.6135923151542565   2.585340699643445e-31
                 5.71875       0.662679700366597   2.585340699643445e-31
                 5.71875      0.7117670855789375   2.585340699643445e-31
                 5.71875       0.760854470791278   2.585340699643445e-31
                 5.71875      0.8099418560036186   2.585340699643445e-31
                 5.71875       0.859029241215959   2.585340699643445e-31
                 5.71875      0.9081166264282996   2.585340699643445e-31
                 5.71875      0.9572040116406401   2.585340699643445e-31
                 5.71875       1.006291396852981   2.585340699643445e-31
                 5.71875       1.055378782065321   2.585340699643445e-31
                 5.71875       1.104466167277662   2.585340699643445e-31
                 5.71875       1.153553552490002   2.585340699643445e-31
                 5.71875       1.202640937702343   2.585340699643445e-31
                 5.71875       1.251728322914683   2.585340699643445e-31
                 5.71875       1.300815708127024   2.585340699643445e-31
                 5.71875       1.349903093339364   2.585340699643445e-31
                 5.71875       1.398990478551705   2.585340699643445e-31
                 5.71875       1.448077863764045   2.585340699643445e-31
                 5.71875       1.497165248976386   2.585340699643445e-31
                 5.71875       1.546252634188726   2.585340699643445e-31
                 5.71875       1.595340019401067   2.585340699643445e-31
                 5.71875       1.644427404613407   2.585340699643445e-31
                 5.71875       1.693514789825748   2.585340699643445e-31
                 5.71875       1.742602175038088   2.585340699643445e-31
                 5.71875       1.791689560250429   2.585340699643445e-31
                 5.71875       1.840776945462769   2.585340699643445e-31
                 5.71875        1.88986433067511   2.585340699643445e-31
                 5.71875       1.938951715887451   2.585340699643445e-31
                 5.71875       1.988039101099791   2.585340699643445e-31
                 5.71875       2.037126486312132   2.585340699643445e-31
                 5.71875       2.086213871524472   2.585340699643445e-31
                 5.71875       2.135301256736812   2.585340699643445e-31
                 5.71875       2.184388641949153   2.585340699643445e-31
                 5.71875       2.233476027161494   2.585340699643445e-31
                 5.71875       2.282563412373834   2.585340699643445e-31
                 5.71875       2.331650797586175   2.585340699643445e-31
                 5.71875       2.380738182798515   2.585340699643445e-31
                 5.71875       2.429825568010856   2.585340699643445e-31
                 5.71875       2.478912953223196   2.585340699643445e-31
                 5.71875       2.528000338435537   2.585340699643445e-31
                 5.71875       2.577087723647877   2.585340699643445e-31
                 5.71875       2.626175108860218   2.585340699643445e-31
                 5.71875       2.675262494072558   2.585340699643445e-31
                 5.71875       2.724349879284899   2.585340699643445e-31
                 5.71875       2.773437264497239   2.585340699643445e-31
                 5.71875        2.82252464970958   2.585340699643445e-31
                 5.71875        2.87161203492192   2.585340699643445e-31
                 5.71875       2.920699420134261   2.585340699643445e-31
                 5.71875       2.969786805346601   2.585340699643445e-31
                 5.71875       3.018874190558942   2.585340699643445e-31
                 5.71875       3.067961575771282   2.585340699643445e-31
                 5.71875       3.117048960983623   2.585340699643445e-31

                 5.78125     0.02454369260617026   6.274655483426553e-32
                 5.78125     0.07363107781851078   6.274655483426553e-32
                 5.78125      0.1227184630308513   6.274655483426553e-32
                 5.78125      0.1718058482431918   6.274655483426553e-32
                 5.78125      0.2208932334555323   6.274655483426553e-32
                 5.78125      0.2699806186678728   6.274655483426553e-32
                 5.78125      0.3190680038802134   6.274655483426553e-32
                 5.78125      0.3681553890925539   6.274655483426553e-32
                 5.78125      0.4172427743048944   6.274655483426553e-32
                 5.78125      0.4663301595172349   6.274655483426553e-32
                 5.78125      0.5154175447295755   6.274655483426553e-32
                 5.78125      0.5645049299419159   6.274655483426553e-32
                 5.78125      0.6135923151542565   6.274655483426553e-32
                 5.78125       0.662679700366597   6.274655483426553e-32
                 5.78125      0.7117670855789375   6.274655483426553e-32
                 5.78125       0.760854470791278   6.274655483426553e-32
                 5.78125      0.8099418560036186   6.274655483426553e-32
                 5.78125       0.859029241215959   6.274655483426553e-32
                 5.78125      0.9081166264282996   6.274655483426553e-32
                 5.78125      0.9572040116406401   6.274655483426553e-32
                 5.78125       1.006291396852981   6.274655483426553e-32
                 5.78125       1.055378782065321   6.274655483426553e-32
                 5.78125       1.104466167277662   6.274655483426553e-32
                 5.78125       1.153553552490002   6.274655483426553e-32
                 5.78125       1.202640937702343   6.274655483426553e-32
                 5.78125       1.251728322914683   6.274655483426553e-32
                 5.78125       1.300815708127024   6.274655483426553e-32
                 5.78125       1.349903093339364   6.274655483426553e-32
                 5.78125       1.398990478551705   6.274655483426553e-32
                 5.78125       1.448077863764045   6.274655483426553e-32
                 5.78125       1.497165248976386   6.274655483426553e-32
                 5.78125       1.546252634188726   6.274655483426553e-32
                 5.78125       1.595340019401067   6.274655483426553e-32
                 5.78125       1.644427404613407   6.274655483426553e-32
                 5.78125       1.693514789825748   6.274655483426553e-32
                 5.78125       1.742602175038088   6.274655483426553e-32
                 5.78125       1.791689560250429   6.274655483426553e-32
                 5.78125       1.840776945462769   6.274655483426553e-32
                 5.78125        1.88986433067511   6.274655483426553e-32
                 5.78125       1.938951715887451   6.274655483426553e-32
                 5.78125       1.988039101099791   6.274655483426553e-32
                 5.78125       2.037126486312132   6.274655483426553e-32
                 5.78125       2.086213871524472   6.274655483426553e-32
                 5.78125       2.135301256736812   6.274655483426553e-32
                 5.78125       2.184388641949153   6.274655483426553e-32
                 5.78125       2.233476027161494   6.274655483426553e-32
                 5.78125       2.282563412373834   6.274655483426553e-32
                 5.78125       2.331650797586175   6.274655483426553e-32
                 5.78125       2.380738182798515   6.274655483426553e-32
                 5.78125       2.429825568010856   6.274655483426553e-32
                 5.78125       2.478912953223196   6.274655483426553e-32
                 5.78125       2.528000338435537   6.274655483426553e-32
                 5.78125       2.577087723647877   6.274655483426553e-32
                 5.78125       2.626175108860218   6.274655483426553e-32
                 5.78125       2.675262494072558   6.274655483426553e-32
                 5.78125       2.724349879284899   6.274655483426553e-32
                 5.78125       2.773437264497239   6.274655483426553e-32
                 5.78125        2.82252464970958   6.274655483426553e-32
                 5.78125        2.87161203492192   6.274655483426553e-32
                 5.78125       2.920699420134261   6.274655483426553e-32
                 5.78125       2.969786805346601   6.274655483426553e-32
                 5.78125       3.018874190558942   6.274655483426553e-32
                 5.78125       3.067961575771282   6.274655483426553e-32
                 5.78125       3.117048960983623   6.274655483426553e-32

                 5.84375     0.02454369260617026   1.498914516626368e-32
                 5.84375     0.07363107781851078   1.498914516626368e-32
                 5.84375      0.1227184630308513   1.498914516626368e-32
                 5.84375      0.1718058482431918   1.498914516626368e-32
                 5.84375      0.2208932334555323   1.498914516626368e-32
                 5.84375      0.2699806186678728   1.498914516626368e-32
                 5.84375      0.3190680038802134   1.498914516626368e-32
                 5.84375      0.3681553890925539   1.498914516626368e-32
                 5.84375      0.4172427743048944   1.498914516626368e-32
                 5.84375      0.4663301595172349   1.498914516626368e-32
                 5.84375      0.5154175447295755   1.498914516626368e-32
                 5.84375      0.5645049299419159   1.498914516626368e-32
                 5.84375      0.6135923151542565   1.498914516626368e-32
                 5.84375       0.662679700366597   1.498914516626368e-32
                 5.84375      0.7117670855789375   1.498914516626368e-32
                 5.84375       0.760854470791278   1.498914516626368e-32
                 5.84375      0.8099418560036186   1.498914516626368e-32
                 5.84375       0.859029241215959   1.498914516626368e-32
                 5.84375      0.9081166264282996   1.498914516626368e-32
                 5.84375      0.9572040116406401   1.498914516626368e-32
                 5.84375       1.006291396852981   1.498914516626368e-32
                 5.84375       1.055378782065321   1.498914516626368e-32
                 5.84375       1.104466167277662   1.498914516626368e-32
                 5.84375       1.153553552490002   1.498914516626368e-32
                 5.84375       1.202640937702343   1.498914516626368e-32
                 5.84375       1.251728322914683   1.498914516626368e-32
                 5.84375       1.300815708127024   1.498914516626368e-32
                 5.84375       1.349903093339364   1.498914516626368e-32
                 5.84375       1.398990478551705   1.498914516626368e-32
                 5.84375       1.448077863764045   1.498914516626368e-32
                 5.84375       1.497165248976386   1.498914516626368e-32
                 5.84375       1.546252634188726   1.498914516626368e-32
                 5.84375       1.595340019401067   1.498914516626368e-32
                 5.84375       1.644427404613407   1.498914516626368e-32
                 5.84375       1.693514789825748   1.498914516626368e-32
                 5.84375       1.742602175038088   1.498914516626368e-32
                 5.84375       1.791689560250429   1.498914516626368e-32
                 5.84375       1.840776945462769   1.498914516626368e-32
                 5.84375        1.88986433067511   1.498914516626368e-32
                 5.84375       1.938951715887451   1.498914516626368e-32
                 5.84375       1.988039101099791   1.498914516626368e-32
                 5.84375       2.037126486312132   1.498914516626368e-32
                 5.84375       2.086213871524472   1.498914516626368e-32
                 5.84375       2.135301256736812   1.498914516626368e-32
                 5.84375       2.184388641949153   1.498914516626368e-32
                 5.84375       2.233476027161494   1.498914516626368e-32
                 5.84375       2.282563412373834   1.498914516626368e-32
                 5.84375       2.331650797586175   1.498914516626368e-32
                 5.84375       2.380738182798515   1.498914516626368e-32
                 5.84375       2.429825568010856   1.498914516626368e-32
                 5.84375       2.478912953223196   1.498914516626368e-32
                 5.84375       2.528000338435537   1.498914516626368e-32
                 5.84375       2.577087723647877   1.498914516626368e-32
                 5.84375       2.626175108860218   1.498914516626368e-32
                 5.84375       2.675262494072558   1.498914516626368e-32
                 5.84375       2.724349879284899   1.498914516626368e-32
                 5.84375       2.773437264497239   1.498914516626368e-32
                 5.84375        2.82252464970958   1.498914516626368e-32
                 5.84375        2.87161203492192   1.498914516626368e-32
                 5.84375       2.920699420134261   1.498914516626368e-32
                 5.84375       2.969786805346601   1.498914516626368e-32
                 5.84375       3.018874190558942   1.498914516626368e-32
                 5.84375       3.067961575771282   1.498914516626368e-32
                 5.84375       3.117048960983623   1.498914516626368e-32

                 5.90625     0.02454369260617026   3.524364270343497e-33
                 5.90625     0.07363107781851078   3.524364270343497e-33
                 5.90625      0.1227184630308513   3.524364270343497e-33
                 5.90625      0.1718058482431918   3.524364270343497e-33
                 5.90625      0.2208932334555323   3.524364270343497e-33
                 5.90625      0.2699806186678728   3.524364270343497e-33
                 5.90625      0.3190680038802134   3.524364270343497e-33
                 5.90625      0.3681553890925539   3.524364270343497e-33
                 5.90625      0.4172427743048944   3.524364270343497e-33
                 5.90625      0.4663301595172349   3.524364270343497e-33
                 5.90625      0.5154175447295755   3.524364270343497e-33
                 5.90625      0.5645049299419159   3.524364270343497e-33
                 5.90625      0.6135923151542565   3.524364270343497e-33
                 5.90625       0.662679700366597   3.524364270343497e-33
                 5.90625      0.7117670855789375   3.524364270343497e-33
                 5.90625       0.760854470791278   3.524364270343497e-33
                 5.90625      0.8099418560036186   3.524364270343497e-33
                 5.90625       0.859029241215959   3.524364270343497e-33
                 5.90625      0.9081166264282996   3.524364270343497e-33
                 5.90625      0.9572040116406401   3.524364270343497e-33
                 5.90625       1.006291396852981   3.524364270343497e-33
                 5.90625       1.055378782065321   3.524364270343497e-33
                 5.90625       1.104466167277662   3.524364270343497e-33
                 5.90625       1.153553552490002   3.524364270343497e-33
                 5.90625       1.202640937702343   3.524364270343497e-33
                 5.90625       1.251728322914683   3.524364270343497e-33
                 5.90625       1.300815708127024   3.524364270343497e-33
                 5.90625       1.349903093339364   3.524364270343497e-33
                 5.90625       1.398990478551705   3.524364270343497e-33
                 5.90625       1.448077863764045   3.524364270343497e-33
                 5.90625       1.497165248976386   3.524364270343497e-33
                 5.90625       1.546252634188726   3.524364270343497e-33
                 5.90625       1.595340019401067   3.524364270343497e-33
                 5.90625       1.644427404613407   3.524364270343497e-33
                 5.90625       1.693514789825748   3.524364270343497e-33
                 5.90625       1.742602175038088   3.524364270343497e-33
                 5.90625       1.791689560250429   3.524364270343497e-33
                 5.90625       1.840776945462769   3.524364270343497e-33
                 5.90625        1.88986433067511   3.524364270343497e-33
                 5.90625       1.938951715887451   3.524364270343497e-33
                 5.90625       1.988039101099791   3.524364270343497e-33
                 5.90625       2.037126486312132   3.524364270343497e-33
                 5.90625       2.086213871524472   3.524364270343497e-33
                 5.90625       2.135301256736812   3.524364270343497e-33
                 5.90625       2.184388641949153   3.524364270343497e-33
                 5.90625       2.233476027161494   3.524364270343497e-33
                 5.90625       2.282563412373834   3.524364270343497e-33
                 5.90625       2.331650797586175   3.524364270343497e-33
                 5.90625       2.380738182798515   3.524364270343497e-33
                 5.90625       2.429825568010856   3.524364270343497e-33
                 5.90625       2.478912953223196   3.524364270343497e-33
                 5.90625       2.528000338435537   3.524364270343497e-33
                 5.90625       2.577087723647877   3.524364270343497e-33
                 5.90625       2.626175108860218   3.524364270343497e-33
                 5.90625       2.675262494072558   3.524364270343497e-33
                 5.90625       2.724349879284899   3.524364270343497e-33
                 5.90625       2.773437264497239   3.524364270343497e-33
                 5.90625        2.82252464970958   3.524364270343497e-33
                 5.90625        2.87161203492192   3.524364270343497e-33
                 5.90625       2.920699420134261   3.524364270343497e-33
                 5.90625       2.969786805346601   3.524364270343497e-33
                 5.90625       3.018874190558942   3.524364270343497e-33
                 5.90625       3.067961575771282   3.524364270343497e-33
                 5.90625       3.117048960983623   3.524364270343497e-33

                 5.96875     0.02454369260617026   8.156496614651451e-34
                 5.96875     0.07363107781851078   8.156496614651451e-34
                 5.96875      0.1227184630308513   8.156496614651451e-34
                 5.96875      0.1718058482431918   8.156496614651451e-34
                 5.96875      0.2208932334555323   8.156496614651451e-34
                 5.96875      0.2699806186678728   8.156496614651451e-34
                 5.96875      0.3190680038802134   8.156496614651451e-34
                 5.96875      0.3681553890925539   8.156496614651451e-34
                 5.96875      0.4172427743048944   8.156496614651451e-34
                 5.96875      0.4663301595172349   8.156496614651451e-34
                 5.96875      0.5154175447295755   8.156496614651451e-34
                 5.96875      0.5645049299419159   8.156496614651451e-34
                 5.96875      0.6135923151542565   8.156496614651451e-34
                 5.96875       0.662679700366597   8.156496614651451e-34
                 5.96875      0.7117670855789375   8.156496614651451e-34
                 5.96875       0.760854470791278   8.156496614651451e-34
                 5.96875      0.8099418560036186   8.156496614651451e-34
                 5.96875       0.859029241215959   8.156496614651451e-34
                 5.96875      0.9081166264282996   8.156496614651451e-34
                 5.96875      0.9572040116406401   8.156496614651451e-34
                 5.96875       1.006291396852981   8.156496614651451e-34
                 5.96875       1.055378782065321   8.156496614651451e-34
                 5.96875       1.104466167277662   8.156496614651451e-34
                 5.96875       1.153553552490002   8.156496614651451e-34
                 5.96875       1.202640937702343   8.156496614651451e-34
                 5.96875       1.251728322914683   8.156496614651451e-34
                 5.96875       1.300815708127024   8.156496614651451e-34
                 5.96875       1.349903093339364   8.156496614651451e-34
                 5.96875       1.398990478551705   8.156496614651451e-34
                 5.96875       1.448077863764045   8.156496614651451e-34
                 5.96875       1.497165248976386   8.156496614651451e-34
                 5.96875       1.546252634188726   8.156496614651451e-34
                 5.96875       1.595340019401067   8.156496614651451e-34
                 5.96875       1.644427404613407   8.156496614651451e-34
                 5.96875       1.693514789825748   8.156496614651451e-34
                 5.96875       1.742602175038088   8.156496614651451e-34
                 5.96875       1.791689560250429   8.156496614651451e-34
                 5.96875       1.840776945462769   8.156496614651451e-34
                 5.96875        1.88986433067511   8.156496614651451e-34
                 5.96875       1.938951715887451   8.156496614651451e-34
                 5.96875       1.988039101099791   8.156496614651451e-34
                 5.96875       2.037126486312132   8.156496614651451e-34
                 5.96875       2.086213871524472   8.156496614651451e-34
                 5.96875       2.135301256736812   8.156496614651451e-34
                 5.96875       2.184388641949153   8.156496614651451e-34
                 5.96875       2.233476027161494   8.156496614651451e-34
                 5.96875       2.282563412373834   8.156496614651451e-34
                 5.96875       2.331650797586175   8.156496614651451e-34
                 5.96875       2.380738182798515   8.156496614651451e-34
                 5.96875       2.429825568010856   8.156496614651451e-34
                 5.96875       2.478912953223196   8.156496614651451e-34
                 5.96875       2.528000338435537   8.156496614651451e-34
                 5.96875       2.577087723647877   8.156496614651451e-34
                 5.96875       2.626175108860218   8.156496614651451e-34
                 5.96875       2.675262494072558   8.156496614651451e-34
                 5.96875       2.724349879284899   8.156496614651451e-34
                 5.96875       2.773437264497239   8.156496614651451e-34
                 5.96875        2.82252464970958   8.156496614651451e-34
                 5.96875        2.87161203492192   8.156496614651451e-34
                 5.96875       2.920699420134261   8.156496614651451e-34
                 5.96875       2.969786805346601   8.156496614651451e-34
                 5.96875       3.018874190558942   8.156496614651451e-34
                 5.96875       3.067961575771282   8.156496614651451e-34
                 5.96875       3.117048960983623   8.156496614651451e-34

                 6.03125     0.02454369260617026   1.858007312719555e-34
                 6.03125     0.07363107781851078   1.858007312719555e-34
                 6.03125      0.1227184630308513   1.858007312719555e-34
                 6.03125      0.1718058482431918   1.858007312719555e-34
                 6.03125      0.2208932334555323   1.858007312719555e-34
                 6.03125      0.2699806186678728   1.858007312719555e-34
                 6.03125      0.3190680038802134   1.858007312719555e-34
                 6.03125      0.3681553890925539   1.858007312719555e-34
                 6.03125      0.4172427743048944   1.858007312719555e-34
                 6.03125      0.4663301595172349   1.858007312719555e-34
                 6.03125      0.5154175447295755   1.858007312719555e-34
                 6.03125      0.5645049299419159   1.858007312719555e-34
                 6.03125      0.6135923151542565   1.858007312719555e-34
                 6.03125       0.662679700366597   1.858007312719555e-34
                 6.03125      0.7117670855789375   1.858007312719555e-34
                 6.03125       0.760854470791278   1.858007312719555e-34
                 6.03125      0.8099418560036186   1.858007312719555e-34
                 6.03125       0.859029241215959   1.858007312719555e-34
                 6.03125      0.9081166264282996   1.858007312719555e-34
                 6.03125      0.9572040116406401   1.858007312719555e-34
                 6.03125       1.006291396852981   1.858007312719555e-34
                 6.03125       1.055378782065321   1.858007312719555e-34
                 6.03125       1.104466167277662   1.858007312719555e-34
                 6.03125       1.153553552490002   1.858007312719555e-34
                 6.03125       1.202640937702343   1.858007312719555e-34
                 6.03125       1.251728322914683   1.858007312719555e-34
                 6.03125       1.300815708127024   1.858007312719555e-34
                 6.03125       1.349903093339364   1.858007312719555e-34
                 6.03125       1.398990478551705   1.858007312719555e-34
                 6.03125       1.448077863764045   1.858007312719555e-34
                 6.03125       1.497165248976386   1.858007312719555e-34
                 6.03125       1.546252634188726   1.858007312719555e-34
                 6.03125       1.595340019401067   1.858007312719555e-34
                 6.03125       1.644427404613407   1.858007312719555e-34
                 6.03125       1.693514789825748   1.858007312719555e-34
                 6.03125       1.742602175038088   1.858007312719555e-34
                 6.03125       1.791689560250429   1.858007312719555e-34
                 6.03125       1.840776945462769   1.858007312719555e-34
                 6.03125        1.88986433067511   1.858007312719555e-34
                 6.03125       1.938951715887451   1.858007312719555e-34
                 6.03125       1.988039101099791   1.858007312719555e-34
                 6.03125       2.037126486312132   1.858007312719555e-34
                 6.03125       2.086213871524472   1.858007312719555e-34
                 6.03125       2.135301256736812   1.858007312719555e-34
                 6.03125       2.184388641949153   1.858007312719555e-34
                 6.03125       2.233476027161494   1.858007312719555e-34
                 6.03125       2.282563412373834   1.858007312719555e-34
                 6.03125       2.331650797586175   1.858007312719555e-34
                 6.03125       2.380738182798515   1.858007312719555e-34
                 6.03125       2.429825568010856   1.858007312719555e-34
                 6.03125       2.478912953223196   1.858007312719555e-34
                 6.03125       2.528000338435537   1.858007312719555e-34
                 6.03125       2.577087723647877   1.858007312719555e-34
                 6.03125       2.626175108860218   1.858007312719555e-34
                 6.03125       2.675262494072558   1.858007312719555e-34
                 6.03125       2.724349879284899   1.858007312719555e-34
                 6.03125       2.773437264497239   1.858007312719555e-34
                 6.03125        2.82252464970958   1.858007312719555e-34
                 6.03125        2.87161203492192   1.858007312719555e-34
                 6.03125       2.920699420134261   1.858007312719555e-34
                 6.03125       2.969786805346601   1.858007312719555e-34
                 6.03125       3.018874190558942   1.858007312719555e-34
                 6.03125       3.067961575771282   1.858007312719555e-34
                 6.03125       3.117048960983623   1.858007312719555e-34

                 6.09375     0.02454369260617026   4.165949002076491e-35
                 6.09375     0.07363107781851078   4.165949002076491e-35
                 6.09375      0.1227184630308513   4.165949002076491e-35
                 6.09375      0.1718058482431918   4.165949002076491e-35
                 6.09375      0.2208932334555323   4.165949002076491e-35
                 6.09375      0.2699806186678728   4.165949002076491e-35
                 6.09375      0.3190680038802134   4.165949002076491e-35
                 6.09375      0.3681553890925539   4.165949002076491e-35
                 6.09375      0.4172427743048944   4.165949002076491e-35
                 6.09375      0.4663301595172349   4.165949002076491e-35
                 6.09375      0.5154175447295755   4.165949002076491e-35
                 6.09375      0.5645049299419159   4.165949002076491e-35
                 6.09375      0.6135923151542565   4.165949002076491e-35
                 6.09375       0.662679700366597   4.165949002076491e-35
                 6.09375      0.7117670855789375   4.165949002076491e-35
                 6.09375       0.760854470791278   4.165949002076491e-35
                 6.09375      0.8099418560036186   4.165949002076491e-35
                 6.09375       0.859029241215959   4.165949002076491e-35
                 6.09375      0.9081166264282996   4.165949002076491e-35
                 6.09375      0.9572040116406401   4.165949002076491e-35
                 6.09375       1.006291396852981   4.165949002076491e-35
                 6.09375       1.055378782065321   4.165949002076491e-35
                 6.09375       1.104466167277662   4.165949002076491e-35
                 6.09375       1.153553552490002   4.165949002076491e-35
                 6.09375       1.202640937702343   4.165949002076491e-35
                 6.09375       1.251728322914683   4.165949002076491e-35
                 6.09375       1.300815708127024   4.165949002076491e-35
                 6.09375       1.349903093339364   4.165949002076491e-35
                 6.09375       1.398990478551705   4.165949002076491e-35
                 6.09375       1.448077863764045   4.165949002076491e-35
                 6.09375       1.497165248976386   4.165949002076491e-35
                 6.09375       1.546252634188726   4.165949002076491e-35
                 6.09375       1.595340019401067   4.165949002076491e-35
                 6.09375       1.644427404613407   4.165949002076491e-35
                 6.09375       1.693514789825748   4.165949002076491e-35
                 6.09375       1.742602175038088   4.165949002076491e-35
                 6.09375       1.791689560250429   4.165949002076491e-35
                 6.09375       1.840776945462769   4.165949002076491e-35
                 6.09375        1.88986433067511   4.165949002076491e-35
                 6.09375       1.938951715887451   4.165949002076491e-35
                 6.09375       1.988039101099791   4.165949002076491e-35
                 6.09375       2.037126486312132   4.165949002076491e-35
                 6.09375       2.086213871524472   4.165949002076491e-35
                 6.09375       2.135301256736812   4.165949002076491e-35
                 6.09375       2.184388641949153   4.165949002076491e-35
                 6.09375       2.233476027161494   4.165949002076491e-35
                 6.09375       2.282563412373834   4.165949002076491e-35
                 6.09375       2.331650797586175   4.165949002076491e-35
                 6.09375       2.380738182798515   4.165949002076491e-35
                 6.09375       2.429825568010856   4.165949002076491e-35
                 6.09375       2.478912953223196   4.165949002076491e-35
                 6.09375       2.528000338435537   4.165949002076491e-35
                 6.09375       2.577087723647877   4.165949002076491e-35
                 6.09375       2.626175108860218   4.165949002076491e-35
                 6.09375       2.675262494072558   4.165949002076491e-35
                 6.09375       2.724349879284899   4.165949002076491e-35
                 6.09375       2.773437264497239   4.165949002076491e-35
                 6.09375        2.82252464970958   4.165949002076491e-35
                 6.09375        2.87161203492192   4.165949002076491e-35
                 6.09375       2.920699420134261   4.165949002076491e-35
                 6.09375       2.969786805346601   4.165949002076491e-35
                 6.09375       3.018874190558942   4.165949002076491e-35
                 6.09375       3.067961575771282   4.165949002076491e-35
                 6.09375       3.117048960983623   4.165949002076491e-35

                 6.15625     0.02454369260617026    9.19401225392548e-36
                 6.15625     0.07363107781851078    9.19401225392548e-36
                 6.15625      0.1227184630308513    9.19401225392548e-36
                 6.15625      0.1718058482431918    9.19401225392548e-36
                 6.15625      0.2208932334555323    9.19401225392548e-36
                 6.15625      0.2699806186678728    9.19401225392548e-36
                 6.15625      0.3190680038802134    9.19401225392548e-36
                 6.15625      0.3681553890925539    9.19401225392548e-36
                 6.15625      0.4172427743048944    9.19401225392548e-36
                 6.15625      0.4663301595172349    9.19401225392548e-36
                 6.15625      0.5154175447295755    9.19401225392548e-36
                 6.15625      0.5645049299419159    9.19401225392548e-36
                 6.15625      0.6135923151542565    9.19401225392548e-36
                 6.15625       0.662679700366597    9.19401225392548e-36
                 6.15625      0.7117670855789375    9.19401225392548e-36
                 6.15625       0.760854470791278    9.19401225392548e-36
                 6.15625      0.8099418560036186    9.19401225392548e-36
                 6.15625       0.859029241215959    9.19401225392548e-36
                 6.15625      0.9081166264282996    9.19401225392548e-36
                 6.15625      0.9572040116406401    9.19401225392548e-36
                 6.15625       1.006291396852981    9.19401225392548e-36
                 6.15625       1.055378782065321    9.19401225392548e-36
                 6.15625       1.104466167277662    9.19401225392548e-36
                 6.15625       1.153553552490002    9.19401225392548e-36
                 6.15625       1.202640937702343    9.19401225392548e-36
                 6.15625       1.251728322914683    9.19401225392548e-36
                 6.15625       1.300815708127024    9.19401225392548e-36
                 6.15625       1.349903093339364    9.19401225392548e-36
                 6.15625       1.398990478551705    9.19401225392548e-36
                 6.15625       1.448077863764045    9.19401225392548e-36
                 6.15625       1.497165248976386    9.19401225392548e-36
                 6.15625       1.546252634188726    9.19401225392548e-36
                 6.15625       1.595340019401067    9.19401225392548e-36
                 6.15625       1.644427404613407    9.19401225392548e-36
                 6.15625       1.693514789825748    9.19401225392548e-36
                 6.15625       1.742602175038088    9.19401225392548e-36
                 6.15625       1.791689560250429    9.19401225392548e-36
                 6.15625       1.840776945462769    9.19401225392548e-36
                 6.15625        1.88986433067511    9.19401225392548e-36
                 6.15625       1.938951715887451    9.19401225392548e-36
                 6.15625       1.988039101099791    9.19401225392548e-36
                 6.15625       2.037126486312132    9.19401225392548e-36
                 6.15625       2.086213871524472    9.19401225392548e-36
                 6.15625       2.135301256736812    9.19401225392548e-36
                 6.15625       2.184388641949153    9.19401225392548e-36
                 6.15625       2.233476027161494    9.19401225392548e-36
                 6.15625       2.282563412373834    9.19401225392548e-36
                 6.15625       2.331650797586175    9.19401225392548e-36
                 6.15625       2.380738182798515    9.19401225392548e-36
                 6.15625       2.429825568010856    9.19401225392548e-36
                 6.15625       2.478912953223196    9.19401225392548e-36
                 6.15625       2.528000338435537    9.19401225392548e-36
                 6.15625       2.577087723647877    9.19401225392548e-36
                 6.15625       2.626175108860218    9.19401225392548e-36
                 6.15625       2.675262494072558    9.19401225392548e-36
                 6.15625       2.724349879284899    9.19401225392548e-36
                 6.15625       2.773437264497239    9.19401225392548e-36
                 6.15625        2.82252464970958    9.19401225392548e-36
                 6.15625        2.87161203492192    9.19401225392548e-36
                 6.15625       2.920699420134261    9.19401225392548e-36
                 6.15625       2.969786805346601    9.19401225392548e-36
                 6.15625       3.018874190558942    9.19401225392548e-36
                 6.15625       3.067961575771282    9.19401225392548e-36
                 6.15625       3.117048960983623    9.19401225392548e-36

                 6.21875     0.02454369260617026    1.99720470069137e-36
                 6.21875     0.07363107781851078    1.99720470069137e-36
                 6.21875      0.1227184630308513    1.99720470069137e-36
                 6.21875      0.1718058482431918    1.99720470069137e-36
                 6.21875      0.2208932334555323    1.99720470069137e-36
                 6.21875      0.2699806186678728    1.99720470069137e-36
                 6.21875      0.3190680038802134    1.99720470069137e-36
                 6.21875      0.3681553890925539    1.99720470069137e-36
                 6.21875      0.4172427743048944    1.99720470069137e-36
                 6.21875      0.4663301595172349    1.99720470069137e-36
                 6.21875      0.5154175447295755    1.99720470069137e-36
                 6.21875      0.5645049299419159    1.99720470069137e-36
                 6.21875      0.6135923151542565    1.99720470069137e-36
                 6.21875       0.662679700366597    1.99720470069137e-36
                 6.21875      0.7117670855789375    1.99720470069137e-36
                 6.21875       0.760854470791278    1.99720470069137e-36
                 6.21875      0.8099418560036186    1.99720470069137e-36
                 6.21875       0.859029241215959    1.99720470069137e-36
                 6.21875      0.9081166264282996    1.99720470069137e-36
                 6.21875      0.9572040116406401    1.99720470069137e-36
                 6.21875       1.006291396852981    1.99720470069137e-36
                 6.21875       1.055378782065321    1.99720470069137e-36
                 6.21875       1.104466167277662    1.99720470069137e-36
                 6.21875       1.153553552490002    1.99720470069137e-36
                 6.21875       1.202640937702343    1.99720470069137e-36
                 6.21875       1.251728322914683    1.99720470069137e-36
                 6.21875       1.300815708127024    1.99720470069137e-36
                 6.21875       1.349903093339364    1.99720470069137e-36
                 6.21875       1.398990478551705    1.99720470069137e-36
                 6.21875       1.448077863764045    1.99720470069137e-36
                 6.21875       1.497165248976386    1.99720470069137e-36
                 6.21875       1.546252634188726    1.99720470069137e-36
                 6.21875       1.595340019401067    1.99720470069137e-36
                 6.21875       1.644427404613407    1.99720470069137e-36
                 6.21875       1.693514789825748    1.99720470069137e-36
                 6.21875       1.742602175038088    1.99720470069137e-36
                 6.21875       1.791689560250429    1.99720470069137e-36
                 6.21875       1.840776945462769    1.99720470069137e-36
                 6.21875        1.88986433067511    1.99720470069137e-36
                 6.21875       1.938951715887451    1.99720470069137e-36
                 6.21875       1.988039101099791    1.99720470069137e-36
                 6.21875       2.037126486312132    1.99720470069137e-36
                 6.21875       2.086213871524472    1.99720470069137e-36
                 6.21875       2.135301256736812    1.99720470069137e-36
                 6.21875       2.184388641949153    1.99720470069137e-36
                 6.21875       2.233476027161494    1.99720470069137e-36
                 6.21875       2.282563412373834    1.99720470069137e-36
                 6.21875       2.331650797586175    1.99720470069137e-36
                 6.21875       2.380738182798515    1.99720470069137e-36
                 6.21875       2.429825568010856    1.99720470069137e-36
                 6.21875       2.478912953223196    1.99720470069137e-36
                 6.21875       2.528000338435537    1.99720470069137e-36
                 6.21875       2.577087723647877    1.99720470069137e-36
                 6.21875       2.626175108860218    1.99720470069137e-36
                 6.21875       2.675262494072558    1.99720470069137e-36
                 6.21875       2.724349879284899    1.99720470069137e-36
                 6.21875       2.773437264497239    1.99720470069137e-36
                 6.21875        2.82252464970958    1.99720470069137e-36
                 6.21875        2.87161203492192    1.99720470069137e-36
                 6.21875       2.920699420134261    1.99720470069137e-36
                 6.21875       2.969786805346601    1.99720470069137e-36
                 6.21875       3.018874190558942    1.99720470069137e-36
                 6.21875       3.067961575771282    1.99720470069137e-36
                 6.21875       3.117048960983623    1.99720470069137e-36

                 6.28125     0.02454369260617026   4.270396246186968e-37
                 6.28125     0.07363107781851078   4.270396246186968e-37
                 6.28125      0.1227184630308513   4.270396246186968e-37
                 6.28125      0.1718058482431918   4.270396246186968e-37
                 6.28125      0.2208932334555323   4.270396246186968e-37
                 6.28125      0.2699806186678728   4.270396246186968e-37
                 6.28125      0.3190680038802134   4.270396246186968e-37
                 6.28125      0.3681553890925539   4.270396246186968e-37
                 6.28125      0.4172427743048944   4.270396246186968e-37
                 6.28125      0.4663301595172349   4.270396246186968e-37
                 6.28125      0.5154175447295755   4.270396246186968e-37
                 6.28125      0.5645049299419159   4.270396246186968e-37
                 6.28125      0.6135923151542565   4.270396246186968e-37
                 6.28125       0.662679700366597   4.270396246186968e-37
                 6.28125      0.7117670855789375   4.270396246186968e-37
                 6.28125       0.760854470791278   4.270396246186968e-37
                 6.28125      0.8099418560036186   4.270396246186968e-37
                 6.28125       0.859029241215959   4.270396246186968e-37
                 6.28125      0.9081166264282996   4.270396246186968e-37
                 6.28125      0.9572040116406401   4.270396246186968e-37
                 6.28125       1.006291396852981   4.270396246186968e-37
                 6.28125       1.055378782065321   4.270396246186968e-37
                 6.28125       1.104466167277662   4.270396246186968e-37
                 6.28125       1.153553552490002   4.270396246186968e-37
                 6.28125       1.202640937702343   4.270396246186968e-37
                 6.28125       1.251728322914683   4.270396246186968e-37
                 6.28125       1.300815708127024   4.270396246186968e-37
                 6.28125       1.349903093339364   4.270396246186968e-37
                 6.28125       1.398990478551705   4.270396246186968e-37
                 6.28125       1.448077863764045   4.270396246186968e-37
                 6.28125       1.497165248976386   4.270396246186968e-37
                 6.28125       1.546252634188726   4.270396246186968e-37
                 6.28125       1.595340019401067   4.270396246186968e-37
                 6.28125       1.644427404613407   4.270396246186968e-37
                 6.28125       1.693514789825748   4.270396246186968e-37
                 6.28125       1.742602175038088   4.270396246186968e-37
                 6.28125       1.791689560250429   4.270396246186968e-37
                 6.28125       1.840776945462769   4.270396246186968e-37
                 6.28125        1.88986433067511   4.270396246186968e-37
                 6.28125       1.938951715887451   4.270396246186968e-37
                 6.28125       1.988039101099791   4.270396246186968e-37
                 6.28125       2.037126486312132   4.270396246186968e-37
                 6.28125       2.086213871524472   4.270396246186968e-37
                 6.28125       2.135301256736812   4.270396246186968e-37
                 6.28125       2.184388641949153   4.270396246186968e-37
                 6.28125       2.233476027161494   4.270396246186968e-37
                 6.28125       2.282563412373834   4.270396246186968e-37
                 6.28125       2.331650797586175   4.270396246186968e-37
                 6.28125       2.380738182798515   4.270396246186968e-37
                 6.28125       2.429825568010856   4.270396246186968e-37
                 6.28125       2.478912953223196   4.270396246186968e-37
                 6.28125       2.528000338435537   4.270396246186968e-37
                 6.28125       2.577087723647877   4.270396246186968e-37
                 6.28125       2.626175108860218   4.270396246186968e-37
                 6.28125       2.675262494072558   4.270396246186968e-37
                 6.28125       2.724349879284899   4.270396246186968e-37
                 6.28125       2.773437264497239   4.270396246186968e-37
                 6.28125        2.82252464970958   4.270396246186968e-37
                 6.28125        2.87161203492192   4.270396246186968e-37
                 6.28125       2.920699420134261   4.270396246186968e-37
                 6.28125       2.969786805346601   4.270396246186968e-37
                 6.28125       3.018874190558942   4.270396246186968e-37
                 6.28125       3.067961575771282   4.270396246186968e-37
                 6.28125       3.117048960983623   4.270396246186968e-37

                 6.34375     0.02454369260617026   8.987595857556896e-38
                 6.34375     0.07363107781851078   8.987595857556896e-38
                 6.34375      0.1227184630308513   8.987595857556896e-38
                 6.34375      0.1718058482431918   8.987595857556896e-38
                 6.34375      0.2208932334555323   8.987595857556896e-38
                 6.34375      0.2699806186678728   8.987595857556896e-38
                 6.34375      0.3190680038802134   8.987595857556896e-38
                 6.34375      0.3681553890925539   8.987595857556896e-38
                 6.34375      0.4172427743048944   8.987595857556896e-38
                 6.34375      0.4663301595172349   8.987595857556896e-38
                 6.34375      0.5154175447295755   8.987595857556896e-38
                 6.34375      0.5645049299419159   8.987595857556896e-38
                 6.34375      0.6135923151542565   8.987595857556896e-38
                 6.34375       0.662679700366597   8.987595857556896e-38
                 6.34375      0.7117670855789375   8.987595857556896e-38
                 6.34375       0.760854470791278   8.987595857556896e-38
                 6.34375      0.8099418560036186   8.987595857556896e-38
                 6.34375       0.859029241215959   8.987595857556896e-38
                 6.34375      0.9081166264282996   8.987595857556896e-38
                 6.34375      0.9572040116406401   8.987595857556896e-38
                 6.34375       1.006291396852981   8.987595857556896e-38
                 6.34375       1.055378782065321   8.987595857556896e-38
                 6.34375       1.104466167277662   8.987595857556896e-38
                 6.34375       1.153553552490002   8.987595857556896e-38
                 6.34375       1.202640937702343   8.987595857556896e-38
                 6.34375       1.251728322914683   8.987595857556896e-38
                 6.34375       1.300815708127024   8.987595857556896e-38
                 6.34375       1.349903093339364   8.987595857556896e-38
                 6.34375       1.398990478551705   8.987595857556896e-38
                 6.34375       1.448077863764045   8.987595857556896e-38
                 6.34375       1.497165248976386   8.987595857556896e-38
                 6.34375       1.546252634188726   8.987595857556896e-38
                 6.34375       1.595340019401067   8.987595857556896e-38
                 6.34375       1.644427404613407   8.987595857556896e-38
                 6.34375       1.693514789825748   8.987595857556896e-38
                 6.34375       1.742602175038088   8.987595857556896e-38
                 6.34375       1.791689560250429   8.987595857556896e-38
                 6.34375       1.840776945462769   8.987595857556896e-38
                 6.34375        1.88986433067511   8.987595857556896e-38
                 6.34375       1.938951715887451   8.987595857556896e-38
                 6.34375       1.988039101099791   8.987595857556896e-38
                 6.34375       2.037126486312132   8.987595857556896e-38
                 6.34375       2.086213871524472   8.987595857556896e-38
                 6.34375       2.135301256736812   8.987595857556896e-38
                 6.34375       2.184388641949153   8.987595857556896e-38
                 6.34375       2.233476027161494   8.987595857556896e-38
                 6.34375       2.282563412373834   8.987595857556896e-38
                 6.34375       2.331650797586175   8.987595857556896e-38
                 6.34375       2.380738182798515   8.987595857556896e-38
                 6.34375       2.429825568010856   8.987595857556896e-38
                 6.34375       2.478912953223196   8.987595857556896e-38
                 6.34375       2.528000338435537   8.987595857556896e-38
                 6.34375       2.577087723647877   8.987595857556896e-38
                 6.34375       2.626175108860218   8.987595857556896e-38
                 6.34375       2.675262494072558   8.987595857556896e-38
                 6.34375       2.724349879284899   8.987595857556896e-38
                 6.34375       2.773437264497239   8.987595857556896e-38
                 6.34375        2.82252464970958   8.987595857556896e-38
                 6.34375        2.87161203492192   8.987595857556896e-38
                 6.34375       2.920699420134261   8.987595857556896e-38
                 6.34375       2.969786805346601   8.987595857556896e-38
                 6.34375       3.018874190558942   8.987595857556896e-38
                 6.34375       3.067961575771282   8.987595857556896e-38
                 6.34375       3.117048960983623   8.987595857556896e-38

                 6.40625     0.02454369260617026   1.861873992394397e-38
                 6.40625     0.07363107781851078   1.861873992394397e-38
                 6.40625      0.1227184630308513   1.861873992394397e-38
                 6.40625      0.1718058482431918   1.861873992394397e-38
                 6.40625      0.2208932334555323   1.861873992394397e-38
                 6.40625      0.2699806186678728   1.861873992394397e-38
                 6.40625      0.3190680038802134   1.861873992394397e-38
                 6.40625      0.3681553890925539   1.861873992394397e-38
                 6.40625      0.4172427743048944   1.861873992394397e-38
                 6.40625      0.4663301595172349   1.861873992394397e-38
                 6.40625      0.5154175447295755   1.861873992394397e-38
                 6.40625      0.5645049299419159   1.861873992394397e-38
                 6.40625      0.6135923151542565   1.861873992394397e-38
                 6.40625       0.662679700366597   1.861873992394397e-38
                 6.40625      0.7117670855789375   1.861873992394397e-38
                 6.40625       0.760854470791278   1.861873992394397e-38
                 6.40625      0.8099418560036186   1.861873992394397e-38
                 6.40625       0.859029241215959   1.861873992394397e-38
                 6.40625      0.9081166264282996   1.861873992394397e-38
                 6.40625      0.9572040116406401   1.861873992394397e-38
                 6.40625       1.006291396852981   1.861873992394397e-38
                 6.40625       1.055378782065321   1.861873992394397e-38
                 6.40625       1.104466167277662   1.861873992394397e-38
                 6.40625       1.153553552490002   1.861873992394397e-38
                 6.40625       1.202640937702343   1.861873992394397e-38
                 6.40625       1.251728322914683   1.861873992394397e-38
                 6.40625       1.300815708127024   1.861873992394397e-38
                 6.40625       1.349903093339364   1.861873992394397e-38
                 6.40625       1.398990478551705   1.861873992394397e-38
                 6.40625       1.448077863764045   1.861873992394397e-38
                 6.40625       1.497165248976386   1.861873992394397e-38
                 6.40625       1.546252634188726   1.861873992394397e-38
                 6.40625       1.595340019401067   1.861873992394397e-38
                 6.40625       1.644427404613407   1.861873992394397e-38
                 6.40625       1.693514789825748   1.861873992394397e-38
                 6.40625       1.742602175038088   1.861873992394397e-38
                 6.40625       1.791689560250429   1.861873992394397e-38
                 6.40625       1.840776945462769   1.861873992394397e-38
                 6.40625        1.88986433067511   1.861873992394397e-38
                 6.40625       1.938951715887451   1.861873992394397e-38
                 6.40625       1.988039101099791   1.861873992394397e-38
                 6.40625       2.037126486312132   1.861873992394397e-38
                 6.40625       2.086213871524472   1.861873992394397e-38
                 6.40625       2.135301256736812   1.861873992394397e-38
                 6.40625       2.184388641949153   1.861873992394397e-38
                 6.40625       2.233476027161494   1.861873992394397e-38
                 6.40625       2.282563412373834   1.861873992394397e-38
                 6.40625       2.331650797586175   1.861873992394397e-38
                 6.40625       2.380738182798515   1.861873992394397e-38
                 6.40625       2.429825568010856   1.861873992394397e-38
                 6.40625       2.478912953223196   1.861873992394397e-38
                 6.40625       2.528000338435537   1.861873992394397e-38
                 6.40625       2.577087723647877   1.861873992394397e-38
                 6.40625       2.626175108860218   1.861873992394397e-38
                 6.40625       2.675262494072558   1.861873992394397e-38
                 6.40625       2.724349879284899   1.861873992394397e-38
                 6.40625       2.773437264497239   1.861873992394397e-38
                 6.40625        2.82252464970958   1.861873992394397e-38
                 6.40625        2.87161203492192   1.861873992394397e-38
                 6.40625       2.920699420134261   1.861873992394397e-38
                 6.40625       2.969786805346601   1.861873992394397e-38
                 6.40625       3.018874190558942   1.861873992394397e-38
                 6.40625       3.067961575771282   1.861873992394397e-38
                 6.40625       3.117048960983623   1.861873992394397e-38

                 6.46875     0.02454369260617026   3.796557683415042e-39
                 6.46875     0.07363107781851078   3.796557683415042e-39
                 6.46875      0.1227184630308513   3.796557683415042e-39
                 6.46875      0.1718058482431918   3.796557683415042e-39
                 6.46875      0.2208932334555323   3.796557683415042e-39
                 6.46875      0.2699806186678728   3.796557683415042e-39
                 6.46875      0.3190680038802134   3.796557683415042e-39
                 6.46875      0.3681553890925539   3.796557683415042e-39
                 6.46875      0.4172427743048944   3.796557683415042e-39
                 6.46875      0.4663301595172349   3.796557683415042e-39
                 6.46875      0.5154175447295755   3.796557683415042e-39
                 6.46875      0.5645049299419159   3.796557683415042e-39
                 6.46875      0.6135923151542565   3.796557683415042e-39
                 6.46875       0.662679700366597   3.796557683415042e-39
                 6.46875      0.7117670855789375   3.796557683415042e-39
                 6.46875       0.760854470791278   3.796557683415042e-39
                 6.46875      0.8099418560036186   3.796557683415042e-39
                 6.46875       0.859029241215959   3.796557683415042e-39
                 6.46875      0.9081166264282996   3.796557683415042e-39
                 6.46875      0.9572040116406401   3.796557683415042e-39
                 6.46875       1.006291396852981   3.796557683415042e-39
                 6.46875       1.055378782065321   3.796557683415042e-39
                 6.46875       1.104466167277662   3.796557683415042e-39
                 6.46875       1.153553552490002   3.796557683415042e-39
                 6.46875       1.202640937702343   3.796557683415042e-39
                 6.46875       1.251728322914683   3.796557683415042e-39
                 6.46875       1.300815708127024   3.796557683415042e-39
                 6.46875       1.349903093339364   3.796557683415042e-39
                 6.46875       1.398990478551705   3.796557683415042e-39
                 6.46875       1.448077863764045   3.796557683415042e-39
                 6.46875       1.497165248976386   3.796557683415042e-39
                 6.46875       1.546252634188726   3.796557683415042e-39
                 6.46875       1.595340019401067   3.796557683415042e-39
                 6.46875       1.644427404613407   3.796557683415042e-39
                 6.46875       1.693514789825748   3.796557683415042e-39
                 6.46875       1.742602175038088   3.796557683415042e-39
                 6.46875       1.791689560250429   3.796557683415042e-39
                 6.46875       1.840776945462769   3.796557683415042e-39
                 6.46875        1.88986433067511   3.796557683415042e-39
                 6.46875       1.938951715887451   3.796557683415042e-39
                 6.46875       1.988039101099791   3.796557683415042e-39
                 6.46875       2.037126486312132   3.796557683415042e-39
                 6.46875       2.086213871524472   3.796557683415042e-39
                 6.46875       2.135301256736812   3.796557683415042e-39
                 6.46875       2.184388641949153   3.796557683415042e-39
                 6.46875       2.233476027161494   3.796557683415042e-39
                 6.46875       2.282563412373834   3.796557683415042e-39
                 6.46875       2.331650797586175   3.796557683415042e-39
                 6.46875       2.380738182798515   3.796557683415042e-39
                 6.46875       2.429825568010856   3.796557683415042e-39
                 6.46875       2.478912953223196   3.796557683415042e-39
                 6.46875       2.528000338435537   3.796557683415042e-39
                 6.46875       2.577087723647877   3.796557683415042e-39
                 6.46875       2.626175108860218   3.796557683415042e-39
                 6.46875       2.675262494072558   3.796557683415042e-39
                 6.46875       2.724349879284899   3.796557683415042e-39
                 6.46875       2.773437264497239   3.796557683415042e-39
                 6.46875        2.82252464970958   3.796557683415042e-39
                 6.46875        2.87161203492192   3.796557683415042e-39
                 6.46875       2.920699420134261   3.796557683415042e-39
                 6.46875       2.969786805346601   3.796557683415042e-39
                 6.46875       3.018874190558942   3.796557683415042e-39
                 6.46875       3.067961575771282   3.796557683415042e-39
                 6.46875       3.117048960983623   3.796557683415042e-39

                 6.53125     0.02454369260617026   7.620162282848731e-40
                 6.53125     0.07363107781851078   7.620162282848731e-40
                 6.53125      0.1227184630308513   7.620162282848731e-40
                 6.53125      0.1718058482431918   7.620162282848731e-40
                 6.53125      0.2208932334555323   7.620162282848731e-40
                 6.53125      0.2699806186678728   7.620162282848731e-40
                 6.53125      0.3190680038802134   7.620162282848731e-40
                 6.53125      0.3681553890925539   7.620162282848731e-40
                 6.53125      0.4172427743048944   7.620162282848731e-40
                 6.53125      0.4663301595172349   7.620162282848731e-40
                 6.53125      0.5154175447295755   7.620162282848731e-40
                 6.53125      0.5645049299419159   7.620162282848731e-40
                 6.53125      0.6135923151542565   7.620162282848731e-40
                 6.53125       0.662679700366597   7.620162282848731e-40
                 6.53125      0.7117670855789375   7.620162282848731e-40
                 6.53125       0.760854470791278   7.620162282848731e-40
                 6.53125      0.8099418560036186   7.620162282848731e-40
                 6.53125       0.859029241215959   7.620162282848731e-40
                 6.53125      0.9081166264282996   7.620162282848731e-40
                 6.53125      0.9572040116406401   7.620162282848731e-40
                 6.53125       1.006291396852981   7.620162282848731e-40
                 6.53125       1.055378782065321   7.620162282848731e-40
                 6.53125       1.104466167277662   7.620162282848731e-40
                 6.53125       1.153553552490002   7.620162282848731e-40
                 6.53125       1.202640937702343   7.620162282848731e-40
                 6.53125       1.251728322914683   7.620162282848731e-40
                 6.53125       1.300815708127024   7.620162282848731e-40
                 6.53125       1.349903093339364   7.620162282848731e-40
                 6.53125       1.398990478551705   7.620162282848731e-40
                 6.53125       1.448077863764045   7.620162282848731e-40
                 6.53125       1.497165248976386   7.620162282848731e-40
                 6.53125       1.546252634188726   7.620162282848731e-40
                 6.53125       1.595340019401067   7.620162282848731e-40
                 6.53125       1.644427404613407   7.620162282848731e-40
                 6.53125       1.693514789825748   7.620162282848731e-40
                 6.53125       1.742602175038088   7.620162282848731e-40
                 6.53125       1.791689560250429   7.620162282848731e-40
                 6.53125       1.840776945462769   7.620162282848731e-40
                 6.53125        1.88986433067511   7.620162282848731e-40
                 6.53125       1.938951715887451   7.620162282848731e-40
                 6.53125       1.988039101099791   7.620162282848731e-40
                 6.53125       2.037126486312132   7.620162282848731e-40
                 6.53125       2.086213871524472   7.620162282848731e-40
                 6.53125       2.135301256736812   7.620162282848731e-40
                 6.53125       2.184388641949153   7.620162282848731e-40
                 6.53125       2.233476027161494   7.620162282848731e-40
                 6.53125       2.282563412373834   7.620162282848731e-40
                 6.53125       2.331650797586175   7.620162282848731e-40
                 6.53125       2.380738182798515   7.620162282848731e-40
                 6.53125       2.429825568010856   7.620162282848731e-40
                 6.53125       2.478912953223196   7.620162282848731e-40
                 6.53125       2.528000338435537   7.620162282848731e-40
                 6.53125       2.577087723647877   7.620162282848731e-40
                 6.53125       2.626175108860218   7.620162282848731e-40
                 6.53125       2.675262494072558   7.620162282848731e-40
                 6.53125       2.724349879284899   7.620162282848731e-40
                 6.53125       2.773437264497239   7.620162282848731e-40
                 6.53125        2.82252464970958   7.620162282848731e-40
                 6.53125        2.87161203492192   7.620162282848731e-40
                 6.53125       2.920699420134261   7.620162282848731e-40
                 6.53125       2.969786805346601   7.620162282848731e-40
                 6.53125       3.018874190558942   7.620162282848731e-40
                 6.53125       3.067961575771282   7.620162282848731e-40
                 6.53125       3.117048960983623   7.620162282848731e-40

                 6.59375     0.02454369260617026   1.505478053765602e-40
                 6.59375     0.07363107781851078   1.505478053765602e-40
                 6.59375      0.1227184630308513   1.505478053765602e-40
                 6.59375      0.1718058482431918   1.505478053765602e-40
                 6.59375      0.2208932334555323   1.505478053765602e-40
                 6.59375      0.2699806186678728   1.505478053765602e-40
                 6.59375      0.3190680038802134   1.505478053765602e-40
                 6.59375      0.3681553890925539   1.505478053765602e-40
                 6.59375      0.4172427743048944   1.505478053765602e-40
                 6.59375      0.4663301595172349   1.505478053765602e-40
                 6.59375      0.5154175447295755   1.505478053765602e-40
                 6.59375      0.5645049299419159   1.505478053765602e-40
                 6.59375      0.6135923151542565   1.505478053765602e-40
                 6.59375       0.662679700366597   1.505478053765602e-40
                 6.59375      0.7117670855789375   1.505478053765602e-40
                 6.59375       0.760854470791278   1.505478053765602e-40
                 6.59375      0.8099418560036186   1.505478053765602e-40
                 6.59375       0.859029241215959   1.505478053765602e-40
                 6.59375      0.9081166264282996   1.505478053765602e-40
                 6.59375      0.9572040116406401   1.505478053765602e-40
                 6.59375       1.006291396852981   1.505478053765602e-40
                 6.59375       1.055378782065321   1.505478053765602e-40
                 6.59375       1.104466167277662   1.505478053765602e-40
                 6.59375       1.153553552490002   1.505478053765602e-40
                 6.59375       1.202640937702343   1.505478053765602e-40
                 6.59375       1.251728322914683   1.505478053765602e-40
                 6.59375       1.300815708127024   1.505478053765602e-40
                 6.59375       1.349903093339364   1.505478053765602e-40
                 6.59375       1.398990478551705   1.505478053765602e-40
                 6.59375       1.448077863764045   1.505478053765602e-40
                 6.59375       1.497165248976386   1.505478053765602e-40
                 6.59375       1.546252634188726   1.505478053765602e-40
                 6.59375       1.595340019401067   1.505478053765602e-40
                 6.59375       1.644427404613407   1.505478053765602e-40
                 6.59375       1.693514789825748   1.505478053765602e-40
                 6.59375       1.742602175038088   1.505478053765602e-40
                 6.59375       1.791689560250429   1.505478053765602e-40
                 6.59375       1.840776945462769   1.505478053765602e-40
                 6.59375        1.88986433067511   1.505478053765602e-40
                 6.59375       1.938951715887451   1.505478053765602e-40
                 6.59375       1.988039101099791   1.505478053765602e-40
                 6.59375       2.037126486312132   1.505478053765602e-40
                 6.59375       2.086213871524472   1.505478053765602e-40
                 6.59375       2.135301256736812   1.505478053765602e-40
                 6.59375       2.184388641949153   1.505478053765602e-40
                 6.59375       2.233476027161494   1.505478053765602e-40
                 6.59375       2.282563412373834   1.505478053765602e-40
                 6.59375       2.331650797586175   1.505478053765602e-40
                 6.59375       2.380738182798515   1.505478053765602e-40
                 6.59375       2.429825568010856   1.505478053765602e-40
                 6.59375       2.478912953223196   1.505478053765602e-40
                 6.59375       2.528000338435537   1.505478053765602e-40
                 6.59375       2.577087723647877   1.505478053765602e-40
                 6.59375       2.626175108860218   1.505478053765602e-40
                 6.59375       2.675262494072558   1.505478053765602e-40
                 6.59375       2.724349879284899   1.505478053765602e-40
                 6.59375       2.773437264497239   1.505478053765602e-40
                 6.59375        2.82252464970958   1.505478053765602e-40
                 6.59375        2.87161203492192   1.505478053765602e-40
                 6.59375       2.920699420134261   1.505478053765602e-40
                 6.59375       2.969786805346601   1.505478053765602e-40
                 6.59375       3.018874190558942   1.505478053765602e-40
                 6.59375       3.067961575771282   1.505478053765602e-40
                 6.59375       3.117048960983623   1.505478053765602e-40

                 6.65625     0.02454369260617026   2.927669697851647e-41
                 6.65625     0.07363107781851078   2.927669697851647e-41
                 6.65625      0.1227184630308513   2.927669697851647e-41
                 6.65625      0.1718058482431918   2.927669697851647e-41
                 6.65625      0.2208932334555323   2.927669697851647e-41
                 6.65625      0.2699806186678728   2.927669697851647e-41
                 6.65625      0.3190680038802134   2.927669697851647e-41
                 6.65625      0.3681553890925539   2.927669697851647e-41
                 6.65625      0.4172427743048944   2.927669697851647e-41
                 6.65625      0.4663301595172349   2.927669697851647e-41
                 6.65625      0.5154175447295755   2.927669697851647e-41
                 6.65625      0.5645049299419159   2.927669697851647e-41
                 6.65625      0.6135923151542565   2.927669697851647e-41
                 6.65625       0.662679700366597   2.927669697851647e-41
                 6.65625      0.7117670855789375   2.927669697851647e-41
                 6.65625       0.760854470791278   2.927669697851647e-41
                 6.65625      0.8099418560036186   2.927669697851647e-41
                 6.65625       0.859029241215959   2.927669697851647e-41
                 6.65625      0.9081166264282996   2.927669697851647e-41
                 6.65625      0.9572040116406401   2.927669697851647e-41
                 6.65625       1.006291396852981   2.927669697851647e-41
                 6.65625       1.055378782065321   2.927669697851647e-41
                 6.65625       1.104466167277662   2.927669697851647e-41
                 6.65625       1.153553552490002   2.927669697851647e-41
                 6.65625       1.202640937702343   2.927669697851647e-41
                 6.65625       1.251728322914683   2.927669697851647e-41
                 6.65625       1.300815708127024   2.927669697851647e-41
                 6.65625       1.349903093339364   2.927669697851647e-41
                 6.65625       1.398990478551705   2.927669697851647e-41
                 6.65625       1.448077863764045   2.927669697851647e-41
                 6.65625       1.497165248976386   2.927669697851647e-41
                 6.65625       1.546252634188726   2.927669697851647e-41
                 6.65625       1.595340019401067   2.927669697851647e-41
                 6.65625       1.644427404613407   2.927669697851647e-41
                 6.65625       1.693514789825748   2.927669697851647e-41
                 6.65625       1.742602175038088   2.927669697851647e-41
                 6.65625       1.791689560250429   2.927669697851647e-41
                 6.65625       1.840776945462769   2.927669697851647e-41
                 6.65625        1.88986433067511   2.927669697851647e-41
                 6.65625       1.938951715887451   2.927669697851647e-41
                 6.65625       1.988039101099791   2.927669697851647e-41
                 6.65625       2.037126486312132   2.927669697851647e-41
                 6.65625       2.086213871524472   2.927669697851647e-41
                 6.65625       2.135301256736812   2.927669697851647e-41
                 6.65625       2.184388641949153   2.927669697851647e-41
                 6.65625       2.233476027161494   2.927669697851647e-41
                 6.65625       2.282563412373834   2.927669697851647e-41
                 6.65625       2.331650797586175   2.927669697851647e-41
                 6.65625       2.380738182798515   2.927669697851647e-41
                 6.65625       2.429825568010856   2.927669697851647e-41
                 6.65625       2.478912953223196   2.927669697851647e-41
                 6.65625       2.528000338435537   2.927669697851647e-41
                 6.65625       2.577087723647877   2.927669697851647e-41
                 6.65625       2.626175108860218   2.927669697851647e-41
                 6.65625       2.675262494072558   2.927669697851647e-41
                 6.65625       2.724349879284899   2.927669697851647e-41
                 6.65625       2.773437264497239   2.927669697851647e-41
                 6.65625        2.82252464970958   2.927669697851647e-41
                 6.65625        2.87161203492192   2.927669697851647e-41
                 6.65625       2.920699420134261   2.927669697851647e-41
                 6.65625       2.969786805346601   2.927669697851647e-41
                 6.65625       3.018874190558942   2.927669697851647e-41
                 6.65625       3.067961575771282   2.927669697851647e-41
                 6.65625       3.117048960983623   2.927669697851647e-41

                 6.71875     0.02454369260617026   5.604134840496068e-42
                 6.71875     0.07363107781851078   5.604134840496068e-42
                 6.71875      0.1227184630308513   5.604134840496068e-42
                 6.71875      0.1718058482431918   5.604134840496068e-42
                 6.71875      0.2208932334555323   5.604134840496068e-42
                 6.71875      0.2699806186678728   5.604134840496068e-42
                 6.71875      0.3190680038802134   5.604134840496068e-42
                 6.71875      0.3681553890925539   5.604134840496068e-42
                 6.71875      0.4172427743048944   5.604134840496068e-42
                 6.71875      0.4663301595172349   5.604134840496068e-42
                 6.71875      0.5154175447295755   5.604134840496068e-42
                 6.71875      0.5645049299419159   5.604134840496068e-42
                 6.71875      0.6135923151542565   5.604134840496068e-42
                 6.71875       0.662679700366597   5.604134840496068e-42
                 6.71875      0.7117670855789375   5.604134840496068e-42
                 6.71875       0.760854470791278   5.604134840496068e-42
                 6.71875      0.8099418560036186   5.604134840496068e-42
                 6.71875       0.859029241215959   5.604134840496068e-42
                 6.71875      0.9081166264282996   5.604134840496068e-42
                 6.71875      0.9572040116406401   5.604134840496068e-42
                 6.71875       1.006291396852981   5.604134840496068e-42
                 6.71875       1.055378782065321   5.604134840496068e-42
                 6.71875       1.104466167277662   5.604134840496068e-42
                 6.71875       1.153553552490002   5.604134840496068e-42
                 6.71875       1.202640937702343   5.604134840496068e-42
                 6.71875       1.251728322914683   5.604134840496068e-42
                 6.71875       1.300815708127024   5.604134840496068e-42
                 6.71875       1.349903093339364   5.604134840496068e-42
                 6.71875       1.398990478551705   5.604134840496068e-42
                 6.71875       1.448077863764045   5.604134840496068e-42
                 6.71875       1.497165248976386   5.604134840496068e-42
                 6.71875       1.546252634188726   5.604134840496068e-42
                 6.71875       1.595340019401067   5.604134840496068e-42
                 6.71875       1.644427404613407   5.604134840496068e-42
                 6.71875       1.693514789825748   5.604134840496068e-42
                 6.71875       1.742602175038088   5.604134840496068e-42
                 6.71875       1.791689560250429   5.604134840496068e-42
                 6.71875       1.840776945462769   5.604134840496068e-42
                 6.71875        1.88986433067511   5.604134840496068e-42
                 6.71875       1.938951715887451   5.604134840496068e-42
                 6.71875       1.988039101099791   5.604134840496068e-42
                 6.71875       2.037126486312132   5.604134840496068e-42
                 6.71875       2.086213871524472   5.604134840496068e-42
                 6.71875       2.135301256736812   5.604134840496068e-42
                 6.71875       2.184388641949153   5.604134840496068e-42
                 6.71875       2.233476027161494   5.604134840496068e-42
                 6.71875       2.282563412373834   5.604134840496068e-42
                 6.71875       2.331650797586175   5.604134840496068e-42
                 6.71875       2.380738182798515   5.604134840496068e-42
                 6.71875       2.429825568010856   5.604134840496068e-42
                 6.71875       2.478912953223196   5.604134840496068e-42
                 6.71875       2.528000338435537   5.604134840496068e-42
                 6.71875       2.577087723647877   5.604134840496068e-42
                 6.71875       2.626175108860218   5.604134840496068e-42
                 6.71875       2.675262494072558   5.604134840496068e-42
                 6.71875       2.724349879284899   5.604134840496068e-42
                 6.71875       2.773437264497239   5.604134840496068e-42
                 6.71875        2.82252464970958   5.604134840496068e-42
                 6.71875        2.87161203492192   5.604134840496068e-42
                 6.71875       2.920699420134261   5.604134840496068e-42
                 6.71875       2.969786805346601   5.604134840496068e-42
                 6.71875       3.018874190558942   5.604134840496068e-42
                 6.71875       3.067961575771282   5.604134840496068e-42
                 6.71875       3.117048960983623   5.604134840496068e-42

                 6.78125     0.02454369260617026   1.055930406473664e-42
                 6.78125     0.07363107781851078   1.055930406473664e-42
                 6.78125      0.1227184630308513   1.055930406473664e-42
                 6.78125      0.1718058482431918   1.055930406473664e-42
                 6.78125      0.2208932334555323   1.055930406473664e-42
                 6.78125      0.2699806186678728   1.055930406473664e-42
                 6.78125      0.3190680038802134   1.055930406473664e-42
                 6.78125      0.3681553890925539   1.055930406473664e-42
                 6.78125      0.4172427743048944   1.055930406473664e-42
                 6.78125      0.4663301595172349   1.055930406473664e-42
                 6.78125      0.5154175447295755   1.055930406473664e-42
                 6.78125      0.5645049299419159   1.055930406473664e-42
                 6.78125      0.6135923151542565   1.055930406473664e-42
                 6.78125       0.662679700366597   1.055930406473664e-42
                 6.78125      0.7117670855789375   1.055930406473664e-42
                 6.78125       0.760854470791278   1.055930406473664e-42
                 6.78125      0.8099418560036186   1.055930406473664e-42
                 6.78125       0.859029241215959   1.055930406473664e-42
                 6.78125      0.9081166264282996   1.055930406473664e-42
                 6.78125      0.9572040116406401   1.055930406473664e-42
                 6.78125       1.006291396852981   1.055930406473664e-42
                 6.78125       1.055378782065321   1.055930406473664e-42
                 6.78125       1.104466167277662   1.055930406473664e-42
                 6.78125       1.153553552490002   1.055930406473664e-42
                 6.78125       1.202640937702343   1.055930406473664e-42
                 6.78125       1.251728322914683   1.055930406473664e-42
                 6.78125       1.300815708127024   1.055930406473664e-42
                 6.78125       1.349903093339364   1.055930406473664e-42
                 6.78125       1.398990478551705   1.055930406473664e-42
                 6.78125       1.448077863764045   1.055930406473664e-42
                 6.78125       1.497165248976386   1.055930406473664e-42
                 6.78125       1.546252634188726   1.055930406473664e-42
                 6.78125       1.595340019401067   1.055930406473664e-42
                 6.78125       1.644427404613407   1.055930406473664e-42
                 6.78125       1.693514789825748   1.055930406473664e-42
                 6.78125       1.742602175038088   1.055930406473664e-42
                 6.78125       1.791689560250429   1.055930406473664e-42
                 6.78125       1.840776945462769   1.055930406473664e-42
                 6.78125        1.88986433067511   1.055930406473664e-42
                 6.78125       1.938951715887451   1.055930406473664e-42
                 6.78125       1.988039101099791   1.055930406473664e-42
                 6.78125       2.037126486312132   1.055930406473664e-42
                 6.78125       2.086213871524472   1.055930406473664e-42
                 6.78125       2.135301256736812   1.055930406473664e-42
                 6.78125       2.184388641949153   1.055930406473664e-42
                 6.78125       2.233476027161494   1.055930406473664e-42
                 6.78125       2.282563412373834   1.055930406473664e-42
                 6.78125       2.331650797586175   1.055930406473664e-42
                 6.78125       2.380738182798515   1.055930406473664e-42
                 6.78125       2.429825568010856   1.055930406473664e-42
                 6.78125       2.478912953223196   1.055930406473664e-42
                 6.78125       2.528000338435537   1.055930406473664e-42
                 6.78125       2.577087723647877   1.055930406473664e-42
                 6.78125       2.626175108860218   1.055930406473664e-42
                 6.78125       2.675262494072558   1.055930406473664e-42
                 6.78125       2.724349879284899   1.055930406473664e-42
                 6.78125       2.773437264497239   1.055930406473664e-42
                 6.78125        2.82252464970958   1.055930406473664e-42
                 6.78125        2.87161203492192   1.055930406473664e-42
                 6.78125       2.920699420134261   1.055930406473664e-42
                 6.78125       2.969786805346601   1.055930406473664e-42
                 6.78125       3.018874190558942   1.055930406473664e-42
                 6.78125       3.067961575771282   1.055930406473664e-42
                 6.78125       3.117048960983623   1.055930406473664e-42

                 6.84375     0.02454369260617026   1.958409788780436e-43
                 6.84375     0.07363107781851078   1.958409788780436e-43
                 6.84375      0.1227184630308513   1.958409788780436e-43
                 6.84375      0.1718058482431918   1.958409788780436e-43
                 6.84375      0.2208932334555323   1.958409788780436e-43
                 6.84375      0.2699806186678728   1.958409788780436e-43
                 6.84375      0.3190680038802134   1.958409788780436e-43
                 6.84375      0.3681553890925539   1.958409788780436e-43
                 6.84375      0.4172427743048944   1.958409788780436e-43
                 6.84375      0.4663301595172349   1.958409788780436e-43
                 6.84375      0.5154175447295755   1.958409788780436e-43
                 6.84375      0.5645049299419159   1.958409788780436e-43
                 6.84375      0.6135923151542565   1.958409788780436e-43
                 6.84375       0.662679700366597   1.958409788780436e-43
                 6.84375      0.7117670855789375   1.958409788780436e-43
                 6.84375       0.760854470791278   1.958409788780436e-43
                 6.84375      0.8099418560036186   1.958409788780436e-43
                 6.84375       0.859029241215959   1.958409788780436e-43
                 6.84375      0.9081166264282996   1.958409788780436e-43
                 6.84375      0.9572040116406401   1.958409788780436e-43
                 6.84375       1.006291396852981   1.958409788780436e-43
                 6.84375       1.055378782065321   1.958409788780436e-43
                 6.84375       1.104466167277662   1.958409788780436e-43
                 6.84375       1.153553552490002   1.958409788780436e-43
                 6.84375       1.202640937702343   1.958409788780436e-43
                 6.84375       1.251728322914683   1.958409788780436e-43
                 6.84375       1.300815708127024   1.958409788780436e-43
                 6.84375       1.349903093339364   1.958409788780436e-43
                 6.84375       1.398990478551705   1.958409788780436e-43
                 6.84375       1.448077863764045   1.958409788780436e-43
                 6.84375       1.497165248976386   1.958409788780436e-43
                 6.84375       1.546252634188726   1.958409788780436e-43
                 6.84375       1.595340019401067   1.958409788780436e-43
                 6.84375       1.644427404613407   1.958409788780436e-43
                 6.84375       1.693514789825748   1.958409788780436e-43
                 6.84375       1.742602175038088   1.958409788780436e-43
                 6.84375       1.791689560250429   1.958409788780436e-43
                 6.84375       1.840776945462769   1.958409788780436e-43
                 6.84375        1.88986433067511   1.958409788780436e-43
                 6.84375       1.938951715887451   1.958409788780436e-43
                 6.84375       1.988039101099791   1.958409788780436e-43
                 6.84375       2.037126486312132   1.958409788780436e-43
                 6.84375       2.086213871524472   1.958409788780436e-43
                 6.84375       2.135301256736812   1.958409788780436e-43
                 6.84375       2.184388641949153   1.958409788780436e-43
                 6.84375       2.233476027161494   1.958409788780436e-43
                 6.84375       2.282563412373834   1.958409788780436e-43
                 6.84375       2.331650797586175   1.958409788780436e-43
                 6.84375       2.380738182798515   1.958409788780436e-43
                 6.84375       2.429825568010856   1.958409788780436e-43
                 6.84375       2.478912953223196   1.958409788780436e-43
                 6.84375       2.528000338435537   1.958409788780436e-43
                 6.84375       2.577087723647877   1.958409788780436e-43
                 6.84375       2.626175108860218   1.958409788780436e-43
                 6.84375       2.675262494072558   1.958409788780436e-43
                 6.84375       2.724349879284899   1.958409788780436e-43
                 6.84375       2.773437264497239   1.958409788780436e-43
                 6.84375        2.82252464970958   1.958409788780436e-43
                 6.84375        2.87161203492192   1.958409788780436e-43
                 6.84375       2.920699420134261   1.958409788780436e-43
                 6.84375       2.969786805346601   1.958409788780436e-43
                 6.84375       3.018874190558942   1.958409788780436e-43
                 6.84375       3.067961575771282   1.958409788780436e-43
                 6.84375       3.117048960983623   1.958409788780436e-43

                 6.90625     0.02454369260617026    3.57531820952407e-44
                 6.90625     0.07363107781851078    3.57531820952407e-44
                 6.90625      0.1227184630308513    3.57531820952407e-44
                 6.90625      0.1718058482431918    3.57531820952407e-44
                 6.90625      0.2208932334555323    3.57531820952407e-44
                 6.90625      0.2699806186678728    3.57531820952407e-44
                 6.90625      0.3190680038802134    3.57531820952407e-44
                 6.90625      0.3681553890925539    3.57531820952407e-44
                 6.90625      0.4172427743048944    3.57531820952407e-44
                 6.90625      0.4663301595172349    3.57531820952407e-44
                 6.90625      0.5154175447295755    3.57531820952407e-44
                 6.90625      0.5645049299419159    3.57531820952407e-44
                 6.90625      0.6135923151542565    3.57531820952407e-44
                 6.90625       0.662679700366597    3.57531820952407e-44
                 6.90625      0.7117670855789375    3.57531820952407e-44
                 6.90625       0.760854470791278    3.57531820952407e-44
                 6.90625      0.8099418560036186    3.57531820952407e-44
                 6.90625       0.859029241215959    3.57531820952407e-44
                 6.90625      0.9081166264282996    3.57531820952407e-44
                 6.90625      0.9572040116406401    3.57531820952407e-44
                 6.90625       1.006291396852981    3.57531820952407e-44
                 6.90625       1.055378782065321    3.57531820952407e-44
                 6.90625       1.104466167277662    3.57531820952407e-44
                 6.90625       1.153553552490002    3.57531820952407e-44
                 6.90625       1.202640937702343    3.57531820952407e-44
                 6.90625       1.251728322914683    3.57531820952407e-44
                 6.90625       1.300815708127024    3.57531820952407e-44
                 6.90625       1.349903093339364    3.57531820952407e-44
                 6.90625       1.398990478551705    3.57531820952407e-44
                 6.90625       1.448077863764045    3.57531820952407e-44
                 6.90625       1.497165248976386    3.57531820952407e-44
                 6.90625       1.546252634188726    3.57531820952407e-44
                 6.90625       1.595340019401067    3.57531820952407e-44
                 6.90625       1.644427404613407    3.57531820952407e-44
                 6.90625       1.693514789825748    3.57531820952407e-44
                 6.90625       1.742602175038088    3.57531820952407e-44
                 6.90625       1.791689560250429    3.57531820952407e-44
                 6.90625       1.840776945462769    3.57531820952407e-44
                 6.90625        1.88986433067511    3.57531820952407e-44
                 6.90625       1.938951715887451    3.57531820952407e-44
                 6.90625       1.988039101099791    3.57531820952407e-44
                 6.90625       2.037126486312132    3.57531820952407e-44
                 6.90625       2.086213871524472    3.57531820952407e-44
                 6.90625       2.135301256736812    3.57531820952407e-44
                 6.90625       2.184388641949153    3.57531820952407e-44
                 6.90625       2.233476027161494    3.57531820952407e-44
                 6.90625       2.282563412373834    3.57531820952407e-44
                 6.90625       2.331650797586175    3.57531820952407e-44
                 6.90625       2.380738182798515    3.57531820952407e-44
                 6.90625       2.429825568010856    3.57531820952407e-44
                 6.90625       2.478912953223196    3.57531820952407e-44
                 6.90625       2.528000338435537    3.57531820952407e-44
                 6.90625       2.577087723647877    3.57531820952407e-44
                 6.90625       2.626175108860218    3.57531820952407e-44
                 6.90625       2.675262494072558    3.57531820952407e-44
                 6.90625       2.724349879284899    3.57531820952407e-44
                 6.90625       2.773437264497239    3.57531820952407e-44
                 6.90625        2.82252464970958    3.57531820952407e-44
                 6.90625        2.87161203492192    3.57531820952407e-44
                 6.90625       2.920699420134261    3.57531820952407e-44
                 6.90625       2.969786805346601    3.57531820952407e-44
                 6.90625       3.018874190558942    3.57531820952407e-44
                 6.90625       3.067961575771282    3.57531820952407e-44
                 6.90625       3.117048960983623    3.57531820952407e-44

                 6.96875     0.02454369260617026   6.424952913508671e-45
                 6.96875     0.07363107781851078   6.424952913508671e-45
                 6.96875      0.1227184630308513   6.424952913508671e-45
                 6.96875      0.1718058482431918   6.424952913508671e-45
                 6.96875      0.2208932334555323   6.424952913508671e-45
                 6.96875      0.2699806186678728   6.424952913508671e-45
                 6.96875      0.3190680038802134   6.424952913508671e-45
                 6.96875      0.3681553890925539   6.424952913508671e-45
                 6.96875      0.4172427743048944   6.424952913508671e-45
                 6.96875      0.4663301595172349   6.424952913508671e-45
                 6.96875      0.5154175447295755   6.424952913508671e-45
                 6.96875      0.5645049299419159   6.424952913508671e-45
                 6.96875      0.6135923151542565   6.424952913508671e-45
                 6.96875       0.662679700366597   6.424952913508671e-45
                 6.96875      0.7117670855789375   6.424952913508671e-45
                 6.96875       0.760854470791278   6.424952913508671e-45
                 6.96875      0.8099418560036186   6.424952913508671e-45
                 6.96875       0.859029241215959   6.424952913508671e-45
                 6.96875      0.9081166264282996   6.424952913508671e-45
                 6.96875      0.9572040116406401   6.424952913508671e-45
                 6.96875       1.006291396852981   6.424952913508671e-45
                 6.96875       1.055378782065321   6.424952913508671e-45
                 6.96875       1.104466167277662   6.424952913508671e-45
                 6.96875       1.153553552490002   6.424952913508671e-45
                 6.96875       1.202640937702343   6.424952913508671e-45
                 6.96875       1.251728322914683   6.424952913508671e-45
                 6.96875       1.300815708127024   6.424952913508671e-45
                 6.96875       1.349903093339364   6.424952913508671e-45
                 6.96875       1.398990478551705   6.424952913508671e-45
                 6.96875       1.448077863764045   6.424952913508671e-45
                 6.96875       1.497165248976386   6.424952913508671e-45
                 6.96875       1.546252634188726   6.424952913508671e-45
                 6.96875       1.595340019401067   6.424952913508671e-45
                 6.96875       1.644427404613407   6.424952913508671e-45
                 6.96875       1.693514789825748   6.424952913508671e-45
                 6.96875       1.742602175038088   6.424952913508671e-45
                 6.96875       1.791689560250429   6.424952913508671e-45
                 6.96875       1.840776945462769   6.424952913508671e-45
                 6.96875        1.88986433067511   6.424952913508671e-45
                 6.96875       1.938951715887451   6.424952913508671e-45
                 6.96875       1.988039101099791   6.424952913508671e-45
                 6.96875       2.037126486312132   6.424952913508671e-45
                 6.96875       2.086213871524472   6.424952913508671e-45
                 6.96875       2.135301256736812   6.424952913508671e-45
                 6.96875       2.184388641949153   6.424952913508671e-45
                 6.96875       2.233476027161494   6.424952913508671e-45
                 6.96875       2.282563412373834   6.424952913508671e-45
                 6.96875       2.331650797586175   6.424952913508671e-45
                 6.96875       2.380738182798515   6.424952913508671e-45
                 6.96875       2.429825568010856   6.424952913508671e-45
                 6.96875       2.478912953223196   6.424952913508671e-45
                 6.96875       2.528000338435537   6.424952913508671e-45
                 6.96875       2.577087723647877   6.424952913508671e-45
                 6.96875       2.626175108860218   6.424952913508671e-45
                 6.96875       2.675262494072558   6.424952913508671e-45
                 6.96875       2.724349879284899   6.424952913508671e-45
                 6.96875       2.773437264497239   6.424952913508671e-45
                 6.96875        2.82252464970958   6.424952913508671e-45
                 6.96875        2.87161203492192   6.424952913508671e-45
                 6.96875       2.920699420134261   6.424952913508671e-45
                 6.96875       2.969786805346601   6.424952913508671e-45
                 6.96875       3.018874190558942   6.424952913508671e-45
                 6.96875       3.067961575771282   6.424952913508671e-45
                 6.96875       3.117048960983623   6.424952913508671e-45

                 7.03125     0.02454369260617026   1.136502898436488e-45
                 7.03125     0.07363107781851078   1.136502898436488e-45
                 7.03125      0.1227184630308513   1.136502898436488e-45
                 7.03125      0.1718058482431918   1.136502898436488e-45
                 7.03125      0.2208932334555323   1.136502898436488e-45
                 7.03125      0.2699806186678728   1.136502898436488e-45
                 7.03125      0.3190680038802134   1.136502898436488e-45
                 7.03125      0.3681553890925539   1.136502898436488e-45
                 7.03125      0.4172427743048944   1.136502898436488e-45
                 7.03125      0.4663301595172349   1.136502898436488e-45
                 7.03125      0.5154175447295755   1.136502898436488e-45
                 7.03125      0.5645049299419159   1.136502898436488e-45
                 7.03125      0.6135923151542565   1.136502898436488e-45
                 7.03125       0.662679700366597   1.136502898436488e-45
                 7.03125      0.7117670855789375   1.136502898436488e-45
                 7.03125       0.760854470791278   1.136502898436488e-45
                 7.03125      0.8099418560036186   1.136502898436488e-45
                 7.03125       0.859029241215959   1.136502898436488e-45
                 7.03125      0.9081166264282996   1.136502898436488e-45
                 7.03125      0.9572040116406401   1.136502898436488e-45
                 7.03125       1.006291396852981   1.136502898436488e-45
                 7.03125       1.055378782065321   1.136502898436488e-45
                 7.03125       1.104466167277662   1.136502898436488e-45
                 7.03125       1.153553552490002   1.136502898436488e-45
                 7.03125       1.202640937702343   1.136502898436488e-45
                 7.03125       1.251728322914683   1.136502898436488e-45
                 7.03125       1.300815708127024   1.136502898436488e-45
                 7.03125       1.349903093339364   1.136502898436488e-45
                 7.03125       1.398990478551705   1.136502898436488e-45
                 7.03125       1.448077863764045   1.136502898436488e-45
                 7.03125       1.497165248976386   1.136502898436488e-45
                 7.03125       1.546252634188726   1.136502898436488e-45
                 7.03125       1.595340019401067   1.136502898436488e-45
                 7.03125       1.644427404613407   1.136502898436488e-45
                 7.03125       1.693514789825748   1.136502898436488e-45
                 7.03125       1.742602175038088   1.136502898436488e-45
                 7.03125       1.791689560250429   1.136502898436488e-45
                 7.03125       1.840776945462769   1.136502898436488e-45
                 7.03125        1.88986433067511   1.136502898436488e-45
                 7.03125       1.938951715887451   1.136502898436488e-45
                 7.03125       1.988039101099791   1.136502898436488e-45
                 7.03125       2.037126486312132   1.136502898436488e-45
                 7.03125       2.086213871524472   1.136502898436488e-45
                 7.03125       2.135301256736812   1.136502898436488e-45
                 7.03125       2.184388641949153   1.136502898436488e-45
                 7.03125       2.233476027161494   1.136502898436488e-45
                 7.03125       2.282563412373834   1.136502898436488e-45
                 7.03125       2.331650797586175   1.136502898436488e-45
                 7.03125       2.380738182798515   1.136502898436488e-45
                 7.03125       2.429825568010856   1.136502898436488e-45
                 7.03125       2.478912953223196   1.136502898436488e-45
                 7.03125       2.528000338435537   1.136502898436488e-45
                 7.03125       2.577087723647877   1.136502898436488e-45
                 7.03125       2.626175108860218   1.136502898436488e-45
                 7.03125       2.675262494072558   1.136502898436488e-45
                 7.03125       2.724349879284899   1.136502898436488e-45
                 7.03125       2.773437264497239   1.136502898436488e-45
                 7.03125        2.82252464970958   1.136502898436488e-45
                 7.03125        2.87161203492192   1.136502898436488e-45
                 7.03125       2.920699420134261   1.136502898436488e-45
                 7.03125       2.969786805346601   1.136502898436488e-45
                 7.03125       3.018874190558942   1.136502898436488e-45
                 7.03125       3.067961575771282   1.136502898436488e-45
                 7.03125       3.117048960983623   1.136502898436488e-45

                 7.09375     0.02454369260617026   1.978871963065583e-46
                 7.09375     0.07363107781851078   1.978871963065583e-46
                 7.09375      0.1227184630308513   1.978871963065583e-46
                 7.09375      0.1718058482431918   1.978871963065583e-46
                 7.09375      0.2208932334555323   1.978871963065583e-46
                 7.09375      0.2699806186678728   1.978871963065583e-46
                 7.09375      0.3190680038802134   1.978871963065583e-46
                 7.09375      0.3681553890925539   1.978871963065583e-46
                 7.09375      0.4172427743048944   1.978871963065583e-46
                 7.09375      0.4663301595172349   1.978871963065583e-46
                 7.09375      0.5154175447295755   1.978871963065583e-46
                 7.09375      0.5645049299419159   1.978871963065583e-46
                 7.09375      0.6135923151542565   1.978871963065583e-46
                 7.09375       0.662679700366597   1.978871963065583e-46
                 7.09375      0.7117670855789375   1.978871963065583e-46
                 7.09375       0.760854470791278   1.978871963065583e-46
                 7.09375      0.8099418560036186   1.978871963065583e-46
                 7.09375       0.859029241215959   1.978871963065583e-46
                 7.09375      0.9081166264282996   1.978871963065583e-46
                 7.09375      0.9572040116406401   1.978871963065583e-46
                 7.09375       1.006291396852981   1.978871963065583e-46
                 7.09375       1.055378782065321   1.978871963065583e-46
                 7.09375       1.104466167277662   1.978871963065583e-46
                 7.09375       1.153553552490002   1.978871963065583e-46
                 7.09375       1.202640937702343   1.978871963065583e-46
                 7.09375       1.251728322914683   1.978871963065583e-46
                 7.09375       1.300815708127024   1.978871963065583e-46
                 7.09375       1.349903093339364   1.978871963065583e-46
                 7.09375       1.398990478551705   1.978871963065583e-46
                 7.09375       1.448077863764045   1.978871963065583e-46
                 7.09375       1.497165248976386   1.978871963065583e-46
                 7.09375       1.546252634188726   1.978871963065583e-46
                 7.09375       1.595340019401067   1.978871963065583e-46
                 7.09375       1.644427404613407   1.978871963065583e-46
                 7.09375       1.693514789825748   1.978871963065583e-46
                 7.09375       1.742602175038088   1.978871963065583e-46
                 7.09375       1.791689560250429   1.978871963065583e-46
                 7.09375       1.840776945462769   1.978871963065583e-46
                 7.09375        1.88986433067511   1.978871963065583e-46
                 7.09375       1.938951715887451   1.978871963065583e-46
                 7.09375       1.988039101099791   1.978871963065583e-46
                 7.09375       2.037126486312132   1.978871963065583e-46
                 7.09375       2.086213871524472   1.978871963065583e-46
                 7.09375       2.135301256736812   1.978871963065583e-46
                 7.09375       2.184388641949153   1.978871963065583e-46
                 7.09375       2.233476027161494   1.978871963065583e-46
                 7.09375       2.282563412373834   1.978871963065583e-46
                 7.09375       2.331650797586175   1.978871963065583e-46
                 7.09375       2.380738182798515   1.978871963065583e-46
                 7.09375       2.429825568010856   1.978871963065583e-46
                 7.09375       2.478912953223196   1.978871963065583e-46
                 7.09375       2.528000338435537   1.978871963065583e-46
                 7.09375       2.577087723647877   1.978871963065583e-46
                 7.09375       2.626175108860218   1.978871963065583e-46
                 7.09375       2.675262494072558   1.978871963065583e-46
                 7.09375       2.724349879284899   1.978871963065583e-46
                 7.09375       2.773437264497239   1.978871963065583e-46
                 7.09375        2.82252464970958   1.978871963065583e-46
                 7.09375        2.87161203492192   1.978871963065583e-46
                 7.09375       2.920699420134261   1.978871963065583e-46
                 7.09375       2.969786805346601   1.978871963065583e-46
                 7.09375       3.018874190558942   1.978871963065583e-46
                 7.09375       3.067961575771282   1.978871963065583e-46
                 7.09375       3.117048960983623   1.978871963065583e-46

                 7.15625     0.02454369260617026   3.391661962281778e-47
                 7.15625     0.07363107781851078   3.391661962281778e-47
                 7.15625      0.1227184630308513   3.391661962281778e-47
                 7.15625      0.1718058482431918   3.391661962281778e-47
                 7.15625      0.2208932334555323   3.391661962281778e-47
                 7.15625      0.2699806186678728   3.391661962281778e-47
                 7.15625      0.3190680038802134   3.391661962281778e-47
                 7.15625      0.3681553890925539   3.391661962281778e-47
                 7.15625      0.4172427743048944   3.391661962281778e-47
                 7.15625      0.4663301595172349   3.391661962281778e-47
                 7.15625      0.5154175447295755   3.391661962281778e-47
                 7.15625      0.5645049299419159   3.391661962281778e-47
                 7.15625      0.6135923151542565   3.391661962281778e-47
                 7.15625       0.662679700366597   3.391661962281778e-47
                 7.15625      0.7117670855789375   3.391661962281778e-47
                 7.15625       0.760854470791278   3.391661962281778e-47
                 7.15625      0.8099418560036186   3.391661962281778e-47
                 7.15625       0.859029241215959   3.391661962281778e-47
                 7.15625      0.9081166264282996   3.391661962281778e-47
                 7.15625      0.9572040116406401   3.391661962281778e-47
                 7.15625       1.006291396852981   3.391661962281778e-47
                 7.15625       1.055378782065321   3.391661962281778e-47
                 7.15625       1.104466167277662   3.391661962281778e-47
                 7.15625       1.153553552490002   3.391661962281778e-47
                 7.15625       1.202640937702343   3.391661962281778e-47
                 7.15625       1.251728322914683   3.391661962281778e-47
                 7.15625       1.300815708127024   3.391661962281778e-47
                 7.15625       1.349903093339364   3.391661962281778e-47
                 7.15625       1.398990478551705   3.391661962281778e-47
                 7.15625       1.448077863764045   3.391661962281778e-47
                 7.15625       1.497165248976386   3.391661962281778e-47
                 7.15625       1.546252634188726   3.391661962281778e-47
                 7.15625       1.595340019401067   3.391661962281778e-47
                 7.15625       1.644427404613407   3.391661962281778e-47
                 7.15625       1.693514789825748   3.391661962281778e-47
                 7.15625       1.742602175038088   3.391661962281778e-47
                 7.15625       1.791689560250429   3.391661962281778e-47
                 7.15625       1.840776945462769   3.391661962281778e-47
                 7.15625        1.88986433067511   3.391661962281778e-47
                 7.15625       1.938951715887451   3.391661962281778e-47
                 7.15625       1.988039101099791   3.391661962281778e-47
                 7.15625       2.037126486312132   3.391661962281778e-47
                 7.15625       2.086213871524472   3.391661962281778e-47
                 7.15625       2.135301256736812   3.391661962281778e-47
                 7.15625       2.184388641949153   3.391661962281778e-47
                 7.15625       2.233476027161494   3.391661962281778e-47
                 7.15625       2.282563412373834   3.391661962281778e-47
                 7.15625       2.331650797586175   3.391661962281778e-47
                 7.15625       2.380738182798515   3.391661962281778e-47
                 7.15625       2.429825568010856   3.391661962281778e-47
                 7.15625       2.478912953223196   3.391661962281778e-47
                 7.15625       2.528000338435537   3.391661962281778e-47
                 7.15625       2.577087723647877   3.391661962281778e-47
                 7.15625       2.626175108860218   3.391661962281778e-47
                 7.15625       2.675262494072558   3.391661962281778e-47
                 7.15625       2.724349879284899   3.391661962281778e-47
                 7.15625       2.773437264497239   3.391661962281778e-47
                 7.15625        2.82252464970958   3.391661962281778e-47
                 7.15625        2.87161203492192   3.391661962281778e-47
                 7.15625       2.920699420134261   3.391661962281778e-47
                 7.15625       2.969786805346601   3.391661962281778e-47
                 7.15625       3.018874190558942   3.391661962281778e-47
                 7.15625       3.067961575771282   3.391661962281778e-47
                 7.15625       3.117048960983623   3.391661962281778e-47

                 7.21875     0.02454369260617026   5.722111053783301e-48
                 7.21875     0.07363107781851078   5.722111053783301e-48
                 7.21875      0.1227184630308513   5.722111053783301e-48
                 7.21875      0.1718058482431918   5.722111053783301e-48
                 7.21875      0.2208932334555323   5.722111053783301e-48
                 7.21875      0.2699806186678728   5.722111053783301e-48
                 7.21875      0.3190680038802134   5.722111053783301e-48
                 7.21875      0.3681553890925539   5.722111053783301e-48
                 7.21875      0.4172427743048944   5.722111053783301e-48
                 7.21875      0.4663301595172349   5.722111053783301e-48
                 7.21875      0.5154175447295755   5.722111053783301e-48
                 7.21875      0.5645049299419159   5.722111053783301e-48
                 7.21875      0.6135923151542565   5.722111053783301e-48
                 7.21875       0.662679700366597   5.722111053783301e-48
                 7.21875      0.7117670855789375   5.722111053783301e-48
                 7.21875       0.760854470791278   5.722111053783301e-48
                 7.21875      0.8099418560036186   5.722111053783301e-48
                 7.21875       0.859029241215959   5.722111053783301e-48
                 7.21875      0.9081166264282996   5.722111053783301e-48
                 7.21875      0.9572040116406401   5.722111053783301e-48
                 7.21875       1.006291396852981   5.722111053783301e-48
                 7.21875       1.055378782065321   5.722111053783301e-48
                 7.21875       1.104466167277662   5.722111053783301e-48
                 7.21875       1.153553552490002   5.722111053783301e-48
                 7.21875       1.202640937702343   5.722111053783301e-48
                 7.21875       1.251728322914683   5.722111053783301e-48
                 7.21875       1.300815708127024   5.722111053783301e-48
                 7.21875       1.349903093339364   5.722111053783301e-48
                 7.21875       1.398990478551705   5.722111053783301e-48
                 7.21875       1.448077863764045   5.722111053783301e-48
                 7.21875       1.497165248976386   5.722111053783301e-48
                 7.21875       1.546252634188726   5.722111053783301e-48
                 7.21875       1.595340019401067   5.722111053783301e-48
                 7.21875       1.644427404613407   5.722111053783301e-48
                 7.21875       1.693514789825748   5.722111053783301e-48
                 7.21875       1.742602175038088   5.722111053783301e-48
                 7.21875       1.791689560250429   5.722111053783301e-48
                 7.21875       1.840776945462769   5.722111053783301e-48
                 7.21875        1.88986433067511   5.722111053783301e-48
                 7.21875       1.938951715887451   5.722111053783301e-48
                 7.21875       1.988039101099791   5.722111053783301e-48
                 7.21875       2.037126486312132   5.722111053783301e-48
                 7.21875       2.086213871524472   5.722111053783301e-48
                 7.21875       2.135301256736812   5.722111053783301e-48
                 7.21875       2.184388641949153   5.722111053783301e-48
                 7.21875       2.233476027161494   5.722111053783301e-48
                 7.21875       2.282563412373834   5.722111053783301e-48
                 7.21875       2.331650797586175   5.722111053783301e-48
                 7.21875       2.380738182798515   5.722111053783301e-48
                 7.21875       2.429825568010856   5.722111053783301e-48
                 7.21875       2.478912953223196   5.722111053783301e-48
                 7.21875       2.528000338435537   5.722111053783301e-48
                 7.21875       2.577087723647877   5.722111053783301e-48
                 7.21875       2.626175108860218   5.722111053783301e-48
                 7.21875       2.675262494072558   5.722111053783301e-48
                 7.21875       2.724349879284899   5.722111053783301e-48
                 7.21875       2.773437264497239   5.722111053783301e-48
                 7.21875        2.82252464970958   5.722111053783301e-48
                 7.21875        2.87161203492192   5.722111053783301e-48
                 7.21875       2.920699420134261   5.722111053783301e-48
                 7.21875       2.969786805346601   5.722111053783301e-48
                 7.21875       3.018874190558942   5.722111053783301e-48
                 7.21875       3.067961575771282   5.722111053783301e-48
                 7.21875       3.117048960983623   5.722111053783301e-48

                 7.28125     0.02454369260617026   9.502764561294712e-49
                 7.28125     0.07363107781851078   9.502764561294712e-49
                 7.28125      0.1227184630308513   9.502764561294712e-49
                 7.28125      0.1718058482431918   9.502764561294712e-49
                 7.28125      0.2208932334555323   9.502764561294712e-49
                 7.28125      0.2699806186678728   9.502764561294712e-49
                 7.28125      0.3190680038802134   9.502764561294712e-49
                 7.28125      0.3681553890925539   9.502764561294712e-49
                 7.28125      0.4172427743048944   9.502764561294712e-49
                 7.28125      0.4663301595172349   9.502764561294712e-49
                 7.28125      0.5154175447295755   9.502764561294712e-49
                 7.28125      0.5645049299419159   9.502764561294712e-49
                 7.28125      0.6135923151542565   9.502764561294712e-49
                 7.28125       0.662679700366597   9.502764561294712e-49
                 7.28125      0.7117670855789375   9.502764561294712e-49
                 7.28125       0.760854470791278   9.502764561294712e-49
                 7.28125      0.8099418560036186   9.502764561294712e-49
                 7.28125       0.859029241215959   9.502764561294712e-49
                 7.28125      0.9081166264282996   9.502764561294712e-49
                 7.28125      0.9572040116406401   9.502764561294712e-49
                 7.28125       1.006291396852981   9.502764561294712e-49
                 7.28125       1.055378782065321   9.502764561294712e-49
                 7.28125       1.104466167277662   9.502764561294712e-49
                 7.28125       1.153553552490002   9.502764561294712e-49
                 7.28125       1.202640937702343   9.502764561294712e-49
                 7.28125       1.251728322914683   9.502764561294712e-49
                 7.28125       1.300815708127024   9.502764561294712e-49
                 7.28125       1.349903093339364   9.502764561294712e-49
                 7.28125       1.398990478551705   9.502764561294712e-49
                 7.28125       1.448077863764045   9.502764561294712e-49
                 7.28125       1.497165248976386   9.502764561294712e-49
                 7.28125       1.546252634188726   9.502764561294712e-49
                 7.28125       1.595340019401067   9.502764561294712e-49
                 7.28125       1.644427404613407   9.502764561294712e-49
                 7.28125       1.693514789825748   9.502764561294712e-49
                 7.28125       1.742602175038088   9.502764561294712e-49
                 7.28125       1.791689560250429   9.502764561294712e-49
                 7.28125       1.840776945462769   9.502764561294712e-49
                 7.28125        1.88986433067511   9.502764561294712e-49
                 7.28125       1.938951715887451   9.502764561294712e-49
                 7.28125       1.988039101099791   9.502764561294712e-49
                 7.28125       2.037126486312132   9.502764561294712e-49
                 7.28125       2.086213871524472   9.502764561294712e-49
                 7.28125       2.135301256736812   9.502764561294712e-49
                 7.28125       2.184388641949153   9.502764561294712e-49
                 7.28125       2.233476027161494   9.502764561294712e-49
                 7.28125       2.282563412373834   9.502764561294712e-49
                 7.28125       2.331650797586175   9.502764561294712e-49
                 7.28125       2.380738182798515   9.502764561294712e-49
                 7.28125       2.429825568010856   9.502764561294712e-49
                 7.28125       2.478912953223196   9.502764561294712e-49
                 7.28125       2.528000338435537   9.502764561294712e-49
                 7.28125       2.577087723647877   9.502764561294712e-49
                 7.28125       2.626175108860218   9.502764561294712e-49
                 7.28125       2.675262494072558   9.502764561294712e-49
                 7.28125       2.724349879284899   9.502764561294712e-49
                 7.28125       2.773437264497239   9.502764561294712e-49
                 7.28125        2.82252464970958   9.502764561294712e-49
                 7.28125        2.87161203492192   9.502764561294712e-49
                 7.28125       2.920699420134261   9.502764561294712e-49
                 7.28125       2.969786805346601   9.502764561294712e-49
                 7.28125       3.018874190558942   9.502764561294712e-49
                 7.28125       3.067961575771282   9.502764561294712e-49
                 7.28125       3.117048960983623   9.502764561294712e-49

                 7.34375     0.02454369260617026   1.553440787334104e-49
                 7.34375     0.07363107781851078   1.553440787334104e-49
                 7.34375      0.1227184630308513   1.553440787334104e-49
                 7.34375      0.1718058482431918   1.553440787334104e-49
                 7.34375      0.2208932334555323   1.553440787334104e-49
                 7.34375      0.2699806186678728   1.553440787334104e-49
                 7.34375      0.3190680038802134   1.553440787334104e-49
                 7.34375      0.3681553890925539   1.553440787334104e-49
                 7.34375      0.4172427743048944   1.553440787334104e-49
                 7.34375      0.4663301595172349   1.553440787334104e-49
                 7.34375      0.5154175447295755   1.553440787334104e-49
                 7.34375      0.5645049299419159   1.553440787334104e-49
                 7.34375      0.6135923151542565   1.553440787334104e-49
                 7.34375       0.662679700366597   1.553440787334104e-49
                 7.34375      0.7117670855789375   1.553440787334104e-49
                 7.34375       0.760854470791278   1.553440787334104e-49
                 7.34375      0.8099418560036186   1.553440787334104e-49
                 7.34375       0.859029241215959   1.553440787334104e-49
                 7.34375      0.9081166264282996   1.553440787334104e-49
                 7.34375      0.9572040116406401   1.553440787334104e-49
                 7.34375       1.006291396852981   1.553440787334104e-49
                 7.34375       1.055378782065321   1.553440787334104e-49
                 7.34375       1.104466167277662   1.553440787334104e-49
                 7.34375       1.153553552490002   1.553440787334104e-49
                 7.34375       1.202640937702343   1.553440787334104e-49
                 7.34375       1.251728322914683   1.553440787334104e-49
                 7.34375       1.300815708127024   1.553440787334104e-49
                 7.34375       1.349903093339364   1.553440787334104e-49
                 7.34375       1.398990478551705   1.553440787334104e-49
                 7.34375       1.448077863764045   1.553440787334104e-49
                 7.34375       1.497165248976386   1.553440787334104e-49
                 7.34375       1.546252634188726   1.553440787334104e-49
                 7.34375       1.595340019401067   1.553440787334104e-49
                 7.34375       1.644427404613407   1.553440787334104e-49
                 7.34375       1.693514789825748   1.553440787334104e-49
                 7.34375       1.742602175038088   1.553440787334104e-49
                 7.34375       1.791689560250429   1.553440787334104e-49
                 7.34375       1.840776945462769   1.553440787334104e-49
                 7.34375        1.88986433067511   1.553440787334104e-49
                 7.34375       1.938951715887451   1.553440787334104e-49
                 7.34375       1.988039101099791   1.553440787334104e-49
                 7.34375       2.037126486312132   1.553440787334104e-49
                 7.34375       2.086213871524472   1.553440787334104e-49
                 7.34375       2.135301256736812   1.553440787334104e-49
                 7.34375       2.184388641949153   1.553440787334104e-49
                 7.34375       2.233476027161494   1.553440787334104e-49
                 7.34375       2.282563412373834   1.553440787334104e-49
                 7.34375       2.331650797586175   1.553440787334104e-49
                 7.34375       2.380738182798515   1.553440787334104e-49
                 7.34375       2.429825568010856   1.553440787334104e-49
                 7.34375       2.478912953223196   1.553440787334104e-49
                 7.34375       2.528000338435537   1.553440787334104e-49
                 7.34375       2.577087723647877   1.553440787334104e-49
                 7.34375       2.626175108860218   1.553440787334104e-49
                 7.34375       2.675262494072558   1.553440787334104e-49
                 7.34375       2.724349879284899   1.553440787334104e-49
                 7.34375       2.773437264497239   1.553440787334104e-49
                 7.34375        2.82252464970958   1.553440787334104e-49
                 7.34375        2.87161203492192   1.553440787334104e-49
                 7.34375       2.920699420134261   1.553440787334104e-49
                 7.34375       2.969786805346601   1.553440787334104e-49
                 7.34375       3.018874190558942   1.553440787334104e-49
                 7.34375       3.067961575771282   1.553440787334104e-49
                 7.34375       3.117048960983623   1.553440787334104e-49

                 7.40625     0.02454369260617026   2.499721009313757e-50
                 7.40625     0.07363107781851078   2.499721009313757e-50
                 7.40625      0.1227184630308513   2.499721009313757e-50
                 7.40625      0.1718058482431918   2.499721009313757e-50
                 7.40625      0.2208932334555323   2.499721009313757e-50
                 7.40625      0.2699806186678728   2.499721009313757e-50
                 7.40625      0.3190680038802134   2.499721009313757e-50
                 7.40625      0.3681553890925539   2.499721009313757e-50
                 7.40625      0.4172427743048944   2.499721009313757e-50
                 7.40625      0.4663301595172349   2.499721009313757e-50
                 7.40625      0.5154175447295755   2.499721009313757e-50
                 7.40625      0.5645049299419159   2.499721009313757e-50
                 7.40625      0.6135923151542565   2.499721009313757e-50
                 7.40625       0.662679700366597   2.499721009313757e-50
                 7.40625      0.7117670855789375   2.499721009313757e-50
                 7.40625       0.760854470791278   2.499721009313757e-50
                 7.40625      0.8099418560036186   2.499721009313757e-50
                 7.40625       0.859029241215959   2.499721009313757e-50
                 7.40625      0.9081166264282996   2.499721009313757e-50
                 7.40625      0.9572040116406401   2.499721009313757e-50
                 7.40625       1.006291396852981   2.499721009313757e-50
                 7.40625       1.055378782065321   2.499721009313757e-50
                 7.40625       1.104466167277662   2.499721009313757e-50
                 7.40625       1.153553552490002   2.499721009313757e-50
                 7.40625       1.202640937702343   2.499721009313757e-50
                 7.40625       1.251728322914683   2.499721009313757e-50
                 7.40625       1.300815708127024   2.499721009313757e-50
                 7.40625       1.349903093339364   2.499721009313757e-50
                 7.40625       1.398990478551705   2.499721009313757e-50
                 7.40625       1.448077863764045   2.499721009313757e-50
                 7.40625       1.497165248976386   2.499721009313757e-50
                 7.40625       1.546252634188726   2.499721009313757e-50
                 7.40625       1.595340019401067   2.499721009313757e-50
                 7.40625       1.644427404613407   2.499721009313757e-50
                 7.40625       1.693514789825748   2.499721009313757e-50
                 7.40625       1.742602175038088   2.499721009313757e-50
                 7.40625       1.791689560250429   2.499721009313757e-50
                 7.40625       1.840776945462769   2.499721009313757e-50
                 7.40625        1.88986433067511   2.499721009313757e-50
                 7.40625       1.938951715887451   2.499721009313757e-50
                 7.40625       1.988039101099791   2.499721009313757e-50
                 7.40625       2.037126486312132   2.499721009313757e-50
                 7.40625       2.086213871524472   2.499721009313757e-50
                 7.40625       2.135301256736812   2.499721009313757e-50
                 7.40625       2.184388641949153   2.499721009313757e-50
                 7.40625       2.233476027161494   2.499721009313757e-50
                 7.40625       2.282563412373834   2.499721009313757e-50
                 7.40625       2.331650797586175   2.499721009313757e-50
                 7.40625       2.380738182798515   2.499721009313757e-50
                 7.40625       2.429825568010856   2.499721009313757e-50
                 7.40625       2.478912953223196   2.499721009313757e-50
                 7.40625       2.528000338435537   2.499721009313757e-50
                 7.40625       2.577087723647877   2.499721009313757e-50
                 7.40625       2.626175108860218   2.499721009313757e-50
                 7.40625       2.675262494072558   2.499721009313757e-50
                 7.40625       2.724349879284899   2.499721009313757e-50
                 7.40625       2.773437264497239   2.499721009313757e-50
                 7.40625        2.82252464970958   2.499721009313757e-50
                 7.40625        2.87161203492192   2.499721009313757e-50
                 7.40625       2.920699420134261   2.499721009313757e-50
                 7.40625       2.969786805346601   2.499721009313757e-50
                 7.40625       3.018874190558942   2.499721009313757e-50
                 7.40625       3.067961575771282   2.499721009313757e-50
                 7.40625       3.117048960983623   2.499721009313757e-50

                 7.46875     0.02454369260617026   3.959510576453993e-51
                 7.46875     0.07363107781851078   3.959510576453993e-51
                 7.46875      0.1227184630308513   3.959510576453993e-51
                 7.46875      0.1718058482431918   3.959510576453993e-51
                 7.46875      0.2208932334555323   3.959510576453993e-51
                 7.46875      0.2699806186678728   3.959510576453993e-51
                 7.46875      0.3190680038802134   3.959510576453993e-51
                 7.46875      0.3681553890925539   3.959510576453993e-51
                 7.46875      0.4172427743048944   3.959510576453993e-51
                 7.46875      0.4663301595172349   3.959510576453993e-51
                 7.46875      0.5154175447295755   3.959510576453993e-51
                 7.46875      0.5645049299419159   3.959510576453993e-51
                 7.46875      0.6135923151542565   3.959510576453993e-51
                 7.46875       0.662679700366597   3.959510576453993e-51
                 7.46875      0.7117670855789375   3.959510576453993e-51
                 7.46875       0.760854470791278   3.959510576453993e-51
                 7.46875      0.8099418560036186   3.959510576453993e-51
                 7.46875       0.859029241215959   3.959510576453993e-51
                 7.46875      0.9081166264282996   3.959510576453993e-51
                 7.46875      0.9572040116406401   3.959510576453993e-51
                 7.46875       1.006291396852981   3.959510576453993e-51
                 7.46875       1.055378782065321   3.959510576453993e-51
                 7.46875       1.104466167277662   3.959510576453993e-51
                 7.46875       1.153553552490002   3.959510576453993e-51
                 7.46875       1.202640937702343   3.959510576453993e-51
                 7.46875       1.251728322914683   3.959510576453993e-51
                 7.46875       1.300815708127024   3.959510576453993e-51
                 7.46875       1.349903093339364   3.959510576453993e-51
                 7.46875       1.398990478551705   3.959510576453993e-51
                 7.46875       1.448077863764045   3.959510576453993e-51
                 7.46875       1.497165248976386   3.959510576453993e-51
                 7.46875       1.546252634188726   3.959510576453993e-51
                 7.46875       1.595340019401067   3.959510576453993e-51
                 7.46875       1.644427404613407   3.959510576453993e-51
                 7.46875       1.693514789825748   3.959510576453993e-51
                 7.46875       1.742602175038088   3.959510576453993e-51
                 7.46875       1.791689560250429   3.959510576453993e-51
                 7.46875       1.840776945462769   3.959510576453993e-51
                 7.46875        1.88986433067511   3.959510576453993e-51
                 7.46875       1.938951715887451   3.959510576453993e-51
                 7.46875       1.988039101099791   3.959510576453993e-51
                 7.46875       2.037126486312132   3.959510576453993e-51
                 7.46875       2.086213871524472   3.959510576453993e-51
                 7.46875       2.135301256736812   3.959510576453993e-51
                 7.46875       2.184388641949153   3.959510576453993e-51
                 7.46875       2.233476027161494   3.959510576453993e-51
                 7.46875       2.282563412373834   3.959510576453993e-51
                 7.46875       2.331650797586175   3.959510576453993e-51
                 7.46875       2.380738182798515   3.959510576453993e-51
                 7.46875       2.429825568010856   3.959510576453993e-51
                 7.46875       2.478912953223196   3.959510576453993e-51
                 7.46875       2.528000338435537   3.959510576453993e-51
                 7.46875       2.577087723647877   3.959510576453993e-51
                 7.46875       2.626175108860218   3.959510576453993e-51
                 7.46875       2.675262494072558   3.959510576453993e-51
                 7.46875       2.724349879284899   3.959510576453993e-51
                 7.46875       2.773437264497239   3.959510576453993e-51
                 7.46875        2.82252464970958   3.959510576453993e-51
                 7.46875        2.87161203492192   3.959510576453993e-51
                 7.46875       2.920699420134261   3.959510576453993e-51
                 7.46875       2.969786805346601   3.959510576453993e-51
                 7.46875       3.018874190558942   3.959510576453993e-51
                 7.46875       3.067961575771282   3.959510576453993e-51
                 7.46875       3.117048960983623   3.959510576453993e-51

                 7.53125     0.02454369260617026   6.173701228845353e-52
                 7.53125     0.07363107781851078   6.173701228845353e-52
                 7.53125      0.1227184630308513   6.173701228845353e-52
                 7.53125      0.1718058482431918   6.173701228845353e-52
                 7.53125      0.2208932334555323   6.173701228845353e-52
                 7.53125      0.2699806186678728   6.173701228845353e-52
                 7.53125      0.3190680038802134   6.173701228845353e-52
                 7.53125      0.3681553890925539   6.173701228845353e-52
                 7.53125      0.4172427743048944   6.173701228845353e-52
                 7.53125      0.4663301595172349   6.173701228845353e-52
                 7.53125      0.5154175447295755   6.173701228845353e-52
                 7.53125      0.5645049299419159   6.173701228845353e-52
                 7.53125      0.6135923151542565   6.173701228845353e-52
                 7.53125       0.662679700366597   6.173701228845353e-52
                 7.53125      0.7117670855789375   6.173701228845353e-52
                 7.53125       0.760854470791278   6.173701228845353e-52
                 7.53125      0.8099418560036186   6.173701228845353e-52
                 7.53125       0.859029241215959   6.173701228845353e-52
                 7.53125      0.9081166264282996   6.173701228845353e-52
                 7.53125      0.9572040116406401   6.173701228845353e-52
                 7.53125       1.006291396852981   6.173701228845353e-52
                 7.53125       1.055378782065321   6.173701228845353e-52
                 7.53125       1.104466167277662   6.173701228845353e-52
                 7.53125       1.153553552490002   6.173701228845353e-52
                 7.53125       1.202640937702343   6.173701228845353e-52
                 7.53125       1.251728322914683   6.173701228845353e-52
                 7.53125       1.300815708127024   6.173701228845353e-52
                 7.53125       1.349903093339364   6.173701228845353e-52
                 7.53125       1.398990478551705   6.173701228845353e-52
                 7.53125       1.448077863764045   6.173701228845353e-52
                 7.53125       1.497165248976386   6.173701228845353e-52
                 7.53125       1.546252634188726   6.173701228845353e-52
                 7.53125       1.595340019401067   6.173701228845353e-52
                 7.53125       1.644427404613407   6.173701228845353e-52
                 7.53125       1.693514789825748   6.173701228845353e-52
                 7.53125       1.742602175038088   6.173701228845353e-52
                 7.53125       1.791689560250429   6.173701228845353e-52
                 7.53125       1.840776945462769   6.173701228845353e-52
                 7.53125        1.88986433067511   6.173701228845353e-52
                 7.53125       1.938951715887451   6.173701228845353e-52
                 7.53125       1.988039101099791   6.173701228845353e-52
                 7.53125       2.037126486312132   6.173701228845353e-52
                 7.53125       2.086213871524472   6.173701228845353e-52
                 7.53125       2.135301256736812   6.173701228845353e-52
                 7.53125       2.184388641949153   6.173701228845353e-52
                 7.53125       2.233476027161494   6.173701228845353e-52
                 7.53125       2.282563412373834   6.173701228845353e-52
                 7.53125       2.331650797586175   6.173701228845353e-52
                 7.53125       2.380738182798515   6.173701228845353e-52
                 7.53125       2.429825568010856   6.173701228845353e-52
                 7.53125       2.478912953223196   6.173701228845353e-52
                 7.53125       2.528000338435537   6.173701228845353e-52
                 7.53125       2.577087723647877   6.173701228845353e-52
                 7.53125       2.626175108860218   6.173701228845353e-52
                 7.53125       2.675262494072558   6.173701228845353e-52
                 7.53125       2.724349879284899   6.173701228845353e-52
                 7.53125       2.773437264497239   6.173701228845353e-52
                 7.53125        2.82252464970958   6.173701228845353e-52
                 7.53125        2.87161203492192   6.173701228845353e-52
                 7.53125       2.920699420134261   6.173701228845353e-52
                 7.53125       2.969786805346601   6.173701228845353e-52
                 7.53125       3.018874190558942   6.173701228845353e-52
                 7.53125       3.067961575771282   6.173701228845353e-52
                 7.53125       3.117048960983623   6.173701228845353e-52

                 7.59375     0.02454369260617026   9.475558607166218e-53
                 7.59375     0.07363107781851078   9.475558607166218e-53
                 7.59375      0.1227184630308513   9.475558607166218e-53
                 7.59375      0.1718058482431918   9.475558607166218e-53
                 7.59375      0.2208932334555323   9.475558607166218e-53
                 7.59375      0.2699806186678728   9.475558607166218e-53
                 7.59375      0.3190680038802134   9.475558607166218e-53
                 7.59375      0.3681553890925539   9.475558607166218e-53
                 7.59375      0.4172427743048944   9.475558607166218e-53
                 7.59375      0.4663301595172349   9.475558607166218e-53
                 7.59375      0.5154175447295755   9.475558607166218e-53
                 7.59375      0.5645049299419159   9.475558607166218e-53
                 7.59375      0.6135923151542565   9.475558607166218e-53
                 7.59375       0.662679700366597   9.475558607166218e-53
                 7.59375      0.7117670855789375   9.475558607166218e-53
                 7.59375       0.760854470791278   9.475558607166218e-53
                 7.59375      0.8099418560036186   9.475558607166218e-53
                 7.59375       0.859029241215959   9.475558607166218e-53
                 7.59375      0.9081166264282996   9.475558607166218e-53
                 7.59375      0.9572040116406401   9.475558607166218e-53
                 7.59375       1.006291396852981   9.475558607166218e-53
                 7.59375       1.055378782065321   9.475558607166218e-53
                 7.59375       1.104466167277662   9.475558607166218e-53
                 7.59375       1.153553552490002   9.475558607166218e-53
                 7.59375       1.202640937702343   9.475558607166218e-53
                 7.59375       1.251728322914683   9.475558607166218e-53
                 7.59375       1.300815708127024   9.475558607166218e-53
                 7.59375       1.349903093339364   9.475558607166218e-53
                 7.59375       1.398990478551705   9.475558607166218e-53
                 7.59375       1.448077863764045   9.475558607166218e-53
                 7.59375       1.497165248976386   9.475558607166218e-53
                 7.59375       1.546252634188726   9.475558607166218e-53
                 7.59375       1.595340019401067   9.475558607166218e-53
                 7.59375       1.644427404613407   9.475558607166218e-53
                 7.59375       1.693514789825748   9.475558607166218e-53
                 7.59375       1.742602175038088   9.475558607166218e-53
                 7.59375       1.791689560250429   9.475558607166218e-53
                 7.59375       1.840776945462769   9.475558607166218e-53
                 7.59375        1.88986433067511   9.475558607166218e-53
                 7.59375       1.938951715887451   9.475558607166218e-53
                 7.59375       1.988039101099791   9.475558607166218e-53
                 7.59375       2.037126486312132   9.475558607166218e-53
                 7.59375       2.086213871524472   9.475558607166218e-53
                 7.59375       2.135301256736812   9.475558607166218e-53
                 7.59375       2.184388641949153   9.475558607166218e-53
                 7.59375       2.233476027161494   9.475558607166218e-53
                 7.59375       2.282563412373834   9.475558607166218e-53
                 7.59375       2.331650797586175   9.475558607166218e-53
                 7.59375       2.380738182798515   9.475558607166218e-53
                 7.59375       2.429825568010856   9.475558607166218e-53
                 7.59375       2.478912953223196   9.475558607166218e-53
                 7.59375       2.528000338435537   9.475558607166218e-53
                 7.59375       2.577087723647877   9.475558607166218e-53
                 7.59375       2.626175108860218   9.475558607166218e-53
                 7.59375       2.675262494072558   9.475558607166218e-53
                 7.59375       2.724349879284899   9.475558607166218e-53
                 7.59375       2.773437264497239   9.475558607166218e-53
                 7.59375        2.82252464970958   9.475558607166218e-53
                 7.59375        2.87161203492192   9.475558607166218e-53
                 7.59375       2.920699420134261   9.475558607166218e-53
                 7.59375       2.969786805346601   9.475558607166218e-53
                 7.59375       3.018874190558942   9.475558607166218e-53
                 7.59375       3.067961575771282   9.475558607166218e-53
                 7.59375       3.117048960983623   9.475558607166218e-53

                 7.65625     0.02454369260617026   1.431594772682475e-53
                 7.65625     0.07363107781851078   1.431594772682475e-53
                 7.65625      0.1227184630308513   1.431594772682475e-53
                 7.65625      0.1718058482431918   1.431594772682475e-53
                 7.65625      0.2208932334555323   1.431594772682475e-53
                 7.65625      0.2699806186678728   1.431594772682475e-53
                 7.65625      0.3190680038802134   1.431594772682475e-53
                 7.65625      0.3681553890925539   1.431594772682475e-53
                 7.65625      0.4172427743048944   1.431594772682475e-53
                 7.65625      0.4663301595172349   1.431594772682475e-53
                 7.65625      0.5154175447295755   1.431594772682475e-53
                 7.65625      0.5645049299419159   1.431594772682475e-53
                 7.65625      0.6135923151542565   1.431594772682475e-53
                 7.65625       0.662679700366597   1.431594772682475e-53
                 7.65625      0.7117670855789375   1.431594772682475e-53
                 7.65625       0.760854470791278   1.431594772682475e-53
                 7.65625      0.8099418560036186   1.431594772682475e-53
                 7.65625       0.859029241215959   1.431594772682475e-53
                 7.65625      0.9081166264282996   1.431594772682475e-53
                 7.65625      0.9572040116406401   1.431594772682475e-53
                 7.65625       1.006291396852981   1.431594772682475e-53
                 7.65625       1.055378782065321   1.431594772682475e-53
                 7.65625       1.104466167277662   1.431594772682475e-53
                 7.65625       1.153553552490002   1.431594772682475e-53
                 7.65625       1.202640937702343   1.431594772682475e-53
                 7.65625       1.251728322914683   1.431594772682475e-53
                 7.65625       1.300815708127024   1.431594772682475e-53
                 7.65625       1.349903093339364   1.431594772682475e-53
                 7.65625       1.398990478551705   1.431594772682475e-53
                 7.65625       1.448077863764045   1.431594772682475e-53
                 7.65625       1.497165248976386   1.431594772682475e-53
                 7.65625       1.546252634188726   1.431594772682475e-53
                 7.65625       1.595340019401067   1.431594772682475e-53
                 7.65625       1.644427404613407   1.431594772682475e-53
                 7.65625       1.693514789825748   1.431594772682475e-53
                 7.65625       1.742602175038088   1.431594772682475e-53
                 7.65625       1.791689560250429   1.431594772682475e-53
                 7.65625       1.840776945462769   1.431594772682475e-53
                 7.65625        1.88986433067511   1.431594772682475e-53
                 7.65625       1.938951715887451   1.431594772682475e-53
                 7.65625       1.988039101099791   1.431594772682475e-53
                 7.65625       2.037126486312132   1.431594772682475e-53
                 7.65625       2.086213871524472   1.431594772682475e-53
                 7.65625       2.135301256736812   1.431594772682475e-53
                 7.65625       2.184388641949153   1.431594772682475e-53
                 7.65625       2.233476027161494   1.431594772682475e-53
                 7.65625       2.282563412373834   1.431594772682475e-53
                 7.65625       2.331650797586175   1.431594772682475e-53
                 7.65625       2.380738182798515   1.431594772682475e-53
                 7.65625       2.429825568010856   1.431594772682475e-53
                 7.65625       2.478912953223196   1.431594772682475e-53
                 7.65625       2.528000338435537   1.431594772682475e-53
                 7.65625       2.577087723647877   1.431594772682475e-53
                 7.65625       2.626175108860218   1.431594772682475e-53
                 7.65625       2.675262494072558   1.431594772682475e-53
                 7.65625       2.724349879284899   1.431594772682475e-53
                 7.65625       2.773437264497239   1.431594772682475e-53
                 7.65625        2.82252464970958   1.431594772682475e-53
                 7.65625        2.87161203492192   1.431594772682475e-53
                 7.65625       2.920699420134261   1.431594772682475e-53
                 7.65625       2.969786805346601   1.431594772682475e-53
                 7.65625       3.018874190558942   1.431594772682475e-53
                 7.65625       3.067961575771282   1.431594772682475e-53
                 7.65625       3.117048960983623   1.431594772682475e-53

                 7.71875     0.02454369260617026   2.129081989656081e-54
                 7.71875     0.07363107781851078   2.129081989656081e-54
                 7.71875      0.1227184630308513   2.129081989656081e-54
                 7.71875      0.1718058482431918   2.129081989656081e-54
                 7.71875      0.2208932334555323   2.129081989656081e-54
                 7.71875      0.2699806186678728   2.129081989656081e-54
                 7.71875      0.3190680038802134   2.129081989656081e-54
                 7.71875      0.3681553890925539   2.129081989656081e-54
                 7.71875      0.4172427743048944   2.129081989656081e-54
                 7.71875      0.4663301595172349   2.129081989656081e-54
                 7.71875      0.5154175447295755   2.129081989656081e-54
                 7.71875      0.5645049299419159   2.129081989656081e-54
                 7.71875      0.6135923151542565   2.129081989656081e-54
                 7.71875       0.662679700366597   2.129081989656081e-54
                 7.71875      0.7117670855789375   2.129081989656081e-54
                 7.71875       0.760854470791278   2.129081989656081e-54
                 7.71875      0.8099418560036186   2.129081989656081e-54
                 7.71875       0.859029241215959   2.129081989656081e-54
                 7.71875      0.9081166264282996   2.129081989656081e-54
                 7.71875      0.9572040116406401   2.129081989656081e-54
                 7.71875       1.006291396852981   2.129081989656081e-54
                 7.71875       1.055378782065321   2.129081989656081e-54
                 7.71875       1.104466167277662   2.129081989656081e-54
                 7.71875       1.153553552490002   2.129081989656081e-54
                 7.71875       1.202640937702343   2.129081989656081e-54
                 7.71875       1.251728322914683   2.129081989656081e-54
                 7.71875       1.300815708127024   2.129081989656081e-54
                 7.71875       1.349903093339364   2.129081989656081e-54
                 7.71875       1.398990478551705   2.129081989656081e-54
                 7.71875       1.448077863764045   2.129081989656081e-54
                 7.71875       1.497165248976386   2.129081989656081e-54
                 7.71875       1.546252634188726   2.129081989656081e-54
                 7.71875       1.595340019401067   2.129081989656081e-54
                 7.71875       1.644427404613407   2.129081989656081e-54
                 7.71875       1.693514789825748   2.129081989656081e-54
                 7.71875       1.742602175038088   2.129081989656081e-54
                 7.71875       1.791689560250429   2.129081989656081e-54
                 7.71875       1.840776945462769   2.129081989656081e-54
                 7.71875        1.88986433067511   2.129081989656081e-54
                 7.71875       1.938951715887451   2.129081989656081e-54
                 7.71875       1.988039101099791   2.129081989656081e-54
                 7.71875       2.037126486312132   2.129081989656081e-54
                 7.71875       2.086213871524472   2.129081989656081e-54
                 7.71875       2.135301256736812   2.129081989656081e-54
                 7.71875       2.184388641949153   2.129081989656081e-54
                 7.71875       2.233476027161494   2.129081989656081e-54
                 7.71875       2.282563412373834   2.129081989656081e-54
                 7.71875       2.331650797586175   2.129081989656081e-54
                 7.71875       2.380738182798515   2.129081989656081e-54
                 7.71875       2.429825568010856   2.129081989656081e-54
                 7.71875       2.478912953223196   2.129081989656081e-54
                 7.71875       2.528000338435537   2.129081989656081e-54
                 7.71875       2.577087723647877   2.129081989656081e-54
                 7.71875       2.626175108860218   2.129081989656081e-54
                 7.71875       2.675262494072558   2.129081989656081e-54
                 7.71875       2.724349879284899   2.129081989656081e-54
                 7.71875       2.773437264497239   2.129081989656081e-54
                 7.71875        2.82252464970958   2.129081989656081e-54
                 7.71875        2.87161203492192   2.129081989656081e-54
                 7.71875       2.920699420134261   2.129081989656081e-54
                 7.71875       2.969786805346601   2.129081989656081e-54
                 7.71875       3.018874190558942   2.129081989656081e-54
                 7.71875       3.067961575771282   2.129081989656081e-54
                 7.71875       3.117048960983623   2.129081989656081e-54

                 7.78125     0.02454369260617026   3.116897918910973e-55
                 7.78125     0.07363107781851078   3.116897918910973e-55
                 7.78125      0.1227184630308513   3.116897918910973e-55
                 7.78125      0.1718058482431918   3.116897918910973e-55
                 7.78125      0.2208932334555323   3.116897918910973e-55
                 7.78125      0.2699806186678728   3.116897918910973e-55
                 7.78125      0.3190680038802134   3.116897918910973e-55
                 7.78125      0.3681553890925539   3.116897918910973e-55
                 7.78125      0.4172427743048944   3.116897918910973e-55
                 7.78125      0.4663301595172349   3.116897918910973e-55
                 7.78125      0.5154175447295755   3.116897918910973e-55
                 7.78125      0.5645049299419159   3.116897918910973e-55
                 7.78125      0.6135923151542565   3.116897918910973e-55
                 7.78125       0.662679700366597   3.116897918910973e-55
                 7.78125      0.7117670855789375   3.116897918910973e-55
                 7.78125       0.760854470791278   3.116897918910973e-55
                 7.78125      0.8099418560036186   3.116897918910973e-55
                 7.78125       0.859029241215959   3.116897918910973e-55
                 7.78125      0.9081166264282996   3.116897918910973e-55
                 7.78125      0.9572040116406401   3.116897918910973e-55
                 7.78125       1.006291396852981   3.116897918910973e-55
                 7.78125       1.055378782065321   3.116897918910973e-55
                 7.78125       1.104466167277662   3.116897918910973e-55
                 7.78125       1.153553552490002   3.116897918910973e-55
                 7.78125       1.202640937702343   3.116897918910973e-55
                 7.78125       1.251728322914683   3.116897918910973e-55
                 7.78125       1.300815708127024   3.116897918910973e-55
                 7.78125       1.349903093339364   3.116897918910973e-55
                 7.78125       1.398990478551705   3.116897918910973e-55
                 7.78125       1.448077863764045   3.116897918910973e-55
                 7.78125       1.497165248976386   3.116897918910973e-55
                 7.78125       1.546252634188726   3.116897918910973e-55
                 7.78125       1.595340019401067   3.116897918910973e-55
                 7.78125       1.644427404613407   3.116897918910973e-55
                 7.78125       1.693514789825748   3.116897918910973e-55
                 7.78125       1.742602175038088   3.116897918910973e-55
                 7.78125       1.791689560250429   3.116897918910973e-55
                 7.78125       1.840776945462769   3.116897918910973e-55
                 7.78125        1.88986433067511   3.116897918910973e-55
                 7.78125       1.938951715887451   3.116897918910973e-55
                 7.78125       1.988039101099791   3.116897918910973e-55
                 7.78125       2.037126486312132   3.116897918910973e-55
                 7.78125       2.086213871524472   3.116897918910973e-55
                 7.78125       2.135301256736812   3.116897918910973e-55
                 7.78125       2.184388641949153   3.116897918910973e-55
                 7.78125       2.233476027161494   3.116897918910973e-55
                 7.78125       2.282563412373834   3.116897918910973e-55
                 7.78125       2.331650797586175   3.116897918910973e-55
                 7.78125       2.380738182798515   3.116897918910973e-55
                 7.78125       2.429825568010856   3.116897918910973e-55
                 7.78125       2.478912953223196   3.116897918910973e-55
                 7.78125       2.528000338435537   3.116897918910973e-55
                 7.78125       2.577087723647877   3.116897918910973e-55
                 7.78125       2.626175108860218   3.116897918910973e-55
                 7.78125       2.675262494072558   3.116897918910973e-55
                 7.78125       2.724349879284899   3.116897918910973e-55
                 7.78125       2.773437264497239   3.116897918910973e-55
                 7.78125        2.82252464970958   3.116897918910973e-55
                 7.78125        2.87161203492192   3.116897918910973e-55
                 7.78125       2.920699420134261   3.116897918910973e-55
                 7.78125       2.969786805346601   3.116897918910973e-55
                 7.78125       3.018874190558942   3.116897918910973e-55
                 7.78125       3.067961575771282   3.116897918910973e-55
                 7.78125       3.117048960983623   3.116897918910973e-55

                 7.84375     0.02454369260617026    4.49170857378317e-56
                 7.84375     0.07363107781851078    4.49170857378317e-56
                 7.84375      0.1227184630308513    4.49170857378317e-56
                 7.84375      0.1718058482431918    4.49170857378317e-56
                 7.84375      0.2208932334555323    4.49170857378317e-56
                 7.84375      0.2699806186678728    4.49170857378317e-56
                 7.84375      0.3190680038802134    4.49170857378317e-56
                 7.84375      0.3681553890925539    4.49170857378317e-56
                 7.84375      0.4172427743048944    4.49170857378317e-56
                 7.84375      0.4663301595172349    4.49170857378317e-56
                 7.84375      0.5154175447295755    4.49170857378317e-56
                 7.84375      0.5645049299419159    4.49170857378317e-56
                 7.84375      0.6135923151542565    4.49170857378317e-56
                 7.84375       0.662679700366597    4.49170857378317e-56
                 7.84375      0.7117670855789375    4.49170857378317e-56
                 7.84375       0.760854470791278    4.49170857378317e-56
                 7.84375      0.8099418560036186    4.49170857378317e-56
                 7.84375       0.859029241215959    4.49170857378317e-56
                 7.84375      0.9081166264282996    4.49170857378317e-56
                 7.84375      0.9572040116406401    4.49170857378317e-56
                 7.84375       1.006291396852981    4.49170857378317e-56
                 7.84375       1.055378782065321    4.49170857378317e-56
                 7.84375       1.104466167277662    4.49170857378317e-56
                 7.84375       1.153553552490002    4.49170857378317e-56
                 7.84375       1.202640937702343    4.49170857378317e-56
                 7.84375       1.251728322914683    4.49170857378317e-56
                 7.84375       1.300815708127024    4.49170857378317e-56
                 7.84375       1.349903093339364    4.49170857378317e-56
                 7.84375       1.398990478551705    4.49170857378317e-56
                 7.84375       1.448077863764045    4.49170857378317e-56
                 7.84375       1.497165248976386    4.49170857378317e-56
                 7.84375       1.546252634188726    4.49170857378317e-56
                 7.84375       1.595340019401067    4.49170857378317e-56
                 7.84375       1.644427404613407    4.49170857378317e-56
                 7.84375       1.693514789825748    4.49170857378317e-56
                 7.84375       1.742602175038088    4.49170857378317e-56
                 7.84375       1.791689560250429    4.49170857378317e-56
                 7.84375       1.840776945462769    4.49170857378317e-56
                 7.84375        1.88986433067511    4.49170857378317e-56
                 7.84375       1.938951715887451    4.49170857378317e-56
                 7.84375       1.988039101099791    4.49170857378317e-56
                 7.84375       2.037126486312132    4.49170857378317e-56
                 7.84375       2.086213871524472    4.49170857378317e-56
                 7.84375       2.135301256736812    4.49170857378317e-56
                 7.84375       2.184388641949153    4.49170857378317e-56
                 7.84375       2.233476027161494    4.49170857378317e-56
                 7.84375       2.282563412373834    4.49170857378317e-56
                 7.84375       2.331650797586175    4.49170857378317e-56
                 7.84375       2.380738182798515    4.49170857378317e-56
                 7.84375       2.429825568010856    4.49170857378317e-56
                 7.84375       2.478912953223196    4.49170857378317e-56
                 7.84375       2.528000338435537    4.49170857378317e-56
                 7.84375       2.577087723647877    4.49170857378317e-56
                 7.84375       2.626175108860218    4.49170857378317e-56
                 7.84375       2.675262494072558    4.49170857378317e-56
                 7.84375       2.724349879284899    4.49170857378317e-56
                 7.84375       2.773437264497239    4.49170857378317e-56
                 7.84375        2.82252464970958    4.49170857378317e-56
                 7.84375        2.87161203492192    4.49170857378317e-56
                 7.84375       2.920699420134261    4.49170857378317e-56
                 7.84375       2.969786805346601    4.49170857378317e-56
                 7.84375       3.018874190558942    4.49170857378317e-56
                 7.84375       3.067961575771282    4.49170857378317e-56
                 7.84375       3.117048960983623    4.49170857378317e-56

                 7.90625     0.02454369260617026   6.371772046678165e-57
                 7.90625     0.07363107781851078   6.371772046678165e-57
                 7.90625      0.1227184630308513   6.371772046678165e-57
                 7.90625      0.1718058482431918   6.371772046678165e-57
                 7.90625      0.2208932334555323   6.371772046678165e-57
                 7.90625      0.2699806186678728   6.371772046678165e-57
                 7.90625      0.3190680038802134   6.371772046678165e-57
                 7.90625      0.3681553890925539   6.371772046678165e-57
                 7.90625      0.4172427743048944   6.371772046678165e-57
                 7.90625      0.4663301595172349   6.371772046678165e-57
                 7.90625      0.5154175447295755   6.371772046678165e-57
                 7.90625      0.5645049299419159   6.371772046678165e-57
                 7.90625      0.6135923151542565   6.371772046678165e-57
                 7.90625       0.662679700366597   6.371772046678165e-57
                 7.90625      0.7117670855789375   6.371772046678165e-57
                 7.90625       0.760854470791278   6.371772046678165e-57
                 7.90625      0.8099418560036186   6.371772046678165e-57
                 7.90625       0.859029241215959   6.371772046678165e-57
                 7.90625      0.9081166264282996   6.371772046678165e-57
                 7.90625      0.9572040116406401   6.371772046678165e-57
                 7.90625       1.006291396852981   6.371772046678165e-57
                 7.90625       1.055378782065321   6.371772046678165e-57
                 7.90625       1.104466167277662   6.371772046678165e-57
                 7.90625       1.153553552490002   6.371772046678165e-57
                 7.90625       1.202640937702343   6.371772046678165e-57
                 7.90625       1.251728322914683   6.371772046678165e-57
                 7.90625       1.300815708127024   6.371772046678165e-57
                 7.90625       1.349903093339364   6.371772046678165e-57
                 7.90625       1.398990478551705   6.371772046678165e-57
                 7.90625       1.448077863764045   6.371772046678165e-57
                 7.90625       1.497165248976386   6.371772046678165e-57
                 7.90625       1.546252634188726   6.371772046678165e-57
                 7.90625       1.595340019401067   6.371772046678165e-57
                 7.90625       1.644427404613407   6.371772046678165e-57
                 7.90625       1.693514789825748   6.371772046678165e-57
                 7.90625       1.742602175038088   6.371772046678165e-57
                 7.90625       1.791689560250429   6.371772046678165e-57
                 7.90625       1.840776945462769   6.371772046678165e-57
                 7.90625        1.88986433067511   6.371772046678165e-57
                 7.90625       1.938951715887451   6.371772046678165e-57
                 7.90625       1.988039101099791   6.371772046678165e-57
                 7.90625       2.037126486312132   6.371772046678165e-57
                 7.90625       2.086213871524472   6.371772046678165e-57
                 7.90625       2.135301256736812   6.371772046678165e-57
                 7.90625       2.184388641949153   6.371772046678165e-57
                 7.90625       2.233476027161494   6.371772046678165e-57
                 7.90625       2.282563412373834   6.371772046678165e-57
                 7.90625       2.331650797586175   6.371772046678165e-57
                 7.90625       2.380738182798515   6.371772046678165e-57
                 7.90625       2.429825568010856   6.371772046678165e-57
                 7.90625       2.478912953223196   6.371772046678165e-57
                 7.90625       2.528000338435537   6.371772046678165e-57
                 7.90625       2.577087723647877   6.371772046678165e-57
                 7.90625       2.626175108860218   6.371772046678165e-57
                 7.90625       2.675262494072558   6.371772046678165e-57
                 7.90625       2.724349879284899   6.371772046678165e-57
                 7.90625       2.773437264497239   6.371772046678165e-57
                 7.90625        2.82252464970958   6.371772046678165e-57
                 7.90625        2.87161203492192   6.371772046678165e-57
                 7.90625       2.920699420134261   6.371772046678165e-57
                 7.90625       2.969786805346601   6.371772046678165e-57
                 7.90625       3.018874190558942   6.371772046678165e-57
                 7.90625       3.067961575771282   6.371772046678165e-57
                 7.90625       3.117048960983623   6.371772046678165e-57

                 7.96875     0.02454369260617026   8.897528840268528e-58
                 7.96875     0.07363107781851078   8.897528840268528e-58
                 7.96875      0.1227184630308513   8.897528840268528e-58
                 7.96875      0.1718058482431918   8.897528840268528e-58
                 7.96875      0.2208932334555323   8.897528840268528e-58
                 7.96875      0.2699806186678728   8.897528840268528e-58
                 7.96875      0.3190680038802134   8.897528840268528e-58
                 7.96875      0.3681553890925539   8.897528840268528e-58
                 7.96875      0.4172427743048944   8.897528840268528e-58
                 7.96875      0.4663301595172349   8.897528840268528e-58
                 7.96875      0.5154175447295755   8.897528840268528e-58
                 7.96875      0.5645049299419159   8.897528840268528e-58
                 7.96875      0.6135923151542565   8.897528840268528e-58
                 7.96875       0.662679700366597   8.897528840268528e-58
                 7.96875      0.7117670855789375   8.897528840268528e-58
                 7.96875       0.760854470791278   8.897528840268528e-58
                 7.96875      0.8099418560036186   8.897528840268528e-58
                 7.96875       0.859029241215959   8.897528840268528e-58
                 7.96875      0.9081166264282996   8.897528840268528e-58
                 7.96875      0.9572040116406401   8.897528840268528e-58
                 7.96875       1.006291396852981   8.897528840268528e-58
                 7.96875       1.055378782065321   8.897528840268528e-58
                 7.96875       1.104466167277662   8.897528840268528e-58
                 7.96875       1.153553552490002   8.897528840268528e-58
                 7.96875       1.202640937702343   8.897528840268528e-58
                 7.96875       1.251728322914683   8.897528840268528e-58
                 7.96875       1.300815708127024   8.897528840268528e-58
                 7.96875       1.349903093339364   8.897528840268528e-58
                 7.96875       1.398990478551705   8.897528840268528e-58
                 7.96875       1.448077863764045   8.897528840268528e-58
                 7.96875       1.497165248976386   8.897528840268528e-58
                 7.96875       1.546252634188726   8.897528840268528e-58
                 7.96875       1.595340019401067   8.897528840268528e-58
                 7.96875       1.644427404613407   8.897528840268528e-58
                 7.96875       1.693514789825748   8.897528840268528e-58
                 7.96875       1.742602175038088   8.897528840268528e-58
                 7.96875       1.791689560250429   8.897528840268528e-58
                 7.96875       1.840776945462769   8.897528840268528e-58
                 7.96875        1.88986433067511   8.897528840268528e-58
                 7.96875       1.938951715887451   8.897528840268528e-58
                 7.96875       1.988039101099791   8.897528840268528e-58
                 7.96875       2.037126486312132   8.897528840268528e-58
                 7.96875       2.086213871524472   8.897528840268528e-58
                 7.96875       2.135301256736812   8.897528840268528e-58
                 7.96875       2.184388641949153   8.897528840268528e-58
                 7.96875       2.233476027161494   8.897528840268528e-58
                 7.96875       2.282563412373834   8.897528840268528e-58
                 7.96875       2.331650797586175   8.897528840268528e-58
                 7.96875       2.380738182798515   8.897528840268528e-58
                 7.96875       2.429825568010856   8.897528840268528e-58
                 7.96875       2.478912953223196   8.897528840268528e-58
                 7.96875       2.528000338435537   8.897528840268528e-58
                 7.96875       2.577087723647877   8.897528840268528e-58
                 7.96875       2.626175108860218   8.897528840268528e-58
                 7.96875       2.675262494072558   8.897528840268528e-58
                 7.96875       2.724349879284899   8.897528840268528e-58
                 7.96875       2.773437264497239   8.897528840268528e-58
                 7.96875        2.82252464970958   8.897528840268528e-58
                 7.96875        2.87161203492192   8.897528840268528e-58
                 7.96875       2.920699420134261   8.897528840268528e-58
                 7.96875       2.969786805346601   8.897528840268528e-58
                 7.96875       3.018874190558942   8.897528840268528e-58
                 7.96875       3.067961575771282   8.897528840268528e-58
                 7.96875       3.117048960983623   8.897528840268528e-58

                 8.03125     0.02454369260617026                       0
                 8.03125     0.07363107781851078                       0
                 8.03125      0.1227184630308513                       0
                 8.03125      0.1718058482431918                       0
                 8.03125      0.2208932334555323                       0
                 8.03125      0.2699806186678728                       0
                 8.03125      0.3190680038802134                       0
                 8.03125      0.3681553890925539                       0
                 8.03125      0.4172427743048944                       0
                 8.03125      0.4663301595172349                       0
                 8.03125      0.5154175447295755                       0
                 8.03125      0.5645049299419159                       0
                 8.03125      0.6135923151542565                       0
                 8.03125       0.662679700366597                       0
                 8.03125      0.7117670855789375                       0
                 8.03125       0.760854470791278                       0
                 8.03125      0.8099418560036186                       0
                 8.03125       0.859029241215959                       0
                 8.03125      0.9081166264282996                       0
                 8.03125      0.9572040116406401                       0
                 8.03125       1.006291396852981                       0
                 8.03125       1.055378782065321                       0
                 8.03125       1.104466167277662                       0
                 8.03125       1.153553552490002                       0
                 8.03125       1.202640937702343                       0
                 8.03125       1.251728322914683                       0
                 8.03125       1.300815708127024                       0
                 8.03125       1.349903093339364                       0
                 8.03125       1.398990478551705                       0
                 8.03125       1.448077863764045                       0
                 8.03125       1.497165248976386                       0
                 8.03125       1.546252634188726                       0
                 8.03125       1.595340019401067                       0
                 8.03125       1.644427404613407                       0
                 8.03125       1.693514789825748                       0
                 8.03125       1.742602175038088                       0
                 8.03125       1.791689560250429                       0
                 8.03125       1.840776945462769                       0
                 8.03125        1.88986433067511                       0
                 8.03125       1.938951715887451                       0
                 8.03125       1.988039101099791                       0
                 8.03125       2.037126486312132                       0
                 8.03125       2.086213871524472                       0
                 8.03125       2.135301256736812                       0
                 8.03125       2.184388641949153                       0
                 8.03125       2.233476027161494                       0
                 8.03125       2.282563412373834                       0
                 8.03125       2.331650797586175                       0
                 8.03125       2.380738182798515                       0
                 8.03125       2.429825568010856                       0
                 8.03125       2.478912953223196                       0
                 8.03125       2.528000338435537                       0
                 8.03125       2.577087723647877                       0
                 8.03125       2.626175108860218                       0
                 8.03125       2.675262494072558                       0
                 8.03125       2.724349879284899                       0
                 8.03125       2.773437264497239                       0
                 8.03125        2.82252464970958                       0
                 8.03125        2.87161203492192                       0
                 8.03125       2.920699420134261                       0
                 8.03125       2.969786805346601                       0
                 8.03125       3.018874190558942                       0
                 8.03125       3.067961575771282                       0
                 8.03125       3.117048960983623                       0

                 8.09375     0.02454369260617026                       0
                 8.09375     0.07363107781851078                       0
                 8.09375      0.1227184630308513                       0
                 8.09375      0.1718058482431918                       0
                 8.09375      0.2208932334555323                       0
                 8.09375      0.2699806186678728                       0
                 8.09375      0.3190680038802134                       0
                 8.09375      0.3681553890925539                       0
                 8.09375      0.4172427743048944                       0
                 8.09375      0.4663301595172349                       0
                 8.09375      0.5154175447295755                       0
                 8.09375      0.5645049299419159                       0
                 8.09375      0.6135923151542565                       0
                 8.09375       0.662679700366597                       0
                 8.09375      0.7117670855789375                       0
                 8.09375       0.760854470791278                       0
                 8.09375      0.8099418560036186                       0
                 8.09375       0.859029241215959                       0
                 8.09375      0.9081166264282996                       0
                 8.09375      0.9572040116406401                       0
                 8.09375       1.006291396852981                       0
                 8.09375       1.055378782065321                       0
                 8.09375       1.104466167277662                       0
                 8.09375       1.153553552490002                       0
                 8.09375       1.202640937702343                       0
                 8.09375       1.251728322914683                       0
                 8.09375       1.300815708127024                       0
                 8.09375       1.349903093339364                       0
                 8.09375       1.398990478551705                       0
                 8.09375       1.448077863764045                       0
                 8.09375       1.497165248976386                       0
                 8.09375       1.546252634188726                       0
                 8.09375       1.595340019401067                       0
                 8.09375       1.644427404613407                       0
                 8.09375       1.693514789825748                       0
                 8.09375       1.742602175038088                       0
                 8.09375       1.791689560250429                       0
                 8.09375       1.840776945462769                       0
                 8.09375        1.88986433067511                       0
                 8.09375       1.938951715887451                       0
                 8.09375       1.988039101099791                       0
                 8.09375       2.037126486312132                       0
                 8.09375       2.086213871524472                       0
                 8.09375       2.135301256736812                       0
                 8.09375       2.184388641949153                       0
                 8.09375       2.233476027161494                       0
                 8.09375       2.282563412373834                       0
                 8.09375       2.331650797586175                       0
                 8.09375       2.380738182798515                       0
                 8.09375       2.429825568010856                       0
                 8.09375       2.478912953223196                       0
                 8.09375       2.528000338435537                       0
                 8.09375       2.577087723647877                       0
                 8.09375       2.626175108860218                       0
                 8.09375       2.675262494072558                       0
                 8.09375       2.724349879284899                       0
                 8.09375       2.773437264497239                       0
                 8.09375        2.82252464970958                       0
                 8.09375        2.87161203492192                       0
                 8.09375       2.920699420134261                       0
                 8.09375       2.969786805346601                       0
                 8.09375       3.018874190558942                       0
                 8.09375       3.067961575771282                       0
                 8.09375       3.117048960983623                       0

                 8.15625     0.02454369260617026                       0
                 8.15625     0.07363107781851078                       0
                 8.15625      0.1227184630308513                       0
                 8.15625      0.1718058482431918                       0
                 8.15625      0.2208932334555323                       0
                 8.15625      0.2699806186678728                       0
                 8.15625      0.3190680038802134                       0
                 8.15625      0.3681553890925539                       0
                 8.15625      0.4172427743048944                       0
                 8.15625      0.4663301595172349                       0
                 8.15625      0.5154175447295755                       0
                 8.15625      0.5645049299419159                       0
                 8.15625      0.6135923151542565                       0
                 8.15625       0.662679700366597                       0
                 8.15625      0.7117670855789375                       0
                 8.15625       0.760854470791278                       0
                 8.15625      0.8099418560036186                       0
                 8.15625       0.859029241215959                       0
                 8.15625      0.9081166264282996                       0
                 8.15625      0.9572040116406401                       0
                 8.15625       1.006291396852981                       0
                 8.15625       1.055378782065321                       0
                 8.15625       1.104466167277662                       0
                 8.15625       1.153553552490002                       0
                 8.15625       1.202640937702343                       0
                 8.15625       1.251728322914683                       0
                 8.15625       1.300815708127024                       0
                 8.15625       1.349903093339364                       0
                 8.15625       1.398990478551705                       0
                 8.15625       1.448077863764045                       0
                 8.15625       1.497165248976386                       0
                 8.15625       1.546252634188726                       0
                 8.15625       1.595340019401067                       0
                 8.15625       1.644427404613407                       0
                 8.15625       1.693514789825748                       0
                 8.15625       1.742602175038088                       0
                 8.15625       1.791689560250429                       0
                 8.15625       1.840776945462769                       0
                 8.15625        1.88986433067511                       0
                 8.15625       1.938951715887451                       0
                 8.15625       1.988039101099791                       0
                 8.15625       2.037126486312132                       0
                 8.15625       2.086213871524472                       0
                 8.15625       2.135301256736812                       0
                 8.15625       2.184388641949153                       0
                 8.15625       2.233476027161494                       0
                 8.15625       2.282563412373834                       0
                 8.15625       2.331650797586175                       0
                 8.15625       2.380738182798515                       0
                 8.15625       2.429825568010856                       0
                 8.15625       2.478912953223196                       0
                 8.15625       2.528000338435537                       0
                 8.15625       2.577087723647877                       0
                 8.15625       2.626175108860218                       0
                 8.15625       2.675262494072558                       0
                 8.15625       2.724349879284899                       0
                 8.15625       2.773437264497239                       0
                 8.15625        2.82252464970958                       0
                 8.15625        2.87161203492192                       0
                 8.15625       2.920699420134261                       0
                 8.15625       2.969786805346601                       0
                 8.15625       3.018874190558942                       0
                 8.15625       3.067961575771282                       0
                 8.15625       3.117048960983623                       0

                 8.21875     0.02454369260617026                       0
                 8.21875     0.07363107781851078                       0
                 8.21875      0.1227184630308513                       0
                 8.21875      0.1718058482431918                       0
                 8.21875      0.2208932334555323                       0
                 8.21875      0.2699806186678728                       0
                 8.21875      0.3190680038802134                       0
                 8.21875      0.3681553890925539                       0
                 8.21875      0.4172427743048944                       0
                 8.21875      0.4663301595172349                       0
                 8.21875      0.5154175447295755                       0
                 8.21875      0.5645049299419159                       0
                 8.21875      0.6135923151542565                       0
                 8.21875       0.662679700366597                       0
                 8.21875      0.7117670855789375                       0
                 8.21875       0.760854470791278                       0
                 8.21875      0.8099418560036186                       0
                 8.21875       0.859029241215959                       0
                 8.21875      0.9081166264282996                       0
                 8.21875      0.9572040116406401                       0
                 8.21875       1.006291396852981                       0
                 8.21875       1.055378782065321                       0
                 8.21875       1.104466167277662                       0
                 8.21875       1.153553552490002                       0
                 8.21875       1.202640937702343                       0
                 8.21875       1.251728322914683                       0
                 8.21875       1.300815708127024                       0
                 8.21875       1.349903093339364                       0
                 8.21875       1.398990478551705                       0
                 8.21875       1.448077863764045                       0
                 8.21875       1.497165248976386                       0
                 8.21875       1.546252634188726                       0
                 8.21875       1.595340019401067                       0
                 8.21875       1.644427404613407                       0
                 8.21875       1.693514789825748                       0
                 8.21875       1.742602175038088                       0
                 8.21875       1.791689560250429                       0
                 8.21875       1.840776945462769                       0
                 8.21875        1.88986433067511                       0
                 8.21875       1.938951715887451                       0
                 8.21875       1.988039101099791                       0
                 8.21875       2.037126486312132                       0
                 8.21875       2.086213871524472                       0
                 8.21875       2.135301256736812                       0
                 8.21875       2.184388641949153                       0
                 8.21875       2.233476027161494                       0
                 8.21875       2.282563412373834                       0
                 8.21875       2.331650797586175                       0
                 8.21875       2.380738182798515                       0
                 8.21875       2.429825568010856                       0
                 8.21875       2.478912953223196                       0
                 8.21875       2.528000338435537                       0
                 8.21875       2.577087723647877                       0
                 8.21875       2.626175108860218                       0
                 8.21875       2.675262494072558                       0
                 8.21875       2.724349879284899                       0
                 8.21875       2.773437264497239                       0
                 8.21875        2.82252464970958                       0
                 8.21875        2.87161203492192                       0
                 8.21875       2.920699420134261                       0
                 8.21875       2.969786805346601                       0
                 8.21875       3.018874190558942                       0
                 8.21875       3.067961575771282                       0
                 8.21875       3.117048960983623                       0

