                 0.03125     0.02454369260617026                       0
                 0.03125     0.07363107781851078                       0
                 0.03125      0.1227184630308513                       0
                 0.03125      0.1718058482431918                       0
                 0.03125      0.2208932334555323                       0
                 0.03125      0.2699806186678728                       0
                 0.03125      0.3190680038802134                       0
                 0.03125      0.3681553890925539                       0
                 0.03125      0.4172427743048944                       0
                 0.03125      0.4663301595172349                       0
                 0.03125      0.5154175447295755                       0
                 0.03125      0.5645049299419159                       0
                 0.03125      0.6135923151542565                       0
                 0.03125       0.662679700366597                       0
                 0.03125      0.7117670855789375                       0
                 0.03125       0.760854470791278                       0
                 0.03125      0.8099418560036186                       0
                 0.03125       0.859029241215959                       0
                 0.03125      0.9081166264282996                       0
                 0.03125      0.9572040116406401                       0
                 0.03125       1.006291396852981                       0
                 0.03125       1.055378782065321                       0
                 0.03125       1.104466167277662                       0
                 0.03125       1.153553552490002                       0
                 0.03125       1.202640937702343                       0
                 0.03125       1.251728322914683                       0
                 0.03125       1.300815708127024                       0
                 0.03125       1.349903093339364                       0
                 0.03125       1.398990478551705                       0
                 0.03125       1.448077863764045                       0
                 0.03125       1.497165248976386                       0
                 0.03125       1.546252634188726                       0
                 0.03125       1.595340019401067                       0
                 0.03125       1.644427404613407                       0
                 0.03125       1.693514789825748                       0
                 0.03125       1.742602175038088                       0
                 0.03125       1.791689560250429                       0
                 0.03125       1.840776945462769                       0
                 0.03125        1.88986433067511                       0
                 0.03125       1.938951715887451                       0
                 0.03125       1.988039101099791                       0
                 0.03125       2.037126486312132                       0
                 0.03125       2.086213871524472                       0
                 0.03125       2.135301256736812                       0
                 0.03125       2.184388641949153                       0
                 0.03125       2.233476027161494                       0
                 0.03125       2.282563412373834                       0
                 0.03125       2.331650797586175                       0
                 0.03125       2.380738182798515                       0
                 0.03125       2.429825568010856                       0
                 0.03125       2.478912953223196                       0
                 0.03125       2.528000338435537                       0
                 0.03125       2.577087723647877                       0
                 0.03125       2.626175108860218                       0
                 0.03125       2.675262494072558                       0
                 0.03125       2.724349879284899                       0
                 0.03125       2.773437264497239                       0
                 0.03125        2.82252464970958                       0
                 0.03125        2.87161203492192                       0
                 0.03125       2.920699420134261                       0
                 0.03125       2.969786805346601                       0
                 0.03125       3.018874190558942                       0
                 0.03125       3.067961575771282                       0
                 0.03125       3.117048960983623                       0

                 0.09375     0.02454369260617026                       0
                 0.09375     0.07363107781851078                       0
                 0.09375      0.1227184630308513                       0
                 0.09375      0.1718058482431918                       0
                 0.09375      0.2208932334555323                       0
                 0.09375      0.2699806186678728                       0
                 0.09375      0.3190680038802134                       0
                 0.09375      0.3681553890925539                       0
                 0.09375      0.4172427743048944                       0
                 0.09375      0.4663301595172349                       0
                 0.09375      0.5154175447295755                       0
                 0.09375      0.5645049299419159                       0
                 0.09375      0.6135923151542565                       0
                 0.09375       0.662679700366597                       0
                 0.09375      0.7117670855789375                       0
                 0.09375       0.760854470791278                       0
                 0.09375      0.8099418560036186                       0
                 0.09375       0.859029241215959                       0
                 0.09375      0.9081166264282996                       0
                 0.09375      0.9572040116406401                       0
                 0.09375       1.006291396852981                       0
                 0.09375       1.055378782065321                       0
                 0.09375       1.104466167277662                       0
                 0.09375       1.153553552490002                       0
                 0.09375       1.202640937702343                       0
                 0.09375       1.251728322914683                       0
                 0.09375       1.300815708127024                       0
                 0.09375       1.349903093339364                       0
                 0.09375       1.398990478551705                       0
                 0.09375       1.448077863764045                       0
                 0.09375       1.497165248976386                       0
                 0.09375       1.546252634188726                       0
                 0.09375       1.595340019401067                       0
                 0.09375       1.644427404613407                       0
                 0.09375       1.693514789825748                       0
                 0.09375       1.742602175038088                       0
                 0.09375       1.791689560250429                       0
                 0.09375       1.840776945462769                       0
                 0.09375        1.88986433067511                       0
                 0.09375       1.938951715887451                       0
                 0.09375       1.988039101099791                       0
                 0.09375       2.037126486312132                       0
                 0.09375       2.086213871524472                       0
                 0.09375       2.135301256736812                       0
                 0.09375       2.184388641949153                       0
                 0.09375       2.233476027161494                       0
                 0.09375       2.282563412373834                       0
                 0.09375       2.331650797586175                       0
                 0.09375       2.380738182798515                       0
                 0.09375       2.429825568010856                       0
                 0.09375       2.478912953223196                       0
                 0.09375       2.528000338435537                       0
                 0.09375       2.577087723647877                       0
                 0.09375       2.626175108860218                       0
                 0.09375       2.675262494072558                       0
                 0.09375       2.724349879284899                       0
                 0.09375       2.773437264497239                       0
                 0.09375        2.82252464970958                       0
                 0.09375        2.87161203492192                       0
                 0.09375       2.920699420134261                       0
                 0.09375       2.969786805346601                       0
                 0.09375       3.018874190558942                       0
                 0.09375       3.067961575771282                       0
                 0.09375       3.117048960983623                       0

                 0.15625     0.02454369260617026                       0
                 0.15625     0.07363107781851078                       0
                 0.15625      0.1227184630308513                       0
                 0.15625      0.1718058482431918                       0
                 0.15625      0.2208932334555323                       0
                 0.15625      0.2699806186678728                       0
                 0.15625      0.3190680038802134                       0
                 0.15625      0.3681553890925539                       0
                 0.15625      0.4172427743048944                       0
                 0.15625      0.4663301595172349                       0
                 0.15625      0.5154175447295755                       0
                 0.15625      0.5645049299419159                       0
                 0.15625      0.6135923151542565                       0
                 0.15625       0.662679700366597                       0
                 0.15625      0.7117670855789375                       0
                 0.15625       0.760854470791278                       0
                 0.15625      0.8099418560036186                       0
                 0.15625       0.859029241215959                       0
                 0.15625      0.9081166264282996                       0
                 0.15625      0.9572040116406401                       0
                 0.15625       1.006291396852981                       0
                 0.15625       1.055378782065321                       0
                 0.15625       1.104466167277662                       0
                 0.15625       1.153553552490002                       0
                 0.15625       1.202640937702343                       0
                 0.15625       1.251728322914683                       0
                 0.15625       1.300815708127024                       0
                 0.15625       1.349903093339364                       0
                 0.15625       1.398990478551705                       0
                 0.15625       1.448077863764045                       0
                 0.15625       1.497165248976386                       0
                 0.15625       1.546252634188726                       0
                 0.15625       1.595340019401067                       0
                 0.15625       1.644427404613407                       0
                 0.15625       1.693514789825748                       0
                 0.15625       1.742602175038088                       0
                 0.15625       1.791689560250429                       0
                 0.15625       1.840776945462769                       0
                 0.15625        1.88986433067511                       0
                 0.15625       1.938951715887451                       0
                 0.15625       1.988039101099791                       0
                 0.15625       2.037126486312132                       0
                 0.15625       2.086213871524472                       0
                 0.15625       2.135301256736812                       0
                 0.15625       2.184388641949153                       0
                 0.15625       2.233476027161494                       0
                 0.15625       2.282563412373834                       0
                 0.15625       2.331650797586175                       0
                 0.15625       2.380738182798515                       0
                 0.15625       2.429825568010856                       0
                 0.15625       2.478912953223196                       0
                 0.15625       2.528000338435537                       0
                 0.15625       2.577087723647877                       0
                 0.15625       2.626175108860218                       0
                 0.15625       2.675262494072558                       0
                 0.15625       2.724349879284899                       0
                 0.15625       2.773437264497239                       0
                 0.15625        2.82252464970958                       0
                 0.15625        2.87161203492192                       0
                 0.15625       2.920699420134261                       0
                 0.15625       2.969786805346601                       0
                 0.15625       3.018874190558942                       0
                 0.15625       3.067961575771282                       0
                 0.15625       3.117048960983623                       0

                 0.21875     0.02454369260617026                       0
                 0.21875     0.07363107781851078                       0
                 0.21875      0.1227184630308513                       0
                 0.21875      0.1718058482431918                       0
                 0.21875      0.2208932334555323                       0
                 0.21875      0.2699806186678728                       0
                 0.21875      0.3190680038802134                       0
                 0.21875      0.3681553890925539                       0
                 0.21875      0.4172427743048944                       0
                 0.21875      0.4663301595172349                       0
                 0.21875      0.5154175447295755                       0
                 0.21875      0.5645049299419159                       0
                 0.21875      0.6135923151542565                       0
                 0.21875       0.662679700366597                       0
                 0.21875      0.7117670855789375                       0
                 0.21875       0.760854470791278                       0
                 0.21875      0.8099418560036186                       0
                 0.21875       0.859029241215959                       0
                 0.21875      0.9081166264282996                       0
                 0.21875      0.9572040116406401                       0
                 0.21875       1.006291396852981                       0
                 0.21875       1.055378782065321                       0
                 0.21875       1.104466167277662                       0
                 0.21875       1.153553552490002                       0
                 0.21875       1.202640937702343                       0
                 0.21875       1.251728322914683                       0
                 0.21875       1.300815708127024                       0
                 0.21875       1.349903093339364                       0
                 0.21875       1.398990478551705                       0
                 0.21875       1.448077863764045                       0
                 0.21875       1.497165248976386                       0
                 0.21875       1.546252634188726                       0
                 0.21875       1.595340019401067                       0
                 0.21875       1.644427404613407                       0
                 0.21875       1.693514789825748                       0
                 0.21875       1.742602175038088                       0
                 0.21875       1.791689560250429                       0
                 0.21875       1.840776945462769                       0
                 0.21875        1.88986433067511                       0
                 0.21875       1.938951715887451                       0
                 0.21875       1.988039101099791                       0
                 0.21875       2.037126486312132                       0
                 0.21875       2.086213871524472                       0
                 0.21875       2.135301256736812                       0
                 0.21875       2.184388641949153                       0
                 0.21875       2.233476027161494                       0
                 0.21875       2.282563412373834                       0
                 0.21875       2.331650797586175                       0
                 0.21875       2.380738182798515                       0
                 0.21875       2.429825568010856                       0
                 0.21875       2.478912953223196                       0
                 0.21875       2.528000338435537                       0
                 0.21875       2.577087723647877                       0
                 0.21875       2.626175108860218                       0
                 0.21875       2.675262494072558                       0
                 0.21875       2.724349879284899                       0
                 0.21875       2.773437264497239                       0
                 0.21875        2.82252464970958                       0
                 0.21875        2.87161203492192                       0
                 0.21875       2.920699420134261                       0
                 0.21875       2.969786805346601                       0
                 0.21875       3.018874190558942                       0
                 0.21875       3.067961575771282                       0
                 0.21875       3.117048960983623                       0

                 0.28125     0.02454369260617026                       0
                 0.28125     0.07363107781851078                       0
                 0.28125      0.1227184630308513                       0
                 0.28125      0.1718058482431918                       0
                 0.28125      0.2208932334555323                       0
                 0.28125      0.2699806186678728                       0
                 0.28125      0.3190680038802134                       0
                 0.28125      0.3681553890925539                       0
                 0.28125      0.4172427743048944                       0
                 0.28125      0.4663301595172349                       0
                 0.28125      0.5154175447295755                       0
                 0.28125      0.5645049299419159                       0
                 0.28125      0.6135923151542565                       0
                 0.28125       0.662679700366597                       0
                 0.28125      0.7117670855789375                       0
                 0.28125       0.760854470791278                       0
                 0.28125      0.8099418560036186                       0
                 0.28125       0.859029241215959                       0
                 0.28125      0.9081166264282996                       0
                 0.28125      0.9572040116406401                       0
                 0.28125       1.006291396852981                       0
                 0.28125       1.055378782065321                       0
                 0.28125       1.104466167277662                       0
                 0.28125       1.153553552490002                       0
                 0.28125       1.202640937702343                       0
                 0.28125       1.251728322914683                       0
                 0.28125       1.300815708127024                       0
                 0.28125       1.349903093339364                       0
                 0.28125       1.398990478551705                       0
                 0.28125       1.448077863764045                       0
                 0.28125       1.497165248976386                       0
                 0.28125       1.546252634188726                       0
                 0.28125       1.595340019401067                       0
                 0.28125       1.644427404613407                       0
                 0.28125       1.693514789825748                       0
                 0.28125       1.742602175038088                       0
                 0.28125       1.791689560250429                       0
                 0.28125       1.840776945462769                       0
                 0.28125        1.88986433067511                       0
                 0.28125       1.938951715887451                       0
                 0.28125       1.988039101099791                       0
                 0.28125       2.037126486312132                       0
                 0.28125       2.086213871524472                       0
                 0.28125       2.135301256736812                       0
                 0.28125       2.184388641949153                       0
                 0.28125       2.233476027161494                       0
                 0.28125       2.282563412373834                       0
                 0.28125       2.331650797586175                       0
                 0.28125       2.380738182798515                       0
                 0.28125       2.429825568010856                       0
                 0.28125       2.478912953223196                       0
                 0.28125       2.528000338435537                       0
                 0.28125       2.577087723647877                       0
                 0.28125       2.626175108860218                       0
                 0.28125       2.675262494072558                       0
                 0.28125       2.724349879284899                       0
                 0.28125       2.773437264497239                       0
                 0.28125        2.82252464970958                       0
                 0.28125        2.87161203492192                       0
                 0.28125       2.920699420134261                       0
                 0.28125       2.969786805346601                       0
                 0.28125       3.018874190558942                       0
                 0.28125       3.067961575771282                       0
                 0.28125       3.117048960983623                       0

                 0.34375     0.02454369260617026                       0
                 0.34375     0.07363107781851078                       0
                 0.34375      0.1227184630308513                       0
                 0.34375      0.1718058482431918                       0
                 0.34375      0.2208932334555323                       0
                 0.34375      0.2699806186678728                       0
                 0.34375      0.3190680038802134                       0
                 0.34375      0.3681553890925539                       0
                 0.34375      0.4172427743048944                       0
                 0.34375      0.4663301595172349                       0
                 0.34375      0.5154175447295755                       0
                 0.34375      0.5645049299419159                       0
                 0.34375      0.6135923151542565                       0
                 0.34375       0.662679700366597                       0
                 0.34375      0.7117670855789375                       0
                 0.34375       0.760854470791278                       0
                 0.34375      0.8099418560036186                       0
                 0.34375       0.859029241215959                       0
                 0.34375      0.9081166264282996                       0
                 0.34375      0.9572040116406401                       0
                 0.34375       1.006291396852981                       0
                 0.34375       1.055378782065321                       0
                 0.34375       1.104466167277662                       0
                 0.34375       1.153553552490002                       0
                 0.34375       1.202640937702343                       0
                 0.34375       1.251728322914683                       0
                 0.34375       1.300815708127024                       0
                 0.34375       1.349903093339364                       0
                 0.34375       1.398990478551705                       0
                 0.34375       1.448077863764045                       0
                 0.34375       1.497165248976386                       0
                 0.34375       1.546252634188726                       0
                 0.34375       1.595340019401067                       0
                 0.34375       1.644427404613407                       0
                 0.34375       1.693514789825748                       0
                 0.34375       1.742602175038088                       0
                 0.34375       1.791689560250429                       0
                 0.34375       1.840776945462769                       0
                 0.34375        1.88986433067511                       0
                 0.34375       1.938951715887451                       0
                 0.34375       1.988039101099791                       0
                 0.34375       2.037126486312132                       0
                 0.34375       2.086213871524472                       0
                 0.34375       2.135301256736812                       0
                 0.34375       2.184388641949153                       0
                 0.34375       2.233476027161494                       0
                 0.34375       2.282563412373834                       0
                 0.34375       2.331650797586175                       0
                 0.34375       2.380738182798515                       0
                 0.34375       2.429825568010856                       0
                 0.34375       2.478912953223196                       0
                 0.34375       2.528000338435537                       0
                 0.34375       2.577087723647877                       0
                 0.34375       2.626175108860218                       0
                 0.34375       2.675262494072558                       0
                 0.34375       2.724349879284899                       0
                 0.34375       2.773437264497239                       0
                 0.34375        2.82252464970958                       0
                 0.34375        2.87161203492192                       0
                 0.34375       2.920699420134261                       0
                 0.34375       2.969786805346601                       0
                 0.34375       3.018874190558942                       0
                 0.34375       3.067961575771282                       0
                 0.34375       3.117048960983623                       0

                 0.40625     0.02454369260617026                       0
                 0.40625     0.07363107781851078                       0
                 0.40625      0.1227184630308513                       0
                 0.40625      0.1718058482431918                       0
                 0.40625      0.2208932334555323                       0
                 0.40625      0.2699806186678728                       0
                 0.40625      0.3190680038802134                       0
                 0.40625      0.3681553890925539                       0
                 0.40625      0.4172427743048944                       0
                 0.40625      0.4663301595172349                       0
                 0.40625      0.5154175447295755                       0
                 0.40625      0.5645049299419159                       0
                 0.40625      0.6135923151542565                       0
                 0.40625       0.662679700366597                       0
                 0.40625      0.7117670855789375                       0
                 0.40625       0.760854470791278                       0
                 0.40625      0.8099418560036186                       0
                 0.40625       0.859029241215959                       0
                 0.40625      0.9081166264282996                       0
                 0.40625      0.9572040116406401                       0
                 0.40625       1.006291396852981                       0
                 0.40625       1.055378782065321                       0
                 0.40625       1.104466167277662                       0
                 0.40625       1.153553552490002                       0
                 0.40625       1.202640937702343                       0
                 0.40625       1.251728322914683                       0
                 0.40625       1.300815708127024                       0
                 0.40625       1.349903093339364                       0
                 0.40625       1.398990478551705                       0
                 0.40625       1.448077863764045                       0
                 0.40625       1.497165248976386                       0
                 0.40625       1.546252634188726                       0
                 0.40625       1.595340019401067                       0
                 0.40625       1.644427404613407                       0
                 0.40625       1.693514789825748                       0
                 0.40625       1.742602175038088                       0
                 0.40625       1.791689560250429                       0
                 0.40625       1.840776945462769                       0
                 0.40625        1.88986433067511                       0
                 0.40625       1.938951715887451                       0
                 0.40625       1.988039101099791                       0
                 0.40625       2.037126486312132                       0
                 0.40625       2.086213871524472                       0
                 0.40625       2.135301256736812                       0
                 0.40625       2.184388641949153                       0
                 0.40625       2.233476027161494                       0
                 0.40625       2.282563412373834                       0
                 0.40625       2.331650797586175                       0
                 0.40625       2.380738182798515                       0
                 0.40625       2.429825568010856                       0
                 0.40625       2.478912953223196                       0
                 0.40625       2.528000338435537                       0
                 0.40625       2.577087723647877                       0
                 0.40625       2.626175108860218                       0
                 0.40625       2.675262494072558                       0
                 0.40625       2.724349879284899                       0
                 0.40625       2.773437264497239                       0
                 0.40625        2.82252464970958                       0
                 0.40625        2.87161203492192                       0
                 0.40625       2.920699420134261                       0
                 0.40625       2.969786805346601                       0
                 0.40625       3.018874190558942                       0
                 0.40625       3.067961575771282                       0
                 0.40625       3.117048960983623                       0

                 0.46875     0.02454369260617026                       0
                 0.46875     0.07363107781851078                       0
                 0.46875      0.1227184630308513                       0
                 0.46875      0.1718058482431918                       0
                 0.46875      0.2208932334555323                       0
                 0.46875      0.2699806186678728                       0
                 0.46875      0.3190680038802134                       0
                 0.46875      0.3681553890925539                       0
                 0.46875      0.4172427743048944                       0
                 0.46875      0.4663301595172349                       0
                 0.46875      0.5154175447295755                       0
                 0.46875      0.5645049299419159                       0
                 0.46875      0.6135923151542565                       0
                 0.46875       0.662679700366597                       0
                 0.46875      0.7117670855789375                       0
                 0.46875       0.760854470791278                       0
                 0.46875      0.8099418560036186                       0
                 0.46875       0.859029241215959                       0
                 0.46875      0.9081166264282996                       0
                 0.46875      0.9572040116406401                       0
                 0.46875       1.006291396852981                       0
                 0.46875       1.055378782065321                       0
                 0.46875       1.104466167277662                       0
                 0.46875       1.153553552490002                       0
                 0.46875       1.202640937702343                       0
                 0.46875       1.251728322914683                       0
                 0.46875       1.300815708127024                       0
                 0.46875       1.349903093339364                       0
                 0.46875       1.398990478551705                       0
                 0.46875       1.448077863764045                       0
                 0.46875       1.497165248976386                       0
                 0.46875       1.546252634188726                       0
                 0.46875       1.595340019401067                       0
                 0.46875       1.644427404613407                       0
                 0.46875       1.693514789825748                       0
                 0.46875       1.742602175038088                       0
                 0.46875       1.791689560250429                       0
                 0.46875       1.840776945462769                       0
                 0.46875        1.88986433067511                       0
                 0.46875       1.938951715887451                       0
                 0.46875       1.988039101099791                       0
                 0.46875       2.037126486312132                       0
                 0.46875       2.086213871524472                       0
                 0.46875       2.135301256736812                       0
                 0.46875       2.184388641949153                       0
                 0.46875       2.233476027161494                       0
                 0.46875       2.282563412373834                       0
                 0.46875       2.331650797586175                       0
                 0.46875       2.380738182798515                       0
                 0.46875       2.429825568010856                       0
                 0.46875       2.478912953223196                       0
                 0.46875       2.528000338435537                       0
                 0.46875       2.577087723647877                       0
                 0.46875       2.626175108860218                       0
                 0.46875       2.675262494072558                       0
                 0.46875       2.724349879284899                       0
                 0.46875       2.773437264497239                       0
                 0.46875        2.82252464970958                       0
                 0.46875        2.87161203492192                       0
                 0.46875       2.920699420134261                       0
                 0.46875       2.969786805346601                       0
                 0.46875       3.018874190558942                       0
                 0.46875       3.067961575771282                       0
                 0.46875       3.117048960983623                       0

                 0.53125     0.02454369260617026                       0
                 0.53125     0.07363107781851078                       0
                 0.53125      0.1227184630308513                       0
                 0.53125      0.1718058482431918                       0
                 0.53125      0.2208932334555323                       0
                 0.53125      0.2699806186678728                       0
                 0.53125      0.3190680038802134                       0
                 0.53125      0.3681553890925539                       0
                 0.53125      0.4172427743048944                       0
                 0.53125      0.4663301595172349                       0
                 0.53125      0.5154175447295755                       0
                 0.53125      0.5645049299419159                       0
                 0.53125      0.6135923151542565                       0
                 0.53125       0.662679700366597                       0
                 0.53125      0.7117670855789375                       0
                 0.53125       0.760854470791278                       0
                 0.53125      0.8099418560036186                       0
                 0.53125       0.859029241215959                       0
                 0.53125      0.9081166264282996                       0
                 0.53125      0.9572040116406401                       0
                 0.53125       1.006291396852981                       0
                 0.53125       1.055378782065321                       0
                 0.53125       1.104466167277662                       0
                 0.53125       1.153553552490002                       0
                 0.53125       1.202640937702343                       0
                 0.53125       1.251728322914683                       0
                 0.53125       1.300815708127024                       0
                 0.53125       1.349903093339364                       0
                 0.53125       1.398990478551705                       0
                 0.53125       1.448077863764045                       0
                 0.53125       1.497165248976386                       0
                 0.53125       1.546252634188726                       0
                 0.53125       1.595340019401067                       0
                 0.53125       1.644427404613407                       0
                 0.53125       1.693514789825748                       0
                 0.53125       1.742602175038088                       0
                 0.53125       1.791689560250429                       0
                 0.53125       1.840776945462769                       0
                 0.53125        1.88986433067511                       0
                 0.53125       1.938951715887451                       0
                 0.53125       1.988039101099791                       0
                 0.53125       2.037126486312132                       0
                 0.53125       2.086213871524472                       0
                 0.53125       2.135301256736812                       0
                 0.53125       2.184388641949153                       0
                 0.53125       2.233476027161494                       0
                 0.53125       2.282563412373834                       0
                 0.53125       2.331650797586175                       0
                 0.53125       2.380738182798515                       0
                 0.53125       2.429825568010856                       0
                 0.53125       2.478912953223196                       0
                 0.53125       2.528000338435537                       0
                 0.53125       2.577087723647877                       0
                 0.53125       2.626175108860218                       0
                 0.53125       2.675262494072558                       0
                 0.53125       2.724349879284899                       0
                 0.53125       2.773437264497239                       0
                 0.53125        2.82252464970958                       0
                 0.53125        2.87161203492192                       0
                 0.53125       2.920699420134261                       0
                 0.53125       2.969786805346601                       0
                 0.53125       3.018874190558942                       0
                 0.53125       3.067961575771282                       0
                 0.53125       3.117048960983623                       0

                 0.59375     0.02454369260617026                       0
                 0.59375     0.07363107781851078                       0
                 0.59375      0.1227184630308513                       0
                 0.59375      0.1718058482431918                       0
                 0.59375      0.2208932334555323                       0
                 0.59375      0.2699806186678728                       0
                 0.59375      0.3190680038802134                       0
                 0.59375      0.3681553890925539                       0
                 0.59375      0.4172427743048944                       0
                 0.59375      0.4663301595172349                       0
                 0.59375      0.5154175447295755                       0
                 0.59375      0.5645049299419159                       0
                 0.59375      0.6135923151542565                       0
                 0.59375       0.662679700366597                       0
                 0.59375      0.7117670855789375                       0
                 0.59375       0.760854470791278                       0
                 0.59375      0.8099418560036186                       0
                 0.59375       0.859029241215959                       0
                 0.59375      0.9081166264282996                       0
                 0.59375      0.9572040116406401                       0
                 0.59375       1.006291396852981                       0
                 0.59375       1.055378782065321                       0
                 0.59375       1.104466167277662                       0
                 0.59375       1.153553552490002                       0
                 0.59375       1.202640937702343                       0
                 0.59375       1.251728322914683                       0
                 0.59375       1.300815708127024                       0
                 0.59375       1.349903093339364                       0
                 0.59375       1.398990478551705                       0
                 0.59375       1.448077863764045                       0
                 0.59375       1.497165248976386                       0
                 0.59375       1.546252634188726                       0
                 0.59375       1.595340019401067                       0
                 0.59375       1.644427404613407                       0
                 0.59375       1.693514789825748                       0
                 0.59375       1.742602175038088                       0
                 0.59375       1.791689560250429                       0
                 0.59375       1.840776945462769                       0
                 0.59375        1.88986433067511                       0
                 0.59375       1.938951715887451                       0
                 0.59375       1.988039101099791                       0
                 0.59375       2.037126486312132                       0
                 0.59375       2.086213871524472                       0
                 0.59375       2.135301256736812                       0
                 0.59375       2.184388641949153                       0
                 0.59375       2.233476027161494                       0
                 0.59375       2.282563412373834                       0
                 0.59375       2.331650797586175                       0
                 0.59375       2.380738182798515                       0
                 0.59375       2.429825568010856                       0
                 0.59375       2.478912953223196                       0
                 0.59375       2.528000338435537                       0
                 0.59375       2.577087723647877                       0
                 0.59375       2.626175108860218                       0
                 0.59375       2.675262494072558                       0
                 0.59375       2.724349879284899                       0
                 0.59375       2.773437264497239                       0
                 0.59375        2.82252464970958                       0
                 0.59375        2.87161203492192                       0
                 0.59375       2.920699420134261                       0
                 0.59375       2.969786805346601                       0
                 0.59375       3.018874190558942                       0
                 0.59375       3.067961575771282                       0
                 0.59375       3.117048960983623                       0

                 0.65625     0.02454369260617026                       0
                 0.65625     0.07363107781851078                       0
                 0.65625      0.1227184630308513                       0
                 0.65625      0.1718058482431918                       0
                 0.65625      0.2208932334555323                       0
                 0.65625      0.2699806186678728                       0
                 0.65625      0.3190680038802134                       0
                 0.65625      0.3681553890925539                       0
                 0.65625      0.4172427743048944                       0
                 0.65625      0.4663301595172349                       0
                 0.65625      0.5154175447295755                       0
                 0.65625      0.5645049299419159                       0
                 0.65625      0.6135923151542565                       0
                 0.65625       0.662679700366597                       0
                 0.65625      0.7117670855789375                       0
                 0.65625       0.760854470791278                       0
                 0.65625      0.8099418560036186                       0
                 0.65625       0.859029241215959                       0
                 0.65625      0.9081166264282996                       0
                 0.65625      0.9572040116406401                       0
                 0.65625       1.006291396852981                       0
                 0.65625       1.055378782065321                       0
                 0.65625       1.104466167277662                       0
                 0.65625       1.153553552490002                       0
                 0.65625       1.202640937702343                       0
                 0.65625       1.251728322914683                       0
                 0.65625       1.300815708127024                       0
                 0.65625       1.349903093339364                       0
                 0.65625       1.398990478551705                       0
                 0.65625       1.448077863764045                       0
                 0.65625       1.497165248976386                       0
                 0.65625       1.546252634188726                       0
                 0.65625       1.595340019401067                       0
                 0.65625       1.644427404613407                       0
                 0.65625       1.693514789825748                       0
                 0.65625       1.742602175038088                       0
                 0.65625       1.791689560250429                       0
                 0.65625       1.840776945462769                       0
                 0.65625        1.88986433067511                       0
                 0.65625       1.938951715887451                       0
                 0.65625       1.988039101099791                       0
                 0.65625       2.037126486312132                       0
                 0.65625       2.086213871524472                       0
                 0.65625       2.135301256736812                       0
                 0.65625       2.184388641949153                       0
                 0.65625       2.233476027161494                       0
                 0.65625       2.282563412373834                       0
                 0.65625       2.331650797586175                       0
                 0.65625       2.380738182798515                       0
                 0.65625       2.429825568010856                       0
                 0.65625       2.478912953223196                       0
                 0.65625       2.528000338435537                       0
                 0.65625       2.577087723647877                       0
                 0.65625       2.626175108860218                       0
                 0.65625       2.675262494072558                       0
                 0.65625       2.724349879284899                       0
                 0.65625       2.773437264497239                       0
                 0.65625        2.82252464970958                       0
                 0.65625        2.87161203492192                       0
                 0.65625       2.920699420134261                       0
                 0.65625       2.969786805346601                       0
                 0.65625       3.018874190558942                       0
                 0.65625       3.067961575771282                       0
                 0.65625       3.117048960983623                       0

                 0.71875     0.02454369260617026                       0
                 0.71875     0.07363107781851078                       0
                 0.71875      0.1227184630308513                       0
                 0.71875      0.1718058482431918                       0
                 0.71875      0.2208932334555323                       0
                 0.71875      0.2699806186678728                       0
                 0.71875      0.3190680038802134                       0
                 0.71875      0.3681553890925539                       0
                 0.71875      0.4172427743048944                       0
                 0.71875      0.4663301595172349                       0
                 0.71875      0.5154175447295755                       0
                 0.71875      0.5645049299419159                       0
                 0.71875      0.6135923151542565                       0
                 0.71875       0.662679700366597                       0
                 0.71875      0.7117670855789375                       0
                 0.71875       0.760854470791278                       0
                 0.71875      0.8099418560036186                       0
                 0.71875       0.859029241215959                       0
                 0.71875      0.9081166264282996                       0
                 0.71875      0.9572040116406401                       0
                 0.71875       1.006291396852981                       0
                 0.71875       1.055378782065321                       0
                 0.71875       1.104466167277662                       0
                 0.71875       1.153553552490002                       0
                 0.71875       1.202640937702343                       0
                 0.71875       1.251728322914683                       0
                 0.71875       1.300815708127024                       0
                 0.71875       1.349903093339364                       0
                 0.71875       1.398990478551705                       0
                 0.71875       1.448077863764045                       0
                 0.71875       1.497165248976386                       0
                 0.71875       1.546252634188726                       0
                 0.71875       1.595340019401067                       0
                 0.71875       1.644427404613407                       0
                 0.71875       1.693514789825748                       0
                 0.71875       1.742602175038088                       0
                 0.71875       1.791689560250429                       0
                 0.71875       1.840776945462769                       0
                 0.71875        1.88986433067511                       0
                 0.71875       1.938951715887451                       0
                 0.71875       1.988039101099791                       0
                 0.71875       2.037126486312132                       0
                 0.71875       2.086213871524472                       0
                 0.71875       2.135301256736812                       0
                 0.71875       2.184388641949153                       0
                 0.71875       2.233476027161494                       0
                 0.71875       2.282563412373834                       0
                 0.71875       2.331650797586175                       0
                 0.71875       2.380738182798515                       0
                 0.71875       2.429825568010856                       0
                 0.71875       2.478912953223196                       0
                 0.71875       2.528000338435537                       0
                 0.71875       2.577087723647877                       0
                 0.71875       2.626175108860218                       0
                 0.71875       2.675262494072558                       0
                 0.71875       2.724349879284899                       0
                 0.71875       2.773437264497239                       0
                 0.71875        2.82252464970958                       0
                 0.71875        2.87161203492192                       0
                 0.71875       2.920699420134261                       0
                 0.71875       2.969786805346601                       0
                 0.71875       3.018874190558942                       0
                 0.71875       3.067961575771282                       0
                 0.71875       3.117048960983623                       0

                 0.78125     0.02454369260617026                       0
                 0.78125     0.07363107781851078                       0
                 0.78125      0.1227184630308513                       0
                 0.78125      0.1718058482431918                       0
                 0.78125      0.2208932334555323                       0
                 0.78125      0.2699806186678728                       0
                 0.78125      0.3190680038802134                       0
                 0.78125      0.3681553890925539                       0
                 0.78125      0.4172427743048944                       0
                 0.78125      0.4663301595172349                       0
                 0.78125      0.5154175447295755                       0
                 0.78125      0.5645049299419159                       0
                 0.78125      0.6135923151542565                       0
                 0.78125       0.662679700366597                       0
                 0.78125      0.7117670855789375                       0
                 0.78125       0.760854470791278                       0
                 0.78125      0.8099418560036186                       0
                 0.78125       0.859029241215959                       0
                 0.78125      0.9081166264282996                       0
                 0.78125      0.9572040116406401                       0
                 0.78125       1.006291396852981                       0
                 0.78125       1.055378782065321                       0
                 0.78125       1.104466167277662                       0
                 0.78125       1.153553552490002                       0
                 0.78125       1.202640937702343                       0
                 0.78125       1.251728322914683                       0
                 0.78125       1.300815708127024                       0
                 0.78125       1.349903093339364                       0
                 0.78125       1.398990478551705                       0
                 0.78125       1.448077863764045                       0
                 0.78125       1.497165248976386                       0
                 0.78125       1.546252634188726                       0
                 0.78125       1.595340019401067                       0
                 0.78125       1.644427404613407                       0
                 0.78125       1.693514789825748                       0
                 0.78125       1.742602175038088                       0
                 0.78125       1.791689560250429                       0
                 0.78125       1.840776945462769                       0
                 0.78125        1.88986433067511                       0
                 0.78125       1.938951715887451                       0
                 0.78125       1.988039101099791                       0
                 0.78125       2.037126486312132                       0
                 0.78125       2.086213871524472                       0
                 0.78125       2.135301256736812                       0
                 0.78125       2.184388641949153                       0
                 0.78125       2.233476027161494                       0
                 0.78125       2.282563412373834                       0
                 0.78125       2.331650797586175                       0
                 0.78125       2.380738182798515                       0
                 0.78125       2.429825568010856                       0
                 0.78125       2.478912953223196                       0
                 0.78125       2.528000338435537                       0
                 0.78125       2.577087723647877                       0
                 0.78125       2.626175108860218                       0
                 0.78125       2.675262494072558                       0
                 0.78125       2.724349879284899                       0
                 0.78125       2.773437264497239                       0
                 0.78125        2.82252464970958                       0
                 0.78125        2.87161203492192                       0
                 0.78125       2.920699420134261                       0
                 0.78125       2.969786805346601                       0
                 0.78125       3.018874190558942                       0
                 0.78125       3.067961575771282                       0
                 0.78125       3.117048960983623                       0

                 0.84375     0.02454369260617026                       0
                 0.84375     0.07363107781851078                       0
                 0.84375      0.1227184630308513                       0
                 0.84375      0.1718058482431918                       0
                 0.84375      0.2208932334555323                       0
                 0.84375      0.2699806186678728                       0
                 0.84375      0.3190680038802134                       0
                 0.84375      0.3681553890925539                       0
                 0.84375      0.4172427743048944                       0
                 0.84375      0.4663301595172349                       0
                 0.84375      0.5154175447295755                       0
                 0.84375      0.5645049299419159                       0
                 0.84375      0.6135923151542565                       0
                 0.84375       0.662679700366597                       0
                 0.84375      0.7117670855789375                       0
                 0.84375       0.760854470791278                       0
                 0.84375      0.8099418560036186                       0
                 0.84375       0.859029241215959                       0
                 0.84375      0.9081166264282996                       0
                 0.84375      0.9572040116406401                       0
                 0.84375       1.006291396852981                       0
                 0.84375       1.055378782065321                       0
                 0.84375       1.104466167277662                       0
                 0.84375       1.153553552490002                       0
                 0.84375       1.202640937702343                       0
                 0.84375       1.251728322914683                       0
                 0.84375       1.300815708127024                       0
                 0.84375       1.349903093339364                       0
                 0.84375       1.398990478551705                       0
                 0.84375       1.448077863764045                       0
                 0.84375       1.497165248976386                       0
                 0.84375       1.546252634188726                       0
                 0.84375       1.595340019401067                       0
                 0.84375       1.644427404613407                       0
                 0.84375       1.693514789825748                       0
                 0.84375       1.742602175038088                       0
                 0.84375       1.791689560250429                       0
                 0.84375       1.840776945462769                       0
                 0.84375        1.88986433067511                       0
                 0.84375       1.938951715887451                       0
                 0.84375       1.988039101099791                       0
                 0.84375       2.037126486312132                       0
                 0.84375       2.086213871524472                       0
                 0.84375       2.135301256736812                       0
                 0.84375       2.184388641949153                       0
                 0.84375       2.233476027161494                       0
                 0.84375       2.282563412373834                       0
                 0.84375       2.331650797586175                       0
                 0.84375       2.380738182798515                       0
                 0.84375       2.429825568010856                       0
                 0.84375       2.478912953223196                       0
                 0.84375       2.528000338435537                       0
                 0.84375       2.577087723647877                       0
                 0.84375       2.626175108860218                       0
                 0.84375       2.675262494072558                       0
                 0.84375       2.724349879284899                       0
                 0.84375       2.773437264497239                       0
                 0.84375        2.82252464970958                       0
                 0.84375        2.87161203492192                       0
                 0.84375       2.920699420134261                       0
                 0.84375       2.969786805346601                       0
                 0.84375       3.018874190558942                       0
                 0.84375       3.067961575771282                       0
                 0.84375       3.117048960983623                       0

                 0.90625     0.02454369260617026                       0
                 0.90625     0.07363107781851078                       0
                 0.90625      0.1227184630308513                       0
                 0.90625      0.1718058482431918                       0
                 0.90625      0.2208932334555323                       0
                 0.90625      0.2699806186678728                       0
                 0.90625      0.3190680038802134                       0
                 0.90625      0.3681553890925539                       0
                 0.90625      0.4172427743048944                       0
                 0.90625      0.4663301595172349                       0
                 0.90625      0.5154175447295755                       0
                 0.90625      0.5645049299419159                       0
                 0.90625      0.6135923151542565                       0
                 0.90625       0.662679700366597                       0
                 0.90625      0.7117670855789375                       0
                 0.90625       0.760854470791278                       0
                 0.90625      0.8099418560036186                       0
                 0.90625       0.859029241215959                       0
                 0.90625      0.9081166264282996                       0
                 0.90625      0.9572040116406401                       0
                 0.90625       1.006291396852981                       0
                 0.90625       1.055378782065321                       0
                 0.90625       1.104466167277662                       0
                 0.90625       1.153553552490002                       0
                 0.90625       1.202640937702343                       0
                 0.90625       1.251728322914683                       0
                 0.90625       1.300815708127024                       0
                 0.90625       1.349903093339364                       0
                 0.90625       1.398990478551705                       0
                 0.90625       1.448077863764045                       0
                 0.90625       1.497165248976386                       0
                 0.90625       1.546252634188726                       0
                 0.90625       1.595340019401067                       0
                 0.90625       1.644427404613407                       0
                 0.90625       1.693514789825748                       0
                 0.90625       1.742602175038088                       0
                 0.90625       1.791689560250429                       0
                 0.90625       1.840776945462769                       0
                 0.90625        1.88986433067511                       0
                 0.90625       1.938951715887451                       0
                 0.90625       1.988039101099791                       0
                 0.90625       2.037126486312132                       0
                 0.90625       2.086213871524472                       0
                 0.90625       2.135301256736812                       0
                 0.90625       2.184388641949153                       0
                 0.90625       2.233476027161494                       0
                 0.90625       2.282563412373834                       0
                 0.90625       2.331650797586175                       0
                 0.90625       2.380738182798515                       0
                 0.90625       2.429825568010856                       0
                 0.90625       2.478912953223196                       0
                 0.90625       2.528000338435537                       0
                 0.90625       2.577087723647877                       0
                 0.90625       2.626175108860218                       0
                 0.90625       2.675262494072558                       0
                 0.90625       2.724349879284899                       0
                 0.90625       2.773437264497239                       0
                 0.90625        2.82252464970958                       0
                 0.90625        2.87161203492192                       0
                 0.90625       2.920699420134261                       0
                 0.90625       2.969786805346601                       0
                 0.90625       3.018874190558942                       0
                 0.90625       3.067961575771282                       0
                 0.90625       3.117048960983623                       0

                 0.96875     0.02454369260617026                       0
                 0.96875     0.07363107781851078                       0
                 0.96875      0.1227184630308513                       0
                 0.96875      0.1718058482431918                       0
                 0.96875      0.2208932334555323                       0
                 0.96875      0.2699806186678728                       0
                 0.96875      0.3190680038802134                       0
                 0.96875      0.3681553890925539                       0
                 0.96875      0.4172427743048944                       0
                 0.96875      0.4663301595172349                       0
                 0.96875      0.5154175447295755                       0
                 0.96875      0.5645049299419159                       0
                 0.96875      0.6135923151542565                       0
                 0.96875       0.662679700366597                       0
                 0.96875      0.7117670855789375                       0
                 0.96875       0.760854470791278                       0
                 0.96875      0.8099418560036186                       0
                 0.96875       0.859029241215959                       0
                 0.96875      0.9081166264282996                       0
                 0.96875      0.9572040116406401                       0
                 0.96875       1.006291396852981                       0
                 0.96875       1.055378782065321                       0
                 0.96875       1.104466167277662                       0
                 0.96875       1.153553552490002                       0
                 0.96875       1.202640937702343                       0
                 0.96875       1.251728322914683                       0
                 0.96875       1.300815708127024                       0
                 0.96875       1.349903093339364                       0
                 0.96875       1.398990478551705                       0
                 0.96875       1.448077863764045                       0
                 0.96875       1.497165248976386                       0
                 0.96875       1.546252634188726                       0
                 0.96875       1.595340019401067                       0
                 0.96875       1.644427404613407                       0
                 0.96875       1.693514789825748                       0
                 0.96875       1.742602175038088                       0
                 0.96875       1.791689560250429                       0
                 0.96875       1.840776945462769                       0
                 0.96875        1.88986433067511                       0
                 0.96875       1.938951715887451                       0
                 0.96875       1.988039101099791                       0
                 0.96875       2.037126486312132                       0
                 0.96875       2.086213871524472                       0
                 0.96875       2.135301256736812                       0
                 0.96875       2.184388641949153                       0
                 0.96875       2.233476027161494                       0
                 0.96875       2.282563412373834                       0
                 0.96875       2.331650797586175                       0
                 0.96875       2.380738182798515                       0
                 0.96875       2.429825568010856                       0
                 0.96875       2.478912953223196                       0
                 0.96875       2.528000338435537                       0
                 0.96875       2.577087723647877                       0
                 0.96875       2.626175108860218                       0
                 0.96875       2.675262494072558                       0
                 0.96875       2.724349879284899                       0
                 0.96875       2.773437264497239                       0
                 0.96875        2.82252464970958                       0
                 0.96875        2.87161203492192                       0
                 0.96875       2.920699420134261                       0
                 0.96875       2.969786805346601                       0
                 0.96875       3.018874190558942                       0
                 0.96875       3.067961575771282                       0
                 0.96875       3.117048960983623                       0

                 1.03125     0.02454369260617026                       0
                 1.03125     0.07363107781851078                       0
                 1.03125      0.1227184630308513                       0
                 1.03125      0.1718058482431918                       0
                 1.03125      0.2208932334555323                       0
                 1.03125      0.2699806186678728                       0
                 1.03125      0.3190680038802134                       0
                 1.03125      0.3681553890925539                       0
                 1.03125      0.4172427743048944                       0
                 1.03125      0.4663301595172349                       0
                 1.03125      0.5154175447295755                       0
                 1.03125      0.5645049299419159                       0
                 1.03125      0.6135923151542565                       0
                 1.03125       0.662679700366597                       0
                 1.03125      0.7117670855789375                       0
                 1.03125       0.760854470791278                       0
                 1.03125      0.8099418560036186                       0
                 1.03125       0.859029241215959                       0
                 1.03125      0.9081166264282996                       0
                 1.03125      0.9572040116406401                       0
                 1.03125       1.006291396852981                       0
                 1.03125       1.055378782065321                       0
                 1.03125       1.104466167277662                       0
                 1.03125       1.153553552490002                       0
                 1.03125       1.202640937702343                       0
                 1.03125       1.251728322914683                       0
                 1.03125       1.300815708127024                       0
                 1.03125       1.349903093339364                       0
                 1.03125       1.398990478551705                       0
                 1.03125       1.448077863764045                       0
                 1.03125       1.497165248976386                       0
                 1.03125       1.546252634188726                       0
                 1.03125       1.595340019401067                       0
                 1.03125       1.644427404613407                       0
                 1.03125       1.693514789825748                       0
                 1.03125       1.742602175038088                       0
                 1.03125       1.791689560250429                       0
                 1.03125       1.840776945462769                       0
                 1.03125        1.88986433067511                       0
                 1.03125       1.938951715887451                       0
                 1.03125       1.988039101099791                       0
                 1.03125       2.037126486312132                       0
                 1.03125       2.086213871524472                       0
                 1.03125       2.135301256736812                       0
                 1.03125       2.184388641949153                       0
                 1.03125       2.233476027161494                       0
                 1.03125       2.282563412373834                       0
                 1.03125       2.331650797586175                       0
                 1.03125       2.380738182798515                       0
                 1.03125       2.429825568010856                       0
                 1.03125       2.478912953223196                       0
                 1.03125       2.528000338435537                       0
                 1.03125       2.577087723647877                       0
                 1.03125       2.626175108860218                       0
                 1.03125       2.675262494072558                       0
                 1.03125       2.724349879284899                       0
                 1.03125       2.773437264497239                       0
                 1.03125        2.82252464970958                       0
                 1.03125        2.87161203492192                       0
                 1.03125       2.920699420134261                       0
                 1.03125       2.969786805346601                       0
                 1.03125       3.018874190558942                       0
                 1.03125       3.067961575771282                       0
                 1.03125       3.117048960983623                       0

                 1.09375     0.02454369260617026                       0
                 1.09375     0.07363107781851078                       0
                 1.09375      0.1227184630308513                       0
                 1.09375      0.1718058482431918                       0
                 1.09375      0.2208932334555323                       0
                 1.09375      0.2699806186678728                       0
                 1.09375      0.3190680038802134                       0
                 1.09375      0.3681553890925539                       0
                 1.09375      0.4172427743048944                       0
                 1.09375      0.4663301595172349                       0
                 1.09375      0.5154175447295755                       0
                 1.09375      0.5645049299419159                       0
                 1.09375      0.6135923151542565                       0
                 1.09375       0.662679700366597                       0
                 1.09375      0.7117670855789375                       0
                 1.09375       0.760854470791278                       0
                 1.09375      0.8099418560036186                       0
                 1.09375       0.859029241215959                       0
                 1.09375      0.9081166264282996                       0
                 1.09375      0.9572040116406401                       0
                 1.09375       1.006291396852981                       0
                 1.09375       1.055378782065321                       0
                 1.09375       1.104466167277662                       0
                 1.09375       1.153553552490002                       0
                 1.09375       1.202640937702343                       0
                 1.09375       1.251728322914683                       0
                 1.09375       1.300815708127024                       0
                 1.09375       1.349903093339364                       0
                 1.09375       1.398990478551705                       0
                 1.09375       1.448077863764045                       0
                 1.09375       1.497165248976386                       0
                 1.09375       1.546252634188726                       0
                 1.09375       1.595340019401067                       0
                 1.09375       1.644427404613407                       0
                 1.09375       1.693514789825748                       0
                 1.09375       1.742602175038088                       0
                 1.09375       1.791689560250429                       0
                 1.09375       1.840776945462769                       0
                 1.09375        1.88986433067511                       0
                 1.09375       1.938951715887451                       0
                 1.09375       1.988039101099791                       0
                 1.09375       2.037126486312132                       0
                 1.09375       2.086213871524472                       0
                 1.09375       2.135301256736812                       0
                 1.09375       2.184388641949153                       0
                 1.09375       2.233476027161494                       0
                 1.09375       2.282563412373834                       0
                 1.09375       2.331650797586175                       0
                 1.09375       2.380738182798515                       0
                 1.09375       2.429825568010856                       0
                 1.09375       2.478912953223196                       0
                 1.09375       2.528000338435537                       0
                 1.09375       2.577087723647877                       0
                 1.09375       2.626175108860218                       0
                 1.09375       2.675262494072558                       0
                 1.09375       2.724349879284899                       0
                 1.09375       2.773437264497239                       0
                 1.09375        2.82252464970958                       0
                 1.09375        2.87161203492192                       0
                 1.09375       2.920699420134261                       0
                 1.09375       2.969786805346601                       0
                 1.09375       3.018874190558942                       0
                 1.09375       3.067961575771282                       0
                 1.09375       3.117048960983623                       0

                 1.15625     0.02454369260617026                       0
                 1.15625     0.07363107781851078                       0
                 1.15625      0.1227184630308513                       0
                 1.15625      0.1718058482431918                       0
                 1.15625      0.2208932334555323                       0
                 1.15625      0.2699806186678728                       0
                 1.15625      0.3190680038802134                       0
                 1.15625      0.3681553890925539                       0
                 1.15625      0.4172427743048944                       0
                 1.15625      0.4663301595172349                       0
                 1.15625      0.5154175447295755                       0
                 1.15625      0.5645049299419159                       0
                 1.15625      0.6135923151542565                       0
                 1.15625       0.662679700366597                       0
                 1.15625      0.7117670855789375                       0
                 1.15625       0.760854470791278                       0
                 1.15625      0.8099418560036186                       0
                 1.15625       0.859029241215959                       0
                 1.15625      0.9081166264282996                       0
                 1.15625      0.9572040116406401                       0
                 1.15625       1.006291396852981                       0
                 1.15625       1.055378782065321                       0
                 1.15625       1.104466167277662                       0
                 1.15625       1.153553552490002                       0
                 1.15625       1.202640937702343                       0
                 1.15625       1.251728322914683                       0
                 1.15625       1.300815708127024                       0
                 1.15625       1.349903093339364                       0
                 1.15625       1.398990478551705                       0
                 1.15625       1.448077863764045                       0
                 1.15625       1.497165248976386                       0
                 1.15625       1.546252634188726                       0
                 1.15625       1.595340019401067                       0
                 1.15625       1.644427404613407                       0
                 1.15625       1.693514789825748                       0
                 1.15625       1.742602175038088                       0
                 1.15625       1.791689560250429                       0
                 1.15625       1.840776945462769                       0
                 1.15625        1.88986433067511                       0
                 1.15625       1.938951715887451                       0
                 1.15625       1.988039101099791                       0
                 1.15625       2.037126486312132                       0
                 1.15625       2.086213871524472                       0
                 1.15625       2.135301256736812                       0
                 1.15625       2.184388641949153                       0
                 1.15625       2.233476027161494                       0
                 1.15625       2.282563412373834                       0
                 1.15625       2.331650797586175                       0
                 1.15625       2.380738182798515                       0
                 1.15625       2.429825568010856                       0
                 1.15625       2.478912953223196                       0
                 1.15625       2.528000338435537                       0
                 1.15625       2.577087723647877                       0
                 1.15625       2.626175108860218                       0
                 1.15625       2.675262494072558                       0
                 1.15625       2.724349879284899                       0
                 1.15625       2.773437264497239                       0
                 1.15625        2.82252464970958                       0
                 1.15625        2.87161203492192                       0
                 1.15625       2.920699420134261                       0
                 1.15625       2.969786805346601                       0
                 1.15625       3.018874190558942                       0
                 1.15625       3.067961575771282                       0
                 1.15625       3.117048960983623                       0

                 1.21875     0.02454369260617026                       0
                 1.21875     0.07363107781851078                       0
                 1.21875      0.1227184630308513                       0
                 1.21875      0.1718058482431918                       0
                 1.21875      0.2208932334555323                       0
                 1.21875      0.2699806186678728                       0
                 1.21875      0.3190680038802134                       0
                 1.21875      0.3681553890925539                       0
                 1.21875      0.4172427743048944                       0
                 1.21875      0.4663301595172349                       0
                 1.21875      0.5154175447295755                       0
                 1.21875      0.5645049299419159                       0
                 1.21875      0.6135923151542565                       0
                 1.21875       0.662679700366597                       0
                 1.21875      0.7117670855789375                       0
                 1.21875       0.760854470791278                       0
                 1.21875      0.8099418560036186                       0
                 1.21875       0.859029241215959                       0
                 1.21875      0.9081166264282996                       0
                 1.21875      0.9572040116406401                       0
                 1.21875       1.006291396852981                       0
                 1.21875       1.055378782065321                       0
                 1.21875       1.104466167277662                       0
                 1.21875       1.153553552490002                       0
                 1.21875       1.202640937702343                       0
                 1.21875       1.251728322914683                       0
                 1.21875       1.300815708127024                       0
                 1.21875       1.349903093339364                       0
                 1.21875       1.398990478551705                       0
                 1.21875       1.448077863764045                       0
                 1.21875       1.497165248976386                       0
                 1.21875       1.546252634188726                       0
                 1.21875       1.595340019401067                       0
                 1.21875       1.644427404613407                       0
                 1.21875       1.693514789825748                       0
                 1.21875       1.742602175038088                       0
                 1.21875       1.791689560250429                       0
                 1.21875       1.840776945462769                       0
                 1.21875        1.88986433067511                       0
                 1.21875       1.938951715887451                       0
                 1.21875       1.988039101099791                       0
                 1.21875       2.037126486312132                       0
                 1.21875       2.086213871524472                       0
                 1.21875       2.135301256736812                       0
                 1.21875       2.184388641949153                       0
                 1.21875       2.233476027161494                       0
                 1.21875       2.282563412373834                       0
                 1.21875       2.331650797586175                       0
                 1.21875       2.380738182798515                       0
                 1.21875       2.429825568010856                       0
                 1.21875       2.478912953223196                       0
                 1.21875       2.528000338435537                       0
                 1.21875       2.577087723647877                       0
                 1.21875       2.626175108860218                       0
                 1.21875       2.675262494072558                       0
                 1.21875       2.724349879284899                       0
                 1.21875       2.773437264497239                       0
                 1.21875        2.82252464970958                       0
                 1.21875        2.87161203492192                       0
                 1.21875       2.920699420134261                       0
                 1.21875       2.969786805346601                       0
                 1.21875       3.018874190558942                       0
                 1.21875       3.067961575771282                       0
                 1.21875       3.117048960983623                       0

                 1.28125     0.02454369260617026                       0
                 1.28125     0.07363107781851078                       0
                 1.28125      0.1227184630308513                       0
                 1.28125      0.1718058482431918                       0
                 1.28125      0.2208932334555323                       0
                 1.28125      0.2699806186678728                       0
                 1.28125      0.3190680038802134                       0
                 1.28125      0.3681553890925539                       0
                 1.28125      0.4172427743048944                       0
                 1.28125      0.4663301595172349                       0
                 1.28125      0.5154175447295755                       0
                 1.28125      0.5645049299419159                       0
                 1.28125      0.6135923151542565                       0
                 1.28125       0.662679700366597                       0
                 1.28125      0.7117670855789375                       0
                 1.28125       0.760854470791278                       0
                 1.28125      0.8099418560036186                       0
                 1.28125       0.859029241215959                       0
                 1.28125      0.9081166264282996                       0
                 1.28125      0.9572040116406401                       0
                 1.28125       1.006291396852981                       0
                 1.28125       1.055378782065321                       0
                 1.28125       1.104466167277662                       0
                 1.28125       1.153553552490002                       0
                 1.28125       1.202640937702343                       0
                 1.28125       1.251728322914683                       0
                 1.28125       1.300815708127024                       0
                 1.28125       1.349903093339364                       0
                 1.28125       1.398990478551705                       0
                 1.28125       1.448077863764045                       0
                 1.28125       1.497165248976386                       0
                 1.28125       1.546252634188726                       0
                 1.28125       1.595340019401067                       0
                 1.28125       1.644427404613407                       0
                 1.28125       1.693514789825748                       0
                 1.28125       1.742602175038088                       0
                 1.28125       1.791689560250429                       0
                 1.28125       1.840776945462769                       0
                 1.28125        1.88986433067511                       0
                 1.28125       1.938951715887451                       0
                 1.28125       1.988039101099791                       0
                 1.28125       2.037126486312132                       0
                 1.28125       2.086213871524472                       0
                 1.28125       2.135301256736812                       0
                 1.28125       2.184388641949153                       0
                 1.28125       2.233476027161494                       0
                 1.28125       2.282563412373834                       0
                 1.28125       2.331650797586175                       0
                 1.28125       2.380738182798515                       0
                 1.28125       2.429825568010856                       0
                 1.28125       2.478912953223196                       0
                 1.28125       2.528000338435537                       0
                 1.28125       2.577087723647877                       0
                 1.28125       2.626175108860218                       0
                 1.28125       2.675262494072558                       0
                 1.28125       2.724349879284899                       0
                 1.28125       2.773437264497239                       0
                 1.28125        2.82252464970958                       0
                 1.28125        2.87161203492192                       0
                 1.28125       2.920699420134261                       0
                 1.28125       2.969786805346601                       0
                 1.28125       3.018874190558942                       0
                 1.28125       3.067961575771282                       0
                 1.28125       3.117048960983623                       0

                 1.34375     0.02454369260617026                       0
                 1.34375     0.07363107781851078                       0
                 1.34375      0.1227184630308513                       0
                 1.34375      0.1718058482431918                       0
                 1.34375      0.2208932334555323                       0
                 1.34375      0.2699806186678728                       0
                 1.34375      0.3190680038802134                       0
                 1.34375      0.3681553890925539                       0
                 1.34375      0.4172427743048944                       0
                 1.34375      0.4663301595172349                       0
                 1.34375      0.5154175447295755                       0
                 1.34375      0.5645049299419159                       0
                 1.34375      0.6135923151542565                       0
                 1.34375       0.662679700366597                       0
                 1.34375      0.7117670855789375                       0
                 1.34375       0.760854470791278                       0
                 1.34375      0.8099418560036186                       0
                 1.34375       0.859029241215959                       0
                 1.34375      0.9081166264282996                       0
                 1.34375      0.9572040116406401                       0
                 1.34375       1.006291396852981                       0
                 1.34375       1.055378782065321                       0
                 1.34375       1.104466167277662                       0
                 1.34375       1.153553552490002                       0
                 1.34375       1.202640937702343                       0
                 1.34375       1.251728322914683                       0
                 1.34375       1.300815708127024                       0
                 1.34375       1.349903093339364                       0
                 1.34375       1.398990478551705                       0
                 1.34375       1.448077863764045                       0
                 1.34375       1.497165248976386                       0
                 1.34375       1.546252634188726                       0
                 1.34375       1.595340019401067                       0
                 1.34375       1.644427404613407                       0
                 1.34375       1.693514789825748                       0
                 1.34375       1.742602175038088                       0
                 1.34375       1.791689560250429                       0
                 1.34375       1.840776945462769                       0
                 1.34375        1.88986433067511                       0
                 1.34375       1.938951715887451                       0
                 1.34375       1.988039101099791                       0
                 1.34375       2.037126486312132                       0
                 1.34375       2.086213871524472                       0
                 1.34375       2.135301256736812                       0
                 1.34375       2.184388641949153                       0
                 1.34375       2.233476027161494                       0
                 1.34375       2.282563412373834                       0
                 1.34375       2.331650797586175                       0
                 1.34375       2.380738182798515                       0
                 1.34375       2.429825568010856                       0
                 1.34375       2.478912953223196                       0
                 1.34375       2.528000338435537                       0
                 1.34375       2.577087723647877                       0
                 1.34375       2.626175108860218                       0
                 1.34375       2.675262494072558                       0
                 1.34375       2.724349879284899                       0
                 1.34375       2.773437264497239                       0
                 1.34375        2.82252464970958                       0
                 1.34375        2.87161203492192                       0
                 1.34375       2.920699420134261                       0
                 1.34375       2.969786805346601                       0
                 1.34375       3.018874190558942                       0
                 1.34375       3.067961575771282                       0
                 1.34375       3.117048960983623                       0

                 1.40625     0.02454369260617026                       0
                 1.40625     0.07363107781851078                       0
                 1.40625      0.1227184630308513                       0
                 1.40625      0.1718058482431918                       0
                 1.40625      0.2208932334555323                       0
                 1.40625      0.2699806186678728                       0
                 1.40625      0.3190680038802134                       0
                 1.40625      0.3681553890925539                       0
                 1.40625      0.4172427743048944                       0
                 1.40625      0.4663301595172349                       0
                 1.40625      0.5154175447295755                       0
                 1.40625      0.5645049299419159                       0
                 1.40625      0.6135923151542565                       0
                 1.40625       0.662679700366597                       0
                 1.40625      0.7117670855789375                       0
                 1.40625       0.760854470791278                       0
                 1.40625      0.8099418560036186                       0
                 1.40625       0.859029241215959                       0
                 1.40625      0.9081166264282996                       0
                 1.40625      0.9572040116406401                       0
                 1.40625       1.006291396852981                       0
                 1.40625       1.055378782065321                       0
                 1.40625       1.104466167277662                       0
                 1.40625       1.153553552490002                       0
                 1.40625       1.202640937702343                       0
                 1.40625       1.251728322914683                       0
                 1.40625       1.300815708127024                       0
                 1.40625       1.349903093339364                       0
                 1.40625       1.398990478551705                       0
                 1.40625       1.448077863764045                       0
                 1.40625       1.497165248976386                       0
                 1.40625       1.546252634188726                       0
                 1.40625       1.595340019401067                       0
                 1.40625       1.644427404613407                       0
                 1.40625       1.693514789825748                       0
                 1.40625       1.742602175038088                       0
                 1.40625       1.791689560250429                       0
                 1.40625       1.840776945462769                       0
                 1.40625        1.88986433067511                       0
                 1.40625       1.938951715887451                       0
                 1.40625       1.988039101099791                       0
                 1.40625       2.037126486312132                       0
                 1.40625       2.086213871524472                       0
                 1.40625       2.135301256736812                       0
                 1.40625       2.184388641949153                       0
                 1.40625       2.233476027161494                       0
                 1.40625       2.282563412373834                       0
                 1.40625       2.331650797586175                       0
                 1.40625       2.380738182798515                       0
                 1.40625       2.429825568010856                       0
                 1.40625       2.478912953223196                       0
                 1.40625       2.528000338435537                       0
                 1.40625       2.577087723647877                       0
                 1.40625       2.626175108860218                       0
                 1.40625       2.675262494072558                       0
                 1.40625       2.724349879284899                       0
                 1.40625       2.773437264497239                       0
                 1.40625        2.82252464970958                       0
                 1.40625        2.87161203492192                       0
                 1.40625       2.920699420134261                       0
                 1.40625       2.969786805346601                       0
                 1.40625       3.018874190558942                       0
                 1.40625       3.067961575771282                       0
                 1.40625       3.117048960983623                       0

                 1.46875     0.02454369260617026                       0
                 1.46875     0.07363107781851078                       0
                 1.46875      0.1227184630308513                       0
                 1.46875      0.1718058482431918                       0
                 1.46875      0.2208932334555323                       0
                 1.46875      0.2699806186678728                       0
                 1.46875      0.3190680038802134                       0
                 1.46875      0.3681553890925539                       0
                 1.46875      0.4172427743048944                       0
                 1.46875      0.4663301595172349                       0
                 1.46875      0.5154175447295755                       0
                 1.46875      0.5645049299419159                       0
                 1.46875      0.6135923151542565                       0
                 1.46875       0.662679700366597                       0
                 1.46875      0.7117670855789375                       0
                 1.46875       0.760854470791278                       0
                 1.46875      0.8099418560036186                       0
                 1.46875       0.859029241215959                       0
                 1.46875      0.9081166264282996                       0
                 1.46875      0.9572040116406401                       0
                 1.46875       1.006291396852981                       0
                 1.46875       1.055378782065321                       0
                 1.46875       1.104466167277662                       0
                 1.46875       1.153553552490002                       0
                 1.46875       1.202640937702343                       0
                 1.46875       1.251728322914683                       0
                 1.46875       1.300815708127024                       0
                 1.46875       1.349903093339364                       0
                 1.46875       1.398990478551705                       0
                 1.46875       1.448077863764045                       0
                 1.46875       1.497165248976386                       0
                 1.46875       1.546252634188726                       0
                 1.46875       1.595340019401067                       0
                 1.46875       1.644427404613407                       0
                 1.46875       1.693514789825748                       0
                 1.46875       1.742602175038088                       0
                 1.46875       1.791689560250429                       0
                 1.46875       1.840776945462769                       0
                 1.46875        1.88986433067511                       0
                 1.46875       1.938951715887451                       0
                 1.46875       1.988039101099791                       0
                 1.46875       2.037126486312132                       0
                 1.46875       2.086213871524472                       0
                 1.46875       2.135301256736812                       0
                 1.46875       2.184388641949153                       0
                 1.46875       2.233476027161494                       0
                 1.46875       2.282563412373834                       0
                 1.46875       2.331650797586175                       0
                 1.46875       2.380738182798515                       0
                 1.46875       2.429825568010856                       0
                 1.46875       2.478912953223196                       0
                 1.46875       2.528000338435537                       0
                 1.46875       2.577087723647877                       0
                 1.46875       2.626175108860218                       0
                 1.46875       2.675262494072558                       0
                 1.46875       2.724349879284899                       0
                 1.46875       2.773437264497239                       0
                 1.46875        2.82252464970958                       0
                 1.46875        2.87161203492192                       0
                 1.46875       2.920699420134261                       0
                 1.46875       2.969786805346601                       0
                 1.46875       3.018874190558942                       0
                 1.46875       3.067961575771282                       0
                 1.46875       3.117048960983623                       0

                 1.53125     0.02454369260617026                       0
                 1.53125     0.07363107781851078                       0
                 1.53125      0.1227184630308513                       0
                 1.53125      0.1718058482431918                       0
                 1.53125      0.2208932334555323                       0
                 1.53125      0.2699806186678728                       0
                 1.53125      0.3190680038802134                       0
                 1.53125      0.3681553890925539                       0
                 1.53125      0.4172427743048944                       0
                 1.53125      0.4663301595172349                       0
                 1.53125      0.5154175447295755                       0
                 1.53125      0.5645049299419159                       0
                 1.53125      0.6135923151542565                       0
                 1.53125       0.662679700366597                       0
                 1.53125      0.7117670855789375                       0
                 1.53125       0.760854470791278                       0
                 1.53125      0.8099418560036186                       0
                 1.53125       0.859029241215959                       0
                 1.53125      0.9081166264282996                       0
                 1.53125      0.9572040116406401                       0
                 1.53125       1.006291396852981                       0
                 1.53125       1.055378782065321                       0
                 1.53125       1.104466167277662                       0
                 1.53125       1.153553552490002                       0
                 1.53125       1.202640937702343                       0
                 1.53125       1.251728322914683                       0
                 1.53125       1.300815708127024                       0
                 1.53125       1.349903093339364                       0
                 1.53125       1.398990478551705                       0
                 1.53125       1.448077863764045                       0
                 1.53125       1.497165248976386                       0
                 1.53125       1.546252634188726                       0
                 1.53125       1.595340019401067                       0
                 1.53125       1.644427404613407                       0
                 1.53125       1.693514789825748                       0
                 1.53125       1.742602175038088                       0
                 1.53125       1.791689560250429                       0
                 1.53125       1.840776945462769                       0
                 1.53125        1.88986433067511                       0
                 1.53125       1.938951715887451                       0
                 1.53125       1.988039101099791                       0
                 1.53125       2.037126486312132                       0
                 1.53125       2.086213871524472                       0
                 1.53125       2.135301256736812                       0
                 1.53125       2.184388641949153                       0
                 1.53125       2.233476027161494                       0
                 1.53125       2.282563412373834                       0
                 1.53125       2.331650797586175                       0
                 1.53125       2.380738182798515                       0
                 1.53125       2.429825568010856                       0
                 1.53125       2.478912953223196                       0
                 1.53125       2.528000338435537                       0
                 1.53125       2.577087723647877                       0
                 1.53125       2.626175108860218                       0
                 1.53125       2.675262494072558                       0
                 1.53125       2.724349879284899                       0
                 1.53125       2.773437264497239                       0
                 1.53125        2.82252464970958                       0
                 1.53125        2.87161203492192                       0
                 1.53125       2.920699420134261                       0
                 1.53125       2.969786805346601                       0
                 1.53125       3.018874190558942                       0
                 1.53125       3.067961575771282                       0
                 1.53125       3.117048960983623                       0

                 1.59375     0.02454369260617026                       0
                 1.59375     0.07363107781851078                       0
                 1.59375      0.1227184630308513                       0
                 1.59375      0.1718058482431918                       0
                 1.59375      0.2208932334555323                       0
                 1.59375      0.2699806186678728                       0
                 1.59375      0.3190680038802134                       0
                 1.59375      0.3681553890925539                       0
                 1.59375      0.4172427743048944                       0
                 1.59375      0.4663301595172349                       0
                 1.59375      0.5154175447295755                       0
                 1.59375      0.5645049299419159                       0
                 1.59375      0.6135923151542565                       0
                 1.59375       0.662679700366597                       0
                 1.59375      0.7117670855789375                       0
                 1.59375       0.760854470791278                       0
                 1.59375      0.8099418560036186                       0
                 1.59375       0.859029241215959                       0
                 1.59375      0.9081166264282996                       0
                 1.59375      0.9572040116406401                       0
                 1.59375       1.006291396852981                       0
                 1.59375       1.055378782065321                       0
                 1.59375       1.104466167277662                       0
                 1.59375       1.153553552490002                       0
                 1.59375       1.202640937702343                       0
                 1.59375       1.251728322914683                       0
                 1.59375       1.300815708127024                       0
                 1.59375       1.349903093339364                       0
                 1.59375       1.398990478551705                       0
                 1.59375       1.448077863764045                       0
                 1.59375       1.497165248976386                       0
                 1.59375       1.546252634188726                       0
                 1.59375       1.595340019401067                       0
                 1.59375       1.644427404613407                       0
                 1.59375       1.693514789825748                       0
                 1.59375       1.742602175038088                       0
                 1.59375       1.791689560250429                       0
                 1.59375       1.840776945462769                       0
                 1.59375        1.88986433067511                       0
                 1.59375       1.938951715887451                       0
                 1.59375       1.988039101099791                       0
                 1.59375       2.037126486312132                       0
                 1.59375       2.086213871524472                       0
                 1.59375       2.135301256736812                       0
                 1.59375       2.184388641949153                       0
                 1.59375       2.233476027161494                       0
                 1.59375       2.282563412373834                       0
                 1.59375       2.331650797586175                       0
                 1.59375       2.380738182798515                       0
                 1.59375       2.429825568010856                       0
                 1.59375       2.478912953223196                       0
                 1.59375       2.528000338435537                       0
                 1.59375       2.577087723647877                       0
                 1.59375       2.626175108860218                       0
                 1.59375       2.675262494072558                       0
                 1.59375       2.724349879284899                       0
                 1.59375       2.773437264497239                       0
                 1.59375        2.82252464970958                       0
                 1.59375        2.87161203492192                       0
                 1.59375       2.920699420134261                       0
                 1.59375       2.969786805346601                       0
                 1.59375       3.018874190558942                       0
                 1.59375       3.067961575771282                       0
                 1.59375       3.117048960983623                       0

                 1.65625     0.02454369260617026                       0
                 1.65625     0.07363107781851078                       0
                 1.65625      0.1227184630308513                       0
                 1.65625      0.1718058482431918                       0
                 1.65625      0.2208932334555323                       0
                 1.65625      0.2699806186678728                       0
                 1.65625      0.3190680038802134                       0
                 1.65625      0.3681553890925539                       0
                 1.65625      0.4172427743048944                       0
                 1.65625      0.4663301595172349                       0
                 1.65625      0.5154175447295755                       0
                 1.65625      0.5645049299419159                       0
                 1.65625      0.6135923151542565                       0
                 1.65625       0.662679700366597                       0
                 1.65625      0.7117670855789375                       0
                 1.65625       0.760854470791278                       0
                 1.65625      0.8099418560036186                       0
                 1.65625       0.859029241215959                       0
                 1.65625      0.9081166264282996                       0
                 1.65625      0.9572040116406401                       0
                 1.65625       1.006291396852981                       0
                 1.65625       1.055378782065321                       0
                 1.65625       1.104466167277662                       0
                 1.65625       1.153553552490002                       0
                 1.65625       1.202640937702343                       0
                 1.65625       1.251728322914683                       0
                 1.65625       1.300815708127024                       0
                 1.65625       1.349903093339364                       0
                 1.65625       1.398990478551705                       0
                 1.65625       1.448077863764045                       0
                 1.65625       1.497165248976386                       0
                 1.65625       1.546252634188726                       0
                 1.65625       1.595340019401067                       0
                 1.65625       1.644427404613407                       0
                 1.65625       1.693514789825748                       0
                 1.65625       1.742602175038088                       0
                 1.65625       1.791689560250429                       0
                 1.65625       1.840776945462769                       0
                 1.65625        1.88986433067511                       0
                 1.65625       1.938951715887451                       0
                 1.65625       1.988039101099791                       0
                 1.65625       2.037126486312132                       0
                 1.65625       2.086213871524472                       0
                 1.65625       2.135301256736812                       0
                 1.65625       2.184388641949153                       0
                 1.65625       2.233476027161494                       0
                 1.65625       2.282563412373834                       0
                 1.65625       2.331650797586175                       0
                 1.65625       2.380738182798515                       0
                 1.65625       2.429825568010856                       0
                 1.65625       2.478912953223196                       0
                 1.65625       2.528000338435537                       0
                 1.65625       2.577087723647877                       0
                 1.65625       2.626175108860218                       0
                 1.65625       2.675262494072558                       0
                 1.65625       2.724349879284899                       0
                 1.65625       2.773437264497239                       0
                 1.65625        2.82252464970958                       0
                 1.65625        2.87161203492192                       0
                 1.65625       2.920699420134261                       0
                 1.65625       2.969786805346601                       0
                 1.65625       3.018874190558942                       0
                 1.65625       3.067961575771282                       0
                 1.65625       3.117048960983623                       0

                 1.71875     0.02454369260617026                       0
                 1.71875     0.07363107781851078                       0
                 1.71875      0.1227184630308513                       0
                 1.71875      0.1718058482431918                       0
                 1.71875      0.2208932334555323                       0
                 1.71875      0.2699806186678728                       0
                 1.71875      0.3190680038802134                       0
                 1.71875      0.3681553890925539                       0
                 1.71875      0.4172427743048944                       0
                 1.71875      0.4663301595172349                       0
                 1.71875      0.5154175447295755                       0
                 1.71875      0.5645049299419159                       0
                 1.71875      0.6135923151542565                       0
                 1.71875       0.662679700366597                       0
                 1.71875      0.7117670855789375                       0
                 1.71875       0.760854470791278                       0
                 1.71875      0.8099418560036186                       0
                 1.71875       0.859029241215959                       0
                 1.71875      0.9081166264282996                       0
                 1.71875      0.9572040116406401                       0
                 1.71875       1.006291396852981                       0
                 1.71875       1.055378782065321                       0
                 1.71875       1.104466167277662                       0
                 1.71875       1.153553552490002                       0
                 1.71875       1.202640937702343                       0
                 1.71875       1.251728322914683                       0
                 1.71875       1.300815708127024                       0
                 1.71875       1.349903093339364                       0
                 1.71875       1.398990478551705                       0
                 1.71875       1.448077863764045                       0
                 1.71875       1.497165248976386                       0
                 1.71875       1.546252634188726                       0
                 1.71875       1.595340019401067                       0
                 1.71875       1.644427404613407                       0
                 1.71875       1.693514789825748                       0
                 1.71875       1.742602175038088                       0
                 1.71875       1.791689560250429                       0
                 1.71875       1.840776945462769                       0
                 1.71875        1.88986433067511                       0
                 1.71875       1.938951715887451                       0
                 1.71875       1.988039101099791                       0
                 1.71875       2.037126486312132                       0
                 1.71875       2.086213871524472                       0
                 1.71875       2.135301256736812                       0
                 1.71875       2.184388641949153                       0
                 1.71875       2.233476027161494                       0
                 1.71875       2.282563412373834                       0
                 1.71875       2.331650797586175                       0
                 1.71875       2.380738182798515                       0
                 1.71875       2.429825568010856                       0
                 1.71875       2.478912953223196                       0
                 1.71875       2.528000338435537                       0
                 1.71875       2.577087723647877                       0
                 1.71875       2.626175108860218                       0
                 1.71875       2.675262494072558                       0
                 1.71875       2.724349879284899                       0
                 1.71875       2.773437264497239                       0
                 1.71875        2.82252464970958                       0
                 1.71875        2.87161203492192                       0
                 1.71875       2.920699420134261                       0
                 1.71875       2.969786805346601                       0
                 1.71875       3.018874190558942                       0
                 1.71875       3.067961575771282                       0
                 1.71875       3.117048960983623                       0

                 1.78125     0.02454369260617026                       0
                 1.78125     0.07363107781851078                       0
                 1.78125      0.1227184630308513                       0
                 1.78125      0.1718058482431918                       0
                 1.78125      0.2208932334555323                       0
                 1.78125      0.2699806186678728                       0
                 1.78125      0.3190680038802134                       0
                 1.78125      0.3681553890925539                       0
                 1.78125      0.4172427743048944                       0
                 1.78125      0.4663301595172349                       0
                 1.78125      0.5154175447295755                       0
                 1.78125      0.5645049299419159                       0
                 1.78125      0.6135923151542565                       0
                 1.78125       0.662679700366597                       0
                 1.78125      0.7117670855789375                       0
                 1.78125       0.760854470791278                       0
                 1.78125      0.8099418560036186                       0
                 1.78125       0.859029241215959                       0
                 1.78125      0.9081166264282996                       0
                 1.78125      0.9572040116406401                       0
                 1.78125       1.006291396852981                       0
                 1.78125       1.055378782065321                       0
                 1.78125       1.104466167277662                       0
                 1.78125       1.153553552490002                       0
                 1.78125       1.202640937702343                       0
                 1.78125       1.251728322914683                       0
                 1.78125       1.300815708127024                       0
                 1.78125       1.349903093339364                       0
                 1.78125       1.398990478551705                       0
                 1.78125       1.448077863764045                       0
                 1.78125       1.497165248976386                       0
                 1.78125       1.546252634188726                       0
                 1.78125       1.595340019401067                       0
                 1.78125       1.644427404613407                       0
                 1.78125       1.693514789825748                       0
                 1.78125       1.742602175038088                       0
                 1.78125       1.791689560250429                       0
                 1.78125       1.840776945462769                       0
                 1.78125        1.88986433067511                       0
                 1.78125       1.938951715887451                       0
                 1.78125       1.988039101099791                       0
                 1.78125       2.037126486312132                       0
                 1.78125       2.086213871524472                       0
                 1.78125       2.135301256736812                       0
                 1.78125       2.184388641949153                       0
                 1.78125       2.233476027161494                       0
                 1.78125       2.282563412373834                       0
                 1.78125       2.331650797586175                       0
                 1.78125       2.380738182798515                       0
                 1.78125       2.429825568010856                       0
                 1.78125       2.478912953223196                       0
                 1.78125       2.528000338435537                       0
                 1.78125       2.577087723647877                       0
                 1.78125       2.626175108860218                       0
                 1.78125       2.675262494072558                       0
                 1.78125       2.724349879284899                       0
                 1.78125       2.773437264497239                       0
                 1.78125        2.82252464970958                       0
                 1.78125        2.87161203492192                       0
                 1.78125       2.920699420134261                       0
                 1.78125       2.969786805346601                       0
                 1.78125       3.018874190558942                       0
                 1.78125       3.067961575771282                       0
                 1.78125       3.117048960983623                       0

                 1.84375     0.02454369260617026                       0
                 1.84375     0.07363107781851078                       0
                 1.84375      0.1227184630308513                       0
                 1.84375      0.1718058482431918                       0
                 1.84375      0.2208932334555323                       0
                 1.84375      0.2699806186678728                       0
                 1.84375      0.3190680038802134                       0
                 1.84375      0.3681553890925539                       0
                 1.84375      0.4172427743048944                       0
                 1.84375      0.4663301595172349                       0
                 1.84375      0.5154175447295755                       0
                 1.84375      0.5645049299419159                       0
                 1.84375      0.6135923151542565                       0
                 1.84375       0.662679700366597                       0
                 1.84375      0.7117670855789375                       0
                 1.84375       0.760854470791278                       0
                 1.84375      0.8099418560036186                       0
                 1.84375       0.859029241215959                       0
                 1.84375      0.9081166264282996                       0
                 1.84375      0.9572040116406401                       0
                 1.84375       1.006291396852981                       0
                 1.84375       1.055378782065321                       0
                 1.84375       1.104466167277662                       0
                 1.84375       1.153553552490002                       0
                 1.84375       1.202640937702343                       0
                 1.84375       1.251728322914683                       0
                 1.84375       1.300815708127024                       0
                 1.84375       1.349903093339364                       0
                 1.84375       1.398990478551705                       0
                 1.84375       1.448077863764045                       0
                 1.84375       1.497165248976386                       0
                 1.84375       1.546252634188726                       0
                 1.84375       1.595340019401067                       0
                 1.84375       1.644427404613407                       0
                 1.84375       1.693514789825748                       0
                 1.84375       1.742602175038088                       0
                 1.84375       1.791689560250429                       0
                 1.84375       1.840776945462769                       0
                 1.84375        1.88986433067511                       0
                 1.84375       1.938951715887451                       0
                 1.84375       1.988039101099791                       0
                 1.84375       2.037126486312132                       0
                 1.84375       2.086213871524472                       0
                 1.84375       2.135301256736812                       0
                 1.84375       2.184388641949153                       0
                 1.84375       2.233476027161494                       0
                 1.84375       2.282563412373834                       0
                 1.84375       2.331650797586175                       0
                 1.84375       2.380738182798515                       0
                 1.84375       2.429825568010856                       0
                 1.84375       2.478912953223196                       0
                 1.84375       2.528000338435537                       0
                 1.84375       2.577087723647877                       0
                 1.84375       2.626175108860218                       0
                 1.84375       2.675262494072558                       0
                 1.84375       2.724349879284899                       0
                 1.84375       2.773437264497239                       0
                 1.84375        2.82252464970958                       0
                 1.84375        2.87161203492192                       0
                 1.84375       2.920699420134261                       0
                 1.84375       2.969786805346601                       0
                 1.84375       3.018874190558942                       0
                 1.84375       3.067961575771282                       0
                 1.84375       3.117048960983623                       0

                 1.90625     0.02454369260617026                       0
                 1.90625     0.07363107781851078                       0
                 1.90625      0.1227184630308513                       0
                 1.90625      0.1718058482431918                       0
                 1.90625      0.2208932334555323                       0
                 1.90625      0.2699806186678728                       0
                 1.90625      0.3190680038802134                       0
                 1.90625      0.3681553890925539                       0
                 1.90625      0.4172427743048944                       0
                 1.90625      0.4663301595172349                       0
                 1.90625      0.5154175447295755                       0
                 1.90625      0.5645049299419159                       0
                 1.90625      0.6135923151542565                       0
                 1.90625       0.662679700366597                       0
                 1.90625      0.7117670855789375                       0
                 1.90625       0.760854470791278                       0
                 1.90625      0.8099418560036186                       0
                 1.90625       0.859029241215959                       0
                 1.90625      0.9081166264282996                       0
                 1.90625      0.9572040116406401                       0
                 1.90625       1.006291396852981                       0
                 1.90625       1.055378782065321                       0
                 1.90625       1.104466167277662                       0
                 1.90625       1.153553552490002                       0
                 1.90625       1.202640937702343                       0
                 1.90625       1.251728322914683                       0
                 1.90625       1.300815708127024                       0
                 1.90625       1.349903093339364                       0
                 1.90625       1.398990478551705                       0
                 1.90625       1.448077863764045                       0
                 1.90625       1.497165248976386                       0
                 1.90625       1.546252634188726                       0
                 1.90625       1.595340019401067                       0
                 1.90625       1.644427404613407                       0
                 1.90625       1.693514789825748                       0
                 1.90625       1.742602175038088                       0
                 1.90625       1.791689560250429                       0
                 1.90625       1.840776945462769                       0
                 1.90625        1.88986433067511                       0
                 1.90625       1.938951715887451                       0
                 1.90625       1.988039101099791                       0
                 1.90625       2.037126486312132                       0
                 1.90625       2.086213871524472                       0
                 1.90625       2.135301256736812                       0
                 1.90625       2.184388641949153                       0
                 1.90625       2.233476027161494                       0
                 1.90625       2.282563412373834                       0
                 1.90625       2.331650797586175                       0
                 1.90625       2.380738182798515                       0
                 1.90625       2.429825568010856                       0
                 1.90625       2.478912953223196                       0
                 1.90625       2.528000338435537                       0
                 1.90625       2.577087723647877                       0
                 1.90625       2.626175108860218                       0
                 1.90625       2.675262494072558                       0
                 1.90625       2.724349879284899                       0
                 1.90625       2.773437264497239                       0
                 1.90625        2.82252464970958                       0
                 1.90625        2.87161203492192                       0
                 1.90625       2.920699420134261                       0
                 1.90625       2.969786805346601                       0
                 1.90625       3.018874190558942                       0
                 1.90625       3.067961575771282                       0
                 1.90625       3.117048960983623                       0

                 1.96875     0.02454369260617026                       0
                 1.96875     0.07363107781851078                       0
                 1.96875      0.1227184630308513                       0
                 1.96875      0.1718058482431918                       0
                 1.96875      0.2208932334555323                       0
                 1.96875      0.2699806186678728                       0
                 1.96875      0.3190680038802134                       0
                 1.96875      0.3681553890925539                       0
                 1.96875      0.4172427743048944                       0
                 1.96875      0.4663301595172349                       0
                 1.96875      0.5154175447295755                       0
                 1.96875      0.5645049299419159                       0
                 1.96875      0.6135923151542565                       0
                 1.96875       0.662679700366597                       0
                 1.96875      0.7117670855789375                       0
                 1.96875       0.760854470791278                       0
                 1.96875      0.8099418560036186                       0
                 1.96875       0.859029241215959                       0
                 1.96875      0.9081166264282996                       0
                 1.96875      0.9572040116406401                       0
                 1.96875       1.006291396852981                       0
                 1.96875       1.055378782065321                       0
                 1.96875       1.104466167277662                       0
                 1.96875       1.153553552490002                       0
                 1.96875       1.202640937702343                       0
                 1.96875       1.251728322914683                       0
                 1.96875       1.300815708127024                       0
                 1.96875       1.349903093339364                       0
                 1.96875       1.398990478551705                       0
                 1.96875       1.448077863764045                       0
                 1.96875       1.497165248976386                       0
                 1.96875       1.546252634188726                       0
                 1.96875       1.595340019401067                       0
                 1.96875       1.644427404613407                       0
                 1.96875       1.693514789825748                       0
                 1.96875       1.742602175038088                       0
                 1.96875       1.791689560250429                       0
                 1.96875       1.840776945462769                       0
                 1.96875        1.88986433067511                       0
                 1.96875       1.938951715887451                       0
                 1.96875       1.988039101099791                       0
                 1.96875       2.037126486312132                       0
                 1.96875       2.086213871524472                       0
                 1.96875       2.135301256736812                       0
                 1.96875       2.184388641949153                       0
                 1.96875       2.233476027161494                       0
                 1.96875       2.282563412373834                       0
                 1.96875       2.331650797586175                       0
                 1.96875       2.380738182798515                       0
                 1.96875       2.429825568010856                       0
                 1.96875       2.478912953223196                       0
                 1.96875       2.528000338435537                       0
                 1.96875       2.577087723647877                       0
                 1.96875       2.626175108860218                       0
                 1.96875       2.675262494072558                       0
                 1.96875       2.724349879284899                       0
                 1.96875       2.773437264497239                       0
                 1.96875        2.82252464970958                       0
                 1.96875        2.87161203492192                       0
                 1.96875       2.920699420134261                       0
                 1.96875       2.969786805346601                       0
                 1.96875       3.018874190558942                       0
                 1.96875       3.067961575771282                       0
                 1.96875       3.117048960983623                       0

                 2.03125     0.02454369260617026                       0
                 2.03125     0.07363107781851078                       0
                 2.03125      0.1227184630308513                       0
                 2.03125      0.1718058482431918                       0
                 2.03125      0.2208932334555323                       0
                 2.03125      0.2699806186678728                       0
                 2.03125      0.3190680038802134                       0
                 2.03125      0.3681553890925539                       0
                 2.03125      0.4172427743048944                       0
                 2.03125      0.4663301595172349                       0
                 2.03125      0.5154175447295755                       0
                 2.03125      0.5645049299419159                       0
                 2.03125      0.6135923151542565                       0
                 2.03125       0.662679700366597                       0
                 2.03125      0.7117670855789375                       0
                 2.03125       0.760854470791278                       0
                 2.03125      0.8099418560036186                       0
                 2.03125       0.859029241215959                       0
                 2.03125      0.9081166264282996                       0
                 2.03125      0.9572040116406401                       0
                 2.03125       1.006291396852981                       0
                 2.03125       1.055378782065321                       0
                 2.03125       1.104466167277662                       0
                 2.03125       1.153553552490002                       0
                 2.03125       1.202640937702343                       0
                 2.03125       1.251728322914683                       0
                 2.03125       1.300815708127024                       0
                 2.03125       1.349903093339364                       0
                 2.03125       1.398990478551705                       0
                 2.03125       1.448077863764045                       0
                 2.03125       1.497165248976386                       0
                 2.03125       1.546252634188726                       0
                 2.03125       1.595340019401067                       0
                 2.03125       1.644427404613407                       0
                 2.03125       1.693514789825748                       0
                 2.03125       1.742602175038088                       0
                 2.03125       1.791689560250429                       0
                 2.03125       1.840776945462769                       0
                 2.03125        1.88986433067511                       0
                 2.03125       1.938951715887451                       0
                 2.03125       1.988039101099791                       0
                 2.03125       2.037126486312132                       0
                 2.03125       2.086213871524472                       0
                 2.03125       2.135301256736812                       0
                 2.03125       2.184388641949153                       0
                 2.03125       2.233476027161494                       0
                 2.03125       2.282563412373834                       0
                 2.03125       2.331650797586175                       0
                 2.03125       2.380738182798515                       0
                 2.03125       2.429825568010856                       0
                 2.03125       2.478912953223196                       0
                 2.03125       2.528000338435537                       0
                 2.03125       2.577087723647877                       0
                 2.03125       2.626175108860218                       0
                 2.03125       2.675262494072558                       0
                 2.03125       2.724349879284899                       0
                 2.03125       2.773437264497239                       0
                 2.03125        2.82252464970958                       0
                 2.03125        2.87161203492192                       0
                 2.03125       2.920699420134261                       0
                 2.03125       2.969786805346601                       0
                 2.03125       3.018874190558942                       0
                 2.03125       3.067961575771282                       0
                 2.03125       3.117048960983623                       0

                 2.09375     0.02454369260617026                       0
                 2.09375     0.07363107781851078                       0
                 2.09375      0.1227184630308513                       0
                 2.09375      0.1718058482431918                       0
                 2.09375      0.2208932334555323                       0
                 2.09375      0.2699806186678728                       0
                 2.09375      0.3190680038802134                       0
                 2.09375      0.3681553890925539                       0
                 2.09375      0.4172427743048944                       0
                 2.09375      0.4663301595172349                       0
                 2.09375      0.5154175447295755                       0
                 2.09375      0.5645049299419159                       0
                 2.09375      0.6135923151542565                       0
                 2.09375       0.662679700366597                       0
                 2.09375      0.7117670855789375                       0
                 2.09375       0.760854470791278                       0
                 2.09375      0.8099418560036186                       0
                 2.09375       0.859029241215959                       0
                 2.09375      0.9081166264282996                       0
                 2.09375      0.9572040116406401                       0
                 2.09375       1.006291396852981                       0
                 2.09375       1.055378782065321                       0
                 2.09375       1.104466167277662                       0
                 2.09375       1.153553552490002                       0
                 2.09375       1.202640937702343                       0
                 2.09375       1.251728322914683                       0
                 2.09375       1.300815708127024                       0
                 2.09375       1.349903093339364                       0
                 2.09375       1.398990478551705                       0
                 2.09375       1.448077863764045                       0
                 2.09375       1.497165248976386                       0
                 2.09375       1.546252634188726                       0
                 2.09375       1.595340019401067                       0
                 2.09375       1.644427404613407                       0
                 2.09375       1.693514789825748                       0
                 2.09375       1.742602175038088                       0
                 2.09375       1.791689560250429                       0
                 2.09375       1.840776945462769                       0
                 2.09375        1.88986433067511                       0
                 2.09375       1.938951715887451                       0
                 2.09375       1.988039101099791                       0
                 2.09375       2.037126486312132                       0
                 2.09375       2.086213871524472                       0
                 2.09375       2.135301256736812                       0
                 2.09375       2.184388641949153                       0
                 2.09375       2.233476027161494                       0
                 2.09375       2.282563412373834                       0
                 2.09375       2.331650797586175                       0
                 2.09375       2.380738182798515                       0
                 2.09375       2.429825568010856                       0
                 2.09375       2.478912953223196                       0
                 2.09375       2.528000338435537                       0
                 2.09375       2.577087723647877                       0
                 2.09375       2.626175108860218                       0
                 2.09375       2.675262494072558                       0
                 2.09375       2.724349879284899                       0
                 2.09375       2.773437264497239                       0
                 2.09375        2.82252464970958                       0
                 2.09375        2.87161203492192                       0
                 2.09375       2.920699420134261                       0
                 2.09375       2.969786805346601                       0
                 2.09375       3.018874190558942                       0
                 2.09375       3.067961575771282                       0
                 2.09375       3.117048960983623                       0

                 2.15625     0.02454369260617026                       0
                 2.15625     0.07363107781851078                       0
                 2.15625      0.1227184630308513                       0
                 2.15625      0.1718058482431918                       0
                 2.15625      0.2208932334555323                       0
                 2.15625      0.2699806186678728                       0
                 2.15625      0.3190680038802134                       0
                 2.15625      0.3681553890925539                       0
                 2.15625      0.4172427743048944                       0
                 2.15625      0.4663301595172349                       0
                 2.15625      0.5154175447295755                       0
                 2.15625      0.5645049299419159                       0
                 2.15625      0.6135923151542565                       0
                 2.15625       0.662679700366597                       0
                 2.15625      0.7117670855789375                       0
                 2.15625       0.760854470791278                       0
                 2.15625      0.8099418560036186                       0
                 2.15625       0.859029241215959                       0
                 2.15625      0.9081166264282996                       0
                 2.15625      0.9572040116406401                       0
                 2.15625       1.006291396852981                       0
                 2.15625       1.055378782065321                       0
                 2.15625       1.104466167277662                       0
                 2.15625       1.153553552490002                       0
                 2.15625       1.202640937702343                       0
                 2.15625       1.251728322914683                       0
                 2.15625       1.300815708127024                       0
                 2.15625       1.349903093339364                       0
                 2.15625       1.398990478551705                       0
                 2.15625       1.448077863764045                       0
                 2.15625       1.497165248976386                       0
                 2.15625       1.546252634188726                       0
                 2.15625       1.595340019401067                       0
                 2.15625       1.644427404613407                       0
                 2.15625       1.693514789825748                       0
                 2.15625       1.742602175038088                       0
                 2.15625       1.791689560250429                       0
                 2.15625       1.840776945462769                       0
                 2.15625        1.88986433067511                       0
                 2.15625       1.938951715887451                       0
                 2.15625       1.988039101099791                       0
                 2.15625       2.037126486312132                       0
                 2.15625       2.086213871524472                       0
                 2.15625       2.135301256736812                       0
                 2.15625       2.184388641949153                       0
                 2.15625       2.233476027161494                       0
                 2.15625       2.282563412373834                       0
                 2.15625       2.331650797586175                       0
                 2.15625       2.380738182798515                       0
                 2.15625       2.429825568010856                       0
                 2.15625       2.478912953223196                       0
                 2.15625       2.528000338435537                       0
                 2.15625       2.577087723647877                       0
                 2.15625       2.626175108860218                       0
                 2.15625       2.675262494072558                       0
                 2.15625       2.724349879284899                       0
                 2.15625       2.773437264497239                       0
                 2.15625        2.82252464970958                       0
                 2.15625        2.87161203492192                       0
                 2.15625       2.920699420134261                       0
                 2.15625       2.969786805346601                       0
                 2.15625       3.018874190558942                       0
                 2.15625       3.067961575771282                       0
                 2.15625       3.117048960983623                       0

                 2.21875     0.02454369260617026                       0
                 2.21875     0.07363107781851078                       0
                 2.21875      0.1227184630308513                       0
                 2.21875      0.1718058482431918                       0
                 2.21875      0.2208932334555323                       0
                 2.21875      0.2699806186678728                       0
                 2.21875      0.3190680038802134                       0
                 2.21875      0.3681553890925539                       0
                 2.21875      0.4172427743048944                       0
                 2.21875      0.4663301595172349                       0
                 2.21875      0.5154175447295755                       0
                 2.21875      0.5645049299419159                       0
                 2.21875      0.6135923151542565                       0
                 2.21875       0.662679700366597                       0
                 2.21875      0.7117670855789375                       0
                 2.21875       0.760854470791278                       0
                 2.21875      0.8099418560036186                       0
                 2.21875       0.859029241215959                       0
                 2.21875      0.9081166264282996                       0
                 2.21875      0.9572040116406401                       0
                 2.21875       1.006291396852981                       0
                 2.21875       1.055378782065321                       0
                 2.21875       1.104466167277662                       0
                 2.21875       1.153553552490002                       0
                 2.21875       1.202640937702343                       0
                 2.21875       1.251728322914683                       0
                 2.21875       1.300815708127024                       0
                 2.21875       1.349903093339364                       0
                 2.21875       1.398990478551705                       0
                 2.21875       1.448077863764045                       0
                 2.21875       1.497165248976386                       0
                 2.21875       1.546252634188726                       0
                 2.21875       1.595340019401067                       0
                 2.21875       1.644427404613407                       0
                 2.21875       1.693514789825748                       0
                 2.21875       1.742602175038088                       0
                 2.21875       1.791689560250429                       0
                 2.21875       1.840776945462769                       0
                 2.21875        1.88986433067511                       0
                 2.21875       1.938951715887451                       0
                 2.21875       1.988039101099791                       0
                 2.21875       2.037126486312132                       0
                 2.21875       2.086213871524472                       0
                 2.21875       2.135301256736812                       0
                 2.21875       2.184388641949153                       0
                 2.21875       2.233476027161494                       0
                 2.21875       2.282563412373834                       0
                 2.21875       2.331650797586175                       0
                 2.21875       2.380738182798515                       0
                 2.21875       2.429825568010856                       0
                 2.21875       2.478912953223196                       0
                 2.21875       2.528000338435537                       0
                 2.21875       2.577087723647877                       0
                 2.21875       2.626175108860218                       0
                 2.21875       2.675262494072558                       0
                 2.21875       2.724349879284899                       0
                 2.21875       2.773437264497239                       0
                 2.21875        2.82252464970958                       0
                 2.21875        2.87161203492192                       0
                 2.21875       2.920699420134261                       0
                 2.21875       2.969786805346601                       0
                 2.21875       3.018874190558942                       0
                 2.21875       3.067961575771282                       0
                 2.21875       3.117048960983623                       0

                 2.28125     0.02454369260617026                       0
                 2.28125     0.07363107781851078                       0
                 2.28125      0.1227184630308513                       0
                 2.28125      0.1718058482431918                       0
                 2.28125      0.2208932334555323                       0
                 2.28125      0.2699806186678728                       0
                 2.28125      0.3190680038802134                       0
                 2.28125      0.3681553890925539                       0
                 2.28125      0.4172427743048944                       0
                 2.28125      0.4663301595172349                       0
                 2.28125      0.5154175447295755                       0
                 2.28125      0.5645049299419159                       0
                 2.28125      0.6135923151542565                       0
                 2.28125       0.662679700366597                       0
                 2.28125      0.7117670855789375                       0
                 2.28125       0.760854470791278                       0
                 2.28125      0.8099418560036186                       0
                 2.28125       0.859029241215959                       0
                 2.28125      0.9081166264282996                       0
                 2.28125      0.9572040116406401                       0
                 2.28125       1.006291396852981                       0
                 2.28125       1.055378782065321                       0
                 2.28125       1.104466167277662                       0
                 2.28125       1.153553552490002                       0
                 2.28125       1.202640937702343                       0
                 2.28125       1.251728322914683                       0
                 2.28125       1.300815708127024                       0
                 2.28125       1.349903093339364                       0
                 2.28125       1.398990478551705                       0
                 2.28125       1.448077863764045                       0
                 2.28125       1.497165248976386                       0
                 2.28125       1.546252634188726                       0
                 2.28125       1.595340019401067                       0
                 2.28125       1.644427404613407                       0
                 2.28125       1.693514789825748                       0
                 2.28125       1.742602175038088                       0
                 2.28125       1.791689560250429                       0
                 2.28125       1.840776945462769                       0
                 2.28125        1.88986433067511                       0
                 2.28125       1.938951715887451                       0
                 2.28125       1.988039101099791                       0
                 2.28125       2.037126486312132                       0
                 2.28125       2.086213871524472                       0
                 2.28125       2.135301256736812                       0
                 2.28125       2.184388641949153                       0
                 2.28125       2.233476027161494                       0
                 2.28125       2.282563412373834                       0
                 2.28125       2.331650797586175                       0
                 2.28125       2.380738182798515                       0
                 2.28125       2.429825568010856                       0
                 2.28125       2.478912953223196                       0
                 2.28125       2.528000338435537                       0
                 2.28125       2.577087723647877                       0
                 2.28125       2.626175108860218                       0
                 2.28125       2.675262494072558                       0
                 2.28125       2.724349879284899                       0
                 2.28125       2.773437264497239                       0
                 2.28125        2.82252464970958                       0
                 2.28125        2.87161203492192                       0
                 2.28125       2.920699420134261                       0
                 2.28125       2.969786805346601                       0
                 2.28125       3.018874190558942                       0
                 2.28125       3.067961575771282                       0
                 2.28125       3.117048960983623                       0

                 2.34375     0.02454369260617026                       0
                 2.34375     0.07363107781851078                       0
                 2.34375      0.1227184630308513                       0
                 2.34375      0.1718058482431918                       0
                 2.34375      0.2208932334555323                       0
                 2.34375      0.2699806186678728                       0
                 2.34375      0.3190680038802134                       0
                 2.34375      0.3681553890925539                       0
                 2.34375      0.4172427743048944                       0
                 2.34375      0.4663301595172349                       0
                 2.34375      0.5154175447295755                       0
                 2.34375      0.5645049299419159                       0
                 2.34375      0.6135923151542565                       0
                 2.34375       0.662679700366597                       0
                 2.34375      0.7117670855789375                       0
                 2.34375       0.760854470791278                       0
                 2.34375      0.8099418560036186                       0
                 2.34375       0.859029241215959                       0
                 2.34375      0.9081166264282996                       0
                 2.34375      0.9572040116406401                       0
                 2.34375       1.006291396852981                       0
                 2.34375       1.055378782065321                       0
                 2.34375       1.104466167277662                       0
                 2.34375       1.153553552490002                       0
                 2.34375       1.202640937702343                       0
                 2.34375       1.251728322914683                       0
                 2.34375       1.300815708127024                       0
                 2.34375       1.349903093339364                       0
                 2.34375       1.398990478551705                       0
                 2.34375       1.448077863764045                       0
                 2.34375       1.497165248976386                       0
                 2.34375       1.546252634188726                       0
                 2.34375       1.595340019401067                       0
                 2.34375       1.644427404613407                       0
                 2.34375       1.693514789825748                       0
                 2.34375       1.742602175038088                       0
                 2.34375       1.791689560250429                       0
                 2.34375       1.840776945462769                       0
                 2.34375        1.88986433067511                       0
                 2.34375       1.938951715887451                       0
                 2.34375       1.988039101099791                       0
                 2.34375       2.037126486312132                       0
                 2.34375       2.086213871524472                       0
                 2.34375       2.135301256736812                       0
                 2.34375       2.184388641949153                       0
                 2.34375       2.233476027161494                       0
                 2.34375       2.282563412373834                       0
                 2.34375       2.331650797586175                       0
                 2.34375       2.380738182798515                       0
                 2.34375       2.429825568010856                       0
                 2.34375       2.478912953223196                       0
                 2.34375       2.528000338435537                       0
                 2.34375       2.577087723647877                       0
                 2.34375       2.626175108860218                       0
                 2.34375       2.675262494072558                       0
                 2.34375       2.724349879284899                       0
                 2.34375       2.773437264497239                       0
                 2.34375        2.82252464970958                       0
                 2.34375        2.87161203492192                       0
                 2.34375       2.920699420134261                       0
                 2.34375       2.969786805346601                       0
                 2.34375       3.018874190558942                       0
                 2.34375       3.067961575771282                       0
                 2.34375       3.117048960983623                       0

                 2.40625     0.02454369260617026                       0
                 2.40625     0.07363107781851078                       0
                 2.40625      0.1227184630308513                       0
                 2.40625      0.1718058482431918                       0
                 2.40625      0.2208932334555323                       0
                 2.40625      0.2699806186678728                       0
                 2.40625      0.3190680038802134                       0
                 2.40625      0.3681553890925539                       0
                 2.40625      0.4172427743048944                       0
                 2.40625      0.4663301595172349                       0
                 2.40625      0.5154175447295755                       0
                 2.40625      0.5645049299419159                       0
                 2.40625      0.6135923151542565                       0
                 2.40625       0.662679700366597                       0
                 2.40625      0.7117670855789375                       0
                 2.40625       0.760854470791278                       0
                 2.40625      0.8099418560036186                       0
                 2.40625       0.859029241215959                       0
                 2.40625      0.9081166264282996                       0
                 2.40625      0.9572040116406401                       0
                 2.40625       1.006291396852981                       0
                 2.40625       1.055378782065321                       0
                 2.40625       1.104466167277662                       0
                 2.40625       1.153553552490002                       0
                 2.40625       1.202640937702343                       0
                 2.40625       1.251728322914683                       0
                 2.40625       1.300815708127024                       0
                 2.40625       1.349903093339364                       0
                 2.40625       1.398990478551705                       0
                 2.40625       1.448077863764045                       0
                 2.40625       1.497165248976386                       0
                 2.40625       1.546252634188726                       0
                 2.40625       1.595340019401067                       0
                 2.40625       1.644427404613407                       0
                 2.40625       1.693514789825748                       0
                 2.40625       1.742602175038088                       0
                 2.40625       1.791689560250429                       0
                 2.40625       1.840776945462769                       0
                 2.40625        1.88986433067511                       0
                 2.40625       1.938951715887451                       0
                 2.40625       1.988039101099791                       0
                 2.40625       2.037126486312132                       0
                 2.40625       2.086213871524472                       0
                 2.40625       2.135301256736812                       0
                 2.40625       2.184388641949153                       0
                 2.40625       2.233476027161494                       0
                 2.40625       2.282563412373834                       0
                 2.40625       2.331650797586175                       0
                 2.40625       2.380738182798515                       0
                 2.40625       2.429825568010856                       0
                 2.40625       2.478912953223196                       0
                 2.40625       2.528000338435537                       0
                 2.40625       2.577087723647877                       0
                 2.40625       2.626175108860218                       0
                 2.40625       2.675262494072558                       0
                 2.40625       2.724349879284899                       0
                 2.40625       2.773437264497239                       0
                 2.40625        2.82252464970958                       0
                 2.40625        2.87161203492192                       0
                 2.40625       2.920699420134261                       0
                 2.40625       2.969786805346601                       0
                 2.40625       3.018874190558942                       0
                 2.40625       3.067961575771282                       0
                 2.40625       3.117048960983623                       0

                 2.46875     0.02454369260617026                       0
                 2.46875     0.07363107781851078                       0
                 2.46875      0.1227184630308513                       0
                 2.46875      0.1718058482431918                       0
                 2.46875      0.2208932334555323                       0
                 2.46875      0.2699806186678728                       0
                 2.46875      0.3190680038802134                       0
                 2.46875      0.3681553890925539                       0
                 2.46875      0.4172427743048944                       0
                 2.46875      0.4663301595172349                       0
                 2.46875      0.5154175447295755                       0
                 2.46875      0.5645049299419159                       0
                 2.46875      0.6135923151542565                       0
                 2.46875       0.662679700366597                       0
                 2.46875      0.7117670855789375                       0
                 2.46875       0.760854470791278                       0
                 2.46875      0.8099418560036186                       0
                 2.46875       0.859029241215959                       0
                 2.46875      0.9081166264282996                       0
                 2.46875      0.9572040116406401                       0
                 2.46875       1.006291396852981                       0
                 2.46875       1.055378782065321                       0
                 2.46875       1.104466167277662                       0
                 2.46875       1.153553552490002                       0
                 2.46875       1.202640937702343                       0
                 2.46875       1.251728322914683                       0
                 2.46875       1.300815708127024                       0
                 2.46875       1.349903093339364                       0
                 2.46875       1.398990478551705                       0
                 2.46875       1.448077863764045                       0
                 2.46875       1.497165248976386                       0
                 2.46875       1.546252634188726                       0
                 2.46875       1.595340019401067                       0
                 2.46875       1.644427404613407                       0
                 2.46875       1.693514789825748                       0
                 2.46875       1.742602175038088                       0
                 2.46875       1.791689560250429                       0
                 2.46875       1.840776945462769                       0
                 2.46875        1.88986433067511                       0
                 2.46875       1.938951715887451                       0
                 2.46875       1.988039101099791                       0
                 2.46875       2.037126486312132                       0
                 2.46875       2.086213871524472                       0
                 2.46875       2.135301256736812                       0
                 2.46875       2.184388641949153                       0
                 2.46875       2.233476027161494                       0
                 2.46875       2.282563412373834                       0
                 2.46875       2.331650797586175                       0
                 2.46875       2.380738182798515                       0
                 2.46875       2.429825568010856                       0
                 2.46875       2.478912953223196                       0
                 2.46875       2.528000338435537                       0
                 2.46875       2.577087723647877                       0
                 2.46875       2.626175108860218                       0
                 2.46875       2.675262494072558                       0
                 2.46875       2.724349879284899                       0
                 2.46875       2.773437264497239                       0
                 2.46875        2.82252464970958                       0
                 2.46875        2.87161203492192                       0
                 2.46875       2.920699420134261                       0
                 2.46875       2.969786805346601                       0
                 2.46875       3.018874190558942                       0
                 2.46875       3.067961575771282                       0
                 2.46875       3.117048960983623                       0

                 2.53125     0.02454369260617026                       0
                 2.53125     0.07363107781851078                       0
                 2.53125      0.1227184630308513                       0
                 2.53125      0.1718058482431918                       0
                 2.53125      0.2208932334555323                       0
                 2.53125      0.2699806186678728                       0
                 2.53125      0.3190680038802134                       0
                 2.53125      0.3681553890925539                       0
                 2.53125      0.4172427743048944                       0
                 2.53125      0.4663301595172349                       0
                 2.53125      0.5154175447295755                       0
                 2.53125      0.5645049299419159                       0
                 2.53125      0.6135923151542565                       0
                 2.53125       0.662679700366597                       0
                 2.53125      0.7117670855789375                       0
                 2.53125       0.760854470791278                       0
                 2.53125      0.8099418560036186                       0
                 2.53125       0.859029241215959                       0
                 2.53125      0.9081166264282996                       0
                 2.53125      0.9572040116406401                       0
                 2.53125       1.006291396852981                       0
                 2.53125       1.055378782065321                       0
                 2.53125       1.104466167277662                       0
                 2.53125       1.153553552490002                       0
                 2.53125       1.202640937702343                       0
                 2.53125       1.251728322914683                       0
                 2.53125       1.300815708127024                       0
                 2.53125       1.349903093339364                       0
                 2.53125       1.398990478551705                       0
                 2.53125       1.448077863764045                       0
                 2.53125       1.497165248976386                       0
                 2.53125       1.546252634188726                       0
                 2.53125       1.595340019401067                       0
                 2.53125       1.644427404613407                       0
                 2.53125       1.693514789825748                       0
                 2.53125       1.742602175038088                       0
                 2.53125       1.791689560250429                       0
                 2.53125       1.840776945462769                       0
                 2.53125        1.88986433067511                       0
                 2.53125       1.938951715887451                       0
                 2.53125       1.988039101099791                       0
                 2.53125       2.037126486312132                       0
                 2.53125       2.086213871524472                       0
                 2.53125       2.135301256736812                       0
                 2.53125       2.184388641949153                       0
                 2.53125       2.233476027161494                       0
                 2.53125       2.282563412373834                       0
                 2.53125       2.331650797586175                       0
                 2.53125       2.380738182798515                       0
                 2.53125       2.429825568010856                       0
                 2.53125       2.478912953223196                       0
                 2.53125       2.528000338435537                       0
                 2.53125       2.577087723647877                       0
                 2.53125       2.626175108860218                       0
                 2.53125       2.675262494072558                       0
                 2.53125       2.724349879284899                       0
                 2.53125       2.773437264497239                       0
                 2.53125        2.82252464970958                       0
                 2.53125        2.87161203492192                       0
                 2.53125       2.920699420134261                       0
                 2.53125       2.969786805346601                       0
                 2.53125       3.018874190558942                       0
                 2.53125       3.067961575771282                       0
                 2.53125       3.117048960983623                       0

                 2.59375     0.02454369260617026                       0
                 2.59375     0.07363107781851078                       0
                 2.59375      0.1227184630308513                       0
                 2.59375      0.1718058482431918                       0
                 2.59375      0.2208932334555323                       0
                 2.59375      0.2699806186678728                       0
                 2.59375      0.3190680038802134                       0
                 2.59375      0.3681553890925539                       0
                 2.59375      0.4172427743048944                       0
                 2.59375      0.4663301595172349                       0
                 2.59375      0.5154175447295755                       0
                 2.59375      0.5645049299419159                       0
                 2.59375      0.6135923151542565                       0
                 2.59375       0.662679700366597                       0
                 2.59375      0.7117670855789375                       0
                 2.59375       0.760854470791278                       0
                 2.59375      0.8099418560036186                       0
                 2.59375       0.859029241215959                       0
                 2.59375      0.9081166264282996                       0
                 2.59375      0.9572040116406401                       0
                 2.59375       1.006291396852981                       0
                 2.59375       1.055378782065321                       0
                 2.59375       1.104466167277662                       0
                 2.59375       1.153553552490002                       0
                 2.59375       1.202640937702343                       0
                 2.59375       1.251728322914683                       0
                 2.59375       1.300815708127024                       0
                 2.59375       1.349903093339364                       0
                 2.59375       1.398990478551705                       0
                 2.59375       1.448077863764045                       0
                 2.59375       1.497165248976386                       0
                 2.59375       1.546252634188726                       0
                 2.59375       1.595340019401067                       0
                 2.59375       1.644427404613407                       0
                 2.59375       1.693514789825748                       0
                 2.59375       1.742602175038088                       0
                 2.59375       1.791689560250429                       0
                 2.59375       1.840776945462769                       0
                 2.59375        1.88986433067511                       0
                 2.59375       1.938951715887451                       0
                 2.59375       1.988039101099791                       0
                 2.59375       2.037126486312132                       0
                 2.59375       2.086213871524472                       0
                 2.59375       2.135301256736812                       0
                 2.59375       2.184388641949153                       0
                 2.59375       2.233476027161494                       0
                 2.59375       2.282563412373834                       0
                 2.59375       2.331650797586175                       0
                 2.59375       2.380738182798515                       0
                 2.59375       2.429825568010856                       0
                 2.59375       2.478912953223196                       0
                 2.59375       2.528000338435537                       0
                 2.59375       2.577087723647877                       0
                 2.59375       2.626175108860218                       0
                 2.59375       2.675262494072558                       0
                 2.59375       2.724349879284899                       0
                 2.59375       2.773437264497239                       0
                 2.59375        2.82252464970958                       0
                 2.59375        2.87161203492192                       0
                 2.59375       2.920699420134261                       0
                 2.59375       2.969786805346601                       0
                 2.59375       3.018874190558942                       0
                 2.59375       3.067961575771282                       0
                 2.59375       3.117048960983623                       0

                 2.65625     0.02454369260617026                       0
                 2.65625     0.07363107781851078                       0
                 2.65625      0.1227184630308513                       0
                 2.65625      0.1718058482431918                       0
                 2.65625      0.2208932334555323                       0
                 2.65625      0.2699806186678728                       0
                 2.65625      0.3190680038802134                       0
                 2.65625      0.3681553890925539                       0
                 2.65625      0.4172427743048944                       0
                 2.65625      0.4663301595172349                       0
                 2.65625      0.5154175447295755                       0
                 2.65625      0.5645049299419159                       0
                 2.65625      0.6135923151542565                       0
                 2.65625       0.662679700366597                       0
                 2.65625      0.7117670855789375                       0
                 2.65625       0.760854470791278                       0
                 2.65625      0.8099418560036186                       0
                 2.65625       0.859029241215959                       0
                 2.65625      0.9081166264282996                       0
                 2.65625      0.9572040116406401                       0
                 2.65625       1.006291396852981                       0
                 2.65625       1.055378782065321                       0
                 2.65625       1.104466167277662                       0
                 2.65625       1.153553552490002                       0
                 2.65625       1.202640937702343                       0
                 2.65625       1.251728322914683                       0
                 2.65625       1.300815708127024                       0
                 2.65625       1.349903093339364                       0
                 2.65625       1.398990478551705                       0
                 2.65625       1.448077863764045                       0
                 2.65625       1.497165248976386                       0
                 2.65625       1.546252634188726                       0
                 2.65625       1.595340019401067                       0
                 2.65625       1.644427404613407                       0
                 2.65625       1.693514789825748                       0
                 2.65625       1.742602175038088                       0
                 2.65625       1.791689560250429                       0
                 2.65625       1.840776945462769                       0
                 2.65625        1.88986433067511                       0
                 2.65625       1.938951715887451                       0
                 2.65625       1.988039101099791                       0
                 2.65625       2.037126486312132                       0
                 2.65625       2.086213871524472                       0
                 2.65625       2.135301256736812                       0
                 2.65625       2.184388641949153                       0
                 2.65625       2.233476027161494                       0
                 2.65625       2.282563412373834                       0
                 2.65625       2.331650797586175                       0
                 2.65625       2.380738182798515                       0
                 2.65625       2.429825568010856                       0
                 2.65625       2.478912953223196                       0
                 2.65625       2.528000338435537                       0
                 2.65625       2.577087723647877                       0
                 2.65625       2.626175108860218                       0
                 2.65625       2.675262494072558                       0
                 2.65625       2.724349879284899                       0
                 2.65625       2.773437264497239                       0
                 2.65625        2.82252464970958                       0
                 2.65625        2.87161203492192                       0
                 2.65625       2.920699420134261                       0
                 2.65625       2.969786805346601                       0
                 2.65625       3.018874190558942                       0
                 2.65625       3.067961575771282                       0
                 2.65625       3.117048960983623                       0

                 2.71875     0.02454369260617026                       0
                 2.71875     0.07363107781851078                       0
                 2.71875      0.1227184630308513                       0
                 2.71875      0.1718058482431918                       0
                 2.71875      0.2208932334555323                       0
                 2.71875      0.2699806186678728                       0
                 2.71875      0.3190680038802134                       0
                 2.71875      0.3681553890925539                       0
                 2.71875      0.4172427743048944                       0
                 2.71875      0.4663301595172349                       0
                 2.71875      0.5154175447295755                       0
                 2.71875      0.5645049299419159                       0
                 2.71875      0.6135923151542565                       0
                 2.71875       0.662679700366597                       0
                 2.71875      0.7117670855789375                       0
                 2.71875       0.760854470791278                       0
                 2.71875      0.8099418560036186                       0
                 2.71875       0.859029241215959                       0
                 2.71875      0.9081166264282996                       0
                 2.71875      0.9572040116406401                       0
                 2.71875       1.006291396852981                       0
                 2.71875       1.055378782065321                       0
                 2.71875       1.104466167277662                       0
                 2.71875       1.153553552490002                       0
                 2.71875       1.202640937702343                       0
                 2.71875       1.251728322914683                       0
                 2.71875       1.300815708127024                       0
                 2.71875       1.349903093339364                       0
                 2.71875       1.398990478551705                       0
                 2.71875       1.448077863764045                       0
                 2.71875       1.497165248976386                       0
                 2.71875       1.546252634188726                       0
                 2.71875       1.595340019401067                       0
                 2.71875       1.644427404613407                       0
                 2.71875       1.693514789825748                       0
                 2.71875       1.742602175038088                       0
                 2.71875       1.791689560250429                       0
                 2.71875       1.840776945462769                       0
                 2.71875        1.88986433067511                       0
                 2.71875       1.938951715887451                       0
                 2.71875       1.988039101099791                       0
                 2.71875       2.037126486312132                       0
                 2.71875       2.086213871524472                       0
                 2.71875       2.135301256736812                       0
                 2.71875       2.184388641949153                       0
                 2.71875       2.233476027161494                       0
                 2.71875       2.282563412373834                       0
                 2.71875       2.331650797586175                       0
                 2.71875       2.380738182798515                       0
                 2.71875       2.429825568010856                       0
                 2.71875       2.478912953223196                       0
                 2.71875       2.528000338435537                       0
                 2.71875       2.577087723647877                       0
                 2.71875       2.626175108860218                       0
                 2.71875       2.675262494072558                       0
                 2.71875       2.724349879284899                       0
                 2.71875       2.773437264497239                       0
                 2.71875        2.82252464970958                       0
                 2.71875        2.87161203492192                       0
                 2.71875       2.920699420134261                       0
                 2.71875       2.969786805346601                       0
                 2.71875       3.018874190558942                       0
                 2.71875       3.067961575771282                       0
                 2.71875       3.117048960983623                       0

                 2.78125     0.02454369260617026                       0
                 2.78125     0.07363107781851078                       0
                 2.78125      0.1227184630308513                       0
                 2.78125      0.1718058482431918                       0
                 2.78125      0.2208932334555323                       0
                 2.78125      0.2699806186678728                       0
                 2.78125      0.3190680038802134                       0
                 2.78125      0.3681553890925539                       0
                 2.78125      0.4172427743048944                       0
                 2.78125      0.4663301595172349                       0
                 2.78125      0.5154175447295755                       0
                 2.78125      0.5645049299419159                       0
                 2.78125      0.6135923151542565                       0
                 2.78125       0.662679700366597                       0
                 2.78125      0.7117670855789375                       0
                 2.78125       0.760854470791278                       0
                 2.78125      0.8099418560036186                       0
                 2.78125       0.859029241215959                       0
                 2.78125      0.9081166264282996                       0
                 2.78125      0.9572040116406401                       0
                 2.78125       1.006291396852981                       0
                 2.78125       1.055378782065321                       0
                 2.78125       1.104466167277662                       0
                 2.78125       1.153553552490002                       0
                 2.78125       1.202640937702343                       0
                 2.78125       1.251728322914683                       0
                 2.78125       1.300815708127024                       0
                 2.78125       1.349903093339364                       0
                 2.78125       1.398990478551705                       0
                 2.78125       1.448077863764045                       0
                 2.78125       1.497165248976386                       0
                 2.78125       1.546252634188726                       0
                 2.78125       1.595340019401067                       0
                 2.78125       1.644427404613407                       0
                 2.78125       1.693514789825748                       0
                 2.78125       1.742602175038088                       0
                 2.78125       1.791689560250429                       0
                 2.78125       1.840776945462769                       0
                 2.78125        1.88986433067511                       0
                 2.78125       1.938951715887451                       0
                 2.78125       1.988039101099791                       0
                 2.78125       2.037126486312132                       0
                 2.78125       2.086213871524472                       0
                 2.78125       2.135301256736812                       0
                 2.78125       2.184388641949153                       0
                 2.78125       2.233476027161494                       0
                 2.78125       2.282563412373834                       0
                 2.78125       2.331650797586175                       0
                 2.78125       2.380738182798515                       0
                 2.78125       2.429825568010856                       0
                 2.78125       2.478912953223196                       0
                 2.78125       2.528000338435537                       0
                 2.78125       2.577087723647877                       0
                 2.78125       2.626175108860218                       0
                 2.78125       2.675262494072558                       0
                 2.78125       2.724349879284899                       0
                 2.78125       2.773437264497239                       0
                 2.78125        2.82252464970958                       0
                 2.78125        2.87161203492192                       0
                 2.78125       2.920699420134261                       0
                 2.78125       2.969786805346601                       0
                 2.78125       3.018874190558942                       0
                 2.78125       3.067961575771282                       0
                 2.78125       3.117048960983623                       0

                 2.84375     0.02454369260617026                       0
                 2.84375     0.07363107781851078                       0
                 2.84375      0.1227184630308513                       0
                 2.84375      0.1718058482431918                       0
                 2.84375      0.2208932334555323                       0
                 2.84375      0.2699806186678728                       0
                 2.84375      0.3190680038802134                       0
                 2.84375      0.3681553890925539                       0
                 2.84375      0.4172427743048944                       0
                 2.84375      0.4663301595172349                       0
                 2.84375      0.5154175447295755                       0
                 2.84375      0.5645049299419159                       0
                 2.84375      0.6135923151542565                       0
                 2.84375       0.662679700366597                       0
                 2.84375      0.7117670855789375                       0
                 2.84375       0.760854470791278                       0
                 2.84375      0.8099418560036186                       0
                 2.84375       0.859029241215959                       0
                 2.84375      0.9081166264282996                       0
                 2.84375      0.9572040116406401                       0
                 2.84375       1.006291396852981                       0
                 2.84375       1.055378782065321                       0
                 2.84375       1.104466167277662                       0
                 2.84375       1.153553552490002                       0
                 2.84375       1.202640937702343                       0
                 2.84375       1.251728322914683                       0
                 2.84375       1.300815708127024                       0
                 2.84375       1.349903093339364                       0
                 2.84375       1.398990478551705                       0
                 2.84375       1.448077863764045                       0
                 2.84375       1.497165248976386                       0
                 2.84375       1.546252634188726                       0
                 2.84375       1.595340019401067                       0
                 2.84375       1.644427404613407                       0
                 2.84375       1.693514789825748                       0
                 2.84375       1.742602175038088                       0
                 2.84375       1.791689560250429                       0
                 2.84375       1.840776945462769                       0
                 2.84375        1.88986433067511                       0
                 2.84375       1.938951715887451                       0
                 2.84375       1.988039101099791                       0
                 2.84375       2.037126486312132                       0
                 2.84375       2.086213871524472                       0
                 2.84375       2.135301256736812                       0
                 2.84375       2.184388641949153                       0
                 2.84375       2.233476027161494                       0
                 2.84375       2.282563412373834                       0
                 2.84375       2.331650797586175                       0
                 2.84375       2.380738182798515                       0
                 2.84375       2.429825568010856                       0
                 2.84375       2.478912953223196                       0
                 2.84375       2.528000338435537                       0
                 2.84375       2.577087723647877                       0
                 2.84375       2.626175108860218                       0
                 2.84375       2.675262494072558                       0
                 2.84375       2.724349879284899                       0
                 2.84375       2.773437264497239                       0
                 2.84375        2.82252464970958                       0
                 2.84375        2.87161203492192                       0
                 2.84375       2.920699420134261                       0
                 2.84375       2.969786805346601                       0
                 2.84375       3.018874190558942                       0
                 2.84375       3.067961575771282                       0
                 2.84375       3.117048960983623                       0

                 2.90625     0.02454369260617026                       0
                 2.90625     0.07363107781851078                       0
                 2.90625      0.1227184630308513                       0
                 2.90625      0.1718058482431918                       0
                 2.90625      0.2208932334555323                       0
                 2.90625      0.2699806186678728                       0
                 2.90625      0.3190680038802134                       0
                 2.90625      0.3681553890925539                       0
                 2.90625      0.4172427743048944                       0
                 2.90625      0.4663301595172349                       0
                 2.90625      0.5154175447295755                       0
                 2.90625      0.5645049299419159                       0
                 2.90625      0.6135923151542565                       0
                 2.90625       0.662679700366597                       0
                 2.90625      0.7117670855789375                       0
                 2.90625       0.760854470791278                       0
                 2.90625      0.8099418560036186                       0
                 2.90625       0.859029241215959                       0
                 2.90625      0.9081166264282996                       0
                 2.90625      0.9572040116406401                       0
                 2.90625       1.006291396852981                       0
                 2.90625       1.055378782065321                       0
                 2.90625       1.104466167277662                       0
                 2.90625       1.153553552490002                       0
                 2.90625       1.202640937702343                       0
                 2.90625       1.251728322914683                       0
                 2.90625       1.300815708127024                       0
                 2.90625       1.349903093339364                       0
                 2.90625       1.398990478551705                       0
                 2.90625       1.448077863764045                       0
                 2.90625       1.497165248976386                       0
                 2.90625       1.546252634188726                       0
                 2.90625       1.595340019401067                       0
                 2.90625       1.644427404613407                       0
                 2.90625       1.693514789825748                       0
                 2.90625       1.742602175038088                       0
                 2.90625       1.791689560250429                       0
                 2.90625       1.840776945462769                       0
                 2.90625        1.88986433067511                       0
                 2.90625       1.938951715887451                       0
                 2.90625       1.988039101099791                       0
                 2.90625       2.037126486312132                       0
                 2.90625       2.086213871524472                       0
                 2.90625       2.135301256736812                       0
                 2.90625       2.184388641949153                       0
                 2.90625       2.233476027161494                       0
                 2.90625       2.282563412373834                       0
                 2.90625       2.331650797586175                       0
                 2.90625       2.380738182798515                       0
                 2.90625       2.429825568010856                       0
                 2.90625       2.478912953223196                       0
                 2.90625       2.528000338435537                       0
                 2.90625       2.577087723647877                       0
                 2.90625       2.626175108860218                       0
                 2.90625       2.675262494072558                       0
                 2.90625       2.724349879284899                       0
                 2.90625       2.773437264497239                       0
                 2.90625        2.82252464970958                       0
                 2.90625        2.87161203492192                       0
                 2.90625       2.920699420134261                       0
                 2.90625       2.969786805346601                       0
                 2.90625       3.018874190558942                       0
                 2.90625       3.067961575771282                       0
                 2.90625       3.117048960983623                       0

                 2.96875     0.02454369260617026                       0
                 2.96875     0.07363107781851078                       0
                 2.96875      0.1227184630308513                       0
                 2.96875      0.1718058482431918                       0
                 2.96875      0.2208932334555323                       0
                 2.96875      0.2699806186678728                       0
                 2.96875      0.3190680038802134                       0
                 2.96875      0.3681553890925539                       0
                 2.96875      0.4172427743048944                       0
                 2.96875      0.4663301595172349                       0
                 2.96875      0.5154175447295755                       0
                 2.96875      0.5645049299419159                       0
                 2.96875      0.6135923151542565                       0
                 2.96875       0.662679700366597                       0
                 2.96875      0.7117670855789375                       0
                 2.96875       0.760854470791278                       0
                 2.96875      0.8099418560036186                       0
                 2.96875       0.859029241215959                       0
                 2.96875      0.9081166264282996                       0
                 2.96875      0.9572040116406401                       0
                 2.96875       1.006291396852981                       0
                 2.96875       1.055378782065321                       0
                 2.96875       1.104466167277662                       0
                 2.96875       1.153553552490002                       0
                 2.96875       1.202640937702343                       0
                 2.96875       1.251728322914683                       0
                 2.96875       1.300815708127024                       0
                 2.96875       1.349903093339364                       0
                 2.96875       1.398990478551705                       0
                 2.96875       1.448077863764045                       0
                 2.96875       1.497165248976386                       0
                 2.96875       1.546252634188726                       0
                 2.96875       1.595340019401067                       0
                 2.96875       1.644427404613407                       0
                 2.96875       1.693514789825748                       0
                 2.96875       1.742602175038088                       0
                 2.96875       1.791689560250429                       0
                 2.96875       1.840776945462769                       0
                 2.96875        1.88986433067511                       0
                 2.96875       1.938951715887451                       0
                 2.96875       1.988039101099791                       0
                 2.96875       2.037126486312132                       0
                 2.96875       2.086213871524472                       0
                 2.96875       2.135301256736812                       0
                 2.96875       2.184388641949153                       0
                 2.96875       2.233476027161494                       0
                 2.96875       2.282563412373834                       0
                 2.96875       2.331650797586175                       0
                 2.96875       2.380738182798515                       0
                 2.96875       2.429825568010856                       0
                 2.96875       2.478912953223196                       0
                 2.96875       2.528000338435537                       0
                 2.96875       2.577087723647877                       0
                 2.96875       2.626175108860218                       0
                 2.96875       2.675262494072558                       0
                 2.96875       2.724349879284899                       0
                 2.96875       2.773437264497239                       0
                 2.96875        2.82252464970958                       0
                 2.96875        2.87161203492192                       0
                 2.96875       2.920699420134261                       0
                 2.96875       2.969786805346601                       0
                 2.96875       3.018874190558942                       0
                 2.96875       3.067961575771282                       0
                 2.96875       3.117048960983623                       0

                 3.03125     0.02454369260617026                       0
                 3.03125     0.07363107781851078                       0
                 3.03125      0.1227184630308513                       0
                 3.03125      0.1718058482431918                       0
                 3.03125      0.2208932334555323                       0
                 3.03125      0.2699806186678728                       0
                 3.03125      0.3190680038802134                       0
                 3.03125      0.3681553890925539                       0
                 3.03125      0.4172427743048944                       0
                 3.03125      0.4663301595172349                       0
                 3.03125      0.5154175447295755                       0
                 3.03125      0.5645049299419159                       0
                 3.03125      0.6135923151542565                       0
                 3.03125       0.662679700366597                       0
                 3.03125      0.7117670855789375                       0
                 3.03125       0.760854470791278                       0
                 3.03125      0.8099418560036186                       0
                 3.03125       0.859029241215959                       0
                 3.03125      0.9081166264282996                       0
                 3.03125      0.9572040116406401                       0
                 3.03125       1.006291396852981                       0
                 3.03125       1.055378782065321                       0
                 3.03125       1.104466167277662                       0
                 3.03125       1.153553552490002                       0
                 3.03125       1.202640937702343                       0
                 3.03125       1.251728322914683                       0
                 3.03125       1.300815708127024                       0
                 3.03125       1.349903093339364                       0
                 3.03125       1.398990478551705                       0
                 3.03125       1.448077863764045                       0
                 3.03125       1.497165248976386                       0
                 3.03125       1.546252634188726                       0
                 3.03125       1.595340019401067                       0
                 3.03125       1.644427404613407                       0
                 3.03125       1.693514789825748                       0
                 3.03125       1.742602175038088                       0
                 3.03125       1.791689560250429                       0
                 3.03125       1.840776945462769                       0
                 3.03125        1.88986433067511                       0
                 3.03125       1.938951715887451                       0
                 3.03125       1.988039101099791                       0
                 3.03125       2.037126486312132                       0
                 3.03125       2.086213871524472                       0
                 3.03125       2.135301256736812                       0
                 3.03125       2.184388641949153                       0
                 3.03125       2.233476027161494                       0
                 3.03125       2.282563412373834                       0
                 3.03125       2.331650797586175                       0
                 3.03125       2.380738182798515                       0
                 3.03125       2.429825568010856                       0
                 3.03125       2.478912953223196                       0
                 3.03125       2.528000338435537                       0
                 3.03125       2.577087723647877                       0
                 3.03125       2.626175108860218                       0
                 3.03125       2.675262494072558                       0
                 3.03125       2.724349879284899                       0
                 3.03125       2.773437264497239                       0
                 3.03125        2.82252464970958                       0
                 3.03125        2.87161203492192                       0
                 3.03125       2.920699420134261                       0
                 3.03125       2.969786805346601                       0
                 3.03125       3.018874190558942                       0
                 3.03125       3.067961575771282                       0
                 3.03125       3.117048960983623                       0

                 3.09375     0.02454369260617026                       0
                 3.09375     0.07363107781851078                       0
                 3.09375      0.1227184630308513                       0
                 3.09375      0.1718058482431918                       0
                 3.09375      0.2208932334555323                       0
                 3.09375      0.2699806186678728                       0
                 3.09375      0.3190680038802134                       0
                 3.09375      0.3681553890925539                       0
                 3.09375      0.4172427743048944                       0
                 3.09375      0.4663301595172349                       0
                 3.09375      0.5154175447295755                       0
                 3.09375      0.5645049299419159                       0
                 3.09375      0.6135923151542565                       0
                 3.09375       0.662679700366597                       0
                 3.09375      0.7117670855789375                       0
                 3.09375       0.760854470791278                       0
                 3.09375      0.8099418560036186                       0
                 3.09375       0.859029241215959                       0
                 3.09375      0.9081166264282996                       0
                 3.09375      0.9572040116406401                       0
                 3.09375       1.006291396852981                       0
                 3.09375       1.055378782065321                       0
                 3.09375       1.104466167277662                       0
                 3.09375       1.153553552490002                       0
                 3.09375       1.202640937702343                       0
                 3.09375       1.251728322914683                       0
                 3.09375       1.300815708127024                       0
                 3.09375       1.349903093339364                       0
                 3.09375       1.398990478551705                       0
                 3.09375       1.448077863764045                       0
                 3.09375       1.497165248976386                       0
                 3.09375       1.546252634188726                       0
                 3.09375       1.595340019401067                       0
                 3.09375       1.644427404613407                       0
                 3.09375       1.693514789825748                       0
                 3.09375       1.742602175038088                       0
                 3.09375       1.791689560250429                       0
                 3.09375       1.840776945462769                       0
                 3.09375        1.88986433067511                       0
                 3.09375       1.938951715887451                       0
                 3.09375       1.988039101099791                       0
                 3.09375       2.037126486312132                       0
                 3.09375       2.086213871524472                       0
                 3.09375       2.135301256736812                       0
                 3.09375       2.184388641949153                       0
                 3.09375       2.233476027161494                       0
                 3.09375       2.282563412373834                       0
                 3.09375       2.331650797586175                       0
                 3.09375       2.380738182798515                       0
                 3.09375       2.429825568010856                       0
                 3.09375       2.478912953223196                       0
                 3.09375       2.528000338435537                       0
                 3.09375       2.577087723647877                       0
                 3.09375       2.626175108860218                       0
                 3.09375       2.675262494072558                       0
                 3.09375       2.724349879284899                       0
                 3.09375       2.773437264497239                       0
                 3.09375        2.82252464970958                       0
                 3.09375        2.87161203492192                       0
                 3.09375       2.920699420134261                       0
                 3.09375       2.969786805346601                       0
                 3.09375       3.018874190558942                       0
                 3.09375       3.067961575771282                       0
                 3.09375       3.117048960983623                       0

                 3.15625     0.02454369260617026                       0
                 3.15625     0.07363107781851078                       0
                 3.15625      0.1227184630308513                       0
                 3.15625      0.1718058482431918                       0
                 3.15625      0.2208932334555323                       0
                 3.15625      0.2699806186678728                       0
                 3.15625      0.3190680038802134                       0
                 3.15625      0.3681553890925539                       0
                 3.15625      0.4172427743048944                       0
                 3.15625      0.4663301595172349                       0
                 3.15625      0.5154175447295755                       0
                 3.15625      0.5645049299419159                       0
                 3.15625      0.6135923151542565                       0
                 3.15625       0.662679700366597                       0
                 3.15625      0.7117670855789375                       0
                 3.15625       0.760854470791278                       0
                 3.15625      0.8099418560036186                       0
                 3.15625       0.859029241215959                       0
                 3.15625      0.9081166264282996                       0
                 3.15625      0.9572040116406401                       0
                 3.15625       1.006291396852981                       0
                 3.15625       1.055378782065321                       0
                 3.15625       1.104466167277662                       0
                 3.15625       1.153553552490002                       0
                 3.15625       1.202640937702343                       0
                 3.15625       1.251728322914683                       0
                 3.15625       1.300815708127024                       0
                 3.15625       1.349903093339364                       0
                 3.15625       1.398990478551705                       0
                 3.15625       1.448077863764045                       0
                 3.15625       1.497165248976386                       0
                 3.15625       1.546252634188726                       0
                 3.15625       1.595340019401067                       0
                 3.15625       1.644427404613407                       0
                 3.15625       1.693514789825748                       0
                 3.15625       1.742602175038088                       0
                 3.15625       1.791689560250429                       0
                 3.15625       1.840776945462769                       0
                 3.15625        1.88986433067511                       0
                 3.15625       1.938951715887451                       0
                 3.15625       1.988039101099791                       0
                 3.15625       2.037126486312132                       0
                 3.15625       2.086213871524472                       0
                 3.15625       2.135301256736812                       0
                 3.15625       2.184388641949153                       0
                 3.15625       2.233476027161494                       0
                 3.15625       2.282563412373834                       0
                 3.15625       2.331650797586175                       0
                 3.15625       2.380738182798515                       0
                 3.15625       2.429825568010856                       0
                 3.15625       2.478912953223196                       0
                 3.15625       2.528000338435537                       0
                 3.15625       2.577087723647877                       0
                 3.15625       2.626175108860218                       0
                 3.15625       2.675262494072558                       0
                 3.15625       2.724349879284899                       0
                 3.15625       2.773437264497239                       0
                 3.15625        2.82252464970958                       0
                 3.15625        2.87161203492192                       0
                 3.15625       2.920699420134261                       0
                 3.15625       2.969786805346601                       0
                 3.15625       3.018874190558942                       0
                 3.15625       3.067961575771282                       0
                 3.15625       3.117048960983623                       0

                 3.21875     0.02454369260617026                       0
                 3.21875     0.07363107781851078                       0
                 3.21875      0.1227184630308513                       0
                 3.21875      0.1718058482431918                       0
                 3.21875      0.2208932334555323                       0
                 3.21875      0.2699806186678728                       0
                 3.21875      0.3190680038802134                       0
                 3.21875      0.3681553890925539                       0
                 3.21875      0.4172427743048944                       0
                 3.21875      0.4663301595172349                       0
                 3.21875      0.5154175447295755                       0
                 3.21875      0.5645049299419159                       0
                 3.21875      0.6135923151542565                       0
                 3.21875       0.662679700366597                       0
                 3.21875      0.7117670855789375                       0
                 3.21875       0.760854470791278                       0
                 3.21875      0.8099418560036186                       0
                 3.21875       0.859029241215959                       0
                 3.21875      0.9081166264282996                       0
                 3.21875      0.9572040116406401                       0
                 3.21875       1.006291396852981                       0
                 3.21875       1.055378782065321                       0
                 3.21875       1.104466167277662                       0
                 3.21875       1.153553552490002                       0
                 3.21875       1.202640937702343                       0
                 3.21875       1.251728322914683                       0
                 3.21875       1.300815708127024                       0
                 3.21875       1.349903093339364                       0
                 3.21875       1.398990478551705                       0
                 3.21875       1.448077863764045                       0
                 3.21875       1.497165248976386                       0
                 3.21875       1.546252634188726                       0
                 3.21875       1.595340019401067                       0
                 3.21875       1.644427404613407                       0
                 3.21875       1.693514789825748                       0
                 3.21875       1.742602175038088                       0
                 3.21875       1.791689560250429                       0
                 3.21875       1.840776945462769                       0
                 3.21875        1.88986433067511                       0
                 3.21875       1.938951715887451                       0
                 3.21875       1.988039101099791                       0
                 3.21875       2.037126486312132                       0
                 3.21875       2.086213871524472                       0
                 3.21875       2.135301256736812                       0
                 3.21875       2.184388641949153                       0
                 3.21875       2.233476027161494                       0
                 3.21875       2.282563412373834                       0
                 3.21875       2.331650797586175                       0
                 3.21875       2.380738182798515                       0
                 3.21875       2.429825568010856                       0
                 3.21875       2.478912953223196                       0
                 3.21875       2.528000338435537                       0
                 3.21875       2.577087723647877                       0
                 3.21875       2.626175108860218                       0
                 3.21875       2.675262494072558                       0
                 3.21875       2.724349879284899                       0
                 3.21875       2.773437264497239                       0
                 3.21875        2.82252464970958                       0
                 3.21875        2.87161203492192                       0
                 3.21875       2.920699420134261                       0
                 3.21875       2.969786805346601                       0
                 3.21875       3.018874190558942                       0
                 3.21875       3.067961575771282                       0
                 3.21875       3.117048960983623                       0

                 3.28125     0.02454369260617026                       0
                 3.28125     0.07363107781851078                       0
                 3.28125      0.1227184630308513                       0
                 3.28125      0.1718058482431918                       0
                 3.28125      0.2208932334555323                       0
                 3.28125      0.2699806186678728                       0
                 3.28125      0.3190680038802134                       0
                 3.28125      0.3681553890925539                       0
                 3.28125      0.4172427743048944                       0
                 3.28125      0.4663301595172349                       0
                 3.28125      0.5154175447295755                       0
                 3.28125      0.5645049299419159                       0
                 3.28125      0.6135923151542565                       0
                 3.28125       0.662679700366597                       0
                 3.28125      0.7117670855789375                       0
                 3.28125       0.760854470791278                       0
                 3.28125      0.8099418560036186                       0
                 3.28125       0.859029241215959                       0
                 3.28125      0.9081166264282996                       0
                 3.28125      0.9572040116406401                       0
                 3.28125       1.006291396852981                       0
                 3.28125       1.055378782065321                       0
                 3.28125       1.104466167277662                       0
                 3.28125       1.153553552490002                       0
                 3.28125       1.202640937702343                       0
                 3.28125       1.251728322914683                       0
                 3.28125       1.300815708127024                       0
                 3.28125       1.349903093339364                       0
                 3.28125       1.398990478551705                       0
                 3.28125       1.448077863764045                       0
                 3.28125       1.497165248976386                       0
                 3.28125       1.546252634188726                       0
                 3.28125       1.595340019401067                       0
                 3.28125       1.644427404613407                       0
                 3.28125       1.693514789825748                       0
                 3.28125       1.742602175038088                       0
                 3.28125       1.791689560250429                       0
                 3.28125       1.840776945462769                       0
                 3.28125        1.88986433067511                       0
                 3.28125       1.938951715887451                       0
                 3.28125       1.988039101099791                       0
                 3.28125       2.037126486312132                       0
                 3.28125       2.086213871524472                       0
                 3.28125       2.135301256736812                       0
                 3.28125       2.184388641949153                       0
                 3.28125       2.233476027161494                       0
                 3.28125       2.282563412373834                       0
                 3.28125       2.331650797586175                       0
                 3.28125       2.380738182798515                       0
                 3.28125       2.429825568010856                       0
                 3.28125       2.478912953223196                       0
                 3.28125       2.528000338435537                       0
                 3.28125       2.577087723647877                       0
                 3.28125       2.626175108860218                       0
                 3.28125       2.675262494072558                       0
                 3.28125       2.724349879284899                       0
                 3.28125       2.773437264497239                       0
                 3.28125        2.82252464970958                       0
                 3.28125        2.87161203492192                       0
                 3.28125       2.920699420134261                       0
                 3.28125       2.969786805346601                       0
                 3.28125       3.018874190558942                       0
                 3.28125       3.067961575771282                       0
                 3.28125       3.117048960983623                       0

                 3.34375     0.02454369260617026                       0
                 3.34375     0.07363107781851078                       0
                 3.34375      0.1227184630308513                       0
                 3.34375      0.1718058482431918                       0
                 3.34375      0.2208932334555323                       0
                 3.34375      0.2699806186678728                       0
                 3.34375      0.3190680038802134                       0
                 3.34375      0.3681553890925539                       0
                 3.34375      0.4172427743048944                       0
                 3.34375      0.4663301595172349                       0
                 3.34375      0.5154175447295755                       0
                 3.34375      0.5645049299419159                       0
                 3.34375      0.6135923151542565                       0
                 3.34375       0.662679700366597                       0
                 3.34375      0.7117670855789375                       0
                 3.34375       0.760854470791278                       0
                 3.34375      0.8099418560036186                       0
                 3.34375       0.859029241215959                       0
                 3.34375      0.9081166264282996                       0
                 3.34375      0.9572040116406401                       0
                 3.34375       1.006291396852981                       0
                 3.34375       1.055378782065321                       0
                 3.34375       1.104466167277662                       0
                 3.34375       1.153553552490002                       0
                 3.34375       1.202640937702343                       0
                 3.34375       1.251728322914683                       0
                 3.34375       1.300815708127024                       0
                 3.34375       1.349903093339364                       0
                 3.34375       1.398990478551705                       0
                 3.34375       1.448077863764045                       0
                 3.34375       1.497165248976386                       0
                 3.34375       1.546252634188726                       0
                 3.34375       1.595340019401067                       0
                 3.34375       1.644427404613407                       0
                 3.34375       1.693514789825748                       0
                 3.34375       1.742602175038088                       0
                 3.34375       1.791689560250429                       0
                 3.34375       1.840776945462769                       0
                 3.34375        1.88986433067511                       0
                 3.34375       1.938951715887451                       0
                 3.34375       1.988039101099791                       0
                 3.34375       2.037126486312132                       0
                 3.34375       2.086213871524472                       0
                 3.34375       2.135301256736812                       0
                 3.34375       2.184388641949153                       0
                 3.34375       2.233476027161494                       0
                 3.34375       2.282563412373834                       0
                 3.34375       2.331650797586175                       0
                 3.34375       2.380738182798515                       0
                 3.34375       2.429825568010856                       0
                 3.34375       2.478912953223196                       0
                 3.34375       2.528000338435537                       0
                 3.34375       2.577087723647877                       0
                 3.34375       2.626175108860218                       0
                 3.34375       2.675262494072558                       0
                 3.34375       2.724349879284899                       0
                 3.34375       2.773437264497239                       0
                 3.34375        2.82252464970958                       0
                 3.34375        2.87161203492192                       0
                 3.34375       2.920699420134261                       0
                 3.34375       2.969786805346601                       0
                 3.34375       3.018874190558942                       0
                 3.34375       3.067961575771282                       0
                 3.34375       3.117048960983623                       0

                 3.40625     0.02454369260617026                       0
                 3.40625     0.07363107781851078                       0
                 3.40625      0.1227184630308513                       0
                 3.40625      0.1718058482431918                       0
                 3.40625      0.2208932334555323                       0
                 3.40625      0.2699806186678728                       0
                 3.40625      0.3190680038802134                       0
                 3.40625      0.3681553890925539                       0
                 3.40625      0.4172427743048944                       0
                 3.40625      0.4663301595172349                       0
                 3.40625      0.5154175447295755                       0
                 3.40625      0.5645049299419159                       0
                 3.40625      0.6135923151542565                       0
                 3.40625       0.662679700366597                       0
                 3.40625      0.7117670855789375                       0
                 3.40625       0.760854470791278                       0
                 3.40625      0.8099418560036186                       0
                 3.40625       0.859029241215959                       0
                 3.40625      0.9081166264282996                       0
                 3.40625      0.9572040116406401                       0
                 3.40625       1.006291396852981                       0
                 3.40625       1.055378782065321                       0
                 3.40625       1.104466167277662                       0
                 3.40625       1.153553552490002                       0
                 3.40625       1.202640937702343                       0
                 3.40625       1.251728322914683                       0
                 3.40625       1.300815708127024                       0
                 3.40625       1.349903093339364                       0
                 3.40625       1.398990478551705                       0
                 3.40625       1.448077863764045                       0
                 3.40625       1.497165248976386                       0
                 3.40625       1.546252634188726                       0
                 3.40625       1.595340019401067                       0
                 3.40625       1.644427404613407                       0
                 3.40625       1.693514789825748                       0
                 3.40625       1.742602175038088                       0
                 3.40625       1.791689560250429                       0
                 3.40625       1.840776945462769                       0
                 3.40625        1.88986433067511                       0
                 3.40625       1.938951715887451                       0
                 3.40625       1.988039101099791                       0
                 3.40625       2.037126486312132                       0
                 3.40625       2.086213871524472                       0
                 3.40625       2.135301256736812                       0
                 3.40625       2.184388641949153                       0
                 3.40625       2.233476027161494                       0
                 3.40625       2.282563412373834                       0
                 3.40625       2.331650797586175                       0
                 3.40625       2.380738182798515                       0
                 3.40625       2.429825568010856                       0
                 3.40625       2.478912953223196                       0
                 3.40625       2.528000338435537                       0
                 3.40625       2.577087723647877                       0
                 3.40625       2.626175108860218                       0
                 3.40625       2.675262494072558                       0
                 3.40625       2.724349879284899                       0
                 3.40625       2.773437264497239                       0
                 3.40625        2.82252464970958                       0
                 3.40625        2.87161203492192                       0
                 3.40625       2.920699420134261                       0
                 3.40625       2.969786805346601                       0
                 3.40625       3.018874190558942                       0
                 3.40625       3.067961575771282                       0
                 3.40625       3.117048960983623                       0

                 3.46875     0.02454369260617026                       0
                 3.46875     0.07363107781851078                       0
                 3.46875      0.1227184630308513                       0
                 3.46875      0.1718058482431918                       0
                 3.46875      0.2208932334555323                       0
                 3.46875      0.2699806186678728                       0
                 3.46875      0.3190680038802134                       0
                 3.46875      0.3681553890925539                       0
                 3.46875      0.4172427743048944                       0
                 3.46875      0.4663301595172349                       0
                 3.46875      0.5154175447295755                       0
                 3.46875      0.5645049299419159                       0
                 3.46875      0.6135923151542565                       0
                 3.46875       0.662679700366597                       0
                 3.46875      0.7117670855789375                       0
                 3.46875       0.760854470791278                       0
                 3.46875      0.8099418560036186                       0
                 3.46875       0.859029241215959                       0
                 3.46875      0.9081166264282996                       0
                 3.46875      0.9572040116406401                       0
                 3.46875       1.006291396852981                       0
                 3.46875       1.055378782065321                       0
                 3.46875       1.104466167277662                       0
                 3.46875       1.153553552490002                       0
                 3.46875       1.202640937702343                       0
                 3.46875       1.251728322914683                       0
                 3.46875       1.300815708127024                       0
                 3.46875       1.349903093339364                       0
                 3.46875       1.398990478551705                       0
                 3.46875       1.448077863764045                       0
                 3.46875       1.497165248976386                       0
                 3.46875       1.546252634188726                       0
                 3.46875       1.595340019401067                       0
                 3.46875       1.644427404613407                       0
                 3.46875       1.693514789825748                       0
                 3.46875       1.742602175038088                       0
                 3.46875       1.791689560250429                       0
                 3.46875       1.840776945462769                       0
                 3.46875        1.88986433067511                       0
                 3.46875       1.938951715887451                       0
                 3.46875       1.988039101099791                       0
                 3.46875       2.037126486312132                       0
                 3.46875       2.086213871524472                       0
                 3.46875       2.135301256736812                       0
                 3.46875       2.184388641949153                       0
                 3.46875       2.233476027161494                       0
                 3.46875       2.282563412373834                       0
                 3.46875       2.331650797586175                       0
                 3.46875       2.380738182798515                       0
                 3.46875       2.429825568010856                       0
                 3.46875       2.478912953223196                       0
                 3.46875       2.528000338435537                       0
                 3.46875       2.577087723647877                       0
                 3.46875       2.626175108860218                       0
                 3.46875       2.675262494072558                       0
                 3.46875       2.724349879284899                       0
                 3.46875       2.773437264497239                       0
                 3.46875        2.82252464970958                       0
                 3.46875        2.87161203492192                       0
                 3.46875       2.920699420134261                       0
                 3.46875       2.969786805346601                       0
                 3.46875       3.018874190558942                       0
                 3.46875       3.067961575771282                       0
                 3.46875       3.117048960983623                       0

                 3.53125     0.02454369260617026                       0
                 3.53125     0.07363107781851078                       0
                 3.53125      0.1227184630308513                       0
                 3.53125      0.1718058482431918                       0
                 3.53125      0.2208932334555323                       0
                 3.53125      0.2699806186678728                       0
                 3.53125      0.3190680038802134                       0
                 3.53125      0.3681553890925539                       0
                 3.53125      0.4172427743048944                       0
                 3.53125      0.4663301595172349                       0
                 3.53125      0.5154175447295755                       0
                 3.53125      0.5645049299419159                       0
                 3.53125      0.6135923151542565                       0
                 3.53125       0.662679700366597                       0
                 3.53125      0.7117670855789375                       0
                 3.53125       0.760854470791278                       0
                 3.53125      0.8099418560036186                       0
                 3.53125       0.859029241215959                       0
                 3.53125      0.9081166264282996                       0
                 3.53125      0.9572040116406401                       0
                 3.53125       1.006291396852981                       0
                 3.53125       1.055378782065321                       0
                 3.53125       1.104466167277662                       0
                 3.53125       1.153553552490002                       0
                 3.53125       1.202640937702343                       0
                 3.53125       1.251728322914683                       0
                 3.53125       1.300815708127024                       0
                 3.53125       1.349903093339364                       0
                 3.53125       1.398990478551705                       0
                 3.53125       1.448077863764045                       0
                 3.53125       1.497165248976386                       0
                 3.53125       1.546252634188726                       0
                 3.53125       1.595340019401067                       0
                 3.53125       1.644427404613407                       0
                 3.53125       1.693514789825748                       0
                 3.53125       1.742602175038088                       0
                 3.53125       1.791689560250429                       0
                 3.53125       1.840776945462769                       0
                 3.53125        1.88986433067511                       0
                 3.53125       1.938951715887451                       0
                 3.53125       1.988039101099791                       0
                 3.53125       2.037126486312132                       0
                 3.53125       2.086213871524472                       0
                 3.53125       2.135301256736812                       0
                 3.53125       2.184388641949153                       0
                 3.53125       2.233476027161494                       0
                 3.53125       2.282563412373834                       0
                 3.53125       2.331650797586175                       0
                 3.53125       2.380738182798515                       0
                 3.53125       2.429825568010856                       0
                 3.53125       2.478912953223196                       0
                 3.53125       2.528000338435537                       0
                 3.53125       2.577087723647877                       0
                 3.53125       2.626175108860218                       0
                 3.53125       2.675262494072558                       0
                 3.53125       2.724349879284899                       0
                 3.53125       2.773437264497239                       0
                 3.53125        2.82252464970958                       0
                 3.53125        2.87161203492192                       0
                 3.53125       2.920699420134261                       0
                 3.53125       2.969786805346601                       0
                 3.53125       3.018874190558942                       0
                 3.53125       3.067961575771282                       0
                 3.53125       3.117048960983623                       0

                 3.59375     0.02454369260617026                       0
                 3.59375     0.07363107781851078                       0
                 3.59375      0.1227184630308513                       0
                 3.59375      0.1718058482431918                       0
                 3.59375      0.2208932334555323                       0
                 3.59375      0.2699806186678728                       0
                 3.59375      0.3190680038802134                       0
                 3.59375      0.3681553890925539                       0
                 3.59375      0.4172427743048944                       0
                 3.59375      0.4663301595172349                       0
                 3.59375      0.5154175447295755                       0
                 3.59375      0.5645049299419159                       0
                 3.59375      0.6135923151542565                       0
                 3.59375       0.662679700366597                       0
                 3.59375      0.7117670855789375                       0
                 3.59375       0.760854470791278                       0
                 3.59375      0.8099418560036186                       0
                 3.59375       0.859029241215959                       0
                 3.59375      0.9081166264282996                       0
                 3.59375      0.9572040116406401                       0
                 3.59375       1.006291396852981                       0
                 3.59375       1.055378782065321                       0
                 3.59375       1.104466167277662                       0
                 3.59375       1.153553552490002                       0
                 3.59375       1.202640937702343                       0
                 3.59375       1.251728322914683                       0
                 3.59375       1.300815708127024                       0
                 3.59375       1.349903093339364                       0
                 3.59375       1.398990478551705                       0
                 3.59375       1.448077863764045                       0
                 3.59375       1.497165248976386                       0
                 3.59375       1.546252634188726                       0
                 3.59375       1.595340019401067                       0
                 3.59375       1.644427404613407                       0
                 3.59375       1.693514789825748                       0
                 3.59375       1.742602175038088                       0
                 3.59375       1.791689560250429                       0
                 3.59375       1.840776945462769                       0
                 3.59375        1.88986433067511                       0
                 3.59375       1.938951715887451                       0
                 3.59375       1.988039101099791                       0
                 3.59375       2.037126486312132                       0
                 3.59375       2.086213871524472                       0
                 3.59375       2.135301256736812                       0
                 3.59375       2.184388641949153                       0
                 3.59375       2.233476027161494                       0
                 3.59375       2.282563412373834                       0
                 3.59375       2.331650797586175                       0
                 3.59375       2.380738182798515                       0
                 3.59375       2.429825568010856                       0
                 3.59375       2.478912953223196                       0
                 3.59375       2.528000338435537                       0
                 3.59375       2.577087723647877                       0
                 3.59375       2.626175108860218                       0
                 3.59375       2.675262494072558                       0
                 3.59375       2.724349879284899                       0
                 3.59375       2.773437264497239                       0
                 3.59375        2.82252464970958                       0
                 3.59375        2.87161203492192                       0
                 3.59375       2.920699420134261                       0
                 3.59375       2.969786805346601                       0
                 3.59375       3.018874190558942                       0
                 3.59375       3.067961575771282                       0
                 3.59375       3.117048960983623                       0

                 3.65625     0.02454369260617026                       0
                 3.65625     0.07363107781851078                       0
                 3.65625      0.1227184630308513                       0
                 3.65625      0.1718058482431918                       0
                 3.65625      0.2208932334555323                       0
                 3.65625      0.2699806186678728                       0
                 3.65625      0.3190680038802134                       0
                 3.65625      0.3681553890925539                       0
                 3.65625      0.4172427743048944                       0
                 3.65625      0.4663301595172349                       0
                 3.65625      0.5154175447295755                       0
                 3.65625      0.5645049299419159                       0
                 3.65625      0.6135923151542565                       0
                 3.65625       0.662679700366597                       0
                 3.65625      0.7117670855789375                       0
                 3.65625       0.760854470791278                       0
                 3.65625      0.8099418560036186                       0
                 3.65625       0.859029241215959                       0
                 3.65625      0.9081166264282996                       0
                 3.65625      0.9572040116406401                       0
                 3.65625       1.006291396852981                       0
                 3.65625       1.055378782065321                       0
                 3.65625       1.104466167277662                       0
                 3.65625       1.153553552490002                       0
                 3.65625       1.202640937702343                       0
                 3.65625       1.251728322914683                       0
                 3.65625       1.300815708127024                       0
                 3.65625       1.349903093339364                       0
                 3.65625       1.398990478551705                       0
                 3.65625       1.448077863764045                       0
                 3.65625       1.497165248976386                       0
                 3.65625       1.546252634188726                       0
                 3.65625       1.595340019401067                       0
                 3.65625       1.644427404613407                       0
                 3.65625       1.693514789825748                       0
                 3.65625       1.742602175038088                       0
                 3.65625       1.791689560250429                       0
                 3.65625       1.840776945462769                       0
                 3.65625        1.88986433067511                       0
                 3.65625       1.938951715887451                       0
                 3.65625       1.988039101099791                       0
                 3.65625       2.037126486312132                       0
                 3.65625       2.086213871524472                       0
                 3.65625       2.135301256736812                       0
                 3.65625       2.184388641949153                       0
                 3.65625       2.233476027161494                       0
                 3.65625       2.282563412373834                       0
                 3.65625       2.331650797586175                       0
                 3.65625       2.380738182798515                       0
                 3.65625       2.429825568010856                       0
                 3.65625       2.478912953223196                       0
                 3.65625       2.528000338435537                       0
                 3.65625       2.577087723647877                       0
                 3.65625       2.626175108860218                       0
                 3.65625       2.675262494072558                       0
                 3.65625       2.724349879284899                       0
                 3.65625       2.773437264497239                       0
                 3.65625        2.82252464970958                       0
                 3.65625        2.87161203492192                       0
                 3.65625       2.920699420134261                       0
                 3.65625       2.969786805346601                       0
                 3.65625       3.018874190558942                       0
                 3.65625       3.067961575771282                       0
                 3.65625       3.117048960983623                       0

                 3.71875     0.02454369260617026                       0
                 3.71875     0.07363107781851078                       0
                 3.71875      0.1227184630308513                       0
                 3.71875      0.1718058482431918                       0
                 3.71875      0.2208932334555323                       0
                 3.71875      0.2699806186678728                       0
                 3.71875      0.3190680038802134                       0
                 3.71875      0.3681553890925539                       0
                 3.71875      0.4172427743048944                       0
                 3.71875      0.4663301595172349                       0
                 3.71875      0.5154175447295755                       0
                 3.71875      0.5645049299419159                       0
                 3.71875      0.6135923151542565                       0
                 3.71875       0.662679700366597                       0
                 3.71875      0.7117670855789375                       0
                 3.71875       0.760854470791278                       0
                 3.71875      0.8099418560036186                       0
                 3.71875       0.859029241215959                       0
                 3.71875      0.9081166264282996                       0
                 3.71875      0.9572040116406401                       0
                 3.71875       1.006291396852981                       0
                 3.71875       1.055378782065321                       0
                 3.71875       1.104466167277662                       0
                 3.71875       1.153553552490002                       0
                 3.71875       1.202640937702343                       0
                 3.71875       1.251728322914683                       0
                 3.71875       1.300815708127024                       0
                 3.71875       1.349903093339364                       0
                 3.71875       1.398990478551705                       0
                 3.71875       1.448077863764045                       0
                 3.71875       1.497165248976386                       0
                 3.71875       1.546252634188726                       0
                 3.71875       1.595340019401067                       0
                 3.71875       1.644427404613407                       0
                 3.71875       1.693514789825748                       0
                 3.71875       1.742602175038088                       0
                 3.71875       1.791689560250429                       0
                 3.71875       1.840776945462769                       0
                 3.71875        1.88986433067511                       0
                 3.71875       1.938951715887451                       0
                 3.71875       1.988039101099791                       0
                 3.71875       2.037126486312132                       0
                 3.71875       2.086213871524472                       0
                 3.71875       2.135301256736812                       0
                 3.71875       2.184388641949153                       0
                 3.71875       2.233476027161494                       0
                 3.71875       2.282563412373834                       0
                 3.71875       2.331650797586175                       0
                 3.71875       2.380738182798515                       0
                 3.71875       2.429825568010856                       0
                 3.71875       2.478912953223196                       0
                 3.71875       2.528000338435537                       0
                 3.71875       2.577087723647877                       0
                 3.71875       2.626175108860218                       0
                 3.71875       2.675262494072558                       0
                 3.71875       2.724349879284899                       0
                 3.71875       2.773437264497239                       0
                 3.71875        2.82252464970958                       0
                 3.71875        2.87161203492192                       0
                 3.71875       2.920699420134261                       0
                 3.71875       2.969786805346601                       0
                 3.71875       3.018874190558942                       0
                 3.71875       3.067961575771282                       0
                 3.71875       3.117048960983623                       0

                 3.78125     0.02454369260617026                       0
                 3.78125     0.07363107781851078                       0
                 3.78125      0.1227184630308513                       0
                 3.78125      0.1718058482431918                       0
                 3.78125      0.2208932334555323                       0
                 3.78125      0.2699806186678728                       0
                 3.78125      0.3190680038802134                       0
                 3.78125      0.3681553890925539                       0
                 3.78125      0.4172427743048944                       0
                 3.78125      0.4663301595172349                       0
                 3.78125      0.5154175447295755                       0
                 3.78125      0.5645049299419159                       0
                 3.78125      0.6135923151542565                       0
                 3.78125       0.662679700366597                       0
                 3.78125      0.7117670855789375                       0
                 3.78125       0.760854470791278                       0
                 3.78125      0.8099418560036186                       0
                 3.78125       0.859029241215959                       0
                 3.78125      0.9081166264282996                       0
                 3.78125      0.9572040116406401                       0
                 3.78125       1.006291396852981                       0
                 3.78125       1.055378782065321                       0
                 3.78125       1.104466167277662                       0
                 3.78125       1.153553552490002                       0
                 3.78125       1.202640937702343                       0
                 3.78125       1.251728322914683                       0
                 3.78125       1.300815708127024                       0
                 3.78125       1.349903093339364                       0
                 3.78125       1.398990478551705                       0
                 3.78125       1.448077863764045                       0
                 3.78125       1.497165248976386                       0
                 3.78125       1.546252634188726                       0
                 3.78125       1.595340019401067                       0
                 3.78125       1.644427404613407                       0
                 3.78125       1.693514789825748                       0
                 3.78125       1.742602175038088                       0
                 3.78125       1.791689560250429                       0
                 3.78125       1.840776945462769                       0
                 3.78125        1.88986433067511                       0
                 3.78125       1.938951715887451                       0
                 3.78125       1.988039101099791                       0
                 3.78125       2.037126486312132                       0
                 3.78125       2.086213871524472                       0
                 3.78125       2.135301256736812                       0
                 3.78125       2.184388641949153                       0
                 3.78125       2.233476027161494                       0
                 3.78125       2.282563412373834                       0
                 3.78125       2.331650797586175                       0
                 3.78125       2.380738182798515                       0
                 3.78125       2.429825568010856                       0
                 3.78125       2.478912953223196                       0
                 3.78125       2.528000338435537                       0
                 3.78125       2.577087723647877                       0
                 3.78125       2.626175108860218                       0
                 3.78125       2.675262494072558                       0
                 3.78125       2.724349879284899                       0
                 3.78125       2.773437264497239                       0
                 3.78125        2.82252464970958                       0
                 3.78125        2.87161203492192                       0
                 3.78125       2.920699420134261                       0
                 3.78125       2.969786805346601                       0
                 3.78125       3.018874190558942                       0
                 3.78125       3.067961575771282                       0
                 3.78125       3.117048960983623                       0

                 3.84375     0.02454369260617026                       0
                 3.84375     0.07363107781851078                       0
                 3.84375      0.1227184630308513                       0
                 3.84375      0.1718058482431918                       0
                 3.84375      0.2208932334555323                       0
                 3.84375      0.2699806186678728                       0
                 3.84375      0.3190680038802134                       0
                 3.84375      0.3681553890925539                       0
                 3.84375      0.4172427743048944                       0
                 3.84375      0.4663301595172349                       0
                 3.84375      0.5154175447295755                       0
                 3.84375      0.5645049299419159                       0
                 3.84375      0.6135923151542565                       0
                 3.84375       0.662679700366597                       0
                 3.84375      0.7117670855789375                       0
                 3.84375       0.760854470791278                       0
                 3.84375      0.8099418560036186                       0
                 3.84375       0.859029241215959                       0
                 3.84375      0.9081166264282996                       0
                 3.84375      0.9572040116406401                       0
                 3.84375       1.006291396852981                       0
                 3.84375       1.055378782065321                       0
                 3.84375       1.104466167277662                       0
                 3.84375       1.153553552490002                       0
                 3.84375       1.202640937702343                       0
                 3.84375       1.251728322914683                       0
                 3.84375       1.300815708127024                       0
                 3.84375       1.349903093339364                       0
                 3.84375       1.398990478551705                       0
                 3.84375       1.448077863764045                       0
                 3.84375       1.497165248976386                       0
                 3.84375       1.546252634188726                       0
                 3.84375       1.595340019401067                       0
                 3.84375       1.644427404613407                       0
                 3.84375       1.693514789825748                       0
                 3.84375       1.742602175038088                       0
                 3.84375       1.791689560250429                       0
                 3.84375       1.840776945462769                       0
                 3.84375        1.88986433067511                       0
                 3.84375       1.938951715887451                       0
                 3.84375       1.988039101099791                       0
                 3.84375       2.037126486312132                       0
                 3.84375       2.086213871524472                       0
                 3.84375       2.135301256736812                       0
                 3.84375       2.184388641949153                       0
                 3.84375       2.233476027161494                       0
                 3.84375       2.282563412373834                       0
                 3.84375       2.331650797586175                       0
                 3.84375       2.380738182798515                       0
                 3.84375       2.429825568010856                       0
                 3.84375       2.478912953223196                       0
                 3.84375       2.528000338435537                       0
                 3.84375       2.577087723647877                       0
                 3.84375       2.626175108860218                       0
                 3.84375       2.675262494072558                       0
                 3.84375       2.724349879284899                       0
                 3.84375       2.773437264497239                       0
                 3.84375        2.82252464970958                       0
                 3.84375        2.87161203492192                       0
                 3.84375       2.920699420134261                       0
                 3.84375       2.969786805346601                       0
                 3.84375       3.018874190558942                       0
                 3.84375       3.067961575771282                       0
                 3.84375       3.117048960983623                       0

                 3.90625     0.02454369260617026                       0
                 3.90625     0.07363107781851078                       0
                 3.90625      0.1227184630308513                       0
                 3.90625      0.1718058482431918                       0
                 3.90625      0.2208932334555323                       0
                 3.90625      0.2699806186678728                       0
                 3.90625      0.3190680038802134                       0
                 3.90625      0.3681553890925539                       0
                 3.90625      0.4172427743048944                       0
                 3.90625      0.4663301595172349                       0
                 3.90625      0.5154175447295755                       0
                 3.90625      0.5645049299419159                       0
                 3.90625      0.6135923151542565                       0
                 3.90625       0.662679700366597                       0
                 3.90625      0.7117670855789375                       0
                 3.90625       0.760854470791278                       0
                 3.90625      0.8099418560036186                       0
                 3.90625       0.859029241215959                       0
                 3.90625      0.9081166264282996                       0
                 3.90625      0.9572040116406401                       0
                 3.90625       1.006291396852981                       0
                 3.90625       1.055378782065321                       0
                 3.90625       1.104466167277662                       0
                 3.90625       1.153553552490002                       0
                 3.90625       1.202640937702343                       0
                 3.90625       1.251728322914683                       0
                 3.90625       1.300815708127024                       0
                 3.90625       1.349903093339364                       0
                 3.90625       1.398990478551705                       0
                 3.90625       1.448077863764045                       0
                 3.90625       1.497165248976386                       0
                 3.90625       1.546252634188726                       0
                 3.90625       1.595340019401067                       0
                 3.90625       1.644427404613407                       0
                 3.90625       1.693514789825748                       0
                 3.90625       1.742602175038088                       0
                 3.90625       1.791689560250429                       0
                 3.90625       1.840776945462769                       0
                 3.90625        1.88986433067511                       0
                 3.90625       1.938951715887451                       0
                 3.90625       1.988039101099791                       0
                 3.90625       2.037126486312132                       0
                 3.90625       2.086213871524472                       0
                 3.90625       2.135301256736812                       0
                 3.90625       2.184388641949153                       0
                 3.90625       2.233476027161494                       0
                 3.90625       2.282563412373834                       0
                 3.90625       2.331650797586175                       0
                 3.90625       2.380738182798515                       0
                 3.90625       2.429825568010856                       0
                 3.90625       2.478912953223196                       0
                 3.90625       2.528000338435537                       0
                 3.90625       2.577087723647877                       0
                 3.90625       2.626175108860218                       0
                 3.90625       2.675262494072558                       0
                 3.90625       2.724349879284899                       0
                 3.90625       2.773437264497239                       0
                 3.90625        2.82252464970958                       0
                 3.90625        2.87161203492192                       0
                 3.90625       2.920699420134261                       0
                 3.90625       2.969786805346601                       0
                 3.90625       3.018874190558942                       0
                 3.90625       3.067961575771282                       0
                 3.90625       3.117048960983623                       0

                 3.96875     0.02454369260617026                       0
                 3.96875     0.07363107781851078                       0
                 3.96875      0.1227184630308513                       0
                 3.96875      0.1718058482431918                       0
                 3.96875      0.2208932334555323                       0
                 3.96875      0.2699806186678728                       0
                 3.96875      0.3190680038802134                       0
                 3.96875      0.3681553890925539                       0
                 3.96875      0.4172427743048944                       0
                 3.96875      0.4663301595172349                       0
                 3.96875      0.5154175447295755                       0
                 3.96875      0.5645049299419159                       0
                 3.96875      0.6135923151542565                       0
                 3.96875       0.662679700366597                       0
                 3.96875      0.7117670855789375                       0
                 3.96875       0.760854470791278                       0
                 3.96875      0.8099418560036186                       0
                 3.96875       0.859029241215959                       0
                 3.96875      0.9081166264282996                       0
                 3.96875      0.9572040116406401                       0
                 3.96875       1.006291396852981                       0
                 3.96875       1.055378782065321                       0
                 3.96875       1.104466167277662                       0
                 3.96875       1.153553552490002                       0
                 3.96875       1.202640937702343                       0
                 3.96875       1.251728322914683                       0
                 3.96875       1.300815708127024                       0
                 3.96875       1.349903093339364                       0
                 3.96875       1.398990478551705                       0
                 3.96875       1.448077863764045                       0
                 3.96875       1.497165248976386                       0
                 3.96875       1.546252634188726                       0
                 3.96875       1.595340019401067                       0
                 3.96875       1.644427404613407                       0
                 3.96875       1.693514789825748                       0
                 3.96875       1.742602175038088                       0
                 3.96875       1.791689560250429                       0
                 3.96875       1.840776945462769                       0
                 3.96875        1.88986433067511                       0
                 3.96875       1.938951715887451                       0
                 3.96875       1.988039101099791                       0
                 3.96875       2.037126486312132                       0
                 3.96875       2.086213871524472                       0
                 3.96875       2.135301256736812                       0
                 3.96875       2.184388641949153                       0
                 3.96875       2.233476027161494                       0
                 3.96875       2.282563412373834                       0
                 3.96875       2.331650797586175                       0
                 3.96875       2.380738182798515                       0
                 3.96875       2.429825568010856                       0
                 3.96875       2.478912953223196                       0
                 3.96875       2.528000338435537                       0
                 3.96875       2.577087723647877                       0
                 3.96875       2.626175108860218                       0
                 3.96875       2.675262494072558                       0
                 3.96875       2.724349879284899                       0
                 3.96875       2.773437264497239                       0
                 3.96875        2.82252464970958                       0
                 3.96875        2.87161203492192                       0
                 3.96875       2.920699420134261                       0
                 3.96875       2.969786805346601                       0
                 3.96875       3.018874190558942                       0
                 3.96875       3.067961575771282                       0
                 3.96875       3.117048960983623                       0

                 4.03125     0.02454369260617026                       0
                 4.03125     0.07363107781851078                       0
                 4.03125      0.1227184630308513                       0
                 4.03125      0.1718058482431918                       0
                 4.03125      0.2208932334555323                       0
                 4.03125      0.2699806186678728                       0
                 4.03125      0.3190680038802134                       0
                 4.03125      0.3681553890925539                       0
                 4.03125      0.4172427743048944                       0
                 4.03125      0.4663301595172349                       0
                 4.03125      0.5154175447295755                       0
                 4.03125      0.5645049299419159                       0
                 4.03125      0.6135923151542565                       0
                 4.03125       0.662679700366597                       0
                 4.03125      0.7117670855789375                       0
                 4.03125       0.760854470791278                       0
                 4.03125      0.8099418560036186                       0
                 4.03125       0.859029241215959                       0
                 4.03125      0.9081166264282996                       0
                 4.03125      0.9572040116406401                       0
                 4.03125       1.006291396852981                       0
                 4.03125       1.055378782065321                       0
                 4.03125       1.104466167277662                       0
                 4.03125       1.153553552490002                       0
                 4.03125       1.202640937702343                       0
                 4.03125       1.251728322914683                       0
                 4.03125       1.300815708127024                       0
                 4.03125       1.349903093339364                       0
                 4.03125       1.398990478551705                       0
                 4.03125       1.448077863764045                       0
                 4.03125       1.497165248976386                       0
                 4.03125       1.546252634188726                       0
                 4.03125       1.595340019401067                       0
                 4.03125       1.644427404613407                       0
                 4.03125       1.693514789825748                       0
                 4.03125       1.742602175038088                       0
                 4.03125       1.791689560250429                       0
                 4.03125       1.840776945462769                       0
                 4.03125        1.88986433067511                       0
                 4.03125       1.938951715887451                       0
                 4.03125       1.988039101099791                       0
                 4.03125       2.037126486312132                       0
                 4.03125       2.086213871524472                       0
                 4.03125       2.135301256736812                       0
                 4.03125       2.184388641949153                       0
                 4.03125       2.233476027161494                       0
                 4.03125       2.282563412373834                       0
                 4.03125       2.331650797586175                       0
                 4.03125       2.380738182798515                       0
                 4.03125       2.429825568010856                       0
                 4.03125       2.478912953223196                       0
                 4.03125       2.528000338435537                       0
                 4.03125       2.577087723647877                       0
                 4.03125       2.626175108860218                       0
                 4.03125       2.675262494072558                       0
                 4.03125       2.724349879284899                       0
                 4.03125       2.773437264497239                       0
                 4.03125        2.82252464970958                       0
                 4.03125        2.87161203492192                       0
                 4.03125       2.920699420134261                       0
                 4.03125       2.969786805346601                       0
                 4.03125       3.018874190558942                       0
                 4.03125       3.067961575771282                       0
                 4.03125       3.117048960983623                       0

                 4.09375     0.02454369260617026                       0
                 4.09375     0.07363107781851078                       0
                 4.09375      0.1227184630308513                       0
                 4.09375      0.1718058482431918                       0
                 4.09375      0.2208932334555323                       0
                 4.09375      0.2699806186678728                       0
                 4.09375      0.3190680038802134                       0
                 4.09375      0.3681553890925539                       0
                 4.09375      0.4172427743048944                       0
                 4.09375      0.4663301595172349                       0
                 4.09375      0.5154175447295755                       0
                 4.09375      0.5645049299419159                       0
                 4.09375      0.6135923151542565                       0
                 4.09375       0.662679700366597                       0
                 4.09375      0.7117670855789375                       0
                 4.09375       0.760854470791278                       0
                 4.09375      0.8099418560036186                       0
                 4.09375       0.859029241215959                       0
                 4.09375      0.9081166264282996                       0
                 4.09375      0.9572040116406401                       0
                 4.09375       1.006291396852981                       0
                 4.09375       1.055378782065321                       0
                 4.09375       1.104466167277662                       0
                 4.09375       1.153553552490002                       0
                 4.09375       1.202640937702343                       0
                 4.09375       1.251728322914683                       0
                 4.09375       1.300815708127024                       0
                 4.09375       1.349903093339364                       0
                 4.09375       1.398990478551705                       0
                 4.09375       1.448077863764045                       0
                 4.09375       1.497165248976386                       0
                 4.09375       1.546252634188726                       0
                 4.09375       1.595340019401067                       0
                 4.09375       1.644427404613407                       0
                 4.09375       1.693514789825748                       0
                 4.09375       1.742602175038088                       0
                 4.09375       1.791689560250429                       0
                 4.09375       1.840776945462769                       0
                 4.09375        1.88986433067511                       0
                 4.09375       1.938951715887451                       0
                 4.09375       1.988039101099791                       0
                 4.09375       2.037126486312132                       0
                 4.09375       2.086213871524472                       0
                 4.09375       2.135301256736812                       0
                 4.09375       2.184388641949153                       0
                 4.09375       2.233476027161494                       0
                 4.09375       2.282563412373834                       0
                 4.09375       2.331650797586175                       0
                 4.09375       2.380738182798515                       0
                 4.09375       2.429825568010856                       0
                 4.09375       2.478912953223196                       0
                 4.09375       2.528000338435537                       0
                 4.09375       2.577087723647877                       0
                 4.09375       2.626175108860218                       0
                 4.09375       2.675262494072558                       0
                 4.09375       2.724349879284899                       0
                 4.09375       2.773437264497239                       0
                 4.09375        2.82252464970958                       0
                 4.09375        2.87161203492192                       0
                 4.09375       2.920699420134261                       0
                 4.09375       2.969786805346601                       0
                 4.09375       3.018874190558942                       0
                 4.09375       3.067961575771282                       0
                 4.09375       3.117048960983623                       0

                 4.15625     0.02454369260617026                       0
                 4.15625     0.07363107781851078                       0
                 4.15625      0.1227184630308513                       0
                 4.15625      0.1718058482431918                       0
                 4.15625      0.2208932334555323                       0
                 4.15625      0.2699806186678728                       0
                 4.15625      0.3190680038802134                       0
                 4.15625      0.3681553890925539                       0
                 4.15625      0.4172427743048944                       0
                 4.15625      0.4663301595172349                       0
                 4.15625      0.5154175447295755                       0
                 4.15625      0.5645049299419159                       0
                 4.15625      0.6135923151542565                       0
                 4.15625       0.662679700366597                       0
                 4.15625      0.7117670855789375                       0
                 4.15625       0.760854470791278                       0
                 4.15625      0.8099418560036186                       0
                 4.15625       0.859029241215959                       0
                 4.15625      0.9081166264282996                       0
                 4.15625      0.9572040116406401                       0
                 4.15625       1.006291396852981                       0
                 4.15625       1.055378782065321                       0
                 4.15625       1.104466167277662                       0
                 4.15625       1.153553552490002                       0
                 4.15625       1.202640937702343                       0
                 4.15625       1.251728322914683                       0
                 4.15625       1.300815708127024                       0
                 4.15625       1.349903093339364                       0
                 4.15625       1.398990478551705                       0
                 4.15625       1.448077863764045                       0
                 4.15625       1.497165248976386                       0
                 4.15625       1.546252634188726                       0
                 4.15625       1.595340019401067                       0
                 4.15625       1.644427404613407                       0
                 4.15625       1.693514789825748                       0
                 4.15625       1.742602175038088                       0
                 4.15625       1.791689560250429                       0
                 4.15625       1.840776945462769                       0
                 4.15625        1.88986433067511                       0
                 4.15625       1.938951715887451                       0
                 4.15625       1.988039101099791                       0
                 4.15625       2.037126486312132                       0
                 4.15625       2.086213871524472                       0
                 4.15625       2.135301256736812                       0
                 4.15625       2.184388641949153                       0
                 4.15625       2.233476027161494                       0
                 4.15625       2.282563412373834                       0
                 4.15625       2.331650797586175                       0
                 4.15625       2.380738182798515                       0
                 4.15625       2.429825568010856                       0
                 4.15625       2.478912953223196                       0
                 4.15625       2.528000338435537                       0
                 4.15625       2.577087723647877                       0
                 4.15625       2.626175108860218                       0
                 4.15625       2.675262494072558                       0
                 4.15625       2.724349879284899                       0
                 4.15625       2.773437264497239                       0
                 4.15625        2.82252464970958                       0
                 4.15625        2.87161203492192                       0
                 4.15625       2.920699420134261                       0
                 4.15625       2.969786805346601                       0
                 4.15625       3.018874190558942                       0
                 4.15625       3.067961575771282                       0
                 4.15625       3.117048960983623                       0

                 4.21875     0.02454369260617026                       0
                 4.21875     0.07363107781851078                       0
                 4.21875      0.1227184630308513                       0
                 4.21875      0.1718058482431918                       0
                 4.21875      0.2208932334555323                       0
                 4.21875      0.2699806186678728                       0
                 4.21875      0.3190680038802134                       0
                 4.21875      0.3681553890925539                       0
                 4.21875      0.4172427743048944                       0
                 4.21875      0.4663301595172349                       0
                 4.21875      0.5154175447295755                       0
                 4.21875      0.5645049299419159                       0
                 4.21875      0.6135923151542565                       0
                 4.21875       0.662679700366597                       0
                 4.21875      0.7117670855789375                       0
                 4.21875       0.760854470791278                       0
                 4.21875      0.8099418560036186                       0
                 4.21875       0.859029241215959                       0
                 4.21875      0.9081166264282996                       0
                 4.21875      0.9572040116406401                       0
                 4.21875       1.006291396852981                       0
                 4.21875       1.055378782065321                       0
                 4.21875       1.104466167277662                       0
                 4.21875       1.153553552490002                       0
                 4.21875       1.202640937702343                       0
                 4.21875       1.251728322914683                       0
                 4.21875       1.300815708127024                       0
                 4.21875       1.349903093339364                       0
                 4.21875       1.398990478551705                       0
                 4.21875       1.448077863764045                       0
                 4.21875       1.497165248976386                       0
                 4.21875       1.546252634188726                       0
                 4.21875       1.595340019401067                       0
                 4.21875       1.644427404613407                       0
                 4.21875       1.693514789825748                       0
                 4.21875       1.742602175038088                       0
                 4.21875       1.791689560250429                       0
                 4.21875       1.840776945462769                       0
                 4.21875        1.88986433067511                       0
                 4.21875       1.938951715887451                       0
                 4.21875       1.988039101099791                       0
                 4.21875       2.037126486312132                       0
                 4.21875       2.086213871524472                       0
                 4.21875       2.135301256736812                       0
                 4.21875       2.184388641949153                       0
                 4.21875       2.233476027161494                       0
                 4.21875       2.282563412373834                       0
                 4.21875       2.331650797586175                       0
                 4.21875       2.380738182798515                       0
                 4.21875       2.429825568010856                       0
                 4.21875       2.478912953223196                       0
                 4.21875       2.528000338435537                       0
                 4.21875       2.577087723647877                       0
                 4.21875       2.626175108860218                       0
                 4.21875       2.675262494072558                       0
                 4.21875       2.724349879284899                       0
                 4.21875       2.773437264497239                       0
                 4.21875        2.82252464970958                       0
                 4.21875        2.87161203492192                       0
                 4.21875       2.920699420134261                       0
                 4.21875       2.969786805346601                       0
                 4.21875       3.018874190558942                       0
                 4.21875       3.067961575771282                       0
                 4.21875       3.117048960983623                       0

                 4.28125     0.02454369260617026                       0
                 4.28125     0.07363107781851078                       0
                 4.28125      0.1227184630308513                       0
                 4.28125      0.1718058482431918                       0
                 4.28125      0.2208932334555323                       0
                 4.28125      0.2699806186678728                       0
                 4.28125      0.3190680038802134                       0
                 4.28125      0.3681553890925539                       0
                 4.28125      0.4172427743048944                       0
                 4.28125      0.4663301595172349                       0
                 4.28125      0.5154175447295755                       0
                 4.28125      0.5645049299419159                       0
                 4.28125      0.6135923151542565                       0
                 4.28125       0.662679700366597                       0
                 4.28125      0.7117670855789375                       0
                 4.28125       0.760854470791278                       0
                 4.28125      0.8099418560036186                       0
                 4.28125       0.859029241215959                       0
                 4.28125      0.9081166264282996                       0
                 4.28125      0.9572040116406401                       0
                 4.28125       1.006291396852981                       0
                 4.28125       1.055378782065321                       0
                 4.28125       1.104466167277662                       0
                 4.28125       1.153553552490002                       0
                 4.28125       1.202640937702343                       0
                 4.28125       1.251728322914683                       0
                 4.28125       1.300815708127024                       0
                 4.28125       1.349903093339364                       0
                 4.28125       1.398990478551705                       0
                 4.28125       1.448077863764045                       0
                 4.28125       1.497165248976386                       0
                 4.28125       1.546252634188726                       0
                 4.28125       1.595340019401067                       0
                 4.28125       1.644427404613407                       0
                 4.28125       1.693514789825748                       0
                 4.28125       1.742602175038088                       0
                 4.28125       1.791689560250429                       0
                 4.28125       1.840776945462769                       0
                 4.28125        1.88986433067511                       0
                 4.28125       1.938951715887451                       0
                 4.28125       1.988039101099791                       0
                 4.28125       2.037126486312132                       0
                 4.28125       2.086213871524472                       0
                 4.28125       2.135301256736812                       0
                 4.28125       2.184388641949153                       0
                 4.28125       2.233476027161494                       0
                 4.28125       2.282563412373834                       0
                 4.28125       2.331650797586175                       0
                 4.28125       2.380738182798515                       0
                 4.28125       2.429825568010856                       0
                 4.28125       2.478912953223196                       0
                 4.28125       2.528000338435537                       0
                 4.28125       2.577087723647877                       0
                 4.28125       2.626175108860218                       0
                 4.28125       2.675262494072558                       0
                 4.28125       2.724349879284899                       0
                 4.28125       2.773437264497239                       0
                 4.28125        2.82252464970958                       0
                 4.28125        2.87161203492192                       0
                 4.28125       2.920699420134261                       0
                 4.28125       2.969786805346601                       0
                 4.28125       3.018874190558942                       0
                 4.28125       3.067961575771282                       0
                 4.28125       3.117048960983623                       0

                 4.34375     0.02454369260617026                       0
                 4.34375     0.07363107781851078                       0
                 4.34375      0.1227184630308513                       0
                 4.34375      0.1718058482431918                       0
                 4.34375      0.2208932334555323                       0
                 4.34375      0.2699806186678728                       0
                 4.34375      0.3190680038802134                       0
                 4.34375      0.3681553890925539                       0
                 4.34375      0.4172427743048944                       0
                 4.34375      0.4663301595172349                       0
                 4.34375      0.5154175447295755                       0
                 4.34375      0.5645049299419159                       0
                 4.34375      0.6135923151542565                       0
                 4.34375       0.662679700366597                       0
                 4.34375      0.7117670855789375                       0
                 4.34375       0.760854470791278                       0
                 4.34375      0.8099418560036186                       0
                 4.34375       0.859029241215959                       0
                 4.34375      0.9081166264282996                       0
                 4.34375      0.9572040116406401                       0
                 4.34375       1.006291396852981                       0
                 4.34375       1.055378782065321                       0
                 4.34375       1.104466167277662                       0
                 4.34375       1.153553552490002                       0
                 4.34375       1.202640937702343                       0
                 4.34375       1.251728322914683                       0
                 4.34375       1.300815708127024                       0
                 4.34375       1.349903093339364                       0
                 4.34375       1.398990478551705                       0
                 4.34375       1.448077863764045                       0
                 4.34375       1.497165248976386                       0
                 4.34375       1.546252634188726                       0
                 4.34375       1.595340019401067                       0
                 4.34375       1.644427404613407                       0
                 4.34375       1.693514789825748                       0
                 4.34375       1.742602175038088                       0
                 4.34375       1.791689560250429                       0
                 4.34375       1.840776945462769                       0
                 4.34375        1.88986433067511                       0
                 4.34375       1.938951715887451                       0
                 4.34375       1.988039101099791                       0
                 4.34375       2.037126486312132                       0
                 4.34375       2.086213871524472                       0
                 4.34375       2.135301256736812                       0
                 4.34375       2.184388641949153                       0
                 4.34375       2.233476027161494                       0
                 4.34375       2.282563412373834                       0
                 4.34375       2.331650797586175                       0
                 4.34375       2.380738182798515                       0
                 4.34375       2.429825568010856                       0
                 4.34375       2.478912953223196                       0
                 4.34375       2.528000338435537                       0
                 4.34375       2.577087723647877                       0
                 4.34375       2.626175108860218                       0
                 4.34375       2.675262494072558                       0
                 4.34375       2.724349879284899                       0
                 4.34375       2.773437264497239                       0
                 4.34375        2.82252464970958                       0
                 4.34375        2.87161203492192                       0
                 4.34375       2.920699420134261                       0
                 4.34375       2.969786805346601                       0
                 4.34375       3.018874190558942                       0
                 4.34375       3.067961575771282                       0
                 4.34375       3.117048960983623                       0

                 4.40625     0.02454369260617026                       0
                 4.40625     0.07363107781851078                       0
                 4.40625      0.1227184630308513                       0
                 4.40625      0.1718058482431918                       0
                 4.40625      0.2208932334555323                       0
                 4.40625      0.2699806186678728                       0
                 4.40625      0.3190680038802134                       0
                 4.40625      0.3681553890925539                       0
                 4.40625      0.4172427743048944                       0
                 4.40625      0.4663301595172349                       0
                 4.40625      0.5154175447295755                       0
                 4.40625      0.5645049299419159                       0
                 4.40625      0.6135923151542565                       0
                 4.40625       0.662679700366597                       0
                 4.40625      0.7117670855789375                       0
                 4.40625       0.760854470791278                       0
                 4.40625      0.8099418560036186                       0
                 4.40625       0.859029241215959                       0
                 4.40625      0.9081166264282996                       0
                 4.40625      0.9572040116406401                       0
                 4.40625       1.006291396852981                       0
                 4.40625       1.055378782065321                       0
                 4.40625       1.104466167277662                       0
                 4.40625       1.153553552490002                       0
                 4.40625       1.202640937702343                       0
                 4.40625       1.251728322914683                       0
                 4.40625       1.300815708127024                       0
                 4.40625       1.349903093339364                       0
                 4.40625       1.398990478551705                       0
                 4.40625       1.448077863764045                       0
                 4.40625       1.497165248976386                       0
                 4.40625       1.546252634188726                       0
                 4.40625       1.595340019401067                       0
                 4.40625       1.644427404613407                       0
                 4.40625       1.693514789825748                       0
                 4.40625       1.742602175038088                       0
                 4.40625       1.791689560250429                       0
                 4.40625       1.840776945462769                       0
                 4.40625        1.88986433067511                       0
                 4.40625       1.938951715887451                       0
                 4.40625       1.988039101099791                       0
                 4.40625       2.037126486312132                       0
                 4.40625       2.086213871524472                       0
                 4.40625       2.135301256736812                       0
                 4.40625       2.184388641949153                       0
                 4.40625       2.233476027161494                       0
                 4.40625       2.282563412373834                       0
                 4.40625       2.331650797586175                       0
                 4.40625       2.380738182798515                       0
                 4.40625       2.429825568010856                       0
                 4.40625       2.478912953223196                       0
                 4.40625       2.528000338435537                       0
                 4.40625       2.577087723647877                       0
                 4.40625       2.626175108860218                       0
                 4.40625       2.675262494072558                       0
                 4.40625       2.724349879284899                       0
                 4.40625       2.773437264497239                       0
                 4.40625        2.82252464970958                       0
                 4.40625        2.87161203492192                       0
                 4.40625       2.920699420134261                       0
                 4.40625       2.969786805346601                       0
                 4.40625       3.018874190558942                       0
                 4.40625       3.067961575771282                       0
                 4.40625       3.117048960983623                       0

                 4.46875     0.02454369260617026                       0
                 4.46875     0.07363107781851078                       0
                 4.46875      0.1227184630308513                       0
                 4.46875      0.1718058482431918                       0
                 4.46875      0.2208932334555323                       0
                 4.46875      0.2699806186678728                       0
                 4.46875      0.3190680038802134                       0
                 4.46875      0.3681553890925539                       0
                 4.46875      0.4172427743048944                       0
                 4.46875      0.4663301595172349                       0
                 4.46875      0.5154175447295755                       0
                 4.46875      0.5645049299419159                       0
                 4.46875      0.6135923151542565                       0
                 4.46875       0.662679700366597                       0
                 4.46875      0.7117670855789375                       0
                 4.46875       0.760854470791278                       0
                 4.46875      0.8099418560036186                       0
                 4.46875       0.859029241215959                       0
                 4.46875      0.9081166264282996                       0
                 4.46875      0.9572040116406401                       0
                 4.46875       1.006291396852981                       0
                 4.46875       1.055378782065321                       0
                 4.46875       1.104466167277662                       0
                 4.46875       1.153553552490002                       0
                 4.46875       1.202640937702343                       0
                 4.46875       1.251728322914683                       0
                 4.46875       1.300815708127024                       0
                 4.46875       1.349903093339364                       0
                 4.46875       1.398990478551705                       0
                 4.46875       1.448077863764045                       0
                 4.46875       1.497165248976386                       0
                 4.46875       1.546252634188726                       0
                 4.46875       1.595340019401067                       0
                 4.46875       1.644427404613407                       0
                 4.46875       1.693514789825748                       0
                 4.46875       1.742602175038088                       0
                 4.46875       1.791689560250429                       0
                 4.46875       1.840776945462769                       0
                 4.46875        1.88986433067511                       0
                 4.46875       1.938951715887451                       0
                 4.46875       1.988039101099791                       0
                 4.46875       2.037126486312132                       0
                 4.46875       2.086213871524472                       0
                 4.46875       2.135301256736812                       0
                 4.46875       2.184388641949153                       0
                 4.46875       2.233476027161494                       0
                 4.46875       2.282563412373834                       0
                 4.46875       2.331650797586175                       0
                 4.46875       2.380738182798515                       0
                 4.46875       2.429825568010856                       0
                 4.46875       2.478912953223196                       0
                 4.46875       2.528000338435537                       0
                 4.46875       2.577087723647877                       0
                 4.46875       2.626175108860218                       0
                 4.46875       2.675262494072558                       0
                 4.46875       2.724349879284899                       0
                 4.46875       2.773437264497239                       0
                 4.46875        2.82252464970958                       0
                 4.46875        2.87161203492192                       0
                 4.46875       2.920699420134261                       0
                 4.46875       2.969786805346601                       0
                 4.46875       3.018874190558942                       0
                 4.46875       3.067961575771282                       0
                 4.46875       3.117048960983623                       0

                 4.53125     0.02454369260617026                       0
                 4.53125     0.07363107781851078                       0
                 4.53125      0.1227184630308513                       0
                 4.53125      0.1718058482431918                       0
                 4.53125      0.2208932334555323                       0
                 4.53125      0.2699806186678728                       0
                 4.53125      0.3190680038802134                       0
                 4.53125      0.3681553890925539                       0
                 4.53125      0.4172427743048944                       0
                 4.53125      0.4663301595172349                       0
                 4.53125      0.5154175447295755                       0
                 4.53125      0.5645049299419159                       0
                 4.53125      0.6135923151542565                       0
                 4.53125       0.662679700366597                       0
                 4.53125      0.7117670855789375                       0
                 4.53125       0.760854470791278                       0
                 4.53125      0.8099418560036186                       0
                 4.53125       0.859029241215959                       0
                 4.53125      0.9081166264282996                       0
                 4.53125      0.9572040116406401                       0
                 4.53125       1.006291396852981                       0
                 4.53125       1.055378782065321                       0
                 4.53125       1.104466167277662                       0
                 4.53125       1.153553552490002                       0
                 4.53125       1.202640937702343                       0
                 4.53125       1.251728322914683                       0
                 4.53125       1.300815708127024                       0
                 4.53125       1.349903093339364                       0
                 4.53125       1.398990478551705                       0
                 4.53125       1.448077863764045                       0
                 4.53125       1.497165248976386                       0
                 4.53125       1.546252634188726                       0
                 4.53125       1.595340019401067                       0
                 4.53125       1.644427404613407                       0
                 4.53125       1.693514789825748                       0
                 4.53125       1.742602175038088                       0
                 4.53125       1.791689560250429                       0
                 4.53125       1.840776945462769                       0
                 4.53125        1.88986433067511                       0
                 4.53125       1.938951715887451                       0
                 4.53125       1.988039101099791                       0
                 4.53125       2.037126486312132                       0
                 4.53125       2.086213871524472                       0
                 4.53125       2.135301256736812                       0
                 4.53125       2.184388641949153                       0
                 4.53125       2.233476027161494                       0
                 4.53125       2.282563412373834                       0
                 4.53125       2.331650797586175                       0
                 4.53125       2.380738182798515                       0
                 4.53125       2.429825568010856                       0
                 4.53125       2.478912953223196                       0
                 4.53125       2.528000338435537                       0
                 4.53125       2.577087723647877                       0
                 4.53125       2.626175108860218                       0
                 4.53125       2.675262494072558                       0
                 4.53125       2.724349879284899                       0
                 4.53125       2.773437264497239                       0
                 4.53125        2.82252464970958                       0
                 4.53125        2.87161203492192                       0
                 4.53125       2.920699420134261                       0
                 4.53125       2.969786805346601                       0
                 4.53125       3.018874190558942                       0
                 4.53125       3.067961575771282                       0
                 4.53125       3.117048960983623                       0

                 4.59375     0.02454369260617026                       0
                 4.59375     0.07363107781851078                       0
                 4.59375      0.1227184630308513                       0
                 4.59375      0.1718058482431918                       0
                 4.59375      0.2208932334555323                       0
                 4.59375      0.2699806186678728                       0
                 4.59375      0.3190680038802134                       0
                 4.59375      0.3681553890925539                       0
                 4.59375      0.4172427743048944                       0
                 4.59375      0.4663301595172349                       0
                 4.59375      0.5154175447295755                       0
                 4.59375      0.5645049299419159                       0
                 4.59375      0.6135923151542565                       0
                 4.59375       0.662679700366597                       0
                 4.59375      0.7117670855789375                       0
                 4.59375       0.760854470791278                       0
                 4.59375      0.8099418560036186                       0
                 4.59375       0.859029241215959                       0
                 4.59375      0.9081166264282996                       0
                 4.59375      0.9572040116406401                       0
                 4.59375       1.006291396852981                       0
                 4.59375       1.055378782065321                       0
                 4.59375       1.104466167277662                       0
                 4.59375       1.153553552490002                       0
                 4.59375       1.202640937702343                       0
                 4.59375       1.251728322914683                       0
                 4.59375       1.300815708127024                       0
                 4.59375       1.349903093339364                       0
                 4.59375       1.398990478551705                       0
                 4.59375       1.448077863764045                       0
                 4.59375       1.497165248976386                       0
                 4.59375       1.546252634188726                       0
                 4.59375       1.595340019401067                       0
                 4.59375       1.644427404613407                       0
                 4.59375       1.693514789825748                       0
                 4.59375       1.742602175038088                       0
                 4.59375       1.791689560250429                       0
                 4.59375       1.840776945462769                       0
                 4.59375        1.88986433067511                       0
                 4.59375       1.938951715887451                       0
                 4.59375       1.988039101099791                       0
                 4.59375       2.037126486312132                       0
                 4.59375       2.086213871524472                       0
                 4.59375       2.135301256736812                       0
                 4.59375       2.184388641949153                       0
                 4.59375       2.233476027161494                       0
                 4.59375       2.282563412373834                       0
                 4.59375       2.331650797586175                       0
                 4.59375       2.380738182798515                       0
                 4.59375       2.429825568010856                       0
                 4.59375       2.478912953223196                       0
                 4.59375       2.528000338435537                       0
                 4.59375       2.577087723647877                       0
                 4.59375       2.626175108860218                       0
                 4.59375       2.675262494072558                       0
                 4.59375       2.724349879284899                       0
                 4.59375       2.773437264497239                       0
                 4.59375        2.82252464970958                       0
                 4.59375        2.87161203492192                       0
                 4.59375       2.920699420134261                       0
                 4.59375       2.969786805346601                       0
                 4.59375       3.018874190558942                       0
                 4.59375       3.067961575771282                       0
                 4.59375       3.117048960983623                       0

                 4.65625     0.02454369260617026                       0
                 4.65625     0.07363107781851078                       0
                 4.65625      0.1227184630308513                       0
                 4.65625      0.1718058482431918                       0
                 4.65625      0.2208932334555323                       0
                 4.65625      0.2699806186678728                       0
                 4.65625      0.3190680038802134                       0
                 4.65625      0.3681553890925539                       0
                 4.65625      0.4172427743048944                       0
                 4.65625      0.4663301595172349                       0
                 4.65625      0.5154175447295755                       0
                 4.65625      0.5645049299419159                       0
                 4.65625      0.6135923151542565                       0
                 4.65625       0.662679700366597                       0
                 4.65625      0.7117670855789375                       0
                 4.65625       0.760854470791278                       0
                 4.65625      0.8099418560036186                       0
                 4.65625       0.859029241215959                       0
                 4.65625      0.9081166264282996                       0
                 4.65625      0.9572040116406401                       0
                 4.65625       1.006291396852981                       0
                 4.65625       1.055378782065321                       0
                 4.65625       1.104466167277662                       0
                 4.65625       1.153553552490002                       0
                 4.65625       1.202640937702343                       0
                 4.65625       1.251728322914683                       0
                 4.65625       1.300815708127024                       0
                 4.65625       1.349903093339364                       0
                 4.65625       1.398990478551705                       0
                 4.65625       1.448077863764045                       0
                 4.65625       1.497165248976386                       0
                 4.65625       1.546252634188726                       0
                 4.65625       1.595340019401067                       0
                 4.65625       1.644427404613407                       0
                 4.65625       1.693514789825748                       0
                 4.65625       1.742602175038088                       0
                 4.65625       1.791689560250429                       0
                 4.65625       1.840776945462769                       0
                 4.65625        1.88986433067511                       0
                 4.65625       1.938951715887451                       0
                 4.65625       1.988039101099791                       0
                 4.65625       2.037126486312132                       0
                 4.65625       2.086213871524472                       0
                 4.65625       2.135301256736812                       0
                 4.65625       2.184388641949153                       0
                 4.65625       2.233476027161494                       0
                 4.65625       2.282563412373834                       0
                 4.65625       2.331650797586175                       0
                 4.65625       2.380738182798515                       0
                 4.65625       2.429825568010856                       0
                 4.65625       2.478912953223196                       0
                 4.65625       2.528000338435537                       0
                 4.65625       2.577087723647877                       0
                 4.65625       2.626175108860218                       0
                 4.65625       2.675262494072558                       0
                 4.65625       2.724349879284899                       0
                 4.65625       2.773437264497239                       0
                 4.65625        2.82252464970958                       0
                 4.65625        2.87161203492192                       0
                 4.65625       2.920699420134261                       0
                 4.65625       2.969786805346601                       0
                 4.65625       3.018874190558942                       0
                 4.65625       3.067961575771282                       0
                 4.65625       3.117048960983623                       0

                 4.71875     0.02454369260617026                       0
                 4.71875     0.07363107781851078                       0
                 4.71875      0.1227184630308513                       0
                 4.71875      0.1718058482431918                       0
                 4.71875      0.2208932334555323                       0
                 4.71875      0.2699806186678728                       0
                 4.71875      0.3190680038802134                       0
                 4.71875      0.3681553890925539                       0
                 4.71875      0.4172427743048944                       0
                 4.71875      0.4663301595172349                       0
                 4.71875      0.5154175447295755                       0
                 4.71875      0.5645049299419159                       0
                 4.71875      0.6135923151542565                       0
                 4.71875       0.662679700366597                       0
                 4.71875      0.7117670855789375                       0
                 4.71875       0.760854470791278                       0
                 4.71875      0.8099418560036186                       0
                 4.71875       0.859029241215959                       0
                 4.71875      0.9081166264282996                       0
                 4.71875      0.9572040116406401                       0
                 4.71875       1.006291396852981                       0
                 4.71875       1.055378782065321                       0
                 4.71875       1.104466167277662                       0
                 4.71875       1.153553552490002                       0
                 4.71875       1.202640937702343                       0
                 4.71875       1.251728322914683                       0
                 4.71875       1.300815708127024                       0
                 4.71875       1.349903093339364                       0
                 4.71875       1.398990478551705                       0
                 4.71875       1.448077863764045                       0
                 4.71875       1.497165248976386                       0
                 4.71875       1.546252634188726                       0
                 4.71875       1.595340019401067                       0
                 4.71875       1.644427404613407                       0
                 4.71875       1.693514789825748                       0
                 4.71875       1.742602175038088                       0
                 4.71875       1.791689560250429                       0
                 4.71875       1.840776945462769                       0
                 4.71875        1.88986433067511                       0
                 4.71875       1.938951715887451                       0
                 4.71875       1.988039101099791                       0
                 4.71875       2.037126486312132                       0
                 4.71875       2.086213871524472                       0
                 4.71875       2.135301256736812                       0
                 4.71875       2.184388641949153                       0
                 4.71875       2.233476027161494                       0
                 4.71875       2.282563412373834                       0
                 4.71875       2.331650797586175                       0
                 4.71875       2.380738182798515                       0
                 4.71875       2.429825568010856                       0
                 4.71875       2.478912953223196                       0
                 4.71875       2.528000338435537                       0
                 4.71875       2.577087723647877                       0
                 4.71875       2.626175108860218                       0
                 4.71875       2.675262494072558                       0
                 4.71875       2.724349879284899                       0
                 4.71875       2.773437264497239                       0
                 4.71875        2.82252464970958                       0
                 4.71875        2.87161203492192                       0
                 4.71875       2.920699420134261                       0
                 4.71875       2.969786805346601                       0
                 4.71875       3.018874190558942                       0
                 4.71875       3.067961575771282                       0
                 4.71875       3.117048960983623                       0

                 4.78125     0.02454369260617026                       0
                 4.78125     0.07363107781851078                       0
                 4.78125      0.1227184630308513                       0
                 4.78125      0.1718058482431918                       0
                 4.78125      0.2208932334555323                       0
                 4.78125      0.2699806186678728                       0
                 4.78125      0.3190680038802134                       0
                 4.78125      0.3681553890925539                       0
                 4.78125      0.4172427743048944                       0
                 4.78125      0.4663301595172349                       0
                 4.78125      0.5154175447295755                       0
                 4.78125      0.5645049299419159                       0
                 4.78125      0.6135923151542565                       0
                 4.78125       0.662679700366597                       0
                 4.78125      0.7117670855789375                       0
                 4.78125       0.760854470791278                       0
                 4.78125      0.8099418560036186                       0
                 4.78125       0.859029241215959                       0
                 4.78125      0.9081166264282996                       0
                 4.78125      0.9572040116406401                       0
                 4.78125       1.006291396852981                       0
                 4.78125       1.055378782065321                       0
                 4.78125       1.104466167277662                       0
                 4.78125       1.153553552490002                       0
                 4.78125       1.202640937702343                       0
                 4.78125       1.251728322914683                       0
                 4.78125       1.300815708127024                       0
                 4.78125       1.349903093339364                       0
                 4.78125       1.398990478551705                       0
                 4.78125       1.448077863764045                       0
                 4.78125       1.497165248976386                       0
                 4.78125       1.546252634188726                       0
                 4.78125       1.595340019401067                       0
                 4.78125       1.644427404613407                       0
                 4.78125       1.693514789825748                       0
                 4.78125       1.742602175038088                       0
                 4.78125       1.791689560250429                       0
                 4.78125       1.840776945462769                       0
                 4.78125        1.88986433067511                       0
                 4.78125       1.938951715887451                       0
                 4.78125       1.988039101099791                       0
                 4.78125       2.037126486312132                       0
                 4.78125       2.086213871524472                       0
                 4.78125       2.135301256736812                       0
                 4.78125       2.184388641949153                       0
                 4.78125       2.233476027161494                       0
                 4.78125       2.282563412373834                       0
                 4.78125       2.331650797586175                       0
                 4.78125       2.380738182798515                       0
                 4.78125       2.429825568010856                       0
                 4.78125       2.478912953223196                       0
                 4.78125       2.528000338435537                       0
                 4.78125       2.577087723647877                       0
                 4.78125       2.626175108860218                       0
                 4.78125       2.675262494072558                       0
                 4.78125       2.724349879284899                       0
                 4.78125       2.773437264497239                       0
                 4.78125        2.82252464970958                       0
                 4.78125        2.87161203492192                       0
                 4.78125       2.920699420134261                       0
                 4.78125       2.969786805346601                       0
                 4.78125       3.018874190558942                       0
                 4.78125       3.067961575771282                       0
                 4.78125       3.117048960983623                       0

                 4.84375     0.02454369260617026                       0
                 4.84375     0.07363107781851078                       0
                 4.84375      0.1227184630308513                       0
                 4.84375      0.1718058482431918                       0
                 4.84375      0.2208932334555323                       0
                 4.84375      0.2699806186678728                       0
                 4.84375      0.3190680038802134                       0
                 4.84375      0.3681553890925539                       0
                 4.84375      0.4172427743048944                       0
                 4.84375      0.4663301595172349                       0
                 4.84375      0.5154175447295755                       0
                 4.84375      0.5645049299419159                       0
                 4.84375      0.6135923151542565                       0
                 4.84375       0.662679700366597                       0
                 4.84375      0.7117670855789375                       0
                 4.84375       0.760854470791278                       0
                 4.84375      0.8099418560036186                       0
                 4.84375       0.859029241215959                       0
                 4.84375      0.9081166264282996                       0
                 4.84375      0.9572040116406401                       0
                 4.84375       1.006291396852981                       0
                 4.84375       1.055378782065321                       0
                 4.84375       1.104466167277662                       0
                 4.84375       1.153553552490002                       0
                 4.84375       1.202640937702343                       0
                 4.84375       1.251728322914683                       0
                 4.84375       1.300815708127024                       0
                 4.84375       1.349903093339364                       0
                 4.84375       1.398990478551705                       0
                 4.84375       1.448077863764045                       0
                 4.84375       1.497165248976386                       0
                 4.84375       1.546252634188726                       0
                 4.84375       1.595340019401067                       0
                 4.84375       1.644427404613407                       0
                 4.84375       1.693514789825748                       0
                 4.84375       1.742602175038088                       0
                 4.84375       1.791689560250429                       0
                 4.84375       1.840776945462769                       0
                 4.84375        1.88986433067511                       0
                 4.84375       1.938951715887451                       0
                 4.84375       1.988039101099791                       0
                 4.84375       2.037126486312132                       0
                 4.84375       2.086213871524472                       0
                 4.84375       2.135301256736812                       0
                 4.84375       2.184388641949153                       0
                 4.84375       2.233476027161494                       0
                 4.84375       2.282563412373834                       0
                 4.84375       2.331650797586175                       0
                 4.84375       2.380738182798515                       0
                 4.84375       2.429825568010856                       0
                 4.84375       2.478912953223196                       0
                 4.84375       2.528000338435537                       0
                 4.84375       2.577087723647877                       0
                 4.84375       2.626175108860218                       0
                 4.84375       2.675262494072558                       0
                 4.84375       2.724349879284899                       0
                 4.84375       2.773437264497239                       0
                 4.84375        2.82252464970958                       0
                 4.84375        2.87161203492192                       0
                 4.84375       2.920699420134261                       0
                 4.84375       2.969786805346601                       0
                 4.84375       3.018874190558942                       0
                 4.84375       3.067961575771282                       0
                 4.84375       3.117048960983623                       0

                 4.90625     0.02454369260617026                       0
                 4.90625     0.07363107781851078                       0
                 4.90625      0.1227184630308513                       0
                 4.90625      0.1718058482431918                       0
                 4.90625      0.2208932334555323                       0
                 4.90625      0.2699806186678728                       0
                 4.90625      0.3190680038802134                       0
                 4.90625      0.3681553890925539                       0
                 4.90625      0.4172427743048944                       0
                 4.90625      0.4663301595172349                       0
                 4.90625      0.5154175447295755                       0
                 4.90625      0.5645049299419159                       0
                 4.90625      0.6135923151542565                       0
                 4.90625       0.662679700366597                       0
                 4.90625      0.7117670855789375                       0
                 4.90625       0.760854470791278                       0
                 4.90625      0.8099418560036186                       0
                 4.90625       0.859029241215959                       0
                 4.90625      0.9081166264282996                       0
                 4.90625      0.9572040116406401                       0
                 4.90625       1.006291396852981                       0
                 4.90625       1.055378782065321                       0
                 4.90625       1.104466167277662                       0
                 4.90625       1.153553552490002                       0
                 4.90625       1.202640937702343                       0
                 4.90625       1.251728322914683                       0
                 4.90625       1.300815708127024                       0
                 4.90625       1.349903093339364                       0
                 4.90625       1.398990478551705                       0
                 4.90625       1.448077863764045                       0
                 4.90625       1.497165248976386                       0
                 4.90625       1.546252634188726                       0
                 4.90625       1.595340019401067                       0
                 4.90625       1.644427404613407                       0
                 4.90625       1.693514789825748                       0
                 4.90625       1.742602175038088                       0
                 4.90625       1.791689560250429                       0
                 4.90625       1.840776945462769                       0
                 4.90625        1.88986433067511                       0
                 4.90625       1.938951715887451                       0
                 4.90625       1.988039101099791                       0
                 4.90625       2.037126486312132                       0
                 4.90625       2.086213871524472                       0
                 4.90625       2.135301256736812                       0
                 4.90625       2.184388641949153                       0
                 4.90625       2.233476027161494                       0
                 4.90625       2.282563412373834                       0
                 4.90625       2.331650797586175                       0
                 4.90625       2.380738182798515                       0
                 4.90625       2.429825568010856                       0
                 4.90625       2.478912953223196                       0
                 4.90625       2.528000338435537                       0
                 4.90625       2.577087723647877                       0
                 4.90625       2.626175108860218                       0
                 4.90625       2.675262494072558                       0
                 4.90625       2.724349879284899                       0
                 4.90625       2.773437264497239                       0
                 4.90625        2.82252464970958                       0
                 4.90625        2.87161203492192                       0
                 4.90625       2.920699420134261                       0
                 4.90625       2.969786805346601                       0
                 4.90625       3.018874190558942                       0
                 4.90625       3.067961575771282                       0
                 4.90625       3.117048960983623                       0

                 4.96875     0.02454369260617026                       0
                 4.96875     0.07363107781851078                       0
                 4.96875      0.1227184630308513                       0
                 4.96875      0.1718058482431918                       0
                 4.96875      0.2208932334555323                       0
                 4.96875      0.2699806186678728                       0
                 4.96875      0.3190680038802134                       0
                 4.96875      0.3681553890925539                       0
                 4.96875      0.4172427743048944                       0
                 4.96875      0.4663301595172349                       0
                 4.96875      0.5154175447295755                       0
                 4.96875      0.5645049299419159                       0
                 4.96875      0.6135923151542565                       0
                 4.96875       0.662679700366597                       0
                 4.96875      0.7117670855789375                       0
                 4.96875       0.760854470791278                       0
                 4.96875      0.8099418560036186                       0
                 4.96875       0.859029241215959                       0
                 4.96875      0.9081166264282996                       0
                 4.96875      0.9572040116406401                       0
                 4.96875       1.006291396852981                       0
                 4.96875       1.055378782065321                       0
                 4.96875       1.104466167277662                       0
                 4.96875       1.153553552490002                       0
                 4.96875       1.202640937702343                       0
                 4.96875       1.251728322914683                       0
                 4.96875       1.300815708127024                       0
                 4.96875       1.349903093339364                       0
                 4.96875       1.398990478551705                       0
                 4.96875       1.448077863764045                       0
                 4.96875       1.497165248976386                       0
                 4.96875       1.546252634188726                       0
                 4.96875       1.595340019401067                       0
                 4.96875       1.644427404613407                       0
                 4.96875       1.693514789825748                       0
                 4.96875       1.742602175038088                       0
                 4.96875       1.791689560250429                       0
                 4.96875       1.840776945462769                       0
                 4.96875        1.88986433067511                       0
                 4.96875       1.938951715887451                       0
                 4.96875       1.988039101099791                       0
                 4.96875       2.037126486312132                       0
                 4.96875       2.086213871524472                       0
                 4.96875       2.135301256736812                       0
                 4.96875       2.184388641949153                       0
                 4.96875       2.233476027161494                       0
                 4.96875       2.282563412373834                       0
                 4.96875       2.331650797586175                       0
                 4.96875       2.380738182798515                       0
                 4.96875       2.429825568010856                       0
                 4.96875       2.478912953223196                       0
                 4.96875       2.528000338435537                       0
                 4.96875       2.577087723647877                       0
                 4.96875       2.626175108860218                       0
                 4.96875       2.675262494072558                       0
                 4.96875       2.724349879284899                       0
                 4.96875       2.773437264497239                       0
                 4.96875        2.82252464970958                       0
                 4.96875        2.87161203492192                       0
                 4.96875       2.920699420134261                       0
                 4.96875       2.969786805346601                       0
                 4.96875       3.018874190558942                       0
                 4.96875       3.067961575771282                       0
                 4.96875       3.117048960983623                       0

                 5.03125     0.02454369260617026                       0
                 5.03125     0.07363107781851078                       0
                 5.03125      0.1227184630308513                       0
                 5.03125      0.1718058482431918                       0
                 5.03125      0.2208932334555323                       0
                 5.03125      0.2699806186678728                       0
                 5.03125      0.3190680038802134                       0
                 5.03125      0.3681553890925539                       0
                 5.03125      0.4172427743048944                       0
                 5.03125      0.4663301595172349                       0
                 5.03125      0.5154175447295755                       0
                 5.03125      0.5645049299419159                       0
                 5.03125      0.6135923151542565                       0
                 5.03125       0.662679700366597                       0
                 5.03125      0.7117670855789375                       0
                 5.03125       0.760854470791278                       0
                 5.03125      0.8099418560036186                       0
                 5.03125       0.859029241215959                       0
                 5.03125      0.9081166264282996                       0
                 5.03125      0.9572040116406401                       0
                 5.03125       1.006291396852981                       0
                 5.03125       1.055378782065321                       0
                 5.03125       1.104466167277662                       0
                 5.03125       1.153553552490002                       0
                 5.03125       1.202640937702343                       0
                 5.03125       1.251728322914683                       0
                 5.03125       1.300815708127024                       0
                 5.03125       1.349903093339364                       0
                 5.03125       1.398990478551705                       0
                 5.03125       1.448077863764045                       0
                 5.03125       1.497165248976386                       0
                 5.03125       1.546252634188726                       0
                 5.03125       1.595340019401067                       0
                 5.03125       1.644427404613407                       0
                 5.03125       1.693514789825748                       0
                 5.03125       1.742602175038088                       0
                 5.03125       1.791689560250429                       0
                 5.03125       1.840776945462769                       0
                 5.03125        1.88986433067511                       0
                 5.03125       1.938951715887451                       0
                 5.03125       1.988039101099791                       0
                 5.03125       2.037126486312132                       0
                 5.03125       2.086213871524472                       0
                 5.03125       2.135301256736812                       0
                 5.03125       2.184388641949153                       0
                 5.03125       2.233476027161494                       0
                 5.03125       2.282563412373834                       0
                 5.03125       2.331650797586175                       0
                 5.03125       2.380738182798515                       0
                 5.03125       2.429825568010856                       0
                 5.03125       2.478912953223196                       0
                 5.03125       2.528000338435537                       0
                 5.03125       2.577087723647877                       0
                 5.03125       2.626175108860218                       0
                 5.03125       2.675262494072558                       0
                 5.03125       2.724349879284899                       0
                 5.03125       2.773437264497239                       0
                 5.03125        2.82252464970958                       0
                 5.03125        2.87161203492192                       0
                 5.03125       2.920699420134261                       0
                 5.03125       2.969786805346601                       0
                 5.03125       3.018874190558942                       0
                 5.03125       3.067961575771282                       0
                 5.03125       3.117048960983623                       0

                 5.09375     0.02454369260617026                       0
                 5.09375     0.07363107781851078                       0
                 5.09375      0.1227184630308513                       0
                 5.09375      0.1718058482431918                       0
                 5.09375      0.2208932334555323                       0
                 5.09375      0.2699806186678728                       0
                 5.09375      0.3190680038802134                       0
                 5.09375      0.3681553890925539                       0
                 5.09375      0.4172427743048944                       0
                 5.09375      0.4663301595172349                       0
                 5.09375      0.5154175447295755                       0
                 5.09375      0.5645049299419159                       0
                 5.09375      0.6135923151542565                       0
                 5.09375       0.662679700366597                       0
                 5.09375      0.7117670855789375                       0
                 5.09375       0.760854470791278                       0
                 5.09375      0.8099418560036186                       0
                 5.09375       0.859029241215959                       0
                 5.09375      0.9081166264282996                       0
                 5.09375      0.9572040116406401                       0
                 5.09375       1.006291396852981                       0
                 5.09375       1.055378782065321                       0
                 5.09375       1.104466167277662                       0
                 5.09375       1.153553552490002                       0
                 5.09375       1.202640937702343                       0
                 5.09375       1.251728322914683                       0
                 5.09375       1.300815708127024                       0
                 5.09375       1.349903093339364                       0
                 5.09375       1.398990478551705                       0
                 5.09375       1.448077863764045                       0
                 5.09375       1.497165248976386                       0
                 5.09375       1.546252634188726                       0
                 5.09375       1.595340019401067                       0
                 5.09375       1.644427404613407                       0
                 5.09375       1.693514789825748                       0
                 5.09375       1.742602175038088                       0
                 5.09375       1.791689560250429                       0
                 5.09375       1.840776945462769                       0
                 5.09375        1.88986433067511                       0
                 5.09375       1.938951715887451                       0
                 5.09375       1.988039101099791                       0
                 5.09375       2.037126486312132                       0
                 5.09375       2.086213871524472                       0
                 5.09375       2.135301256736812                       0
                 5.09375       2.184388641949153                       0
                 5.09375       2.233476027161494                       0
                 5.09375       2.282563412373834                       0
                 5.09375       2.331650797586175                       0
                 5.09375       2.380738182798515                       0
                 5.09375       2.429825568010856                       0
                 5.09375       2.478912953223196                       0
                 5.09375       2.528000338435537                       0
                 5.09375       2.577087723647877                       0
                 5.09375       2.626175108860218                       0
                 5.09375       2.675262494072558                       0
                 5.09375       2.724349879284899                       0
                 5.09375       2.773437264497239                       0
                 5.09375        2.82252464970958                       0
                 5.09375        2.87161203492192                       0
                 5.09375       2.920699420134261                       0
                 5.09375       2.969786805346601                       0
                 5.09375       3.018874190558942                       0
                 5.09375       3.067961575771282                       0
                 5.09375       3.117048960983623                       0

                 5.15625     0.02454369260617026                       0
                 5.15625     0.07363107781851078                       0
                 5.15625      0.1227184630308513                       0
                 5.15625      0.1718058482431918                       0
                 5.15625      0.2208932334555323                       0
                 5.15625      0.2699806186678728                       0
                 5.15625      0.3190680038802134                       0
                 5.15625      0.3681553890925539                       0
                 5.15625      0.4172427743048944                       0
                 5.15625      0.4663301595172349                       0
                 5.15625      0.5154175447295755                       0
                 5.15625      0.5645049299419159                       0
                 5.15625      0.6135923151542565                       0
                 5.15625       0.662679700366597                       0
                 5.15625      0.7117670855789375                       0
                 5.15625       0.760854470791278                       0
                 5.15625      0.8099418560036186                       0
                 5.15625       0.859029241215959                       0
                 5.15625      0.9081166264282996                       0
                 5.15625      0.9572040116406401                       0
                 5.15625       1.006291396852981                       0
                 5.15625       1.055378782065321                       0
                 5.15625       1.104466167277662                       0
                 5.15625       1.153553552490002                       0
                 5.15625       1.202640937702343                       0
                 5.15625       1.251728322914683                       0
                 5.15625       1.300815708127024                       0
                 5.15625       1.349903093339364                       0
                 5.15625       1.398990478551705                       0
                 5.15625       1.448077863764045                       0
                 5.15625       1.497165248976386                       0
                 5.15625       1.546252634188726                       0
                 5.15625       1.595340019401067                       0
                 5.15625       1.644427404613407                       0
                 5.15625       1.693514789825748                       0
                 5.15625       1.742602175038088                       0
                 5.15625       1.791689560250429                       0
                 5.15625       1.840776945462769                       0
                 5.15625        1.88986433067511                       0
                 5.15625       1.938951715887451                       0
                 5.15625       1.988039101099791                       0
                 5.15625       2.037126486312132                       0
                 5.15625       2.086213871524472                       0
                 5.15625       2.135301256736812                       0
                 5.15625       2.184388641949153                       0
                 5.15625       2.233476027161494                       0
                 5.15625       2.282563412373834                       0
                 5.15625       2.331650797586175                       0
                 5.15625       2.380738182798515                       0
                 5.15625       2.429825568010856                       0
                 5.15625       2.478912953223196                       0
                 5.15625       2.528000338435537                       0
                 5.15625       2.577087723647877                       0
                 5.15625       2.626175108860218                       0
                 5.15625       2.675262494072558                       0
                 5.15625       2.724349879284899                       0
                 5.15625       2.773437264497239                       0
                 5.15625        2.82252464970958                       0
                 5.15625        2.87161203492192                       0
                 5.15625       2.920699420134261                       0
                 5.15625       2.969786805346601                       0
                 5.15625       3.018874190558942                       0
                 5.15625       3.067961575771282                       0
                 5.15625       3.117048960983623                       0

                 5.21875     0.02454369260617026                       0
                 5.21875     0.07363107781851078                       0
                 5.21875      0.1227184630308513                       0
                 5.21875      0.1718058482431918                       0
                 5.21875      0.2208932334555323                       0
                 5.21875      0.2699806186678728                       0
                 5.21875      0.3190680038802134                       0
                 5.21875      0.3681553890925539                       0
                 5.21875      0.4172427743048944                       0
                 5.21875      0.4663301595172349                       0
                 5.21875      0.5154175447295755                       0
                 5.21875      0.5645049299419159                       0
                 5.21875      0.6135923151542565                       0
                 5.21875       0.662679700366597                       0
                 5.21875      0.7117670855789375                       0
                 5.21875       0.760854470791278                       0
                 5.21875      0.8099418560036186                       0
                 5.21875       0.859029241215959                       0
                 5.21875      0.9081166264282996                       0
                 5.21875      0.9572040116406401                       0
                 5.21875       1.006291396852981                       0
                 5.21875       1.055378782065321                       0
                 5.21875       1.104466167277662                       0
                 5.21875       1.153553552490002                       0
                 5.21875       1.202640937702343                       0
                 5.21875       1.251728322914683                       0
                 5.21875       1.300815708127024                       0
                 5.21875       1.349903093339364                       0
                 5.21875       1.398990478551705                       0
                 5.21875       1.448077863764045                       0
                 5.21875       1.497165248976386                       0
                 5.21875       1.546252634188726                       0
                 5.21875       1.595340019401067                       0
                 5.21875       1.644427404613407                       0
                 5.21875       1.693514789825748                       0
                 5.21875       1.742602175038088                       0
                 5.21875       1.791689560250429                       0
                 5.21875       1.840776945462769                       0
                 5.21875        1.88986433067511                       0
                 5.21875       1.938951715887451                       0
                 5.21875       1.988039101099791                       0
                 5.21875       2.037126486312132                       0
                 5.21875       2.086213871524472                       0
                 5.21875       2.135301256736812                       0
                 5.21875       2.184388641949153                       0
                 5.21875       2.233476027161494                       0
                 5.21875       2.282563412373834                       0
                 5.21875       2.331650797586175                       0
                 5.21875       2.380738182798515                       0
                 5.21875       2.429825568010856                       0
                 5.21875       2.478912953223196                       0
                 5.21875       2.528000338435537                       0
                 5.21875       2.577087723647877                       0
                 5.21875       2.626175108860218                       0
                 5.21875       2.675262494072558                       0
                 5.21875       2.724349879284899                       0
                 5.21875       2.773437264497239                       0
                 5.21875        2.82252464970958                       0
                 5.21875        2.87161203492192                       0
                 5.21875       2.920699420134261                       0
                 5.21875       2.969786805346601                       0
                 5.21875       3.018874190558942                       0
                 5.21875       3.067961575771282                       0
                 5.21875       3.117048960983623                       0

                 5.28125     0.02454369260617026                       0
                 5.28125     0.07363107781851078                       0
                 5.28125      0.1227184630308513                       0
                 5.28125      0.1718058482431918                       0
                 5.28125      0.2208932334555323                       0
                 5.28125      0.2699806186678728                       0
                 5.28125      0.3190680038802134                       0
                 5.28125      0.3681553890925539                       0
                 5.28125      0.4172427743048944                       0
                 5.28125      0.4663301595172349                       0
                 5.28125      0.5154175447295755                       0
                 5.28125      0.5645049299419159                       0
                 5.28125      0.6135923151542565                       0
                 5.28125       0.662679700366597                       0
                 5.28125      0.7117670855789375                       0
                 5.28125       0.760854470791278                       0
                 5.28125      0.8099418560036186                       0
                 5.28125       0.859029241215959                       0
                 5.28125      0.9081166264282996                       0
                 5.28125      0.9572040116406401                       0
                 5.28125       1.006291396852981                       0
                 5.28125       1.055378782065321                       0
                 5.28125       1.104466167277662                       0
                 5.28125       1.153553552490002                       0
                 5.28125       1.202640937702343                       0
                 5.28125       1.251728322914683                       0
                 5.28125       1.300815708127024                       0
                 5.28125       1.349903093339364                       0
                 5.28125       1.398990478551705                       0
                 5.28125       1.448077863764045                       0
                 5.28125       1.497165248976386                       0
                 5.28125       1.546252634188726                       0
                 5.28125       1.595340019401067                       0
                 5.28125       1.644427404613407                       0
                 5.28125       1.693514789825748                       0
                 5.28125       1.742602175038088                       0
                 5.28125       1.791689560250429                       0
                 5.28125       1.840776945462769                       0
                 5.28125        1.88986433067511                       0
                 5.28125       1.938951715887451                       0
                 5.28125       1.988039101099791                       0
                 5.28125       2.037126486312132                       0
                 5.28125       2.086213871524472                       0
                 5.28125       2.135301256736812                       0
                 5.28125       2.184388641949153                       0
                 5.28125       2.233476027161494                       0
                 5.28125       2.282563412373834                       0
                 5.28125       2.331650797586175                       0
                 5.28125       2.380738182798515                       0
                 5.28125       2.429825568010856                       0
                 5.28125       2.478912953223196                       0
                 5.28125       2.528000338435537                       0
                 5.28125       2.577087723647877                       0
                 5.28125       2.626175108860218                       0
                 5.28125       2.675262494072558                       0
                 5.28125       2.724349879284899                       0
                 5.28125       2.773437264497239                       0
                 5.28125        2.82252464970958                       0
                 5.28125        2.87161203492192                       0
                 5.28125       2.920699420134261                       0
                 5.28125       2.969786805346601                       0
                 5.28125       3.018874190558942                       0
                 5.28125       3.067961575771282                       0
                 5.28125       3.117048960983623                       0

                 5.34375     0.02454369260617026                       0
                 5.34375     0.07363107781851078                       0
                 5.34375      0.1227184630308513                       0
                 5.34375      0.1718058482431918                       0
                 5.34375      0.2208932334555323                       0
                 5.34375      0.2699806186678728                       0
                 5.34375      0.3190680038802134                       0
                 5.34375      0.3681553890925539                       0
                 5.34375      0.4172427743048944                       0
                 5.34375      0.4663301595172349                       0
                 5.34375      0.5154175447295755                       0
                 5.34375      0.5645049299419159                       0
                 5.34375      0.6135923151542565                       0
                 5.34375       0.662679700366597                       0
                 5.34375      0.7117670855789375                       0
                 5.34375       0.760854470791278                       0
                 5.34375      0.8099418560036186                       0
                 5.34375       0.859029241215959                       0
                 5.34375      0.9081166264282996                       0
                 5.34375      0.9572040116406401                       0
                 5.34375       1.006291396852981                       0
                 5.34375       1.055378782065321                       0
                 5.34375       1.104466167277662                       0
                 5.34375       1.153553552490002                       0
                 5.34375       1.202640937702343                       0
                 5.34375       1.251728322914683                       0
                 5.34375       1.300815708127024                       0
                 5.34375       1.349903093339364                       0
                 5.34375       1.398990478551705                       0
                 5.34375       1.448077863764045                       0
                 5.34375       1.497165248976386                       0
                 5.34375       1.546252634188726                       0
                 5.34375       1.595340019401067                       0
                 5.34375       1.644427404613407                       0
                 5.34375       1.693514789825748                       0
                 5.34375       1.742602175038088                       0
                 5.34375       1.791689560250429                       0
                 5.34375       1.840776945462769                       0
                 5.34375        1.88986433067511                       0
                 5.34375       1.938951715887451                       0
                 5.34375       1.988039101099791                       0
                 5.34375       2.037126486312132                       0
                 5.34375       2.086213871524472                       0
                 5.34375       2.135301256736812                       0
                 5.34375       2.184388641949153                       0
                 5.34375       2.233476027161494                       0
                 5.34375       2.282563412373834                       0
                 5.34375       2.331650797586175                       0
                 5.34375       2.380738182798515                       0
                 5.34375       2.429825568010856                       0
                 5.34375       2.478912953223196                       0
                 5.34375       2.528000338435537                       0
                 5.34375       2.577087723647877                       0
                 5.34375       2.626175108860218                       0
                 5.34375       2.675262494072558                       0
                 5.34375       2.724349879284899                       0
                 5.34375       2.773437264497239                       0
                 5.34375        2.82252464970958                       0
                 5.34375        2.87161203492192                       0
                 5.34375       2.920699420134261                       0
                 5.34375       2.969786805346601                       0
                 5.34375       3.018874190558942                       0
                 5.34375       3.067961575771282                       0
                 5.34375       3.117048960983623                       0

                 5.40625     0.02454369260617026                       0
                 5.40625     0.07363107781851078                       0
                 5.40625      0.1227184630308513                       0
                 5.40625      0.1718058482431918                       0
                 5.40625      0.2208932334555323                       0
                 5.40625      0.2699806186678728                       0
                 5.40625      0.3190680038802134                       0
                 5.40625      0.3681553890925539                       0
                 5.40625      0.4172427743048944                       0
                 5.40625      0.4663301595172349                       0
                 5.40625      0.5154175447295755                       0
                 5.40625      0.5645049299419159                       0
                 5.40625      0.6135923151542565                       0
                 5.40625       0.662679700366597                       0
                 5.40625      0.7117670855789375                       0
                 5.40625       0.760854470791278                       0
                 5.40625      0.8099418560036186                       0
                 5.40625       0.859029241215959                       0
                 5.40625      0.9081166264282996                       0
                 5.40625      0.9572040116406401                       0
                 5.40625       1.006291396852981                       0
                 5.40625       1.055378782065321                       0
                 5.40625       1.104466167277662                       0
                 5.40625       1.153553552490002                       0
                 5.40625       1.202640937702343                       0
                 5.40625       1.251728322914683                       0
                 5.40625       1.300815708127024                       0
                 5.40625       1.349903093339364                       0
                 5.40625       1.398990478551705                       0
                 5.40625       1.448077863764045                       0
                 5.40625       1.497165248976386                       0
                 5.40625       1.546252634188726                       0
                 5.40625       1.595340019401067                       0
                 5.40625       1.644427404613407                       0
                 5.40625       1.693514789825748                       0
                 5.40625       1.742602175038088                       0
                 5.40625       1.791689560250429                       0
                 5.40625       1.840776945462769                       0
                 5.40625        1.88986433067511                       0
                 5.40625       1.938951715887451                       0
                 5.40625       1.988039101099791                       0
                 5.40625       2.037126486312132                       0
                 5.40625       2.086213871524472                       0
                 5.40625       2.135301256736812                       0
                 5.40625       2.184388641949153                       0
                 5.40625       2.233476027161494                       0
                 5.40625       2.282563412373834                       0
                 5.40625       2.331650797586175                       0
                 5.40625       2.380738182798515                       0
                 5.40625       2.429825568010856                       0
                 5.40625       2.478912953223196                       0
                 5.40625       2.528000338435537                       0
                 5.40625       2.577087723647877                       0
                 5.40625       2.626175108860218                       0
                 5.40625       2.675262494072558                       0
                 5.40625       2.724349879284899                       0
                 5.40625       2.773437264497239                       0
                 5.40625        2.82252464970958                       0
                 5.40625        2.87161203492192                       0
                 5.40625       2.920699420134261                       0
                 5.40625       2.969786805346601                       0
                 5.40625       3.018874190558942                       0
                 5.40625       3.067961575771282                       0
                 5.40625       3.117048960983623                       0

                 5.46875     0.02454369260617026                       0
                 5.46875     0.07363107781851078                       0
                 5.46875      0.1227184630308513                       0
                 5.46875      0.1718058482431918                       0
                 5.46875      0.2208932334555323                       0
                 5.46875      0.2699806186678728                       0
                 5.46875      0.3190680038802134                       0
                 5.46875      0.3681553890925539                       0
                 5.46875      0.4172427743048944                       0
                 5.46875      0.4663301595172349                       0
                 5.46875      0.5154175447295755                       0
                 5.46875      0.5645049299419159                       0
                 5.46875      0.6135923151542565                       0
                 5.46875       0.662679700366597                       0
                 5.46875      0.7117670855789375                       0
                 5.46875       0.760854470791278                       0
                 5.46875      0.8099418560036186                       0
                 5.46875       0.859029241215959                       0
                 5.46875      0.9081166264282996                       0
                 5.46875      0.9572040116406401                       0
                 5.46875       1.006291396852981                       0
                 5.46875       1.055378782065321                       0
                 5.46875       1.104466167277662                       0
                 5.46875       1.153553552490002                       0
                 5.46875       1.202640937702343                       0
                 5.46875       1.251728322914683                       0
                 5.46875       1.300815708127024                       0
                 5.46875       1.349903093339364                       0
                 5.46875       1.398990478551705                       0
                 5.46875       1.448077863764045                       0
                 5.46875       1.497165248976386                       0
                 5.46875       1.546252634188726                       0
                 5.46875       1.595340019401067                       0
                 5.46875       1.644427404613407                       0
                 5.46875       1.693514789825748                       0
                 5.46875       1.742602175038088                       0
                 5.46875       1.791689560250429                       0
                 5.46875       1.840776945462769                       0
                 5.46875        1.88986433067511                       0
                 5.46875       1.938951715887451                       0
                 5.46875       1.988039101099791                       0
                 5.46875       2.037126486312132                       0
                 5.46875       2.086213871524472                       0
                 5.46875       2.135301256736812                       0
                 5.46875       2.184388641949153                       0
                 5.46875       2.233476027161494                       0
                 5.46875       2.282563412373834                       0
                 5.46875       2.331650797586175                       0
                 5.46875       2.380738182798515                       0
                 5.46875       2.429825568010856                       0
                 5.46875       2.478912953223196                       0
                 5.46875       2.528000338435537                       0
                 5.46875       2.577087723647877                       0
                 5.46875       2.626175108860218                       0
                 5.46875       2.675262494072558                       0
                 5.46875       2.724349879284899                       0
                 5.46875       2.773437264497239                       0
                 5.46875        2.82252464970958                       0
                 5.46875        2.87161203492192                       0
                 5.46875       2.920699420134261                       0
                 5.46875       2.969786805346601                       0
                 5.46875       3.018874190558942                       0
                 5.46875       3.067961575771282                       0
                 5.46875       3.117048960983623                       0

                 5.53125     0.02454369260617026                       0
                 5.53125     0.07363107781851078                       0
                 5.53125      0.1227184630308513                       0
                 5.53125      0.1718058482431918                       0
                 5.53125      0.2208932334555323                       0
                 5.53125      0.2699806186678728                       0
                 5.53125      0.3190680038802134                       0
                 5.53125      0.3681553890925539                       0
                 5.53125      0.4172427743048944                       0
                 5.53125      0.4663301595172349                       0
                 5.53125      0.5154175447295755                       0
                 5.53125      0.5645049299419159                       0
                 5.53125      0.6135923151542565                       0
                 5.53125       0.662679700366597                       0
                 5.53125      0.7117670855789375                       0
                 5.53125       0.760854470791278                       0
                 5.53125      0.8099418560036186                       0
                 5.53125       0.859029241215959                       0
                 5.53125      0.9081166264282996                       0
                 5.53125      0.9572040116406401                       0
                 5.53125       1.006291396852981                       0
                 5.53125       1.055378782065321                       0
                 5.53125       1.104466167277662                       0
                 5.53125       1.153553552490002                       0
                 5.53125       1.202640937702343                       0
                 5.53125       1.251728322914683                       0
                 5.53125       1.300815708127024                       0
                 5.53125       1.349903093339364                       0
                 5.53125       1.398990478551705                       0
                 5.53125       1.448077863764045                       0
                 5.53125       1.497165248976386                       0
                 5.53125       1.546252634188726                       0
                 5.53125       1.595340019401067                       0
                 5.53125       1.644427404613407                       0
                 5.53125       1.693514789825748                       0
                 5.53125       1.742602175038088                       0
                 5.53125       1.791689560250429                       0
                 5.53125       1.840776945462769                       0
                 5.53125        1.88986433067511                       0
                 5.53125       1.938951715887451                       0
                 5.53125       1.988039101099791                       0
                 5.53125       2.037126486312132                       0
                 5.53125       2.086213871524472                       0
                 5.53125       2.135301256736812                       0
                 5.53125       2.184388641949153                       0
                 5.53125       2.233476027161494                       0
                 5.53125       2.282563412373834                       0
                 5.53125       2.331650797586175                       0
                 5.53125       2.380738182798515                       0
                 5.53125       2.429825568010856                       0
                 5.53125       2.478912953223196                       0
                 5.53125       2.528000338435537                       0
                 5.53125       2.577087723647877                       0
                 5.53125       2.626175108860218                       0
                 5.53125       2.675262494072558                       0
                 5.53125       2.724349879284899                       0
                 5.53125       2.773437264497239                       0
                 5.53125        2.82252464970958                       0
                 5.53125        2.87161203492192                       0
                 5.53125       2.920699420134261                       0
                 5.53125       2.969786805346601                       0
                 5.53125       3.018874190558942                       0
                 5.53125       3.067961575771282                       0
                 5.53125       3.117048960983623                       0

                 5.59375     0.02454369260617026                       0
                 5.59375     0.07363107781851078                       0
                 5.59375      0.1227184630308513                       0
                 5.59375      0.1718058482431918                       0
                 5.59375      0.2208932334555323                       0
                 5.59375      0.2699806186678728                       0
                 5.59375      0.3190680038802134                       0
                 5.59375      0.3681553890925539                       0
                 5.59375      0.4172427743048944                       0
                 5.59375      0.4663301595172349                       0
                 5.59375      0.5154175447295755                       0
                 5.59375      0.5645049299419159                       0
                 5.59375      0.6135923151542565                       0
                 5.59375       0.662679700366597                       0
                 5.59375      0.7117670855789375                       0
                 5.59375       0.760854470791278                       0
                 5.59375      0.8099418560036186                       0
                 5.59375       0.859029241215959                       0
                 5.59375      0.9081166264282996                       0
                 5.59375      0.9572040116406401                       0
                 5.59375       1.006291396852981                       0
                 5.59375       1.055378782065321                       0
                 5.59375       1.104466167277662                       0
                 5.59375       1.153553552490002                       0
                 5.59375       1.202640937702343                       0
                 5.59375       1.251728322914683                       0
                 5.59375       1.300815708127024                       0
                 5.59375       1.349903093339364                       0
                 5.59375       1.398990478551705                       0
                 5.59375       1.448077863764045                       0
                 5.59375       1.497165248976386                       0
                 5.59375       1.546252634188726                       0
                 5.59375       1.595340019401067                       0
                 5.59375       1.644427404613407                       0
                 5.59375       1.693514789825748                       0
                 5.59375       1.742602175038088                       0
                 5.59375       1.791689560250429                       0
                 5.59375       1.840776945462769                       0
                 5.59375        1.88986433067511                       0
                 5.59375       1.938951715887451                       0
                 5.59375       1.988039101099791                       0
                 5.59375       2.037126486312132                       0
                 5.59375       2.086213871524472                       0
                 5.59375       2.135301256736812                       0
                 5.59375       2.184388641949153                       0
                 5.59375       2.233476027161494                       0
                 5.59375       2.282563412373834                       0
                 5.59375       2.331650797586175                       0
                 5.59375       2.380738182798515                       0
                 5.59375       2.429825568010856                       0
                 5.59375       2.478912953223196                       0
                 5.59375       2.528000338435537                       0
                 5.59375       2.577087723647877                       0
                 5.59375       2.626175108860218                       0
                 5.59375       2.675262494072558                       0
                 5.59375       2.724349879284899                       0
                 5.59375       2.773437264497239                       0
                 5.59375        2.82252464970958                       0
                 5.59375        2.87161203492192                       0
                 5.59375       2.920699420134261                       0
                 5.59375       2.969786805346601                       0
                 5.59375       3.018874190558942                       0
                 5.59375       3.067961575771282                       0
                 5.59375       3.117048960983623                       0

                 5.65625     0.02454369260617026                       0
                 5.65625     0.07363107781851078                       0
                 5.65625      0.1227184630308513                       0
                 5.65625      0.1718058482431918                       0
                 5.65625      0.2208932334555323                       0
                 5.65625      0.2699806186678728                       0
                 5.65625      0.3190680038802134                       0
                 5.65625      0.3681553890925539                       0
                 5.65625      0.4172427743048944                       0
                 5.65625      0.4663301595172349                       0
                 5.65625      0.5154175447295755                       0
                 5.65625      0.5645049299419159                       0
                 5.65625      0.6135923151542565                       0
                 5.65625       0.662679700366597                       0
                 5.65625      0.7117670855789375                       0
                 5.65625       0.760854470791278                       0
                 5.65625      0.8099418560036186                       0
                 5.65625       0.859029241215959                       0
                 5.65625      0.9081166264282996                       0
                 5.65625      0.9572040116406401                       0
                 5.65625       1.006291396852981                       0
                 5.65625       1.055378782065321                       0
                 5.65625       1.104466167277662                       0
                 5.65625       1.153553552490002                       0
                 5.65625       1.202640937702343                       0
                 5.65625       1.251728322914683                       0
                 5.65625       1.300815708127024                       0
                 5.65625       1.349903093339364                       0
                 5.65625       1.398990478551705                       0
                 5.65625       1.448077863764045                       0
                 5.65625       1.497165248976386                       0
                 5.65625       1.546252634188726                       0
                 5.65625       1.595340019401067                       0
                 5.65625       1.644427404613407                       0
                 5.65625       1.693514789825748                       0
                 5.65625       1.742602175038088                       0
                 5.65625       1.791689560250429                       0
                 5.65625       1.840776945462769                       0
                 5.65625        1.88986433067511                       0
                 5.65625       1.938951715887451                       0
                 5.65625       1.988039101099791                       0
                 5.65625       2.037126486312132                       0
                 5.65625       2.086213871524472                       0
                 5.65625       2.135301256736812                       0
                 5.65625       2.184388641949153                       0
                 5.65625       2.233476027161494                       0
                 5.65625       2.282563412373834                       0
                 5.65625       2.331650797586175                       0
                 5.65625       2.380738182798515                       0
                 5.65625       2.429825568010856                       0
                 5.65625       2.478912953223196                       0
                 5.65625       2.528000338435537                       0
                 5.65625       2.577087723647877                       0
                 5.65625       2.626175108860218                       0
                 5.65625       2.675262494072558                       0
                 5.65625       2.724349879284899                       0
                 5.65625       2.773437264497239                       0
                 5.65625        2.82252464970958                       0
                 5.65625        2.87161203492192                       0
                 5.65625       2.920699420134261                       0
                 5.65625       2.969786805346601                       0
                 5.65625       3.018874190558942                       0
                 5.65625       3.067961575771282                       0
                 5.65625       3.117048960983623                       0

                 5.71875     0.02454369260617026                       0
                 5.71875     0.07363107781851078                       0
                 5.71875      0.1227184630308513                       0
                 5.71875      0.1718058482431918                       0
                 5.71875      0.2208932334555323                       0
                 5.71875      0.2699806186678728                       0
                 5.71875      0.3190680038802134                       0
                 5.71875      0.3681553890925539                       0
                 5.71875      0.4172427743048944                       0
                 5.71875      0.4663301595172349                       0
                 5.71875      0.5154175447295755                       0
                 5.71875      0.5645049299419159                       0
                 5.71875      0.6135923151542565                       0
                 5.71875       0.662679700366597                       0
                 5.71875      0.7117670855789375                       0
                 5.71875       0.760854470791278                       0
                 5.71875      0.8099418560036186                       0
                 5.71875       0.859029241215959                       0
                 5.71875      0.9081166264282996                       0
                 5.71875      0.9572040116406401                       0
                 5.71875       1.006291396852981                       0
                 5.71875       1.055378782065321                       0
                 5.71875       1.104466167277662                       0
                 5.71875       1.153553552490002                       0
                 5.71875       1.202640937702343                       0
                 5.71875       1.251728322914683                       0
                 5.71875       1.300815708127024                       0
                 5.71875       1.349903093339364                       0
                 5.71875       1.398990478551705                       0
                 5.71875       1.448077863764045                       0
                 5.71875       1.497165248976386                       0
                 5.71875       1.546252634188726                       0
                 5.71875       1.595340019401067                       0
                 5.71875       1.644427404613407                       0
                 5.71875       1.693514789825748                       0
                 5.71875       1.742602175038088                       0
                 5.71875       1.791689560250429                       0
                 5.71875       1.840776945462769                       0
                 5.71875        1.88986433067511                       0
                 5.71875       1.938951715887451                       0
                 5.71875       1.988039101099791                       0
                 5.71875       2.037126486312132                       0
                 5.71875       2.086213871524472                       0
                 5.71875       2.135301256736812                       0
                 5.71875       2.184388641949153                       0
                 5.71875       2.233476027161494                       0
                 5.71875       2.282563412373834                       0
                 5.71875       2.331650797586175                       0
                 5.71875       2.380738182798515                       0
                 5.71875       2.429825568010856                       0
                 5.71875       2.478912953223196                       0
                 5.71875       2.528000338435537                       0
                 5.71875       2.577087723647877                       0
                 5.71875       2.626175108860218                       0
                 5.71875       2.675262494072558                       0
                 5.71875       2.724349879284899                       0
                 5.71875       2.773437264497239                       0
                 5.71875        2.82252464970958                       0
                 5.71875        2.87161203492192                       0
                 5.71875       2.920699420134261                       0
                 5.71875       2.969786805346601                       0
                 5.71875       3.018874190558942                       0
                 5.71875       3.067961575771282                       0
                 5.71875       3.117048960983623                       0

                 5.78125     0.02454369260617026                       0
                 5.78125     0.07363107781851078                       0
                 5.78125      0.1227184630308513                       0
                 5.78125      0.1718058482431918                       0
                 5.78125      0.2208932334555323                       0
                 5.78125      0.2699806186678728                       0
                 5.78125      0.3190680038802134                       0
                 5.78125      0.3681553890925539                       0
                 5.78125      0.4172427743048944                       0
                 5.78125      0.4663301595172349                       0
                 5.78125      0.5154175447295755                       0
                 5.78125      0.5645049299419159                       0
                 5.78125      0.6135923151542565                       0
                 5.78125       0.662679700366597                       0
                 5.78125      0.7117670855789375                       0
                 5.78125       0.760854470791278                       0
                 5.78125      0.8099418560036186                       0
                 5.78125       0.859029241215959                       0
                 5.78125      0.9081166264282996                       0
                 5.78125      0.9572040116406401                       0
                 5.78125       1.006291396852981                       0
                 5.78125       1.055378782065321                       0
                 5.78125       1.104466167277662                       0
                 5.78125       1.153553552490002                       0
                 5.78125       1.202640937702343                       0
                 5.78125       1.251728322914683                       0
                 5.78125       1.300815708127024                       0
                 5.78125       1.349903093339364                       0
                 5.78125       1.398990478551705                       0
                 5.78125       1.448077863764045                       0
                 5.78125       1.497165248976386                       0
                 5.78125       1.546252634188726                       0
                 5.78125       1.595340019401067                       0
                 5.78125       1.644427404613407                       0
                 5.78125       1.693514789825748                       0
                 5.78125       1.742602175038088                       0
                 5.78125       1.791689560250429                       0
                 5.78125       1.840776945462769                       0
                 5.78125        1.88986433067511                       0
                 5.78125       1.938951715887451                       0
                 5.78125       1.988039101099791                       0
                 5.78125       2.037126486312132                       0
                 5.78125       2.086213871524472                       0
                 5.78125       2.135301256736812                       0
                 5.78125       2.184388641949153                       0
                 5.78125       2.233476027161494                       0
                 5.78125       2.282563412373834                       0
                 5.78125       2.331650797586175                       0
                 5.78125       2.380738182798515                       0
                 5.78125       2.429825568010856                       0
                 5.78125       2.478912953223196                       0
                 5.78125       2.528000338435537                       0
                 5.78125       2.577087723647877                       0
                 5.78125       2.626175108860218                       0
                 5.78125       2.675262494072558                       0
                 5.78125       2.724349879284899                       0
                 5.78125       2.773437264497239                       0
                 5.78125        2.82252464970958                       0
                 5.78125        2.87161203492192                       0
                 5.78125       2.920699420134261                       0
                 5.78125       2.969786805346601                       0
                 5.78125       3.018874190558942                       0
                 5.78125       3.067961575771282                       0
                 5.78125       3.117048960983623                       0

                 5.84375     0.02454369260617026                       0
                 5.84375     0.07363107781851078                       0
                 5.84375      0.1227184630308513                       0
                 5.84375      0.1718058482431918                       0
                 5.84375      0.2208932334555323                       0
                 5.84375      0.2699806186678728                       0
                 5.84375      0.3190680038802134                       0
                 5.84375      0.3681553890925539                       0
                 5.84375      0.4172427743048944                       0
                 5.84375      0.4663301595172349                       0
                 5.84375      0.5154175447295755                       0
                 5.84375      0.5645049299419159                       0
                 5.84375      0.6135923151542565                       0
                 5.84375       0.662679700366597                       0
                 5.84375      0.7117670855789375                       0
                 5.84375       0.760854470791278                       0
                 5.84375      0.8099418560036186                       0
                 5.84375       0.859029241215959                       0
                 5.84375      0.9081166264282996                       0
                 5.84375      0.9572040116406401                       0
                 5.84375       1.006291396852981                       0
                 5.84375       1.055378782065321                       0
                 5.84375       1.104466167277662                       0
                 5.84375       1.153553552490002                       0
                 5.84375       1.202640937702343                       0
                 5.84375       1.251728322914683                       0
                 5.84375       1.300815708127024                       0
                 5.84375       1.349903093339364                       0
                 5.84375       1.398990478551705                       0
                 5.84375       1.448077863764045                       0
                 5.84375       1.497165248976386                       0
                 5.84375       1.546252634188726                       0
                 5.84375       1.595340019401067                       0
                 5.84375       1.644427404613407                       0
                 5.84375       1.693514789825748                       0
                 5.84375       1.742602175038088                       0
                 5.84375       1.791689560250429                       0
                 5.84375       1.840776945462769                       0
                 5.84375        1.88986433067511                       0
                 5.84375       1.938951715887451                       0
                 5.84375       1.988039101099791                       0
                 5.84375       2.037126486312132                       0
                 5.84375       2.086213871524472                       0
                 5.84375       2.135301256736812                       0
                 5.84375       2.184388641949153                       0
                 5.84375       2.233476027161494                       0
                 5.84375       2.282563412373834                       0
                 5.84375       2.331650797586175                       0
                 5.84375       2.380738182798515                       0
                 5.84375       2.429825568010856                       0
                 5.84375       2.478912953223196                       0
                 5.84375       2.528000338435537                       0
                 5.84375       2.577087723647877                       0
                 5.84375       2.626175108860218                       0
                 5.84375       2.675262494072558                       0
                 5.84375       2.724349879284899                       0
                 5.84375       2.773437264497239                       0
                 5.84375        2.82252464970958                       0
                 5.84375        2.87161203492192                       0
                 5.84375       2.920699420134261                       0
                 5.84375       2.969786805346601                       0
                 5.84375       3.018874190558942                       0
                 5.84375       3.067961575771282                       0
                 5.84375       3.117048960983623                       0

                 5.90625     0.02454369260617026                       0
                 5.90625     0.07363107781851078                       0
                 5.90625      0.1227184630308513                       0
                 5.90625      0.1718058482431918                       0
                 5.90625      0.2208932334555323                       0
                 5.90625      0.2699806186678728                       0
                 5.90625      0.3190680038802134                       0
                 5.90625      0.3681553890925539                       0
                 5.90625      0.4172427743048944                       0
                 5.90625      0.4663301595172349                       0
                 5.90625      0.5154175447295755                       0
                 5.90625      0.5645049299419159                       0
                 5.90625      0.6135923151542565                       0
                 5.90625       0.662679700366597                       0
                 5.90625      0.7117670855789375                       0
                 5.90625       0.760854470791278                       0
                 5.90625      0.8099418560036186                       0
                 5.90625       0.859029241215959                       0
                 5.90625      0.9081166264282996                       0
                 5.90625      0.9572040116406401                       0
                 5.90625       1.006291396852981                       0
                 5.90625       1.055378782065321                       0
                 5.90625       1.104466167277662                       0
                 5.90625       1.153553552490002                       0
                 5.90625       1.202640937702343                       0
                 5.90625       1.251728322914683                       0
                 5.90625       1.300815708127024                       0
                 5.90625       1.349903093339364                       0
                 5.90625       1.398990478551705                       0
                 5.90625       1.448077863764045                       0
                 5.90625       1.497165248976386                       0
                 5.90625       1.546252634188726                       0
                 5.90625       1.595340019401067                       0
                 5.90625       1.644427404613407                       0
                 5.90625       1.693514789825748                       0
                 5.90625       1.742602175038088                       0
                 5.90625       1.791689560250429                       0
                 5.90625       1.840776945462769                       0
                 5.90625        1.88986433067511                       0
                 5.90625       1.938951715887451                       0
                 5.90625       1.988039101099791                       0
                 5.90625       2.037126486312132                       0
                 5.90625       2.086213871524472                       0
                 5.90625       2.135301256736812                       0
                 5.90625       2.184388641949153                       0
                 5.90625       2.233476027161494                       0
                 5.90625       2.282563412373834                       0
                 5.90625       2.331650797586175                       0
                 5.90625       2.380738182798515                       0
                 5.90625       2.429825568010856                       0
                 5.90625       2.478912953223196                       0
                 5.90625       2.528000338435537                       0
                 5.90625       2.577087723647877                       0
                 5.90625       2.626175108860218                       0
                 5.90625       2.675262494072558                       0
                 5.90625       2.724349879284899                       0
                 5.90625       2.773437264497239                       0
                 5.90625        2.82252464970958                       0
                 5.90625        2.87161203492192                       0
                 5.90625       2.920699420134261                       0
                 5.90625       2.969786805346601                       0
                 5.90625       3.018874190558942                       0
                 5.90625       3.067961575771282                       0
                 5.90625       3.117048960983623                       0

                 5.96875     0.02454369260617026                       0
                 5.96875     0.07363107781851078                       0
                 5.96875      0.1227184630308513                       0
                 5.96875      0.1718058482431918                       0
                 5.96875      0.2208932334555323                       0
                 5.96875      0.2699806186678728                       0
                 5.96875      0.3190680038802134                       0
                 5.96875      0.3681553890925539                       0
                 5.96875      0.4172427743048944                       0
                 5.96875      0.4663301595172349                       0
                 5.96875      0.5154175447295755                       0
                 5.96875      0.5645049299419159                       0
                 5.96875      0.6135923151542565                       0
                 5.96875       0.662679700366597                       0
                 5.96875      0.7117670855789375                       0
                 5.96875       0.760854470791278                       0
                 5.96875      0.8099418560036186                       0
                 5.96875       0.859029241215959                       0
                 5.96875      0.9081166264282996                       0
                 5.96875      0.9572040116406401                       0
                 5.96875       1.006291396852981                       0
                 5.96875       1.055378782065321                       0
                 5.96875       1.104466167277662                       0
                 5.96875       1.153553552490002                       0
                 5.96875       1.202640937702343                       0
                 5.96875       1.251728322914683                       0
                 5.96875       1.300815708127024                       0
                 5.96875       1.349903093339364                       0
                 5.96875       1.398990478551705                       0
                 5.96875       1.448077863764045                       0
                 5.96875       1.497165248976386                       0
                 5.96875       1.546252634188726                       0
                 5.96875       1.595340019401067                       0
                 5.96875       1.644427404613407                       0
                 5.96875       1.693514789825748                       0
                 5.96875       1.742602175038088                       0
                 5.96875       1.791689560250429                       0
                 5.96875       1.840776945462769                       0
                 5.96875        1.88986433067511                       0
                 5.96875       1.938951715887451                       0
                 5.96875       1.988039101099791                       0
                 5.96875       2.037126486312132                       0
                 5.96875       2.086213871524472                       0
                 5.96875       2.135301256736812                       0
                 5.96875       2.184388641949153                       0
                 5.96875       2.233476027161494                       0
                 5.96875       2.282563412373834                       0
                 5.96875       2.331650797586175                       0
                 5.96875       2.380738182798515                       0
                 5.96875       2.429825568010856                       0
                 5.96875       2.478912953223196                       0
                 5.96875       2.528000338435537                       0
                 5.96875       2.577087723647877                       0
                 5.96875       2.626175108860218                       0
                 5.96875       2.675262494072558                       0
                 5.96875       2.724349879284899                       0
                 5.96875       2.773437264497239                       0
                 5.96875        2.82252464970958                       0
                 5.96875        2.87161203492192                       0
                 5.96875       2.920699420134261                       0
                 5.96875       2.969786805346601                       0
                 5.96875       3.018874190558942                       0
                 5.96875       3.067961575771282                       0
                 5.96875       3.117048960983623                       0

                 6.03125     0.02454369260617026                       0
                 6.03125     0.07363107781851078                       0
                 6.03125      0.1227184630308513                       0
                 6.03125      0.1718058482431918                       0
                 6.03125      0.2208932334555323                       0
                 6.03125      0.2699806186678728                       0
                 6.03125      0.3190680038802134                       0
                 6.03125      0.3681553890925539                       0
                 6.03125      0.4172427743048944                       0
                 6.03125      0.4663301595172349                       0
                 6.03125      0.5154175447295755                       0
                 6.03125      0.5645049299419159                       0
                 6.03125      0.6135923151542565                       0
                 6.03125       0.662679700366597                       0
                 6.03125      0.7117670855789375                       0
                 6.03125       0.760854470791278                       0
                 6.03125      0.8099418560036186                       0
                 6.03125       0.859029241215959                       0
                 6.03125      0.9081166264282996                       0
                 6.03125      0.9572040116406401                       0
                 6.03125       1.006291396852981                       0
                 6.03125       1.055378782065321                       0
                 6.03125       1.104466167277662                       0
                 6.03125       1.153553552490002                       0
                 6.03125       1.202640937702343                       0
                 6.03125       1.251728322914683                       0
                 6.03125       1.300815708127024                       0
                 6.03125       1.349903093339364                       0
                 6.03125       1.398990478551705                       0
                 6.03125       1.448077863764045                       0
                 6.03125       1.497165248976386                       0
                 6.03125       1.546252634188726                       0
                 6.03125       1.595340019401067                       0
                 6.03125       1.644427404613407                       0
                 6.03125       1.693514789825748                       0
                 6.03125       1.742602175038088                       0
                 6.03125       1.791689560250429                       0
                 6.03125       1.840776945462769                       0
                 6.03125        1.88986433067511                       0
                 6.03125       1.938951715887451                       0
                 6.03125       1.988039101099791                       0
                 6.03125       2.037126486312132                       0
                 6.03125       2.086213871524472                       0
                 6.03125       2.135301256736812                       0
                 6.03125       2.184388641949153                       0
                 6.03125       2.233476027161494                       0
                 6.03125       2.282563412373834                       0
                 6.03125       2.331650797586175                       0
                 6.03125       2.380738182798515                       0
                 6.03125       2.429825568010856                       0
                 6.03125       2.478912953223196                       0
                 6.03125       2.528000338435537                       0
                 6.03125       2.577087723647877                       0
                 6.03125       2.626175108860218                       0
                 6.03125       2.675262494072558                       0
                 6.03125       2.724349879284899                       0
                 6.03125       2.773437264497239                       0
                 6.03125        2.82252464970958                       0
                 6.03125        2.87161203492192                       0
                 6.03125       2.920699420134261                       0
                 6.03125       2.969786805346601                       0
                 6.03125       3.018874190558942                       0
                 6.03125       3.067961575771282                       0
                 6.03125       3.117048960983623                       0

                 6.09375     0.02454369260617026                       0
                 6.09375     0.07363107781851078                       0
                 6.09375      0.1227184630308513                       0
                 6.09375      0.1718058482431918                       0
                 6.09375      0.2208932334555323                       0
                 6.09375      0.2699806186678728                       0
                 6.09375      0.3190680038802134                       0
                 6.09375      0.3681553890925539                       0
                 6.09375      0.4172427743048944                       0
                 6.09375      0.4663301595172349                       0
                 6.09375      0.5154175447295755                       0
                 6.09375      0.5645049299419159                       0
                 6.09375      0.6135923151542565                       0
                 6.09375       0.662679700366597                       0
                 6.09375      0.7117670855789375                       0
                 6.09375       0.760854470791278                       0
                 6.09375      0.8099418560036186                       0
                 6.09375       0.859029241215959                       0
                 6.09375      0.9081166264282996                       0
                 6.09375      0.9572040116406401                       0
                 6.09375       1.006291396852981                       0
                 6.09375       1.055378782065321                       0
                 6.09375       1.104466167277662                       0
                 6.09375       1.153553552490002                       0
                 6.09375       1.202640937702343                       0
                 6.09375       1.251728322914683                       0
                 6.09375       1.300815708127024                       0
                 6.09375       1.349903093339364                       0
                 6.09375       1.398990478551705                       0
                 6.09375       1.448077863764045                       0
                 6.09375       1.497165248976386                       0
                 6.09375       1.546252634188726                       0
                 6.09375       1.595340019401067                       0
                 6.09375       1.644427404613407                       0
                 6.09375       1.693514789825748                       0
                 6.09375       1.742602175038088                       0
                 6.09375       1.791689560250429                       0
                 6.09375       1.840776945462769                       0
                 6.09375        1.88986433067511                       0
                 6.09375       1.938951715887451                       0
                 6.09375       1.988039101099791                       0
                 6.09375       2.037126486312132                       0
                 6.09375       2.086213871524472                       0
                 6.09375       2.135301256736812                       0
                 6.09375       2.184388641949153                       0
                 6.09375       2.233476027161494                       0
                 6.09375       2.282563412373834                       0
                 6.09375       2.331650797586175                       0
                 6.09375       2.380738182798515                       0
                 6.09375       2.429825568010856                       0
                 6.09375       2.478912953223196                       0
                 6.09375       2.528000338435537                       0
                 6.09375       2.577087723647877                       0
                 6.09375       2.626175108860218                       0
                 6.09375       2.675262494072558                       0
                 6.09375       2.724349879284899                       0
                 6.09375       2.773437264497239                       0
                 6.09375        2.82252464970958                       0
                 6.09375        2.87161203492192                       0
                 6.09375       2.920699420134261                       0
                 6.09375       2.969786805346601                       0
                 6.09375       3.018874190558942                       0
                 6.09375       3.067961575771282                       0
                 6.09375       3.117048960983623                       0

                 6.15625     0.02454369260617026                       0
                 6.15625     0.07363107781851078                       0
                 6.15625      0.1227184630308513                       0
                 6.15625      0.1718058482431918                       0
                 6.15625      0.2208932334555323                       0
                 6.15625      0.2699806186678728                       0
                 6.15625      0.3190680038802134                       0
                 6.15625      0.3681553890925539                       0
                 6.15625      0.4172427743048944                       0
                 6.15625      0.4663301595172349                       0
                 6.15625      0.5154175447295755                       0
                 6.15625      0.5645049299419159                       0
                 6.15625      0.6135923151542565                       0
                 6.15625       0.662679700366597                       0
                 6.15625      0.7117670855789375                       0
                 6.15625       0.760854470791278                       0
                 6.15625      0.8099418560036186                       0
                 6.15625       0.859029241215959                       0
                 6.15625      0.9081166264282996                       0
                 6.15625      0.9572040116406401                       0
                 6.15625       1.006291396852981                       0
                 6.15625       1.055378782065321                       0
                 6.15625       1.104466167277662                       0
                 6.15625       1.153553552490002                       0
                 6.15625       1.202640937702343                       0
                 6.15625       1.251728322914683                       0
                 6.15625       1.300815708127024                       0
                 6.15625       1.349903093339364                       0
                 6.15625       1.398990478551705                       0
                 6.15625       1.448077863764045                       0
                 6.15625       1.497165248976386                       0
                 6.15625       1.546252634188726                       0
                 6.15625       1.595340019401067                       0
                 6.15625       1.644427404613407                       0
                 6.15625       1.693514789825748                       0
                 6.15625       1.742602175038088                       0
                 6.15625       1.791689560250429                       0
                 6.15625       1.840776945462769                       0
                 6.15625        1.88986433067511                       0
                 6.15625       1.938951715887451                       0
                 6.15625       1.988039101099791                       0
                 6.15625       2.037126486312132                       0
                 6.15625       2.086213871524472                       0
                 6.15625       2.135301256736812                       0
                 6.15625       2.184388641949153                       0
                 6.15625       2.233476027161494                       0
                 6.15625       2.282563412373834                       0
                 6.15625       2.331650797586175                       0
                 6.15625       2.380738182798515                       0
                 6.15625       2.429825568010856                       0
                 6.15625       2.478912953223196                       0
                 6.15625       2.528000338435537                       0
                 6.15625       2.577087723647877                       0
                 6.15625       2.626175108860218                       0
                 6.15625       2.675262494072558                       0
                 6.15625       2.724349879284899                       0
                 6.15625       2.773437264497239                       0
                 6.15625        2.82252464970958                       0
                 6.15625        2.87161203492192                       0
                 6.15625       2.920699420134261                       0
                 6.15625       2.969786805346601                       0
                 6.15625       3.018874190558942                       0
                 6.15625       3.067961575771282                       0
                 6.15625       3.117048960983623                       0

                 6.21875     0.02454369260617026                       0
                 6.21875     0.07363107781851078                       0
                 6.21875      0.1227184630308513                       0
                 6.21875      0.1718058482431918                       0
                 6.21875      0.2208932334555323                       0
                 6.21875      0.2699806186678728                       0
                 6.21875      0.3190680038802134                       0
                 6.21875      0.3681553890925539                       0
                 6.21875      0.4172427743048944                       0
                 6.21875      0.4663301595172349                       0
                 6.21875      0.5154175447295755                       0
                 6.21875      0.5645049299419159                       0
                 6.21875      0.6135923151542565                       0
                 6.21875       0.662679700366597                       0
                 6.21875      0.7117670855789375                       0
                 6.21875       0.760854470791278                       0
                 6.21875      0.8099418560036186                       0
                 6.21875       0.859029241215959                       0
                 6.21875      0.9081166264282996                       0
                 6.21875      0.9572040116406401                       0
                 6.21875       1.006291396852981                       0
                 6.21875       1.055378782065321                       0
                 6.21875       1.104466167277662                       0
                 6.21875       1.153553552490002                       0
                 6.21875       1.202640937702343                       0
                 6.21875       1.251728322914683                       0
                 6.21875       1.300815708127024                       0
                 6.21875       1.349903093339364                       0
                 6.21875       1.398990478551705                       0
                 6.21875       1.448077863764045                       0
                 6.21875       1.497165248976386                       0
                 6.21875       1.546252634188726                       0
                 6.21875       1.595340019401067                       0
                 6.21875       1.644427404613407                       0
                 6.21875       1.693514789825748                       0
                 6.21875       1.742602175038088                       0
                 6.21875       1.791689560250429                       0
                 6.21875       1.840776945462769                       0
                 6.21875        1.88986433067511                       0
                 6.21875       1.938951715887451                       0
                 6.21875       1.988039101099791                       0
                 6.21875       2.037126486312132                       0
                 6.21875       2.086213871524472                       0
                 6.21875       2.135301256736812                       0
                 6.21875       2.184388641949153                       0
                 6.21875       2.233476027161494                       0
                 6.21875       2.282563412373834                       0
                 6.21875       2.331650797586175                       0
                 6.21875       2.380738182798515                       0
                 6.21875       2.429825568010856                       0
                 6.21875       2.478912953223196                       0
                 6.21875       2.528000338435537                       0
                 6.21875       2.577087723647877                       0
                 6.21875       2.626175108860218                       0
                 6.21875       2.675262494072558                       0
                 6.21875       2.724349879284899                       0
                 6.21875       2.773437264497239                       0
                 6.21875        2.82252464970958                       0
                 6.21875        2.87161203492192                       0
                 6.21875       2.920699420134261                       0
                 6.21875       2.969786805346601                       0
                 6.21875       3.018874190558942                       0
                 6.21875       3.067961575771282                       0
                 6.21875       3.117048960983623                       0

                 6.28125     0.02454369260617026                       0
                 6.28125     0.07363107781851078                       0
                 6.28125      0.1227184630308513                       0
                 6.28125      0.1718058482431918                       0
                 6.28125      0.2208932334555323                       0
                 6.28125      0.2699806186678728                       0
                 6.28125      0.3190680038802134                       0
                 6.28125      0.3681553890925539                       0
                 6.28125      0.4172427743048944                       0
                 6.28125      0.4663301595172349                       0
                 6.28125      0.5154175447295755                       0
                 6.28125      0.5645049299419159                       0
                 6.28125      0.6135923151542565                       0
                 6.28125       0.662679700366597                       0
                 6.28125      0.7117670855789375                       0
                 6.28125       0.760854470791278                       0
                 6.28125      0.8099418560036186                       0
                 6.28125       0.859029241215959                       0
                 6.28125      0.9081166264282996                       0
                 6.28125      0.9572040116406401                       0
                 6.28125       1.006291396852981                       0
                 6.28125       1.055378782065321                       0
                 6.28125       1.104466167277662                       0
                 6.28125       1.153553552490002                       0
                 6.28125       1.202640937702343                       0
                 6.28125       1.251728322914683                       0
                 6.28125       1.300815708127024                       0
                 6.28125       1.349903093339364                       0
                 6.28125       1.398990478551705                       0
                 6.28125       1.448077863764045                       0
                 6.28125       1.497165248976386                       0
                 6.28125       1.546252634188726                       0
                 6.28125       1.595340019401067                       0
                 6.28125       1.644427404613407                       0
                 6.28125       1.693514789825748                       0
                 6.28125       1.742602175038088                       0
                 6.28125       1.791689560250429                       0
                 6.28125       1.840776945462769                       0
                 6.28125        1.88986433067511                       0
                 6.28125       1.938951715887451                       0
                 6.28125       1.988039101099791                       0
                 6.28125       2.037126486312132                       0
                 6.28125       2.086213871524472                       0
                 6.28125       2.135301256736812                       0
                 6.28125       2.184388641949153                       0
                 6.28125       2.233476027161494                       0
                 6.28125       2.282563412373834                       0
                 6.28125       2.331650797586175                       0
                 6.28125       2.380738182798515                       0
                 6.28125       2.429825568010856                       0
                 6.28125       2.478912953223196                       0
                 6.28125       2.528000338435537                       0
                 6.28125       2.577087723647877                       0
                 6.28125       2.626175108860218                       0
                 6.28125       2.675262494072558                       0
                 6.28125       2.724349879284899                       0
                 6.28125       2.773437264497239                       0
                 6.28125        2.82252464970958                       0
                 6.28125        2.87161203492192                       0
                 6.28125       2.920699420134261                       0
                 6.28125       2.969786805346601                       0
                 6.28125       3.018874190558942                       0
                 6.28125       3.067961575771282                       0
                 6.28125       3.117048960983623                       0

                 6.34375     0.02454369260617026                       0
                 6.34375     0.07363107781851078                       0
                 6.34375      0.1227184630308513                       0
                 6.34375      0.1718058482431918                       0
                 6.34375      0.2208932334555323                       0
                 6.34375      0.2699806186678728                       0
                 6.34375      0.3190680038802134                       0
                 6.34375      0.3681553890925539                       0
                 6.34375      0.4172427743048944                       0
                 6.34375      0.4663301595172349                       0
                 6.34375      0.5154175447295755                       0
                 6.34375      0.5645049299419159                       0
                 6.34375      0.6135923151542565                       0
                 6.34375       0.662679700366597                       0
                 6.34375      0.7117670855789375                       0
                 6.34375       0.760854470791278                       0
                 6.34375      0.8099418560036186                       0
                 6.34375       0.859029241215959                       0
                 6.34375      0.9081166264282996                       0
                 6.34375      0.9572040116406401                       0
                 6.34375       1.006291396852981                       0
                 6.34375       1.055378782065321                       0
                 6.34375       1.104466167277662                       0
                 6.34375       1.153553552490002                       0
                 6.34375       1.202640937702343                       0
                 6.34375       1.251728322914683                       0
                 6.34375       1.300815708127024                       0
                 6.34375       1.349903093339364                       0
                 6.34375       1.398990478551705                       0
                 6.34375       1.448077863764045                       0
                 6.34375       1.497165248976386                       0
                 6.34375       1.546252634188726                       0
                 6.34375       1.595340019401067                       0
                 6.34375       1.644427404613407                       0
                 6.34375       1.693514789825748                       0
                 6.34375       1.742602175038088                       0
                 6.34375       1.791689560250429                       0
                 6.34375       1.840776945462769                       0
                 6.34375        1.88986433067511                       0
                 6.34375       1.938951715887451                       0
                 6.34375       1.988039101099791                       0
                 6.34375       2.037126486312132                       0
                 6.34375       2.086213871524472                       0
                 6.34375       2.135301256736812                       0
                 6.34375       2.184388641949153                       0
                 6.34375       2.233476027161494                       0
                 6.34375       2.282563412373834                       0
                 6.34375       2.331650797586175                       0
                 6.34375       2.380738182798515                       0
                 6.34375       2.429825568010856                       0
                 6.34375       2.478912953223196                       0
                 6.34375       2.528000338435537                       0
                 6.34375       2.577087723647877                       0
                 6.34375       2.626175108860218                       0
                 6.34375       2.675262494072558                       0
                 6.34375       2.724349879284899                       0
                 6.34375       2.773437264497239                       0
                 6.34375        2.82252464970958                       0
                 6.34375        2.87161203492192                       0
                 6.34375       2.920699420134261                       0
                 6.34375       2.969786805346601                       0
                 6.34375       3.018874190558942                       0
                 6.34375       3.067961575771282                       0
                 6.34375       3.117048960983623                       0

                 6.40625     0.02454369260617026                       0
                 6.40625     0.07363107781851078                       0
                 6.40625      0.1227184630308513                       0
                 6.40625      0.1718058482431918                       0
                 6.40625      0.2208932334555323                       0
                 6.40625      0.2699806186678728                       0
                 6.40625      0.3190680038802134                       0
                 6.40625      0.3681553890925539                       0
                 6.40625      0.4172427743048944                       0
                 6.40625      0.4663301595172349                       0
                 6.40625      0.5154175447295755                       0
                 6.40625      0.5645049299419159                       0
                 6.40625      0.6135923151542565                       0
                 6.40625       0.662679700366597                       0
                 6.40625      0.7117670855789375                       0
                 6.40625       0.760854470791278                       0
                 6.40625      0.8099418560036186                       0
                 6.40625       0.859029241215959                       0
                 6.40625      0.9081166264282996                       0
                 6.40625      0.9572040116406401                       0
                 6.40625       1.006291396852981                       0
                 6.40625       1.055378782065321                       0
                 6.40625       1.104466167277662                       0
                 6.40625       1.153553552490002                       0
                 6.40625       1.202640937702343                       0
                 6.40625       1.251728322914683                       0
                 6.40625       1.300815708127024                       0
                 6.40625       1.349903093339364                       0
                 6.40625       1.398990478551705                       0
                 6.40625       1.448077863764045                       0
                 6.40625       1.497165248976386                       0
                 6.40625       1.546252634188726                       0
                 6.40625       1.595340019401067                       0
                 6.40625       1.644427404613407                       0
                 6.40625       1.693514789825748                       0
                 6.40625       1.742602175038088                       0
                 6.40625       1.791689560250429                       0
                 6.40625       1.840776945462769                       0
                 6.40625        1.88986433067511                       0
                 6.40625       1.938951715887451                       0
                 6.40625       1.988039101099791                       0
                 6.40625       2.037126486312132                       0
                 6.40625       2.086213871524472                       0
                 6.40625       2.135301256736812                       0
                 6.40625       2.184388641949153                       0
                 6.40625       2.233476027161494                       0
                 6.40625       2.282563412373834                       0
                 6.40625       2.331650797586175                       0
                 6.40625       2.380738182798515                       0
                 6.40625       2.429825568010856                       0
                 6.40625       2.478912953223196                       0
                 6.40625       2.528000338435537                       0
                 6.40625       2.577087723647877                       0
                 6.40625       2.626175108860218                       0
                 6.40625       2.675262494072558                       0
                 6.40625       2.724349879284899                       0
                 6.40625       2.773437264497239                       0
                 6.40625        2.82252464970958                       0
                 6.40625        2.87161203492192                       0
                 6.40625       2.920699420134261                       0
                 6.40625       2.969786805346601                       0
                 6.40625       3.018874190558942                       0
                 6.40625       3.067961575771282                       0
                 6.40625       3.117048960983623                       0

                 6.46875     0.02454369260617026                       0
                 6.46875     0.07363107781851078                       0
                 6.46875      0.1227184630308513                       0
                 6.46875      0.1718058482431918                       0
                 6.46875      0.2208932334555323                       0
                 6.46875      0.2699806186678728                       0
                 6.46875      0.3190680038802134                       0
                 6.46875      0.3681553890925539                       0
                 6.46875      0.4172427743048944                       0
                 6.46875      0.4663301595172349                       0
                 6.46875      0.5154175447295755                       0
                 6.46875      0.5645049299419159                       0
                 6.46875      0.6135923151542565                       0
                 6.46875       0.662679700366597                       0
                 6.46875      0.7117670855789375                       0
                 6.46875       0.760854470791278                       0
                 6.46875      0.8099418560036186                       0
                 6.46875       0.859029241215959                       0
                 6.46875      0.9081166264282996                       0
                 6.46875      0.9572040116406401                       0
                 6.46875       1.006291396852981                       0
                 6.46875       1.055378782065321                       0
                 6.46875       1.104466167277662                       0
                 6.46875       1.153553552490002                       0
                 6.46875       1.202640937702343                       0
                 6.46875       1.251728322914683                       0
                 6.46875       1.300815708127024                       0
                 6.46875       1.349903093339364                       0
                 6.46875       1.398990478551705                       0
                 6.46875       1.448077863764045                       0
                 6.46875       1.497165248976386                       0
                 6.46875       1.546252634188726                       0
                 6.46875       1.595340019401067                       0
                 6.46875       1.644427404613407                       0
                 6.46875       1.693514789825748                       0
                 6.46875       1.742602175038088                       0
                 6.46875       1.791689560250429                       0
                 6.46875       1.840776945462769                       0
                 6.46875        1.88986433067511                       0
                 6.46875       1.938951715887451                       0
                 6.46875       1.988039101099791                       0
                 6.46875       2.037126486312132                       0
                 6.46875       2.086213871524472                       0
                 6.46875       2.135301256736812                       0
                 6.46875       2.184388641949153                       0
                 6.46875       2.233476027161494                       0
                 6.46875       2.282563412373834                       0
                 6.46875       2.331650797586175                       0
                 6.46875       2.380738182798515                       0
                 6.46875       2.429825568010856                       0
                 6.46875       2.478912953223196                       0
                 6.46875       2.528000338435537                       0
                 6.46875       2.577087723647877                       0
                 6.46875       2.626175108860218                       0
                 6.46875       2.675262494072558                       0
                 6.46875       2.724349879284899                       0
                 6.46875       2.773437264497239                       0
                 6.46875        2.82252464970958                       0
                 6.46875        2.87161203492192                       0
                 6.46875       2.920699420134261                       0
                 6.46875       2.969786805346601                       0
                 6.46875       3.018874190558942                       0
                 6.46875       3.067961575771282                       0
                 6.46875       3.117048960983623                       0

                 6.53125     0.02454369260617026                       0
                 6.53125     0.07363107781851078                       0
                 6.53125      0.1227184630308513                       0
                 6.53125      0.1718058482431918                       0
                 6.53125      0.2208932334555323                       0
                 6.53125      0.2699806186678728                       0
                 6.53125      0.3190680038802134                       0
                 6.53125      0.3681553890925539                       0
                 6.53125      0.4172427743048944                       0
                 6.53125      0.4663301595172349                       0
                 6.53125      0.5154175447295755                       0
                 6.53125      0.5645049299419159                       0
                 6.53125      0.6135923151542565                       0
                 6.53125       0.662679700366597                       0
                 6.53125      0.7117670855789375                       0
                 6.53125       0.760854470791278                       0
                 6.53125      0.8099418560036186                       0
                 6.53125       0.859029241215959                       0
                 6.53125      0.9081166264282996                       0
                 6.53125      0.9572040116406401                       0
                 6.53125       1.006291396852981                       0
                 6.53125       1.055378782065321                       0
                 6.53125       1.104466167277662                       0
                 6.53125       1.153553552490002                       0
                 6.53125       1.202640937702343                       0
                 6.53125       1.251728322914683                       0
                 6.53125       1.300815708127024                       0
                 6.53125       1.349903093339364                       0
                 6.53125       1.398990478551705                       0
                 6.53125       1.448077863764045                       0
                 6.53125       1.497165248976386                       0
                 6.53125       1.546252634188726                       0
                 6.53125       1.595340019401067                       0
                 6.53125       1.644427404613407                       0
                 6.53125       1.693514789825748                       0
                 6.53125       1.742602175038088                       0
                 6.53125       1.791689560250429                       0
                 6.53125       1.840776945462769                       0
                 6.53125        1.88986433067511                       0
                 6.53125       1.938951715887451                       0
                 6.53125       1.988039101099791                       0
                 6.53125       2.037126486312132                       0
                 6.53125       2.086213871524472                       0
                 6.53125       2.135301256736812                       0
                 6.53125       2.184388641949153                       0
                 6.53125       2.233476027161494                       0
                 6.53125       2.282563412373834                       0
                 6.53125       2.331650797586175                       0
                 6.53125       2.380738182798515                       0
                 6.53125       2.429825568010856                       0
                 6.53125       2.478912953223196                       0
                 6.53125       2.528000338435537                       0
                 6.53125       2.577087723647877                       0
                 6.53125       2.626175108860218                       0
                 6.53125       2.675262494072558                       0
                 6.53125       2.724349879284899                       0
                 6.53125       2.773437264497239                       0
                 6.53125        2.82252464970958                       0
                 6.53125        2.87161203492192                       0
                 6.53125       2.920699420134261                       0
                 6.53125       2.969786805346601                       0
                 6.53125       3.018874190558942                       0
                 6.53125       3.067961575771282                       0
                 6.53125       3.117048960983623                       0

                 6.59375     0.02454369260617026                       0
                 6.59375     0.07363107781851078                       0
                 6.59375      0.1227184630308513                       0
                 6.59375      0.1718058482431918                       0
                 6.59375      0.2208932334555323                       0
                 6.59375      0.2699806186678728                       0
                 6.59375      0.3190680038802134                       0
                 6.59375      0.3681553890925539                       0
                 6.59375      0.4172427743048944                       0
                 6.59375      0.4663301595172349                       0
                 6.59375      0.5154175447295755                       0
                 6.59375      0.5645049299419159                       0
                 6.59375      0.6135923151542565                       0
                 6.59375       0.662679700366597                       0
                 6.59375      0.7117670855789375                       0
                 6.59375       0.760854470791278                       0
                 6.59375      0.8099418560036186                       0
                 6.59375       0.859029241215959                       0
                 6.59375      0.9081166264282996                       0
                 6.59375      0.9572040116406401                       0
                 6.59375       1.006291396852981                       0
                 6.59375       1.055378782065321                       0
                 6.59375       1.104466167277662                       0
                 6.59375       1.153553552490002                       0
                 6.59375       1.202640937702343                       0
                 6.59375       1.251728322914683                       0
                 6.59375       1.300815708127024                       0
                 6.59375       1.349903093339364                       0
                 6.59375       1.398990478551705                       0
                 6.59375       1.448077863764045                       0
                 6.59375       1.497165248976386                       0
                 6.59375       1.546252634188726                       0
                 6.59375       1.595340019401067                       0
                 6.59375       1.644427404613407                       0
                 6.59375       1.693514789825748                       0
                 6.59375       1.742602175038088                       0
                 6.59375       1.791689560250429                       0
                 6.59375       1.840776945462769                       0
                 6.59375        1.88986433067511                       0
                 6.59375       1.938951715887451                       0
                 6.59375       1.988039101099791                       0
                 6.59375       2.037126486312132                       0
                 6.59375       2.086213871524472                       0
                 6.59375       2.135301256736812                       0
                 6.59375       2.184388641949153                       0
                 6.59375       2.233476027161494                       0
                 6.59375       2.282563412373834                       0
                 6.59375       2.331650797586175                       0
                 6.59375       2.380738182798515                       0
                 6.59375       2.429825568010856                       0
                 6.59375       2.478912953223196                       0
                 6.59375       2.528000338435537                       0
                 6.59375       2.577087723647877                       0
                 6.59375       2.626175108860218                       0
                 6.59375       2.675262494072558                       0
                 6.59375       2.724349879284899                       0
                 6.59375       2.773437264497239                       0
                 6.59375        2.82252464970958                       0
                 6.59375        2.87161203492192                       0
                 6.59375       2.920699420134261                       0
                 6.59375       2.969786805346601                       0
                 6.59375       3.018874190558942                       0
                 6.59375       3.067961575771282                       0
                 6.59375       3.117048960983623                       0

                 6.65625     0.02454369260617026                       0
                 6.65625     0.07363107781851078                       0
                 6.65625      0.1227184630308513                       0
                 6.65625      0.1718058482431918                       0
                 6.65625      0.2208932334555323                       0
                 6.65625      0.2699806186678728                       0
                 6.65625      0.3190680038802134                       0
                 6.65625      0.3681553890925539                       0
                 6.65625      0.4172427743048944                       0
                 6.65625      0.4663301595172349                       0
                 6.65625      0.5154175447295755                       0
                 6.65625      0.5645049299419159                       0
                 6.65625      0.6135923151542565                       0
                 6.65625       0.662679700366597                       0
                 6.65625      0.7117670855789375                       0
                 6.65625       0.760854470791278                       0
                 6.65625      0.8099418560036186                       0
                 6.65625       0.859029241215959                       0
                 6.65625      0.9081166264282996                       0
                 6.65625      0.9572040116406401                       0
                 6.65625       1.006291396852981                       0
                 6.65625       1.055378782065321                       0
                 6.65625       1.104466167277662                       0
                 6.65625       1.153553552490002                       0
                 6.65625       1.202640937702343                       0
                 6.65625       1.251728322914683                       0
                 6.65625       1.300815708127024                       0
                 6.65625       1.349903093339364                       0
                 6.65625       1.398990478551705                       0
                 6.65625       1.448077863764045                       0
                 6.65625       1.497165248976386                       0
                 6.65625       1.546252634188726                       0
                 6.65625       1.595340019401067                       0
                 6.65625       1.644427404613407                       0
                 6.65625       1.693514789825748                       0
                 6.65625       1.742602175038088                       0
                 6.65625       1.791689560250429                       0
                 6.65625       1.840776945462769                       0
                 6.65625        1.88986433067511                       0
                 6.65625       1.938951715887451                       0
                 6.65625       1.988039101099791                       0
                 6.65625       2.037126486312132                       0
                 6.65625       2.086213871524472                       0
                 6.65625       2.135301256736812                       0
                 6.65625       2.184388641949153                       0
                 6.65625       2.233476027161494                       0
                 6.65625       2.282563412373834                       0
                 6.65625       2.331650797586175                       0
                 6.65625       2.380738182798515                       0
                 6.65625       2.429825568010856                       0
                 6.65625       2.478912953223196                       0
                 6.65625       2.528000338435537                       0
                 6.65625       2.577087723647877                       0
                 6.65625       2.626175108860218                       0
                 6.65625       2.675262494072558                       0
                 6.65625       2.724349879284899                       0
                 6.65625       2.773437264497239                       0
                 6.65625        2.82252464970958                       0
                 6.65625        2.87161203492192                       0
                 6.65625       2.920699420134261                       0
                 6.65625       2.969786805346601                       0
                 6.65625       3.018874190558942                       0
                 6.65625       3.067961575771282                       0
                 6.65625       3.117048960983623                       0

                 6.71875     0.02454369260617026                       0
                 6.71875     0.07363107781851078                       0
                 6.71875      0.1227184630308513                       0
                 6.71875      0.1718058482431918                       0
                 6.71875      0.2208932334555323                       0
                 6.71875      0.2699806186678728                       0
                 6.71875      0.3190680038802134                       0
                 6.71875      0.3681553890925539                       0
                 6.71875      0.4172427743048944                       0
                 6.71875      0.4663301595172349                       0
                 6.71875      0.5154175447295755                       0
                 6.71875      0.5645049299419159                       0
                 6.71875      0.6135923151542565                       0
                 6.71875       0.662679700366597                       0
                 6.71875      0.7117670855789375                       0
                 6.71875       0.760854470791278                       0
                 6.71875      0.8099418560036186                       0
                 6.71875       0.859029241215959                       0
                 6.71875      0.9081166264282996                       0
                 6.71875      0.9572040116406401                       0
                 6.71875       1.006291396852981                       0
                 6.71875       1.055378782065321                       0
                 6.71875       1.104466167277662                       0
                 6.71875       1.153553552490002                       0
                 6.71875       1.202640937702343                       0
                 6.71875       1.251728322914683                       0
                 6.71875       1.300815708127024                       0
                 6.71875       1.349903093339364                       0
                 6.71875       1.398990478551705                       0
                 6.71875       1.448077863764045                       0
                 6.71875       1.497165248976386                       0
                 6.71875       1.546252634188726                       0
                 6.71875       1.595340019401067                       0
                 6.71875       1.644427404613407                       0
                 6.71875       1.693514789825748                       0
                 6.71875       1.742602175038088                       0
                 6.71875       1.791689560250429                       0
                 6.71875       1.840776945462769                       0
                 6.71875        1.88986433067511                       0
                 6.71875       1.938951715887451                       0
                 6.71875       1.988039101099791                       0
                 6.71875       2.037126486312132                       0
                 6.71875       2.086213871524472                       0
                 6.71875       2.135301256736812                       0
                 6.71875       2.184388641949153                       0
                 6.71875       2.233476027161494                       0
                 6.71875       2.282563412373834                       0
                 6.71875       2.331650797586175                       0
                 6.71875       2.380738182798515                       0
                 6.71875       2.429825568010856                       0
                 6.71875       2.478912953223196                       0
                 6.71875       2.528000338435537                       0
                 6.71875       2.577087723647877                       0
                 6.71875       2.626175108860218                       0
                 6.71875       2.675262494072558                       0
                 6.71875       2.724349879284899                       0
                 6.71875       2.773437264497239                       0
                 6.71875        2.82252464970958                       0
                 6.71875        2.87161203492192                       0
                 6.71875       2.920699420134261                       0
                 6.71875       2.969786805346601                       0
                 6.71875       3.018874190558942                       0
                 6.71875       3.067961575771282                       0
                 6.71875       3.117048960983623                       0

                 6.78125     0.02454369260617026                       0
                 6.78125     0.07363107781851078                       0
                 6.78125      0.1227184630308513                       0
                 6.78125      0.1718058482431918                       0
                 6.78125      0.2208932334555323                       0
                 6.78125      0.2699806186678728                       0
                 6.78125      0.3190680038802134                       0
                 6.78125      0.3681553890925539                       0
                 6.78125      0.4172427743048944                       0
                 6.78125      0.4663301595172349                       0
                 6.78125      0.5154175447295755                       0
                 6.78125      0.5645049299419159                       0
                 6.78125      0.6135923151542565                       0
                 6.78125       0.662679700366597                       0
                 6.78125      0.7117670855789375                       0
                 6.78125       0.760854470791278                       0
                 6.78125      0.8099418560036186                       0
                 6.78125       0.859029241215959                       0
                 6.78125      0.9081166264282996                       0
                 6.78125      0.9572040116406401                       0
                 6.78125       1.006291396852981                       0
                 6.78125       1.055378782065321                       0
                 6.78125       1.104466167277662                       0
                 6.78125       1.153553552490002                       0
                 6.78125       1.202640937702343                       0
                 6.78125       1.251728322914683                       0
                 6.78125       1.300815708127024                       0
                 6.78125       1.349903093339364                       0
                 6.78125       1.398990478551705                       0
                 6.78125       1.448077863764045                       0
                 6.78125       1.497165248976386                       0
                 6.78125       1.546252634188726                       0
                 6.78125       1.595340019401067                       0
                 6.78125       1.644427404613407                       0
                 6.78125       1.693514789825748                       0
                 6.78125       1.742602175038088                       0
                 6.78125       1.791689560250429                       0
                 6.78125       1.840776945462769                       0
                 6.78125        1.88986433067511                       0
                 6.78125       1.938951715887451                       0
                 6.78125       1.988039101099791                       0
                 6.78125       2.037126486312132                       0
                 6.78125       2.086213871524472                       0
                 6.78125       2.135301256736812                       0
                 6.78125       2.184388641949153                       0
                 6.78125       2.233476027161494                       0
                 6.78125       2.282563412373834                       0
                 6.78125       2.331650797586175                       0
                 6.78125       2.380738182798515                       0
                 6.78125       2.429825568010856                       0
                 6.78125       2.478912953223196                       0
                 6.78125       2.528000338435537                       0
                 6.78125       2.577087723647877                       0
                 6.78125       2.626175108860218                       0
                 6.78125       2.675262494072558                       0
                 6.78125       2.724349879284899                       0
                 6.78125       2.773437264497239                       0
                 6.78125        2.82252464970958                       0
                 6.78125        2.87161203492192                       0
                 6.78125       2.920699420134261                       0
                 6.78125       2.969786805346601                       0
                 6.78125       3.018874190558942                       0
                 6.78125       3.067961575771282                       0
                 6.78125       3.117048960983623                       0

                 6.84375     0.02454369260617026                       0
                 6.84375     0.07363107781851078                       0
                 6.84375      0.1227184630308513                       0
                 6.84375      0.1718058482431918                       0
                 6.84375      0.2208932334555323                       0
                 6.84375      0.2699806186678728                       0
                 6.84375      0.3190680038802134                       0
                 6.84375      0.3681553890925539                       0
                 6.84375      0.4172427743048944                       0
                 6.84375      0.4663301595172349                       0
                 6.84375      0.5154175447295755                       0
                 6.84375      0.5645049299419159                       0
                 6.84375      0.6135923151542565                       0
                 6.84375       0.662679700366597                       0
                 6.84375      0.7117670855789375                       0
                 6.84375       0.760854470791278                       0
                 6.84375      0.8099418560036186                       0
                 6.84375       0.859029241215959                       0
                 6.84375      0.9081166264282996                       0
                 6.84375      0.9572040116406401                       0
                 6.84375       1.006291396852981                       0
                 6.84375       1.055378782065321                       0
                 6.84375       1.104466167277662                       0
                 6.84375       1.153553552490002                       0
                 6.84375       1.202640937702343                       0
                 6.84375       1.251728322914683                       0
                 6.84375       1.300815708127024                       0
                 6.84375       1.349903093339364                       0
                 6.84375       1.398990478551705                       0
                 6.84375       1.448077863764045                       0
                 6.84375       1.497165248976386                       0
                 6.84375       1.546252634188726                       0
                 6.84375       1.595340019401067                       0
                 6.84375       1.644427404613407                       0
                 6.84375       1.693514789825748                       0
                 6.84375       1.742602175038088                       0
                 6.84375       1.791689560250429                       0
                 6.84375       1.840776945462769                       0
                 6.84375        1.88986433067511                       0
                 6.84375       1.938951715887451                       0
                 6.84375       1.988039101099791                       0
                 6.84375       2.037126486312132                       0
                 6.84375       2.086213871524472                       0
                 6.84375       2.135301256736812                       0
                 6.84375       2.184388641949153                       0
                 6.84375       2.233476027161494                       0
                 6.84375       2.282563412373834                       0
                 6.84375       2.331650797586175                       0
                 6.84375       2.380738182798515                       0
                 6.84375       2.429825568010856                       0
                 6.84375       2.478912953223196                       0
                 6.84375       2.528000338435537                       0
                 6.84375       2.577087723647877                       0
                 6.84375       2.626175108860218                       0
                 6.84375       2.675262494072558                       0
                 6.84375       2.724349879284899                       0
                 6.84375       2.773437264497239                       0
                 6.84375        2.82252464970958                       0
                 6.84375        2.87161203492192                       0
                 6.84375       2.920699420134261                       0
                 6.84375       2.969786805346601                       0
                 6.84375       3.018874190558942                       0
                 6.84375       3.067961575771282                       0
                 6.84375       3.117048960983623                       0

                 6.90625     0.02454369260617026                       0
                 6.90625     0.07363107781851078                       0
                 6.90625      0.1227184630308513                       0
                 6.90625      0.1718058482431918                       0
                 6.90625      0.2208932334555323                       0
                 6.90625      0.2699806186678728                       0
                 6.90625      0.3190680038802134                       0
                 6.90625      0.3681553890925539                       0
                 6.90625      0.4172427743048944                       0
                 6.90625      0.4663301595172349                       0
                 6.90625      0.5154175447295755                       0
                 6.90625      0.5645049299419159                       0
                 6.90625      0.6135923151542565                       0
                 6.90625       0.662679700366597                       0
                 6.90625      0.7117670855789375                       0
                 6.90625       0.760854470791278                       0
                 6.90625      0.8099418560036186                       0
                 6.90625       0.859029241215959                       0
                 6.90625      0.9081166264282996                       0
                 6.90625      0.9572040116406401                       0
                 6.90625       1.006291396852981                       0
                 6.90625       1.055378782065321                       0
                 6.90625       1.104466167277662                       0
                 6.90625       1.153553552490002                       0
                 6.90625       1.202640937702343                       0
                 6.90625       1.251728322914683                       0
                 6.90625       1.300815708127024                       0
                 6.90625       1.349903093339364                       0
                 6.90625       1.398990478551705                       0
                 6.90625       1.448077863764045                       0
                 6.90625       1.497165248976386                       0
                 6.90625       1.546252634188726                       0
                 6.90625       1.595340019401067                       0
                 6.90625       1.644427404613407                       0
                 6.90625       1.693514789825748                       0
                 6.90625       1.742602175038088                       0
                 6.90625       1.791689560250429                       0
                 6.90625       1.840776945462769                       0
                 6.90625        1.88986433067511                       0
                 6.90625       1.938951715887451                       0
                 6.90625       1.988039101099791                       0
                 6.90625       2.037126486312132                       0
                 6.90625       2.086213871524472                       0
                 6.90625       2.135301256736812                       0
                 6.90625       2.184388641949153                       0
                 6.90625       2.233476027161494                       0
                 6.90625       2.282563412373834                       0
                 6.90625       2.331650797586175                       0
                 6.90625       2.380738182798515                       0
                 6.90625       2.429825568010856                       0
                 6.90625       2.478912953223196                       0
                 6.90625       2.528000338435537                       0
                 6.90625       2.577087723647877                       0
                 6.90625       2.626175108860218                       0
                 6.90625       2.675262494072558                       0
                 6.90625       2.724349879284899                       0
                 6.90625       2.773437264497239                       0
                 6.90625        2.82252464970958                       0
                 6.90625        2.87161203492192                       0
                 6.90625       2.920699420134261                       0
                 6.90625       2.969786805346601                       0
                 6.90625       3.018874190558942                       0
                 6.90625       3.067961575771282                       0
                 6.90625       3.117048960983623                       0

                 6.96875     0.02454369260617026                       0
                 6.96875     0.07363107781851078                       0
                 6.96875      0.1227184630308513                       0
                 6.96875      0.1718058482431918                       0
                 6.96875      0.2208932334555323                       0
                 6.96875      0.2699806186678728                       0
                 6.96875      0.3190680038802134                       0
                 6.96875      0.3681553890925539                       0
                 6.96875      0.4172427743048944                       0
                 6.96875      0.4663301595172349                       0
                 6.96875      0.5154175447295755                       0
                 6.96875      0.5645049299419159                       0
                 6.96875      0.6135923151542565                       0
                 6.96875       0.662679700366597                       0
                 6.96875      0.7117670855789375                       0
                 6.96875       0.760854470791278                       0
                 6.96875      0.8099418560036186                       0
                 6.96875       0.859029241215959                       0
                 6.96875      0.9081166264282996                       0
                 6.96875      0.9572040116406401                       0
                 6.96875       1.006291396852981                       0
                 6.96875       1.055378782065321                       0
                 6.96875       1.104466167277662                       0
                 6.96875       1.153553552490002                       0
                 6.96875       1.202640937702343                       0
                 6.96875       1.251728322914683                       0
                 6.96875       1.300815708127024                       0
                 6.96875       1.349903093339364                       0
                 6.96875       1.398990478551705                       0
                 6.96875       1.448077863764045                       0
                 6.96875       1.497165248976386                       0
                 6.96875       1.546252634188726                       0
                 6.96875       1.595340019401067                       0
                 6.96875       1.644427404613407                       0
                 6.96875       1.693514789825748                       0
                 6.96875       1.742602175038088                       0
                 6.96875       1.791689560250429                       0
                 6.96875       1.840776945462769                       0
                 6.96875        1.88986433067511                       0
                 6.96875       1.938951715887451                       0
                 6.96875       1.988039101099791                       0
                 6.96875       2.037126486312132                       0
                 6.96875       2.086213871524472                       0
                 6.96875       2.135301256736812                       0
                 6.96875       2.184388641949153                       0
                 6.96875       2.233476027161494                       0
                 6.96875       2.282563412373834                       0
                 6.96875       2.331650797586175                       0
                 6.96875       2.380738182798515                       0
                 6.96875       2.429825568010856                       0
                 6.96875       2.478912953223196                       0
                 6.96875       2.528000338435537                       0
                 6.96875       2.577087723647877                       0
                 6.96875       2.626175108860218                       0
                 6.96875       2.675262494072558                       0
                 6.96875       2.724349879284899                       0
                 6.96875       2.773437264497239                       0
                 6.96875        2.82252464970958                       0
                 6.96875        2.87161203492192                       0
                 6.96875       2.920699420134261                       0
                 6.96875       2.969786805346601                       0
                 6.96875       3.018874190558942                       0
                 6.96875       3.067961575771282                       0
                 6.96875       3.117048960983623                       0

                 7.03125     0.02454369260617026                       0
                 7.03125     0.07363107781851078                       0
                 7.03125      0.1227184630308513                       0
                 7.03125      0.1718058482431918                       0
                 7.03125      0.2208932334555323                       0
                 7.03125      0.2699806186678728                       0
                 7.03125      0.3190680038802134                       0
                 7.03125      0.3681553890925539                       0
                 7.03125      0.4172427743048944                       0
                 7.03125      0.4663301595172349                       0
                 7.03125      0.5154175447295755                       0
                 7.03125      0.5645049299419159                       0
                 7.03125      0.6135923151542565                       0
                 7.03125       0.662679700366597                       0
                 7.03125      0.7117670855789375                       0
                 7.03125       0.760854470791278                       0
                 7.03125      0.8099418560036186                       0
                 7.03125       0.859029241215959                       0
                 7.03125      0.9081166264282996                       0
                 7.03125      0.9572040116406401                       0
                 7.03125       1.006291396852981                       0
                 7.03125       1.055378782065321                       0
                 7.03125       1.104466167277662                       0
                 7.03125       1.153553552490002                       0
                 7.03125       1.202640937702343                       0
                 7.03125       1.251728322914683                       0
                 7.03125       1.300815708127024                       0
                 7.03125       1.349903093339364                       0
                 7.03125       1.398990478551705                       0
                 7.03125       1.448077863764045                       0
                 7.03125       1.497165248976386                       0
                 7.03125       1.546252634188726                       0
                 7.03125       1.595340019401067                       0
                 7.03125       1.644427404613407                       0
                 7.03125       1.693514789825748                       0
                 7.03125       1.742602175038088                       0
                 7.03125       1.791689560250429                       0
                 7.03125       1.840776945462769                       0
                 7.03125        1.88986433067511                       0
                 7.03125       1.938951715887451                       0
                 7.03125       1.988039101099791                       0
                 7.03125       2.037126486312132                       0
                 7.03125       2.086213871524472                       0
                 7.03125       2.135301256736812                       0
                 7.03125       2.184388641949153                       0
                 7.03125       2.233476027161494                       0
                 7.03125       2.282563412373834                       0
                 7.03125       2.331650797586175                       0
                 7.03125       2.380738182798515                       0
                 7.03125       2.429825568010856                       0
                 7.03125       2.478912953223196                       0
                 7.03125       2.528000338435537                       0
                 7.03125       2.577087723647877                       0
                 7.03125       2.626175108860218                       0
                 7.03125       2.675262494072558                       0
                 7.03125       2.724349879284899                       0
                 7.03125       2.773437264497239                       0
                 7.03125        2.82252464970958                       0
                 7.03125        2.87161203492192                       0
                 7.03125       2.920699420134261                       0
                 7.03125       2.969786805346601                       0
                 7.03125       3.018874190558942                       0
                 7.03125       3.067961575771282                       0
                 7.03125       3.117048960983623                       0

                 7.09375     0.02454369260617026                       0
                 7.09375     0.07363107781851078                       0
                 7.09375      0.1227184630308513                       0
                 7.09375      0.1718058482431918                       0
                 7.09375      0.2208932334555323                       0
                 7.09375      0.2699806186678728                       0
                 7.09375      0.3190680038802134                       0
                 7.09375      0.3681553890925539                       0
                 7.09375      0.4172427743048944                       0
                 7.09375      0.4663301595172349                       0
                 7.09375      0.5154175447295755                       0
                 7.09375      0.5645049299419159                       0
                 7.09375      0.6135923151542565                       0
                 7.09375       0.662679700366597                       0
                 7.09375      0.7117670855789375                       0
                 7.09375       0.760854470791278                       0
                 7.09375      0.8099418560036186                       0
                 7.09375       0.859029241215959                       0
                 7.09375      0.9081166264282996                       0
                 7.09375      0.9572040116406401                       0
                 7.09375       1.006291396852981                       0
                 7.09375       1.055378782065321                       0
                 7.09375       1.104466167277662                       0
                 7.09375       1.153553552490002                       0
                 7.09375       1.202640937702343                       0
                 7.09375       1.251728322914683                       0
                 7.09375       1.300815708127024                       0
                 7.09375       1.349903093339364                       0
                 7.09375       1.398990478551705                       0
                 7.09375       1.448077863764045                       0
                 7.09375       1.497165248976386                       0
                 7.09375       1.546252634188726                       0
                 7.09375       1.595340019401067                       0
                 7.09375       1.644427404613407                       0
                 7.09375       1.693514789825748                       0
                 7.09375       1.742602175038088                       0
                 7.09375       1.791689560250429                       0
                 7.09375       1.840776945462769                       0
                 7.09375        1.88986433067511                       0
                 7.09375       1.938951715887451                       0
                 7.09375       1.988039101099791                       0
                 7.09375       2.037126486312132                       0
                 7.09375       2.086213871524472                       0
                 7.09375       2.135301256736812                       0
                 7.09375       2.184388641949153                       0
                 7.09375       2.233476027161494                       0
                 7.09375       2.282563412373834                       0
                 7.09375       2.331650797586175                       0
                 7.09375       2.380738182798515                       0
                 7.09375       2.429825568010856                       0
                 7.09375       2.478912953223196                       0
                 7.09375       2.528000338435537                       0
                 7.09375       2.577087723647877                       0
                 7.09375       2.626175108860218                       0
                 7.09375       2.675262494072558                       0
                 7.09375       2.724349879284899                       0
                 7.09375       2.773437264497239                       0
                 7.09375        2.82252464970958                       0
                 7.09375        2.87161203492192                       0
                 7.09375       2.920699420134261                       0
                 7.09375       2.969786805346601                       0
                 7.09375       3.018874190558942                       0
                 7.09375       3.067961575771282                       0
                 7.09375       3.117048960983623                       0

                 7.15625     0.02454369260617026                       0
                 7.15625     0.07363107781851078                       0
                 7.15625      0.1227184630308513                       0
                 7.15625      0.1718058482431918                       0
                 7.15625      0.2208932334555323                       0
                 7.15625      0.2699806186678728                       0
                 7.15625      0.3190680038802134                       0
                 7.15625      0.3681553890925539                       0
                 7.15625      0.4172427743048944                       0
                 7.15625      0.4663301595172349                       0
                 7.15625      0.5154175447295755                       0
                 7.15625      0.5645049299419159                       0
                 7.15625      0.6135923151542565                       0
                 7.15625       0.662679700366597                       0
                 7.15625      0.7117670855789375                       0
                 7.15625       0.760854470791278                       0
                 7.15625      0.8099418560036186                       0
                 7.15625       0.859029241215959                       0
                 7.15625      0.9081166264282996                       0
                 7.15625      0.9572040116406401                       0
                 7.15625       1.006291396852981                       0
                 7.15625       1.055378782065321                       0
                 7.15625       1.104466167277662                       0
                 7.15625       1.153553552490002                       0
                 7.15625       1.202640937702343                       0
                 7.15625       1.251728322914683                       0
                 7.15625       1.300815708127024                       0
                 7.15625       1.349903093339364                       0
                 7.15625       1.398990478551705                       0
                 7.15625       1.448077863764045                       0
                 7.15625       1.497165248976386                       0
                 7.15625       1.546252634188726                       0
                 7.15625       1.595340019401067                       0
                 7.15625       1.644427404613407                       0
                 7.15625       1.693514789825748                       0
                 7.15625       1.742602175038088                       0
                 7.15625       1.791689560250429                       0
                 7.15625       1.840776945462769                       0
                 7.15625        1.88986433067511                       0
                 7.15625       1.938951715887451                       0
                 7.15625       1.988039101099791                       0
                 7.15625       2.037126486312132                       0
                 7.15625       2.086213871524472                       0
                 7.15625       2.135301256736812                       0
                 7.15625       2.184388641949153                       0
                 7.15625       2.233476027161494                       0
                 7.15625       2.282563412373834                       0
                 7.15625       2.331650797586175                       0
                 7.15625       2.380738182798515                       0
                 7.15625       2.429825568010856                       0
                 7.15625       2.478912953223196                       0
                 7.15625       2.528000338435537                       0
                 7.15625       2.577087723647877                       0
                 7.15625       2.626175108860218                       0
                 7.15625       2.675262494072558                       0
                 7.15625       2.724349879284899                       0
                 7.15625       2.773437264497239                       0
                 7.15625        2.82252464970958                       0
                 7.15625        2.87161203492192                       0
                 7.15625       2.920699420134261                       0
                 7.15625       2.969786805346601                       0
                 7.15625       3.018874190558942                       0
                 7.15625       3.067961575771282                       0
                 7.15625       3.117048960983623                       0

                 7.21875     0.02454369260617026                       0
                 7.21875     0.07363107781851078                       0
                 7.21875      0.1227184630308513                       0
                 7.21875      0.1718058482431918                       0
                 7.21875      0.2208932334555323                       0
                 7.21875      0.2699806186678728                       0
                 7.21875      0.3190680038802134                       0
                 7.21875      0.3681553890925539                       0
                 7.21875      0.4172427743048944                       0
                 7.21875      0.4663301595172349                       0
                 7.21875      0.5154175447295755                       0
                 7.21875      0.5645049299419159                       0
                 7.21875      0.6135923151542565                       0
                 7.21875       0.662679700366597                       0
                 7.21875      0.7117670855789375                       0
                 7.21875       0.760854470791278                       0
                 7.21875      0.8099418560036186                       0
                 7.21875       0.859029241215959                       0
                 7.21875      0.9081166264282996                       0
                 7.21875      0.9572040116406401                       0
                 7.21875       1.006291396852981                       0
                 7.21875       1.055378782065321                       0
                 7.21875       1.104466167277662                       0
                 7.21875       1.153553552490002                       0
                 7.21875       1.202640937702343                       0
                 7.21875       1.251728322914683                       0
                 7.21875       1.300815708127024                       0
                 7.21875       1.349903093339364                       0
                 7.21875       1.398990478551705                       0
                 7.21875       1.448077863764045                       0
                 7.21875       1.497165248976386                       0
                 7.21875       1.546252634188726                       0
                 7.21875       1.595340019401067                       0
                 7.21875       1.644427404613407                       0
                 7.21875       1.693514789825748                       0
                 7.21875       1.742602175038088                       0
                 7.21875       1.791689560250429                       0
                 7.21875       1.840776945462769                       0
                 7.21875        1.88986433067511                       0
                 7.21875       1.938951715887451                       0
                 7.21875       1.988039101099791                       0
                 7.21875       2.037126486312132                       0
                 7.21875       2.086213871524472                       0
                 7.21875       2.135301256736812                       0
                 7.21875       2.184388641949153                       0
                 7.21875       2.233476027161494                       0
                 7.21875       2.282563412373834                       0
                 7.21875       2.331650797586175                       0
                 7.21875       2.380738182798515                       0
                 7.21875       2.429825568010856                       0
                 7.21875       2.478912953223196                       0
                 7.21875       2.528000338435537                       0
                 7.21875       2.577087723647877                       0
                 7.21875       2.626175108860218                       0
                 7.21875       2.675262494072558                       0
                 7.21875       2.724349879284899                       0
                 7.21875       2.773437264497239                       0
                 7.21875        2.82252464970958                       0
                 7.21875        2.87161203492192                       0
                 7.21875       2.920699420134261                       0
                 7.21875       2.969786805346601                       0
                 7.21875       3.018874190558942                       0
                 7.21875       3.067961575771282                       0
                 7.21875       3.117048960983623                       0

                 7.28125     0.02454369260617026                       0
                 7.28125     0.07363107781851078                       0
                 7.28125      0.1227184630308513                       0
                 7.28125      0.1718058482431918                       0
                 7.28125      0.2208932334555323                       0
                 7.28125      0.2699806186678728                       0
                 7.28125      0.3190680038802134                       0
                 7.28125      0.3681553890925539                       0
                 7.28125      0.4172427743048944                       0
                 7.28125      0.4663301595172349                       0
                 7.28125      0.5154175447295755                       0
                 7.28125      0.5645049299419159                       0
                 7.28125      0.6135923151542565                       0
                 7.28125       0.662679700366597                       0
                 7.28125      0.7117670855789375                       0
                 7.28125       0.760854470791278                       0
                 7.28125      0.8099418560036186                       0
                 7.28125       0.859029241215959                       0
                 7.28125      0.9081166264282996                       0
                 7.28125      0.9572040116406401                       0
                 7.28125       1.006291396852981                       0
                 7.28125       1.055378782065321                       0
                 7.28125       1.104466167277662                       0
                 7.28125       1.153553552490002                       0
                 7.28125       1.202640937702343                       0
                 7.28125       1.251728322914683                       0
                 7.28125       1.300815708127024                       0
                 7.28125       1.349903093339364                       0
                 7.28125       1.398990478551705                       0
                 7.28125       1.448077863764045                       0
                 7.28125       1.497165248976386                       0
                 7.28125       1.546252634188726                       0
                 7.28125       1.595340019401067                       0
                 7.28125       1.644427404613407                       0
                 7.28125       1.693514789825748                       0
                 7.28125       1.742602175038088                       0
                 7.28125       1.791689560250429                       0
                 7.28125       1.840776945462769                       0
                 7.28125        1.88986433067511                       0
                 7.28125       1.938951715887451                       0
                 7.28125       1.988039101099791                       0
                 7.28125       2.037126486312132                       0
                 7.28125       2.086213871524472                       0
                 7.28125       2.135301256736812                       0
                 7.28125       2.184388641949153                       0
                 7.28125       2.233476027161494                       0
                 7.28125       2.282563412373834                       0
                 7.28125       2.331650797586175                       0
                 7.28125       2.380738182798515                       0
                 7.28125       2.429825568010856                       0
                 7.28125       2.478912953223196                       0
                 7.28125       2.528000338435537                       0
                 7.28125       2.577087723647877                       0
                 7.28125       2.626175108860218                       0
                 7.28125       2.675262494072558                       0
                 7.28125       2.724349879284899                       0
                 7.28125       2.773437264497239                       0
                 7.28125        2.82252464970958                       0
                 7.28125        2.87161203492192                       0
                 7.28125       2.920699420134261                       0
                 7.28125       2.969786805346601                       0
                 7.28125       3.018874190558942                       0
                 7.28125       3.067961575771282                       0
                 7.28125       3.117048960983623                       0

                 7.34375     0.02454369260617026                       0
                 7.34375     0.07363107781851078                       0
                 7.34375      0.1227184630308513                       0
                 7.34375      0.1718058482431918                       0
                 7.34375      0.2208932334555323                       0
                 7.34375      0.2699806186678728                       0
                 7.34375      0.3190680038802134                       0
                 7.34375      0.3681553890925539                       0
                 7.34375      0.4172427743048944                       0
                 7.34375      0.4663301595172349                       0
                 7.34375      0.5154175447295755                       0
                 7.34375      0.5645049299419159                       0
                 7.34375      0.6135923151542565                       0
                 7.34375       0.662679700366597                       0
                 7.34375      0.7117670855789375                       0
                 7.34375       0.760854470791278                       0
                 7.34375      0.8099418560036186                       0
                 7.34375       0.859029241215959                       0
                 7.34375      0.9081166264282996                       0
                 7.34375      0.9572040116406401                       0
                 7.34375       1.006291396852981                       0
                 7.34375       1.055378782065321                       0
                 7.34375       1.104466167277662                       0
                 7.34375       1.153553552490002                       0
                 7.34375       1.202640937702343                       0
                 7.34375       1.251728322914683                       0
                 7.34375       1.300815708127024                       0
                 7.34375       1.349903093339364                       0
                 7.34375       1.398990478551705                       0
                 7.34375       1.448077863764045                       0
                 7.34375       1.497165248976386                       0
                 7.34375       1.546252634188726                       0
                 7.34375       1.595340019401067                       0
                 7.34375       1.644427404613407                       0
                 7.34375       1.693514789825748                       0
                 7.34375       1.742602175038088                       0
                 7.34375       1.791689560250429                       0
                 7.34375       1.840776945462769                       0
                 7.34375        1.88986433067511                       0
                 7.34375       1.938951715887451                       0
                 7.34375       1.988039101099791                       0
                 7.34375       2.037126486312132                       0
                 7.34375       2.086213871524472                       0
                 7.34375       2.135301256736812                       0
                 7.34375       2.184388641949153                       0
                 7.34375       2.233476027161494                       0
                 7.34375       2.282563412373834                       0
                 7.34375       2.331650797586175                       0
                 7.34375       2.380738182798515                       0
                 7.34375       2.429825568010856                       0
                 7.34375       2.478912953223196                       0
                 7.34375       2.528000338435537                       0
                 7.34375       2.577087723647877                       0
                 7.34375       2.626175108860218                       0
                 7.34375       2.675262494072558                       0
                 7.34375       2.724349879284899                       0
                 7.34375       2.773437264497239                       0
                 7.34375        2.82252464970958                       0
                 7.34375        2.87161203492192                       0
                 7.34375       2.920699420134261                       0
                 7.34375       2.969786805346601                       0
                 7.34375       3.018874190558942                       0
                 7.34375       3.067961575771282                       0
                 7.34375       3.117048960983623                       0

                 7.40625     0.02454369260617026                       0
                 7.40625     0.07363107781851078                       0
                 7.40625      0.1227184630308513                       0
                 7.40625      0.1718058482431918                       0
                 7.40625      0.2208932334555323                       0
                 7.40625      0.2699806186678728                       0
                 7.40625      0.3190680038802134                       0
                 7.40625      0.3681553890925539                       0
                 7.40625      0.4172427743048944                       0
                 7.40625      0.4663301595172349                       0
                 7.40625      0.5154175447295755                       0
                 7.40625      0.5645049299419159                       0
                 7.40625      0.6135923151542565                       0
                 7.40625       0.662679700366597                       0
                 7.40625      0.7117670855789375                       0
                 7.40625       0.760854470791278                       0
                 7.40625      0.8099418560036186                       0
                 7.40625       0.859029241215959                       0
                 7.40625      0.9081166264282996                       0
                 7.40625      0.9572040116406401                       0
                 7.40625       1.006291396852981                       0
                 7.40625       1.055378782065321                       0
                 7.40625       1.104466167277662                       0
                 7.40625       1.153553552490002                       0
                 7.40625       1.202640937702343                       0
                 7.40625       1.251728322914683                       0
                 7.40625       1.300815708127024                       0
                 7.40625       1.349903093339364                       0
                 7.40625       1.398990478551705                       0
                 7.40625       1.448077863764045                       0
                 7.40625       1.497165248976386                       0
                 7.40625       1.546252634188726                       0
                 7.40625       1.595340019401067                       0
                 7.40625       1.644427404613407                       0
                 7.40625       1.693514789825748                       0
                 7.40625       1.742602175038088                       0
                 7.40625       1.791689560250429                       0
                 7.40625       1.840776945462769                       0
                 7.40625        1.88986433067511                       0
                 7.40625       1.938951715887451                       0
                 7.40625       1.988039101099791                       0
                 7.40625       2.037126486312132                       0
                 7.40625       2.086213871524472                       0
                 7.40625       2.135301256736812                       0
                 7.40625       2.184388641949153                       0
                 7.40625       2.233476027161494                       0
                 7.40625       2.282563412373834                       0
                 7.40625       2.331650797586175                       0
                 7.40625       2.380738182798515                       0
                 7.40625       2.429825568010856                       0
                 7.40625       2.478912953223196                       0
                 7.40625       2.528000338435537                       0
                 7.40625       2.577087723647877                       0
                 7.40625       2.626175108860218                       0
                 7.40625       2.675262494072558                       0
                 7.40625       2.724349879284899                       0
                 7.40625       2.773437264497239                       0
                 7.40625        2.82252464970958                       0
                 7.40625        2.87161203492192                       0
                 7.40625       2.920699420134261                       0
                 7.40625       2.969786805346601                       0
                 7.40625       3.018874190558942                       0
                 7.40625       3.067961575771282                       0
                 7.40625       3.117048960983623                       0

                 7.46875     0.02454369260617026                       0
                 7.46875     0.07363107781851078                       0
                 7.46875      0.1227184630308513                       0
                 7.46875      0.1718058482431918                       0
                 7.46875      0.2208932334555323                       0
                 7.46875      0.2699806186678728                       0
                 7.46875      0.3190680038802134                       0
                 7.46875      0.3681553890925539                       0
                 7.46875      0.4172427743048944                       0
                 7.46875      0.4663301595172349                       0
                 7.46875      0.5154175447295755                       0
                 7.46875      0.5645049299419159                       0
                 7.46875      0.6135923151542565                       0
                 7.46875       0.662679700366597                       0
                 7.46875      0.7117670855789375                       0
                 7.46875       0.760854470791278                       0
                 7.46875      0.8099418560036186                       0
                 7.46875       0.859029241215959                       0
                 7.46875      0.9081166264282996                       0
                 7.46875      0.9572040116406401                       0
                 7.46875       1.006291396852981                       0
                 7.46875       1.055378782065321                       0
                 7.46875       1.104466167277662                       0
                 7.46875       1.153553552490002                       0
                 7.46875       1.202640937702343                       0
                 7.46875       1.251728322914683                       0
                 7.46875       1.300815708127024                       0
                 7.46875       1.349903093339364                       0
                 7.46875       1.398990478551705                       0
                 7.46875       1.448077863764045                       0
                 7.46875       1.497165248976386                       0
                 7.46875       1.546252634188726                       0
                 7.46875       1.595340019401067                       0
                 7.46875       1.644427404613407                       0
                 7.46875       1.693514789825748                       0
                 7.46875       1.742602175038088                       0
                 7.46875       1.791689560250429                       0
                 7.46875       1.840776945462769                       0
                 7.46875        1.88986433067511                       0
                 7.46875       1.938951715887451                       0
                 7.46875       1.988039101099791                       0
                 7.46875       2.037126486312132                       0
                 7.46875       2.086213871524472                       0
                 7.46875       2.135301256736812                       0
                 7.46875       2.184388641949153                       0
                 7.46875       2.233476027161494                       0
                 7.46875       2.282563412373834                       0
                 7.46875       2.331650797586175                       0
                 7.46875       2.380738182798515                       0
                 7.46875       2.429825568010856                       0
                 7.46875       2.478912953223196                       0
                 7.46875       2.528000338435537                       0
                 7.46875       2.577087723647877                       0
                 7.46875       2.626175108860218                       0
                 7.46875       2.675262494072558                       0
                 7.46875       2.724349879284899                       0
                 7.46875       2.773437264497239                       0
                 7.46875        2.82252464970958                       0
                 7.46875        2.87161203492192                       0
                 7.46875       2.920699420134261                       0
                 7.46875       2.969786805346601                       0
                 7.46875       3.018874190558942                       0
                 7.46875       3.067961575771282                       0
                 7.46875       3.117048960983623                       0

                 7.53125     0.02454369260617026                       0
                 7.53125     0.07363107781851078                       0
                 7.53125      0.1227184630308513                       0
                 7.53125      0.1718058482431918                       0
                 7.53125      0.2208932334555323                       0
                 7.53125      0.2699806186678728                       0
                 7.53125      0.3190680038802134                       0
                 7.53125      0.3681553890925539                       0
                 7.53125      0.4172427743048944                       0
                 7.53125      0.4663301595172349                       0
                 7.53125      0.5154175447295755                       0
                 7.53125      0.5645049299419159                       0
                 7.53125      0.6135923151542565                       0
                 7.53125       0.662679700366597                       0
                 7.53125      0.7117670855789375                       0
                 7.53125       0.760854470791278                       0
                 7.53125      0.8099418560036186                       0
                 7.53125       0.859029241215959                       0
                 7.53125      0.9081166264282996                       0
                 7.53125      0.9572040116406401                       0
                 7.53125       1.006291396852981                       0
                 7.53125       1.055378782065321                       0
                 7.53125       1.104466167277662                       0
                 7.53125       1.153553552490002                       0
                 7.53125       1.202640937702343                       0
                 7.53125       1.251728322914683                       0
                 7.53125       1.300815708127024                       0
                 7.53125       1.349903093339364                       0
                 7.53125       1.398990478551705                       0
                 7.53125       1.448077863764045                       0
                 7.53125       1.497165248976386                       0
                 7.53125       1.546252634188726                       0
                 7.53125       1.595340019401067                       0
                 7.53125       1.644427404613407                       0
                 7.53125       1.693514789825748                       0
                 7.53125       1.742602175038088                       0
                 7.53125       1.791689560250429                       0
                 7.53125       1.840776945462769                       0
                 7.53125        1.88986433067511                       0
                 7.53125       1.938951715887451                       0
                 7.53125       1.988039101099791                       0
                 7.53125       2.037126486312132                       0
                 7.53125       2.086213871524472                       0
                 7.53125       2.135301256736812                       0
                 7.53125       2.184388641949153                       0
                 7.53125       2.233476027161494                       0
                 7.53125       2.282563412373834                       0
                 7.53125       2.331650797586175                       0
                 7.53125       2.380738182798515                       0
                 7.53125       2.429825568010856                       0
                 7.53125       2.478912953223196                       0
                 7.53125       2.528000338435537                       0
                 7.53125       2.577087723647877                       0
                 7.53125       2.626175108860218                       0
                 7.53125       2.675262494072558                       0
                 7.53125       2.724349879284899                       0
                 7.53125       2.773437264497239                       0
                 7.53125        2.82252464970958                       0
                 7.53125        2.87161203492192                       0
                 7.53125       2.920699420134261                       0
                 7.53125       2.969786805346601                       0
                 7.53125       3.018874190558942                       0
                 7.53125       3.067961575771282                       0
                 7.53125       3.117048960983623                       0

                 7.59375     0.02454369260617026                       0
                 7.59375     0.07363107781851078                       0
                 7.59375      0.1227184630308513                       0
                 7.59375      0.1718058482431918                       0
                 7.59375      0.2208932334555323                       0
                 7.59375      0.2699806186678728                       0
                 7.59375      0.3190680038802134                       0
                 7.59375      0.3681553890925539                       0
                 7.59375      0.4172427743048944                       0
                 7.59375      0.4663301595172349                       0
                 7.59375      0.5154175447295755                       0
                 7.59375      0.5645049299419159                       0
                 7.59375      0.6135923151542565                       0
                 7.59375       0.662679700366597                       0
                 7.59375      0.7117670855789375                       0
                 7.59375       0.760854470791278                       0
                 7.59375      0.8099418560036186                       0
                 7.59375       0.859029241215959                       0
                 7.59375      0.9081166264282996                       0
                 7.59375      0.9572040116406401                       0
                 7.59375       1.006291396852981                       0
                 7.59375       1.055378782065321                       0
                 7.59375       1.104466167277662                       0
                 7.59375       1.153553552490002                       0
                 7.59375       1.202640937702343                       0
                 7.59375       1.251728322914683                       0
                 7.59375       1.300815708127024                       0
                 7.59375       1.349903093339364                       0
                 7.59375       1.398990478551705                       0
                 7.59375       1.448077863764045                       0
                 7.59375       1.497165248976386                       0
                 7.59375       1.546252634188726                       0
                 7.59375       1.595340019401067                       0
                 7.59375       1.644427404613407                       0
                 7.59375       1.693514789825748                       0
                 7.59375       1.742602175038088                       0
                 7.59375       1.791689560250429                       0
                 7.59375       1.840776945462769                       0
                 7.59375        1.88986433067511                       0
                 7.59375       1.938951715887451                       0
                 7.59375       1.988039101099791                       0
                 7.59375       2.037126486312132                       0
                 7.59375       2.086213871524472                       0
                 7.59375       2.135301256736812                       0
                 7.59375       2.184388641949153                       0
                 7.59375       2.233476027161494                       0
                 7.59375       2.282563412373834                       0
                 7.59375       2.331650797586175                       0
                 7.59375       2.380738182798515                       0
                 7.59375       2.429825568010856                       0
                 7.59375       2.478912953223196                       0
                 7.59375       2.528000338435537                       0
                 7.59375       2.577087723647877                       0
                 7.59375       2.626175108860218                       0
                 7.59375       2.675262494072558                       0
                 7.59375       2.724349879284899                       0
                 7.59375       2.773437264497239                       0
                 7.59375        2.82252464970958                       0
                 7.59375        2.87161203492192                       0
                 7.59375       2.920699420134261                       0
                 7.59375       2.969786805346601                       0
                 7.59375       3.018874190558942                       0
                 7.59375       3.067961575771282                       0
                 7.59375       3.117048960983623                       0

                 7.65625     0.02454369260617026                       0
                 7.65625     0.07363107781851078                       0
                 7.65625      0.1227184630308513                       0
                 7.65625      0.1718058482431918                       0
                 7.65625      0.2208932334555323                       0
                 7.65625      0.2699806186678728                       0
                 7.65625      0.3190680038802134                       0
                 7.65625      0.3681553890925539                       0
                 7.65625      0.4172427743048944                       0
                 7.65625      0.4663301595172349                       0
                 7.65625      0.5154175447295755                       0
                 7.65625      0.5645049299419159                       0
                 7.65625      0.6135923151542565                       0
                 7.65625       0.662679700366597                       0
                 7.65625      0.7117670855789375                       0
                 7.65625       0.760854470791278                       0
                 7.65625      0.8099418560036186                       0
                 7.65625       0.859029241215959                       0
                 7.65625      0.9081166264282996                       0
                 7.65625      0.9572040116406401                       0
                 7.65625       1.006291396852981                       0
                 7.65625       1.055378782065321                       0
                 7.65625       1.104466167277662                       0
                 7.65625       1.153553552490002                       0
                 7.65625       1.202640937702343                       0
                 7.65625       1.251728322914683                       0
                 7.65625       1.300815708127024                       0
                 7.65625       1.349903093339364                       0
                 7.65625       1.398990478551705                       0
                 7.65625       1.448077863764045                       0
                 7.65625       1.497165248976386                       0
                 7.65625       1.546252634188726                       0
                 7.65625       1.595340019401067                       0
                 7.65625       1.644427404613407                       0
                 7.65625       1.693514789825748                       0
                 7.65625       1.742602175038088                       0
                 7.65625       1.791689560250429                       0
                 7.65625       1.840776945462769                       0
                 7.65625        1.88986433067511                       0
                 7.65625       1.938951715887451                       0
                 7.65625       1.988039101099791                       0
                 7.65625       2.037126486312132                       0
                 7.65625       2.086213871524472                       0
                 7.65625       2.135301256736812                       0
                 7.65625       2.184388641949153                       0
                 7.65625       2.233476027161494                       0
                 7.65625       2.282563412373834                       0
                 7.65625       2.331650797586175                       0
                 7.65625       2.380738182798515                       0
                 7.65625       2.429825568010856                       0
                 7.65625       2.478912953223196                       0
                 7.65625       2.528000338435537                       0
                 7.65625       2.577087723647877                       0
                 7.65625       2.626175108860218                       0
                 7.65625       2.675262494072558                       0
                 7.65625       2.724349879284899                       0
                 7.65625       2.773437264497239                       0
                 7.65625        2.82252464970958                       0
                 7.65625        2.87161203492192                       0
                 7.65625       2.920699420134261                       0
                 7.65625       2.969786805346601                       0
                 7.65625       3.018874190558942                       0
                 7.65625       3.067961575771282                       0
                 7.65625       3.117048960983623                       0

                 7.71875     0.02454369260617026                       0
                 7.71875     0.07363107781851078                       0
                 7.71875      0.1227184630308513                       0
                 7.71875      0.1718058482431918                       0
                 7.71875      0.2208932334555323                       0
                 7.71875      0.2699806186678728                       0
                 7.71875      0.3190680038802134                       0
                 7.71875      0.3681553890925539                       0
                 7.71875      0.4172427743048944                       0
                 7.71875      0.4663301595172349                       0
                 7.71875      0.5154175447295755                       0
                 7.71875      0.5645049299419159                       0
                 7.71875      0.6135923151542565                       0
                 7.71875       0.662679700366597                       0
                 7.71875      0.7117670855789375                       0
                 7.71875       0.760854470791278                       0
                 7.71875      0.8099418560036186                       0
                 7.71875       0.859029241215959                       0
                 7.71875      0.9081166264282996                       0
                 7.71875      0.9572040116406401                       0
                 7.71875       1.006291396852981                       0
                 7.71875       1.055378782065321                       0
                 7.71875       1.104466167277662                       0
                 7.71875       1.153553552490002                       0
                 7.71875       1.202640937702343                       0
                 7.71875       1.251728322914683                       0
                 7.71875       1.300815708127024                       0
                 7.71875       1.349903093339364                       0
                 7.71875       1.398990478551705                       0
                 7.71875       1.448077863764045                       0
                 7.71875       1.497165248976386                       0
                 7.71875       1.546252634188726                       0
                 7.71875       1.595340019401067                       0
                 7.71875       1.644427404613407                       0
                 7.71875       1.693514789825748                       0
                 7.71875       1.742602175038088                       0
                 7.71875       1.791689560250429                       0
                 7.71875       1.840776945462769                       0
                 7.71875        1.88986433067511                       0
                 7.71875       1.938951715887451                       0
                 7.71875       1.988039101099791                       0
                 7.71875       2.037126486312132                       0
                 7.71875       2.086213871524472                       0
                 7.71875       2.135301256736812                       0
                 7.71875       2.184388641949153                       0
                 7.71875       2.233476027161494                       0
                 7.71875       2.282563412373834                       0
                 7.71875       2.331650797586175                       0
                 7.71875       2.380738182798515                       0
                 7.71875       2.429825568010856                       0
                 7.71875       2.478912953223196                       0
                 7.71875       2.528000338435537                       0
                 7.71875       2.577087723647877                       0
                 7.71875       2.626175108860218                       0
                 7.71875       2.675262494072558                       0
                 7.71875       2.724349879284899                       0
                 7.71875       2.773437264497239                       0
                 7.71875        2.82252464970958                       0
                 7.71875        2.87161203492192                       0
                 7.71875       2.920699420134261                       0
                 7.71875       2.969786805346601                       0
                 7.71875       3.018874190558942                       0
                 7.71875       3.067961575771282                       0
                 7.71875       3.117048960983623                       0

                 7.78125     0.02454369260617026                       0
                 7.78125     0.07363107781851078                       0
                 7.78125      0.1227184630308513                       0
                 7.78125      0.1718058482431918                       0
                 7.78125      0.2208932334555323                       0
                 7.78125      0.2699806186678728                       0
                 7.78125      0.3190680038802134                       0
                 7.78125      0.3681553890925539                       0
                 7.78125      0.4172427743048944                       0
                 7.78125      0.4663301595172349                       0
                 7.78125      0.5154175447295755                       0
                 7.78125      0.5645049299419159                       0
                 7.78125      0.6135923151542565                       0
                 7.78125       0.662679700366597                       0
                 7.78125      0.7117670855789375                       0
                 7.78125       0.760854470791278                       0
                 7.78125      0.8099418560036186                       0
                 7.78125       0.859029241215959                       0
                 7.78125      0.9081166264282996                       0
                 7.78125      0.9572040116406401                       0
                 7.78125       1.006291396852981                       0
                 7.78125       1.055378782065321                       0
                 7.78125       1.104466167277662                       0
                 7.78125       1.153553552490002                       0
                 7.78125       1.202640937702343                       0
                 7.78125       1.251728322914683                       0
                 7.78125       1.300815708127024                       0
                 7.78125       1.349903093339364                       0
                 7.78125       1.398990478551705                       0
                 7.78125       1.448077863764045                       0
                 7.78125       1.497165248976386                       0
                 7.78125       1.546252634188726                       0
                 7.78125       1.595340019401067                       0
                 7.78125       1.644427404613407                       0
                 7.78125       1.693514789825748                       0
                 7.78125       1.742602175038088                       0
                 7.78125       1.791689560250429                       0
                 7.78125       1.840776945462769                       0
                 7.78125        1.88986433067511                       0
                 7.78125       1.938951715887451                       0
                 7.78125       1.988039101099791                       0
                 7.78125       2.037126486312132                       0
                 7.78125       2.086213871524472                       0
                 7.78125       2.135301256736812                       0
                 7.78125       2.184388641949153                       0
                 7.78125       2.233476027161494                       0
                 7.78125       2.282563412373834                       0
                 7.78125       2.331650797586175                       0
                 7.78125       2.380738182798515                       0
                 7.78125       2.429825568010856                       0
                 7.78125       2.478912953223196                       0
                 7.78125       2.528000338435537                       0
                 7.78125       2.577087723647877                       0
                 7.78125       2.626175108860218                       0
                 7.78125       2.675262494072558                       0
                 7.78125       2.724349879284899                       0
                 7.78125       2.773437264497239                       0
                 7.78125        2.82252464970958                       0
                 7.78125        2.87161203492192                       0
                 7.78125       2.920699420134261                       0
                 7.78125       2.969786805346601                       0
                 7.78125       3.018874190558942                       0
                 7.78125       3.067961575771282                       0
                 7.78125       3.117048960983623                       0

                 7.84375     0.02454369260617026                       0
                 7.84375     0.07363107781851078                       0
                 7.84375      0.1227184630308513                       0
                 7.84375      0.1718058482431918                       0
                 7.84375      0.2208932334555323                       0
                 7.84375      0.2699806186678728                       0
                 7.84375      0.3190680038802134                       0
                 7.84375      0.3681553890925539                       0
                 7.84375      0.4172427743048944                       0
                 7.84375      0.4663301595172349                       0
                 7.84375      0.5154175447295755                       0
                 7.84375      0.5645049299419159                       0
                 7.84375      0.6135923151542565                       0
                 7.84375       0.662679700366597                       0
                 7.84375      0.7117670855789375                       0
                 7.84375       0.760854470791278                       0
                 7.84375      0.8099418560036186                       0
                 7.84375       0.859029241215959                       0
                 7.84375      0.9081166264282996                       0
                 7.84375      0.9572040116406401                       0
                 7.84375       1.006291396852981                       0
                 7.84375       1.055378782065321                       0
                 7.84375       1.104466167277662                       0
                 7.84375       1.153553552490002                       0
                 7.84375       1.202640937702343                       0
                 7.84375       1.251728322914683                       0
                 7.84375       1.300815708127024                       0
                 7.84375       1.349903093339364                       0
                 7.84375       1.398990478551705                       0
                 7.84375       1.448077863764045                       0
                 7.84375       1.497165248976386                       0
                 7.84375       1.546252634188726                       0
                 7.84375       1.595340019401067                       0
                 7.84375       1.644427404613407                       0
                 7.84375       1.693514789825748                       0
                 7.84375       1.742602175038088                       0
                 7.84375       1.791689560250429                       0
                 7.84375       1.840776945462769                       0
                 7.84375        1.88986433067511                       0
                 7.84375       1.938951715887451                       0
                 7.84375       1.988039101099791                       0
                 7.84375       2.037126486312132                       0
                 7.84375       2.086213871524472                       0
                 7.84375       2.135301256736812                       0
                 7.84375       2.184388641949153                       0
                 7.84375       2.233476027161494                       0
                 7.84375       2.282563412373834                       0
                 7.84375       2.331650797586175                       0
                 7.84375       2.380738182798515                       0
                 7.84375       2.429825568010856                       0
                 7.84375       2.478912953223196                       0
                 7.84375       2.528000338435537                       0
                 7.84375       2.577087723647877                       0
                 7.84375       2.626175108860218                       0
                 7.84375       2.675262494072558                       0
                 7.84375       2.724349879284899                       0
                 7.84375       2.773437264497239                       0
                 7.84375        2.82252464970958                       0
                 7.84375        2.87161203492192                       0
                 7.84375       2.920699420134261                       0
                 7.84375       2.969786805346601                       0
                 7.84375       3.018874190558942                       0
                 7.84375       3.067961575771282                       0
                 7.84375       3.117048960983623                       0

                 7.90625     0.02454369260617026                       0
                 7.90625     0.07363107781851078                       0
                 7.90625      0.1227184630308513                       0
                 7.90625      0.1718058482431918                       0
                 7.90625      0.2208932334555323                       0
                 7.90625      0.2699806186678728                       0
                 7.90625      0.3190680038802134                       0
                 7.90625      0.3681553890925539                       0
                 7.90625      0.4172427743048944                       0
                 7.90625      0.4663301595172349                       0
                 7.90625      0.5154175447295755                       0
                 7.90625      0.5645049299419159                       0
                 7.90625      0.6135923151542565                       0
                 7.90625       0.662679700366597                       0
                 7.90625      0.7117670855789375                       0
                 7.90625       0.760854470791278                       0
                 7.90625      0.8099418560036186                       0
                 7.90625       0.859029241215959                       0
                 7.90625      0.9081166264282996                       0
                 7.90625      0.9572040116406401                       0
                 7.90625       1.006291396852981                       0
                 7.90625       1.055378782065321                       0
                 7.90625       1.104466167277662                       0
                 7.90625       1.153553552490002                       0
                 7.90625       1.202640937702343                       0
                 7.90625       1.251728322914683                       0
                 7.90625       1.300815708127024                       0
                 7.90625       1.349903093339364                       0
                 7.90625       1.398990478551705                       0
                 7.90625       1.448077863764045                       0
                 7.90625       1.497165248976386                       0
                 7.90625       1.546252634188726                       0
                 7.90625       1.595340019401067                       0
                 7.90625       1.644427404613407                       0
                 7.90625       1.693514789825748                       0
                 7.90625       1.742602175038088                       0
                 7.90625       1.791689560250429                       0
                 7.90625       1.840776945462769                       0
                 7.90625        1.88986433067511                       0
                 7.90625       1.938951715887451                       0
                 7.90625       1.988039101099791                       0
                 7.90625       2.037126486312132                       0
                 7.90625       2.086213871524472                       0
                 7.90625       2.135301256736812                       0
                 7.90625       2.184388641949153                       0
                 7.90625       2.233476027161494                       0
                 7.90625       2.282563412373834                       0
                 7.90625       2.331650797586175                       0
                 7.90625       2.380738182798515                       0
                 7.90625       2.429825568010856                       0
                 7.90625       2.478912953223196                       0
                 7.90625       2.528000338435537                       0
                 7.90625       2.577087723647877                       0
                 7.90625       2.626175108860218                       0
                 7.90625       2.675262494072558                       0
                 7.90625       2.724349879284899                       0
                 7.90625       2.773437264497239                       0
                 7.90625        2.82252464970958                       0
                 7.90625        2.87161203492192                       0
                 7.90625       2.920699420134261                       0
                 7.90625       2.969786805346601                       0
                 7.90625       3.018874190558942                       0
                 7.90625       3.067961575771282                       0
                 7.90625       3.117048960983623                       0

                 7.96875     0.02454369260617026                       0
                 7.96875     0.07363107781851078                       0
                 7.96875      0.1227184630308513                       0
                 7.96875      0.1718058482431918                       0
                 7.96875      0.2208932334555323                       0
                 7.96875      0.2699806186678728                       0
                 7.96875      0.3190680038802134                       0
                 7.96875      0.3681553890925539                       0
                 7.96875      0.4172427743048944                       0
                 7.96875      0.4663301595172349                       0
                 7.96875      0.5154175447295755                       0
                 7.96875      0.5645049299419159                       0
                 7.96875      0.6135923151542565                       0
                 7.96875       0.662679700366597                       0
                 7.96875      0.7117670855789375                       0
                 7.96875       0.760854470791278                       0
                 7.96875      0.8099418560036186                       0
                 7.96875       0.859029241215959                       0
                 7.96875      0.9081166264282996                       0
                 7.96875      0.9572040116406401                       0
                 7.96875       1.006291396852981                       0
                 7.96875       1.055378782065321                       0
                 7.96875       1.104466167277662                       0
                 7.96875       1.153553552490002                       0
                 7.96875       1.202640937702343                       0
                 7.96875       1.251728322914683                       0
                 7.96875       1.300815708127024                       0
                 7.96875       1.349903093339364                       0
                 7.96875       1.398990478551705                       0
                 7.96875       1.448077863764045                       0
                 7.96875       1.497165248976386                       0
                 7.96875       1.546252634188726                       0
                 7.96875       1.595340019401067                       0
                 7.96875       1.644427404613407                       0
                 7.96875       1.693514789825748                       0
                 7.96875       1.742602175038088                       0
                 7.96875       1.791689560250429                       0
                 7.96875       1.840776945462769                       0
                 7.96875        1.88986433067511                       0
                 7.96875       1.938951715887451                       0
                 7.96875       1.988039101099791                       0
                 7.96875       2.037126486312132                       0
                 7.96875       2.086213871524472                       0
                 7.96875       2.135301256736812                       0
                 7.96875       2.184388641949153                       0
                 7.96875       2.233476027161494                       0
                 7.96875       2.282563412373834                       0
                 7.96875       2.331650797586175                       0
                 7.96875       2.380738182798515                       0
                 7.96875       2.429825568010856                       0
                 7.96875       2.478912953223196                       0
                 7.96875       2.528000338435537                       0
                 7.96875       2.577087723647877                       0
                 7.96875       2.626175108860218                       0
                 7.96875       2.675262494072558                       0
                 7.96875       2.724349879284899                       0
                 7.96875       2.773437264497239                       0
                 7.96875        2.82252464970958                       0
                 7.96875        2.87161203492192                       0
                 7.96875       2.920699420134261                       0
                 7.96875       2.969786805346601                       0
                 7.96875       3.018874190558942                       0
                 7.96875       3.067961575771282                       0
                 7.96875       3.117048960983623                       0

                 8.03125     0.02454369260617026                       0
                 8.03125     0.07363107781851078                       0
                 8.03125      0.1227184630308513                       0
                 8.03125      0.1718058482431918                       0
                 8.03125      0.2208932334555323                       0
                 8.03125      0.2699806186678728                       0
                 8.03125      0.3190680038802134                       0
                 8.03125      0.3681553890925539                       0
                 8.03125      0.4172427743048944                       0
                 8.03125      0.4663301595172349                       0
                 8.03125      0.5154175447295755                       0
                 8.03125      0.5645049299419159                       0
                 8.03125      0.6135923151542565                       0
                 8.03125       0.662679700366597                       0
                 8.03125      0.7117670855789375                       0
                 8.03125       0.760854470791278                       0
                 8.03125      0.8099418560036186                       0
                 8.03125       0.859029241215959                       0
                 8.03125      0.9081166264282996                       0
                 8.03125      0.9572040116406401                       0
                 8.03125       1.006291396852981                       0
                 8.03125       1.055378782065321                       0
                 8.03125       1.104466167277662                       0
                 8.03125       1.153553552490002                       0
                 8.03125       1.202640937702343                       0
                 8.03125       1.251728322914683                       0
                 8.03125       1.300815708127024                       0
                 8.03125       1.349903093339364                       0
                 8.03125       1.398990478551705                       0
                 8.03125       1.448077863764045                       0
                 8.03125       1.497165248976386                       0
                 8.03125       1.546252634188726                       0
                 8.03125       1.595340019401067                       0
                 8.03125       1.644427404613407                       0
                 8.03125       1.693514789825748                       0
                 8.03125       1.742602175038088                       0
                 8.03125       1.791689560250429                       0
                 8.03125       1.840776945462769                       0
                 8.03125        1.88986433067511                       0
                 8.03125       1.938951715887451                       0
                 8.03125       1.988039101099791                       0
                 8.03125       2.037126486312132                       0
                 8.03125       2.086213871524472                       0
                 8.03125       2.135301256736812                       0
                 8.03125       2.184388641949153                       0
                 8.03125       2.233476027161494                       0
                 8.03125       2.282563412373834                       0
                 8.03125       2.331650797586175                       0
                 8.03125       2.380738182798515                       0
                 8.03125       2.429825568010856                       0
                 8.03125       2.478912953223196                       0
                 8.03125       2.528000338435537                       0
                 8.03125       2.577087723647877                       0
                 8.03125       2.626175108860218                       0
                 8.03125       2.675262494072558                       0
                 8.03125       2.724349879284899                       0
                 8.03125       2.773437264497239                       0
                 8.03125        2.82252464970958                       0
                 8.03125        2.87161203492192                       0
                 8.03125       2.920699420134261                       0
                 8.03125       2.969786805346601                       0
                 8.03125       3.018874190558942                       0
                 8.03125       3.067961575771282                       0
                 8.03125       3.117048960983623                       0

                 8.09375     0.02454369260617026                       0
                 8.09375     0.07363107781851078                       0
                 8.09375      0.1227184630308513                       0
                 8.09375      0.1718058482431918                       0
                 8.09375      0.2208932334555323                       0
                 8.09375      0.2699806186678728                       0
                 8.09375      0.3190680038802134                       0
                 8.09375      0.3681553890925539                       0
                 8.09375      0.4172427743048944                       0
                 8.09375      0.4663301595172349                       0
                 8.09375      0.5154175447295755                       0
                 8.09375      0.5645049299419159                       0
                 8.09375      0.6135923151542565                       0
                 8.09375       0.662679700366597                       0
                 8.09375      0.7117670855789375                       0
                 8.09375       0.760854470791278                       0
                 8.09375      0.8099418560036186                       0
                 8.09375       0.859029241215959                       0
                 8.09375      0.9081166264282996                       0
                 8.09375      0.9572040116406401                       0
                 8.09375       1.006291396852981                       0
                 8.09375       1.055378782065321                       0
                 8.09375       1.104466167277662                       0
                 8.09375       1.153553552490002                       0
                 8.09375       1.202640937702343                       0
                 8.09375       1.251728322914683                       0
                 8.09375       1.300815708127024                       0
                 8.09375       1.349903093339364                       0
                 8.09375       1.398990478551705                       0
                 8.09375       1.448077863764045                       0
                 8.09375       1.497165248976386                       0
                 8.09375       1.546252634188726                       0
                 8.09375       1.595340019401067                       0
                 8.09375       1.644427404613407                       0
                 8.09375       1.693514789825748                       0
                 8.09375       1.742602175038088                       0
                 8.09375       1.791689560250429                       0
                 8.09375       1.840776945462769                       0
                 8.09375        1.88986433067511                       0
                 8.09375       1.938951715887451                       0
                 8.09375       1.988039101099791                       0
                 8.09375       2.037126486312132                       0
                 8.09375       2.086213871524472                       0
                 8.09375       2.135301256736812                       0
                 8.09375       2.184388641949153                       0
                 8.09375       2.233476027161494                       0
                 8.09375       2.282563412373834                       0
                 8.09375       2.331650797586175                       0
                 8.09375       2.380738182798515                       0
                 8.09375       2.429825568010856                       0
                 8.09375       2.478912953223196                       0
                 8.09375       2.528000338435537                       0
                 8.09375       2.577087723647877                       0
                 8.09375       2.626175108860218                       0
                 8.09375       2.675262494072558                       0
                 8.09375       2.724349879284899                       0
                 8.09375       2.773437264497239                       0
                 8.09375        2.82252464970958                       0
                 8.09375        2.87161203492192                       0
                 8.09375       2.920699420134261                       0
                 8.09375       2.969786805346601                       0
                 8.09375       3.018874190558942                       0
                 8.09375       3.067961575771282                       0
                 8.09375       3.117048960983623                       0

                 8.15625     0.02454369260617026                       0
                 8.15625     0.07363107781851078                       0
                 8.15625      0.1227184630308513                       0
                 8.15625      0.1718058482431918                       0
                 8.15625      0.2208932334555323                       0
                 8.15625      0.2699806186678728                       0
                 8.15625      0.3190680038802134                       0
                 8.15625      0.3681553890925539                       0
                 8.15625      0.4172427743048944                       0
                 8.15625      0.4663301595172349                       0
                 8.15625      0.5154175447295755                       0
                 8.15625      0.5645049299419159                       0
                 8.15625      0.6135923151542565                       0
                 8.15625       0.662679700366597                       0
                 8.15625      0.7117670855789375                       0
                 8.15625       0.760854470791278                       0
                 8.15625      0.8099418560036186                       0
                 8.15625       0.859029241215959                       0
                 8.15625      0.9081166264282996                       0
                 8.15625      0.9572040116406401                       0
                 8.15625       1.006291396852981                       0
                 8.15625       1.055378782065321                       0
                 8.15625       1.104466167277662                       0
                 8.15625       1.153553552490002                       0
                 8.15625       1.202640937702343                       0
                 8.15625       1.251728322914683                       0
                 8.15625       1.300815708127024                       0
                 8.15625       1.349903093339364                       0
                 8.15625       1.398990478551705                       0
                 8.15625       1.448077863764045                       0
                 8.15625       1.497165248976386                       0
                 8.15625       1.546252634188726                       0
                 8.15625       1.595340019401067                       0
                 8.15625       1.644427404613407                       0
                 8.15625       1.693514789825748                       0
                 8.15625       1.742602175038088                       0
                 8.15625       1.791689560250429                       0
                 8.15625       1.840776945462769                       0
                 8.15625        1.88986433067511                       0
                 8.15625       1.938951715887451                       0
                 8.15625       1.988039101099791                       0
                 8.15625       2.037126486312132                       0
                 8.15625       2.086213871524472                       0
                 8.15625       2.135301256736812                       0
                 8.15625       2.184388641949153                       0
                 8.15625       2.233476027161494                       0
                 8.15625       2.282563412373834                       0
                 8.15625       2.331650797586175                       0
                 8.15625       2.380738182798515                       0
                 8.15625       2.429825568010856                       0
                 8.15625       2.478912953223196                       0
                 8.15625       2.528000338435537                       0
                 8.15625       2.577087723647877                       0
                 8.15625       2.626175108860218                       0
                 8.15625       2.675262494072558                       0
                 8.15625       2.724349879284899                       0
                 8.15625       2.773437264497239                       0
                 8.15625        2.82252464970958                       0
                 8.15625        2.87161203492192                       0
                 8.15625       2.920699420134261                       0
                 8.15625       2.969786805346601                       0
                 8.15625       3.018874190558942                       0
                 8.15625       3.067961575771282                       0
                 8.15625       3.117048960983623                       0

                 8.21875     0.02454369260617026                       0
                 8.21875     0.07363107781851078                       0
                 8.21875      0.1227184630308513                       0
                 8.21875      0.1718058482431918                       0
                 8.21875      0.2208932334555323                       0
                 8.21875      0.2699806186678728                       0
                 8.21875      0.3190680038802134                       0
                 8.21875      0.3681553890925539                       0
                 8.21875      0.4172427743048944                       0
                 8.21875      0.4663301595172349                       0
                 8.21875      0.5154175447295755                       0
                 8.21875      0.5645049299419159                       0
                 8.21875      0.6135923151542565                       0
                 8.21875       0.662679700366597                       0
                 8.21875      0.7117670855789375                       0
                 8.21875       0.760854470791278                       0
                 8.21875      0.8099418560036186                       0
                 8.21875       0.859029241215959                       0
                 8.21875      0.9081166264282996                       0
                 8.21875      0.9572040116406401                       0
                 8.21875       1.006291396852981                       0
                 8.21875       1.055378782065321                       0
                 8.21875       1.104466167277662                       0
                 8.21875       1.153553552490002                       0
                 8.21875       1.202640937702343                       0
                 8.21875       1.251728322914683                       0
                 8.21875       1.300815708127024                       0
                 8.21875       1.349903093339364                       0
                 8.21875       1.398990478551705                       0
                 8.21875       1.448077863764045                       0
                 8.21875       1.497165248976386                       0
                 8.21875       1.546252634188726                       0
                 8.21875       1.595340019401067                       0
                 8.21875       1.644427404613407                       0
                 8.21875       1.693514789825748                       0
                 8.21875       1.742602175038088                       0
                 8.21875       1.791689560250429                       0
                 8.21875       1.840776945462769                       0
                 8.21875        1.88986433067511                       0
                 8.21875       1.938951715887451                       0
                 8.21875       1.988039101099791                       0
                 8.21875       2.037126486312132                       0
                 8.21875       2.086213871524472                       0
                 8.21875       2.135301256736812                       0
                 8.21875       2.184388641949153                       0
                 8.21875       2.233476027161494                       0
                 8.21875       2.282563412373834                       0
                 8.21875       2.331650797586175                       0
                 8.21875       2.380738182798515                       0
                 8.21875       2.429825568010856                       0
                 8.21875       2.478912953223196                       0
                 8.21875       2.528000338435537                       0
                 8.21875       2.577087723647877                       0
                 8.21875       2.626175108860218                       0
                 8.21875       2.675262494072558                       0
                 8.21875       2.724349879284899                       0
                 8.21875       2.773437264497239                       0
                 8.21875        2.82252464970958                       0
                 8.21875        2.87161203492192                       0
                 8.21875       2.920699420134261                       0
                 8.21875       2.969786805346601                       0
                 8.21875       3.018874190558942                       0
                 8.21875       3.067961575771282                       0
                 8.21875       3.117048960983623                       0

