                 0.03125     0.02454369260617026    0.009990239141819757
                 0.03125     0.07363107781851078    0.009990239141819757
                 0.03125      0.1227184630308513    0.009990239141819757
                 0.03125      0.1718058482431918    0.009990239141819757
                 0.03125      0.2208932334555323    0.009990239141819757
                 0.03125      0.2699806186678728    0.009990239141819757
                 0.03125      0.3190680038802134    0.009990239141819757
                 0.03125      0.3681553890925539    0.009990239141819757
                 0.03125      0.4172427743048944    0.009990239141819757
                 0.03125      0.4663301595172349    0.009990239141819757
                 0.03125      0.5154175447295755    0.009990239141819757
                 0.03125      0.5645049299419159    0.009990239141819757
                 0.03125      0.6135923151542565    0.009990239141819757
                 0.03125       0.662679700366597    0.009990239141819757
                 0.03125      0.7117670855789375    0.009990239141819757
                 0.03125       0.760854470791278    0.009990239141819757
                 0.03125      0.8099418560036186    0.009990239141819757
                 0.03125       0.859029241215959    0.009990239141819757
                 0.03125      0.9081166264282996    0.009990239141819757
                 0.03125      0.9572040116406401    0.009990239141819757
                 0.03125       1.006291396852981    0.009990239141819757
                 0.03125       1.055378782065321    0.009990239141819757
                 0.03125       1.104466167277662    0.009990239141819757
                 0.03125       1.153553552490002    0.009990239141819757
                 0.03125       1.202640937702343    0.009990239141819757
                 0.03125       1.251728322914683    0.009990239141819757
                 0.03125       1.300815708127024    0.009990239141819757
                 0.03125       1.349903093339364    0.009990239141819757
                 0.03125       1.398990478551705    0.009990239141819757
                 0.03125       1.448077863764045    0.009990239141819757
                 0.03125       1.497165248976386    0.009990239141819757
                 0.03125       1.546252634188726    0.009990239141819757
                 0.03125       1.595340019401067    0.009990239141819757
                 0.03125       1.644427404613407    0.009990239141819757
                 0.03125       1.693514789825748    0.009990239141819757
                 0.03125       1.742602175038088    0.009990239141819757
                 0.03125       1.791689560250429    0.009990239141819757
                 0.03125       1.840776945462769    0.009990239141819757
                 0.03125        1.88986433067511    0.009990239141819757
                 0.03125       1.938951715887451    0.009990239141819757
                 0.03125       1.988039101099791    0.009990239141819757
                 0.03125       2.037126486312132    0.009990239141819757
                 0.03125       2.086213871524472    0.009990239141819757
                 0.03125       2.135301256736812    0.009990239141819757
                 0.03125       2.184388641949153    0.009990239141819757
                 0.03125       2.233476027161494    0.009990239141819757
                 0.03125       2.282563412373834    0.009990239141819757
                 0.03125       2.331650797586175    0.009990239141819757
                 0.03125       2.380738182798515    0.009990239141819757
                 0.03125       2.429825568010856    0.009990239141819757
                 0.03125       2.478912953223196    0.009990239141819757
                 0.03125       2.528000338435537    0.009990239141819757
                 0.03125       2.577087723647877    0.009990239141819757
                 0.03125       2.626175108860218    0.009990239141819757
                 0.03125       2.675262494072558    0.009990239141819757
                 0.03125       2.724349879284899    0.009990239141819757
                 0.03125       2.773437264497239    0.009990239141819757
                 0.03125        2.82252464970958    0.009990239141819757
                 0.03125        2.87161203492192    0.009990239141819757
                 0.03125       2.920699420134261    0.009990239141819757
                 0.03125       2.969786805346601    0.009990239141819757
                 0.03125       3.018874190558942    0.009990239141819757
                 0.03125       3.067961575771282    0.009990239141819757
                 0.03125       3.117048960983623    0.009990239141819757

                 0.09375     0.02454369260617026    0.009912494484023184
                 0.09375     0.07363107781851078    0.009912494484023184
                 0.09375      0.1227184630308513    0.009912494484023184
                 0.09375      0.1718058482431918    0.009912494484023184
                 0.09375      0.2208932334555323    0.009912494484023184
                 0.09375      0.2699806186678728    0.009912494484023184
                 0.09375      0.3190680038802134    0.009912494484023184
                 0.09375      0.3681553890925539    0.009912494484023184
                 0.09375      0.4172427743048944    0.009912494484023184
                 0.09375      0.4663301595172349    0.009912494484023184
                 0.09375      0.5154175447295755    0.009912494484023184
                 0.09375      0.5645049299419159    0.009912494484023184
                 0.09375      0.6135923151542565    0.009912494484023184
                 0.09375       0.662679700366597    0.009912494484023184
                 0.09375      0.7117670855789375    0.009912494484023184
                 0.09375       0.760854470791278    0.009912494484023184
                 0.09375      0.8099418560036186    0.009912494484023184
                 0.09375       0.859029241215959    0.009912494484023184
                 0.09375      0.9081166264282996    0.009912494484023184
                 0.09375      0.9572040116406401    0.009912494484023184
                 0.09375       1.006291396852981    0.009912494484023184
                 0.09375       1.055378782065321    0.009912494484023184
                 0.09375       1.104466167277662    0.009912494484023184
                 0.09375       1.153553552490002    0.009912494484023184
                 0.09375       1.202640937702343    0.009912494484023184
                 0.09375       1.251728322914683    0.009912494484023184
                 0.09375       1.300815708127024    0.009912494484023184
                 0.09375       1.349903093339364    0.009912494484023184
                 0.09375       1.398990478551705    0.009912494484023184
                 0.09375       1.448077863764045    0.009912494484023184
                 0.09375       1.497165248976386    0.009912494484023184
                 0.09375       1.546252634188726    0.009912494484023184
                 0.09375       1.595340019401067    0.009912494484023184
                 0.09375       1.644427404613407    0.009912494484023184
                 0.09375       1.693514789825748    0.009912494484023184
                 0.09375       1.742602175038088    0.009912494484023184
                 0.09375       1.791689560250429    0.009912494484023184
                 0.09375       1.840776945462769    0.009912494484023184
                 0.09375        1.88986433067511    0.009912494484023184
                 0.09375       1.938951715887451    0.009912494484023184
                 0.09375       1.988039101099791    0.009912494484023184
                 0.09375       2.037126486312132    0.009912494484023184
                 0.09375       2.086213871524472    0.009912494484023184
                 0.09375       2.135301256736812    0.009912494484023184
                 0.09375       2.184388641949153    0.009912494484023184
                 0.09375       2.233476027161494    0.009912494484023184
                 0.09375       2.282563412373834    0.009912494484023184
                 0.09375       2.331650797586175    0.009912494484023184
                 0.09375       2.380738182798515    0.009912494484023184
                 0.09375       2.429825568010856    0.009912494484023184
                 0.09375       2.478912953223196    0.009912494484023184
                 0.09375       2.528000338435537    0.009912494484023184
                 0.09375       2.577087723647877    0.009912494484023184
                 0.09375       2.626175108860218    0.009912494484023184
                 0.09375       2.675262494072558    0.009912494484023184
                 0.09375       2.724349879284899    0.009912494484023184
                 0.09375       2.773437264497239    0.009912494484023184
                 0.09375        2.82252464970958    0.009912494484023184
                 0.09375        2.87161203492192    0.009912494484023184
                 0.09375       2.920699420134261    0.009912494484023184
                 0.09375       2.969786805346601    0.009912494484023184
                 0.09375       3.018874190558942    0.009912494484023184
                 0.09375       3.067961575771282    0.009912494484023184
                 0.09375       3.117048960983623    0.009912494484023184

                 0.15625     0.02454369260617026    0.009758815501356589
                 0.15625     0.07363107781851078    0.009758815501356589
                 0.15625      0.1227184630308513    0.009758815501356589
                 0.15625      0.1718058482431918    0.009758815501356589
                 0.15625      0.2208932334555323    0.009758815501356589
                 0.15625      0.2699806186678728    0.009758815501356589
                 0.15625      0.3190680038802134    0.009758815501356589
                 0.15625      0.3681553890925539    0.009758815501356589
                 0.15625      0.4172427743048944    0.009758815501356589
                 0.15625      0.4663301595172349    0.009758815501356589
                 0.15625      0.5154175447295755    0.009758815501356589
                 0.15625      0.5645049299419159    0.009758815501356589
                 0.15625      0.6135923151542565    0.009758815501356589
                 0.15625       0.662679700366597    0.009758815501356589
                 0.15625      0.7117670855789375    0.009758815501356589
                 0.15625       0.760854470791278    0.009758815501356589
                 0.15625      0.8099418560036186    0.009758815501356589
                 0.15625       0.859029241215959    0.009758815501356589
                 0.15625      0.9081166264282996    0.009758815501356589
                 0.15625      0.9572040116406401    0.009758815501356589
                 0.15625       1.006291396852981    0.009758815501356589
                 0.15625       1.055378782065321    0.009758815501356589
                 0.15625       1.104466167277662    0.009758815501356589
                 0.15625       1.153553552490002    0.009758815501356589
                 0.15625       1.202640937702343    0.009758815501356589
                 0.15625       1.251728322914683    0.009758815501356589
                 0.15625       1.300815708127024    0.009758815501356589
                 0.15625       1.349903093339364    0.009758815501356589
                 0.15625       1.398990478551705    0.009758815501356589
                 0.15625       1.448077863764045    0.009758815501356589
                 0.15625       1.497165248976386    0.009758815501356589
                 0.15625       1.546252634188726    0.009758815501356589
                 0.15625       1.595340019401067    0.009758815501356589
                 0.15625       1.644427404613407    0.009758815501356589
                 0.15625       1.693514789825748    0.009758815501356589
                 0.15625       1.742602175038088    0.009758815501356589
                 0.15625       1.791689560250429    0.009758815501356589
                 0.15625       1.840776945462769    0.009758815501356589
                 0.15625        1.88986433067511    0.009758815501356589
                 0.15625       1.938951715887451    0.009758815501356589
                 0.15625       1.988039101099791    0.009758815501356589
                 0.15625       2.037126486312132    0.009758815501356589
                 0.15625       2.086213871524472    0.009758815501356589
                 0.15625       2.135301256736812    0.009758815501356589
                 0.15625       2.184388641949153    0.009758815501356589
                 0.15625       2.233476027161494    0.009758815501356589
                 0.15625       2.282563412373834    0.009758815501356589
                 0.15625       2.331650797586175    0.009758815501356589
                 0.15625       2.380738182798515    0.009758815501356589
                 0.15625       2.429825568010856    0.009758815501356589
                 0.15625       2.478912953223196    0.009758815501356589
                 0.15625       2.528000338435537    0.009758815501356589
                 0.15625       2.577087723647877    0.009758815501356589
                 0.15625       2.626175108860218    0.009758815501356589
                 0.15625       2.675262494072558    0.009758815501356589
                 0.15625       2.724349879284899    0.009758815501356589
                 0.15625       2.773437264497239    0.009758815501356589
                 0.15625        2.82252464970958    0.009758815501356589
                 0.15625        2.87161203492192    0.009758815501356589
                 0.15625       2.920699420134261    0.009758815501356589
                 0.15625       2.969786805346601    0.009758815501356589
                 0.15625       3.018874190558942    0.009758815501356589
                 0.15625       3.067961575771282    0.009758815501356589
                 0.15625       3.117048960983623    0.009758815501356589

                 0.21875     0.02454369260617026    0.009532752783750716
                 0.21875     0.07363107781851078    0.009532752783750716
                 0.21875      0.1227184630308513    0.009532752783750716
                 0.21875      0.1718058482431918    0.009532752783750716
                 0.21875      0.2208932334555323    0.009532752783750716
                 0.21875      0.2699806186678728    0.009532752783750716
                 0.21875      0.3190680038802134    0.009532752783750716
                 0.21875      0.3681553890925539    0.009532752783750716
                 0.21875      0.4172427743048944    0.009532752783750716
                 0.21875      0.4663301595172349    0.009532752783750716
                 0.21875      0.5154175447295755    0.009532752783750716
                 0.21875      0.5645049299419159    0.009532752783750716
                 0.21875      0.6135923151542565    0.009532752783750716
                 0.21875       0.662679700366597    0.009532752783750716
                 0.21875      0.7117670855789375    0.009532752783750716
                 0.21875       0.760854470791278    0.009532752783750716
                 0.21875      0.8099418560036186    0.009532752783750716
                 0.21875       0.859029241215959    0.009532752783750716
                 0.21875      0.9081166264282996    0.009532752783750716
                 0.21875      0.9572040116406401    0.009532752783750716
                 0.21875       1.006291396852981    0.009532752783750716
                 0.21875       1.055378782065321    0.009532752783750716
                 0.21875       1.104466167277662    0.009532752783750716
                 0.21875       1.153553552490002    0.009532752783750716
                 0.21875       1.202640937702343    0.009532752783750716
                 0.21875       1.251728322914683    0.009532752783750716
                 0.21875       1.300815708127024    0.009532752783750716
                 0.21875       1.349903093339364    0.009532752783750716
                 0.21875       1.398990478551705    0.009532752783750716
                 0.21875       1.448077863764045    0.009532752783750716
                 0.21875       1.497165248976386    0.009532752783750716
                 0.21875       1.546252634188726    0.009532752783750716
                 0.21875       1.595340019401067    0.009532752783750716
                 0.21875       1.644427404613407    0.009532752783750716
                 0.21875       1.693514789825748    0.009532752783750716
                 0.21875       1.742602175038088    0.009532752783750716
                 0.21875       1.791689560250429    0.009532752783750716
                 0.21875       1.840776945462769    0.009532752783750716
                 0.21875        1.88986433067511    0.009532752783750716
                 0.21875       1.938951715887451    0.009532752783750716
                 0.21875       1.988039101099791    0.009532752783750716
                 0.21875       2.037126486312132    0.009532752783750716
                 0.21875       2.086213871524472    0.009532752783750716
                 0.21875       2.135301256736812    0.009532752783750716
                 0.21875       2.184388641949153    0.009532752783750716
                 0.21875       2.233476027161494    0.009532752783750716
                 0.21875       2.282563412373834    0.009532752783750716
                 0.21875       2.331650797586175    0.009532752783750716
                 0.21875       2.380738182798515    0.009532752783750716
                 0.21875       2.429825568010856    0.009532752783750716
                 0.21875       2.478912953223196    0.009532752783750716
                 0.21875       2.528000338435537    0.009532752783750716
                 0.21875       2.577087723647877    0.009532752783750716
                 0.21875       2.626175108860218    0.009532752783750716
                 0.21875       2.675262494072558    0.009532752783750716
                 0.21875       2.724349879284899    0.009532752783750716
                 0.21875       2.773437264497239    0.009532752783750716
                 0.21875        2.82252464970958    0.009532752783750716
                 0.21875        2.87161203492192    0.009532752783750716
                 0.21875       2.920699420134261    0.009532752783750716
                 0.21875       2.969786805346601    0.009532752783750716
                 0.21875       3.018874190558942    0.009532752783750716
                 0.21875       3.067961575771282    0.009532752783750716
                 0.21875       3.117048960983623    0.009532752783750716

                 0.28125     0.02454369260617026    0.009239460814058078
                 0.28125     0.07363107781851078    0.009239460814058078
                 0.28125      0.1227184630308513    0.009239460814058078
                 0.28125      0.1718058482431918    0.009239460814058078
                 0.28125      0.2208932334555323    0.009239460814058078
                 0.28125      0.2699806186678728    0.009239460814058078
                 0.28125      0.3190680038802134    0.009239460814058078
                 0.28125      0.3681553890925539    0.009239460814058078
                 0.28125      0.4172427743048944    0.009239460814058078
                 0.28125      0.4663301595172349    0.009239460814058078
                 0.28125      0.5154175447295755    0.009239460814058078
                 0.28125      0.5645049299419159    0.009239460814058078
                 0.28125      0.6135923151542565    0.009239460814058078
                 0.28125       0.662679700366597    0.009239460814058078
                 0.28125      0.7117670855789375    0.009239460814058078
                 0.28125       0.760854470791278    0.009239460814058078
                 0.28125      0.8099418560036186    0.009239460814058078
                 0.28125       0.859029241215959    0.009239460814058078
                 0.28125      0.9081166264282996    0.009239460814058078
                 0.28125      0.9572040116406401    0.009239460814058078
                 0.28125       1.006291396852981    0.009239460814058078
                 0.28125       1.055378782065321    0.009239460814058078
                 0.28125       1.104466167277662    0.009239460814058078
                 0.28125       1.153553552490002    0.009239460814058078
                 0.28125       1.202640937702343    0.009239460814058078
                 0.28125       1.251728322914683    0.009239460814058078
                 0.28125       1.300815708127024    0.009239460814058078
                 0.28125       1.349903093339364    0.009239460814058078
                 0.28125       1.398990478551705    0.009239460814058078
                 0.28125       1.448077863764045    0.009239460814058078
                 0.28125       1.497165248976386    0.009239460814058078
                 0.28125       1.546252634188726    0.009239460814058078
                 0.28125       1.595340019401067    0.009239460814058078
                 0.28125       1.644427404613407    0.009239460814058078
                 0.28125       1.693514789825748    0.009239460814058078
                 0.28125       1.742602175038088    0.009239460814058078
                 0.28125       1.791689560250429    0.009239460814058078
                 0.28125       1.840776945462769    0.009239460814058078
                 0.28125        1.88986433067511    0.009239460814058078
                 0.28125       1.938951715887451    0.009239460814058078
                 0.28125       1.988039101099791    0.009239460814058078
                 0.28125       2.037126486312132    0.009239460814058078
                 0.28125       2.086213871524472    0.009239460814058078
                 0.28125       2.135301256736812    0.009239460814058078
                 0.28125       2.184388641949153    0.009239460814058078
                 0.28125       2.233476027161494    0.009239460814058078
                 0.28125       2.282563412373834    0.009239460814058078
                 0.28125       2.331650797586175    0.009239460814058078
                 0.28125       2.380738182798515    0.009239460814058078
                 0.28125       2.429825568010856    0.009239460814058078
                 0.28125       2.478912953223196    0.009239460814058078
                 0.28125       2.528000338435537    0.009239460814058078
                 0.28125       2.577087723647877    0.009239460814058078
                 0.28125       2.626175108860218    0.009239460814058078
                 0.28125       2.675262494072558    0.009239460814058078
                 0.28125       2.724349879284899    0.009239460814058078
                 0.28125       2.773437264497239    0.009239460814058078
                 0.28125        2.82252464970958    0.009239460814058078
                 0.28125        2.87161203492192    0.009239460814058078
                 0.28125       2.920699420134261    0.009239460814058078
                 0.28125       2.969786805346601    0.009239460814058078
                 0.28125       3.018874190558942    0.009239460814058078
                 0.28125       3.067961575771282    0.009239460814058078
                 0.28125       3.117048960983623    0.009239460814058078

                 0.34375     0.02454369260617026    0.008885502628781267
                 0.34375     0.07363107781851078    0.008885502628781267
                 0.34375      0.1227184630308513    0.008885502628781267
                 0.34375      0.1718058482431918    0.008885502628781267
                 0.34375      0.2208932334555323    0.008885502628781267
                 0.34375      0.2699806186678728    0.008885502628781267
                 0.34375      0.3190680038802134    0.008885502628781267
                 0.34375      0.3681553890925539    0.008885502628781267
                 0.34375      0.4172427743048944    0.008885502628781267
                 0.34375      0.4663301595172349    0.008885502628781267
                 0.34375      0.5154175447295755    0.008885502628781267
                 0.34375      0.5645049299419159    0.008885502628781267
                 0.34375      0.6135923151542565    0.008885502628781267
                 0.34375       0.662679700366597    0.008885502628781267
                 0.34375      0.7117670855789375    0.008885502628781267
                 0.34375       0.760854470791278    0.008885502628781267
                 0.34375      0.8099418560036186    0.008885502628781267
                 0.34375       0.859029241215959    0.008885502628781267
                 0.34375      0.9081166264282996    0.008885502628781267
                 0.34375      0.9572040116406401    0.008885502628781267
                 0.34375       1.006291396852981    0.008885502628781267
                 0.34375       1.055378782065321    0.008885502628781267
                 0.34375       1.104466167277662    0.008885502628781267
                 0.34375       1.153553552490002    0.008885502628781267
                 0.34375       1.202640937702343    0.008885502628781267
                 0.34375       1.251728322914683    0.008885502628781267
                 0.34375       1.300815708127024    0.008885502628781267
                 0.34375       1.349903093339364    0.008885502628781267
                 0.34375       1.398990478551705    0.008885502628781267
                 0.34375       1.448077863764045    0.008885502628781267
                 0.34375       1.497165248976386    0.008885502628781267
                 0.34375       1.546252634188726    0.008885502628781267
                 0.34375       1.595340019401067    0.008885502628781267
                 0.34375       1.644427404613407    0.008885502628781267
                 0.34375       1.693514789825748    0.008885502628781267
                 0.34375       1.742602175038088    0.008885502628781267
                 0.34375       1.791689560250429    0.008885502628781267
                 0.34375       1.840776945462769    0.008885502628781267
                 0.34375        1.88986433067511    0.008885502628781267
                 0.34375       1.938951715887451    0.008885502628781267
                 0.34375       1.988039101099791    0.008885502628781267
                 0.34375       2.037126486312132    0.008885502628781267
                 0.34375       2.086213871524472    0.008885502628781267
                 0.34375       2.135301256736812    0.008885502628781267
                 0.34375       2.184388641949153    0.008885502628781267
                 0.34375       2.233476027161494    0.008885502628781267
                 0.34375       2.282563412373834    0.008885502628781267
                 0.34375       2.331650797586175    0.008885502628781267
                 0.34375       2.380738182798515    0.008885502628781267
                 0.34375       2.429825568010856    0.008885502628781267
                 0.34375       2.478912953223196    0.008885502628781267
                 0.34375       2.528000338435537    0.008885502628781267
                 0.34375       2.577087723647877    0.008885502628781267
                 0.34375       2.626175108860218    0.008885502628781267
                 0.34375       2.675262494072558    0.008885502628781267
                 0.34375       2.724349879284899    0.008885502628781267
                 0.34375       2.773437264497239    0.008885502628781267
                 0.34375        2.82252464970958    0.008885502628781267
                 0.34375        2.87161203492192    0.008885502628781267
                 0.34375       2.920699420134261    0.008885502628781267
                 0.34375       2.969786805346601    0.008885502628781267
                 0.34375       3.018874190558942    0.008885502628781267
                 0.34375       3.067961575771282    0.008885502628781267
                 0.34375       3.117048960983623    0.008885502628781267

                 0.40625     0.02454369260617026    0.008478605838869831
                 0.40625     0.07363107781851078    0.008478605838869831
                 0.40625      0.1227184630308513    0.008478605838869831
                 0.40625      0.1718058482431918    0.008478605838869831
                 0.40625      0.2208932334555323    0.008478605838869831
                 0.40625      0.2699806186678728    0.008478605838869831
                 0.40625      0.3190680038802134    0.008478605838869831
                 0.40625      0.3681553890925539    0.008478605838869831
                 0.40625      0.4172427743048944    0.008478605838869831
                 0.40625      0.4663301595172349    0.008478605838869831
                 0.40625      0.5154175447295755    0.008478605838869831
                 0.40625      0.5645049299419159    0.008478605838869831
                 0.40625      0.6135923151542565    0.008478605838869831
                 0.40625       0.662679700366597    0.008478605838869831
                 0.40625      0.7117670855789375    0.008478605838869831
                 0.40625       0.760854470791278    0.008478605838869831
                 0.40625      0.8099418560036186    0.008478605838869831
                 0.40625       0.859029241215959    0.008478605838869831
                 0.40625      0.9081166264282996    0.008478605838869831
                 0.40625      0.9572040116406401    0.008478605838869831
                 0.40625       1.006291396852981    0.008478605838869831
                 0.40625       1.055378782065321    0.008478605838869831
                 0.40625       1.104466167277662    0.008478605838869831
                 0.40625       1.153553552490002    0.008478605838869831
                 0.40625       1.202640937702343    0.008478605838869831
                 0.40625       1.251728322914683    0.008478605838869831
                 0.40625       1.300815708127024    0.008478605838869831
                 0.40625       1.349903093339364    0.008478605838869831
                 0.40625       1.398990478551705    0.008478605838869831
                 0.40625       1.448077863764045    0.008478605838869831
                 0.40625       1.497165248976386    0.008478605838869831
                 0.40625       1.546252634188726    0.008478605838869831
                 0.40625       1.595340019401067    0.008478605838869831
                 0.40625       1.644427404613407    0.008478605838869831
                 0.40625       1.693514789825748    0.008478605838869831
                 0.40625       1.742602175038088    0.008478605838869831
                 0.40625       1.791689560250429    0.008478605838869831
                 0.40625       1.840776945462769    0.008478605838869831
                 0.40625        1.88986433067511    0.008478605838869831
                 0.40625       1.938951715887451    0.008478605838869831
                 0.40625       1.988039101099791    0.008478605838869831
                 0.40625       2.037126486312132    0.008478605838869831
                 0.40625       2.086213871524472    0.008478605838869831
                 0.40625       2.135301256736812    0.008478605838869831
                 0.40625       2.184388641949153    0.008478605838869831
                 0.40625       2.233476027161494    0.008478605838869831
                 0.40625       2.282563412373834    0.008478605838869831
                 0.40625       2.331650797586175    0.008478605838869831
                 0.40625       2.380738182798515    0.008478605838869831
                 0.40625       2.429825568010856    0.008478605838869831
                 0.40625       2.478912953223196    0.008478605838869831
                 0.40625       2.528000338435537    0.008478605838869831
                 0.40625       2.577087723647877    0.008478605838869831
                 0.40625       2.626175108860218    0.008478605838869831
                 0.40625       2.675262494072558    0.008478605838869831
                 0.40625       2.724349879284899    0.008478605838869831
                 0.40625       2.773437264497239    0.008478605838869831
                 0.40625        2.82252464970958    0.008478605838869831
                 0.40625        2.87161203492192    0.008478605838869831
                 0.40625       2.920699420134261    0.008478605838869831
                 0.40625       2.969786805346601    0.008478605838869831
                 0.40625       3.018874190558942    0.008478605838869831
                 0.40625       3.067961575771282    0.008478605838869831
                 0.40625       3.117048960983623    0.008478605838869831

                 0.46875     0.02454369260617026    0.008027382667004205
                 0.46875     0.07363107781851078    0.008027382667004205
                 0.46875      0.1227184630308513    0.008027382667004205
                 0.46875      0.1718058482431918    0.008027382667004205
                 0.46875      0.2208932334555323    0.008027382667004205
                 0.46875      0.2699806186678728    0.008027382667004205
                 0.46875      0.3190680038802134    0.008027382667004205
                 0.46875      0.3681553890925539    0.008027382667004205
                 0.46875      0.4172427743048944    0.008027382667004205
                 0.46875      0.4663301595172349    0.008027382667004205
                 0.46875      0.5154175447295755    0.008027382667004205
                 0.46875      0.5645049299419159    0.008027382667004205
                 0.46875      0.6135923151542565    0.008027382667004205
                 0.46875       0.662679700366597    0.008027382667004205
                 0.46875      0.7117670855789375    0.008027382667004205
                 0.46875       0.760854470791278    0.008027382667004205
                 0.46875      0.8099418560036186    0.008027382667004205
                 0.46875       0.859029241215959    0.008027382667004205
                 0.46875      0.9081166264282996    0.008027382667004205
                 0.46875      0.9572040116406401    0.008027382667004205
                 0.46875       1.006291396852981    0.008027382667004205
                 0.46875       1.055378782065321    0.008027382667004205
                 0.46875       1.104466167277662    0.008027382667004205
                 0.46875       1.153553552490002    0.008027382667004205
                 0.46875       1.202640937702343    0.008027382667004205
                 0.46875       1.251728322914683    0.008027382667004205
                 0.46875       1.300815708127024    0.008027382667004205
                 0.46875       1.349903093339364    0.008027382667004205
                 0.46875       1.398990478551705    0.008027382667004205
                 0.46875       1.448077863764045    0.008027382667004205
                 0.46875       1.497165248976386    0.008027382667004205
                 0.46875       1.546252634188726    0.008027382667004205
                 0.46875       1.595340019401067    0.008027382667004205
                 0.46875       1.644427404613407    0.008027382667004205
                 0.46875       1.693514789825748    0.008027382667004205
                 0.46875       1.742602175038088    0.008027382667004205
                 0.46875       1.791689560250429    0.008027382667004205
                 0.46875       1.840776945462769    0.008027382667004205
                 0.46875        1.88986433067511    0.008027382667004205
                 0.46875       1.938951715887451    0.008027382667004205
                 0.46875       1.988039101099791    0.008027382667004205
                 0.46875       2.037126486312132    0.008027382667004205
                 0.46875       2.086213871524472    0.008027382667004205
                 0.46875       2.135301256736812    0.008027382667004205
                 0.46875       2.184388641949153    0.008027382667004205
                 0.46875       2.233476027161494    0.008027382667004205
                 0.46875       2.282563412373834    0.008027382667004205
                 0.46875       2.331650797586175    0.008027382667004205
                 0.46875       2.380738182798515    0.008027382667004205
                 0.46875       2.429825568010856    0.008027382667004205
                 0.46875       2.478912953223196    0.008027382667004205
                 0.46875       2.528000338435537    0.008027382667004205
                 0.46875       2.577087723647877    0.008027382667004205
                 0.46875       2.626175108860218    0.008027382667004205
                 0.46875       2.675262494072558    0.008027382667004205
                 0.46875       2.724349879284899    0.008027382667004205
                 0.46875       2.773437264497239    0.008027382667004205
                 0.46875        2.82252464970958    0.008027382667004205
                 0.46875        2.87161203492192    0.008027382667004205
                 0.46875       2.920699420134261    0.008027382667004205
                 0.46875       2.969786805346601    0.008027382667004205
                 0.46875       3.018874190558942    0.008027382667004205
                 0.46875       3.067961575771282    0.008027382667004205
                 0.46875       3.117048960983623    0.008027382667004205

                 0.53125     0.02454369260617026    0.007541028137586228
                 0.53125     0.07363107781851078    0.007541028137586228
                 0.53125      0.1227184630308513    0.007541028137586228
                 0.53125      0.1718058482431918    0.007541028137586228
                 0.53125      0.2208932334555323    0.007541028137586228
                 0.53125      0.2699806186678728    0.007541028137586228
                 0.53125      0.3190680038802134    0.007541028137586228
                 0.53125      0.3681553890925539    0.007541028137586228
                 0.53125      0.4172427743048944    0.007541028137586228
                 0.53125      0.4663301595172349    0.007541028137586228
                 0.53125      0.5154175447295755    0.007541028137586228
                 0.53125      0.5645049299419159    0.007541028137586228
                 0.53125      0.6135923151542565    0.007541028137586228
                 0.53125       0.662679700366597    0.007541028137586228
                 0.53125      0.7117670855789375    0.007541028137586228
                 0.53125       0.760854470791278    0.007541028137586228
                 0.53125      0.8099418560036186    0.007541028137586228
                 0.53125       0.859029241215959    0.007541028137586228
                 0.53125      0.9081166264282996    0.007541028137586228
                 0.53125      0.9572040116406401    0.007541028137586228
                 0.53125       1.006291396852981    0.007541028137586228
                 0.53125       1.055378782065321    0.007541028137586228
                 0.53125       1.104466167277662    0.007541028137586228
                 0.53125       1.153553552490002    0.007541028137586228
                 0.53125       1.202640937702343    0.007541028137586228
                 0.53125       1.251728322914683    0.007541028137586228
                 0.53125       1.300815708127024    0.007541028137586228
                 0.53125       1.349903093339364    0.007541028137586228
                 0.53125       1.398990478551705    0.007541028137586228
                 0.53125       1.448077863764045    0.007541028137586228
                 0.53125       1.497165248976386    0.007541028137586228
                 0.53125       1.546252634188726    0.007541028137586228
                 0.53125       1.595340019401067    0.007541028137586228
                 0.53125       1.644427404613407    0.007541028137586228
                 0.53125       1.693514789825748    0.007541028137586228
                 0.53125       1.742602175038088    0.007541028137586228
                 0.53125       1.791689560250429    0.007541028137586228
                 0.53125       1.840776945462769    0.007541028137586228
                 0.53125        1.88986433067511    0.007541028137586228
                 0.53125       1.938951715887451    0.007541028137586228
                 0.53125       1.988039101099791    0.007541028137586228
                 0.53125       2.037126486312132    0.007541028137586228
                 0.53125       2.086213871524472    0.007541028137586228
                 0.53125       2.135301256736812    0.007541028137586228
                 0.53125       2.184388641949153    0.007541028137586228
                 0.53125       2.233476027161494    0.007541028137586228
                 0.53125       2.282563412373834    0.007541028137586228
                 0.53125       2.331650797586175    0.007541028137586228
                 0.53125       2.380738182798515    0.007541028137586228
                 0.53125       2.429825568010856    0.007541028137586228
                 0.53125       2.478912953223196    0.007541028137586228
                 0.53125       2.528000338435537    0.007541028137586228
                 0.53125       2.577087723647877    0.007541028137586228
                 0.53125       2.626175108860218    0.007541028137586228
                 0.53125       2.675262494072558    0.007541028137586228
                 0.53125       2.724349879284899    0.007541028137586228
                 0.53125       2.773437264497239    0.007541028137586228
                 0.53125        2.82252464970958    0.007541028137586228
                 0.53125        2.87161203492192    0.007541028137586228
                 0.53125       2.920699420134261    0.007541028137586228
                 0.53125       2.969786805346601    0.007541028137586228
                 0.53125       3.018874190558942    0.007541028137586228
                 0.53125       3.067961575771282    0.007541028137586228
                 0.53125       3.117048960983623    0.007541028137586228

                 0.59375     0.02454369260617026    0.007029011121997449
                 0.59375     0.07363107781851078    0.007029011121997449
                 0.59375      0.1227184630308513    0.007029011121997449
                 0.59375      0.1718058482431918    0.007029011121997449
                 0.59375      0.2208932334555323    0.007029011121997449
                 0.59375      0.2699806186678728    0.007029011121997449
                 0.59375      0.3190680038802134    0.007029011121997449
                 0.59375      0.3681553890925539    0.007029011121997449
                 0.59375      0.4172427743048944    0.007029011121997449
                 0.59375      0.4663301595172349    0.007029011121997449
                 0.59375      0.5154175447295755    0.007029011121997449
                 0.59375      0.5645049299419159    0.007029011121997449
                 0.59375      0.6135923151542565    0.007029011121997449
                 0.59375       0.662679700366597    0.007029011121997449
                 0.59375      0.7117670855789375    0.007029011121997449
                 0.59375       0.760854470791278    0.007029011121997449
                 0.59375      0.8099418560036186    0.007029011121997449
                 0.59375       0.859029241215959    0.007029011121997449
                 0.59375      0.9081166264282996    0.007029011121997449
                 0.59375      0.9572040116406401    0.007029011121997449
                 0.59375       1.006291396852981    0.007029011121997449
                 0.59375       1.055378782065321    0.007029011121997449
                 0.59375       1.104466167277662    0.007029011121997449
                 0.59375       1.153553552490002    0.007029011121997449
                 0.59375       1.202640937702343    0.007029011121997449
                 0.59375       1.251728322914683    0.007029011121997449
                 0.59375       1.300815708127024    0.007029011121997449
                 0.59375       1.349903093339364    0.007029011121997449
                 0.59375       1.398990478551705    0.007029011121997449
                 0.59375       1.448077863764045    0.007029011121997449
                 0.59375       1.497165248976386    0.007029011121997449
                 0.59375       1.546252634188726    0.007029011121997449
                 0.59375       1.595340019401067    0.007029011121997449
                 0.59375       1.644427404613407    0.007029011121997449
                 0.59375       1.693514789825748    0.007029011121997449
                 0.59375       1.742602175038088    0.007029011121997449
                 0.59375       1.791689560250429    0.007029011121997449
                 0.59375       1.840776945462769    0.007029011121997449
                 0.59375        1.88986433067511    0.007029011121997449
                 0.59375       1.938951715887451    0.007029011121997449
                 0.59375       1.988039101099791    0.007029011121997449
                 0.59375       2.037126486312132    0.007029011121997449
                 0.59375       2.086213871524472    0.007029011121997449
                 0.59375       2.135301256736812    0.007029011121997449
                 0.59375       2.184388641949153    0.007029011121997449
                 0.59375       2.233476027161494    0.007029011121997449
                 0.59375       2.282563412373834    0.007029011121997449
                 0.59375       2.331650797586175    0.007029011121997449
                 0.59375       2.380738182798515    0.007029011121997449
                 0.59375       2.429825568010856    0.007029011121997449
                 0.59375       2.478912953223196    0.007029011121997449
                 0.59375       2.528000338435537    0.007029011121997449
                 0.59375       2.577087723647877    0.007029011121997449
                 0.59375       2.626175108860218    0.007029011121997449
                 0.59375       2.675262494072558    0.007029011121997449
                 0.59375       2.724349879284899    0.007029011121997449
                 0.59375       2.773437264497239    0.007029011121997449
                 0.59375        2.82252464970958    0.007029011121997449
                 0.59375        2.87161203492192    0.007029011121997449
                 0.59375       2.920699420134261    0.007029011121997449
                 0.59375       2.969786805346601    0.007029011121997449
                 0.59375       3.018874190558942    0.007029011121997449
                 0.59375       3.067961575771282    0.007029011121997449
                 0.59375       3.117048960983623    0.007029011121997449

                 0.65625     0.02454369260617026    0.006500772594262845
                 0.65625     0.07363107781851078    0.006500772594262845
                 0.65625      0.1227184630308513    0.006500772594262845
                 0.65625      0.1718058482431918    0.006500772594262845
                 0.65625      0.2208932334555323    0.006500772594262845
                 0.65625      0.2699806186678728    0.006500772594262845
                 0.65625      0.3190680038802134    0.006500772594262845
                 0.65625      0.3681553890925539    0.006500772594262845
                 0.65625      0.4172427743048944    0.006500772594262845
                 0.65625      0.4663301595172349    0.006500772594262845
                 0.65625      0.5154175447295755    0.006500772594262845
                 0.65625      0.5645049299419159    0.006500772594262845
                 0.65625      0.6135923151542565    0.006500772594262845
                 0.65625       0.662679700366597    0.006500772594262845
                 0.65625      0.7117670855789375    0.006500772594262845
                 0.65625       0.760854470791278    0.006500772594262845
                 0.65625      0.8099418560036186    0.006500772594262845
                 0.65625       0.859029241215959    0.006500772594262845
                 0.65625      0.9081166264282996    0.006500772594262845
                 0.65625      0.9572040116406401    0.006500772594262845
                 0.65625       1.006291396852981    0.006500772594262845
                 0.65625       1.055378782065321    0.006500772594262845
                 0.65625       1.104466167277662    0.006500772594262845
                 0.65625       1.153553552490002    0.006500772594262845
                 0.65625       1.202640937702343    0.006500772594262845
                 0.65625       1.251728322914683    0.006500772594262845
                 0.65625       1.300815708127024    0.006500772594262845
                 0.65625       1.349903093339364    0.006500772594262845
                 0.65625       1.398990478551705    0.006500772594262845
                 0.65625       1.448077863764045    0.006500772594262845
                 0.65625       1.497165248976386    0.006500772594262845
                 0.65625       1.546252634188726    0.006500772594262845
                 0.65625       1.595340019401067    0.006500772594262845
                 0.65625       1.644427404613407    0.006500772594262845
                 0.65625       1.693514789825748    0.006500772594262845
                 0.65625       1.742602175038088    0.006500772594262845
                 0.65625       1.791689560250429    0.006500772594262845
                 0.65625       1.840776945462769    0.006500772594262845
                 0.65625        1.88986433067511    0.006500772594262845
                 0.65625       1.938951715887451    0.006500772594262845
                 0.65625       1.988039101099791    0.006500772594262845
                 0.65625       2.037126486312132    0.006500772594262845
                 0.65625       2.086213871524472    0.006500772594262845
                 0.65625       2.135301256736812    0.006500772594262845
                 0.65625       2.184388641949153    0.006500772594262845
                 0.65625       2.233476027161494    0.006500772594262845
                 0.65625       2.282563412373834    0.006500772594262845
                 0.65625       2.331650797586175    0.006500772594262845
                 0.65625       2.380738182798515    0.006500772594262845
                 0.65625       2.429825568010856    0.006500772594262845
                 0.65625       2.478912953223196    0.006500772594262845
                 0.65625       2.528000338435537    0.006500772594262845
                 0.65625       2.577087723647877    0.006500772594262845
                 0.65625       2.626175108860218    0.006500772594262845
                 0.65625       2.675262494072558    0.006500772594262845
                 0.65625       2.724349879284899    0.006500772594262845
                 0.65625       2.773437264497239    0.006500772594262845
                 0.65625        2.82252464970958    0.006500772594262845
                 0.65625        2.87161203492192    0.006500772594262845
                 0.65625       2.920699420134261    0.006500772594262845
                 0.65625       2.969786805346601    0.006500772594262845
                 0.65625       3.018874190558942    0.006500772594262845
                 0.65625       3.067961575771282    0.006500772594262845
                 0.65625       3.117048960983623    0.006500772594262845

                 0.71875     0.02454369260617026     0.00596544425958485
                 0.71875     0.07363107781851078     0.00596544425958485
                 0.71875      0.1227184630308513     0.00596544425958485
                 0.71875      0.1718058482431918     0.00596544425958485
                 0.71875      0.2208932334555323     0.00596544425958485
                 0.71875      0.2699806186678728     0.00596544425958485
                 0.71875      0.3190680038802134     0.00596544425958485
                 0.71875      0.3681553890925539     0.00596544425958485
                 0.71875      0.4172427743048944     0.00596544425958485
                 0.71875      0.4663301595172349     0.00596544425958485
                 0.71875      0.5154175447295755     0.00596544425958485
                 0.71875      0.5645049299419159     0.00596544425958485
                 0.71875      0.6135923151542565     0.00596544425958485
                 0.71875       0.662679700366597     0.00596544425958485
                 0.71875      0.7117670855789375     0.00596544425958485
                 0.71875       0.760854470791278     0.00596544425958485
                 0.71875      0.8099418560036186     0.00596544425958485
                 0.71875       0.859029241215959     0.00596544425958485
                 0.71875      0.9081166264282996     0.00596544425958485
                 0.71875      0.9572040116406401     0.00596544425958485
                 0.71875       1.006291396852981     0.00596544425958485
                 0.71875       1.055378782065321     0.00596544425958485
                 0.71875       1.104466167277662     0.00596544425958485
                 0.71875       1.153553552490002     0.00596544425958485
                 0.71875       1.202640937702343     0.00596544425958485
                 0.71875       1.251728322914683     0.00596544425958485
                 0.71875       1.300815708127024     0.00596544425958485
                 0.71875       1.349903093339364     0.00596544425958485
                 0.71875       1.398990478551705     0.00596544425958485
                 0.71875       1.448077863764045     0.00596544425958485
                 0.71875       1.497165248976386     0.00596544425958485
                 0.71875       1.546252634188726     0.00596544425958485
                 0.71875       1.595340019401067     0.00596544425958485
                 0.71875       1.644427404613407     0.00596544425958485
                 0.71875       1.693514789825748     0.00596544425958485
                 0.71875       1.742602175038088     0.00596544425958485
                 0.71875       1.791689560250429     0.00596544425958485
                 0.71875       1.840776945462769     0.00596544425958485
                 0.71875        1.88986433067511     0.00596544425958485
                 0.71875       1.938951715887451     0.00596544425958485
                 0.71875       1.988039101099791     0.00596544425958485
                 0.71875       2.037126486312132     0.00596544425958485
                 0.71875       2.086213871524472     0.00596544425958485
                 0.71875       2.135301256736812     0.00596544425958485
                 0.71875       2.184388641949153     0.00596544425958485
                 0.71875       2.233476027161494     0.00596544425958485
                 0.71875       2.282563412373834     0.00596544425958485
                 0.71875       2.331650797586175     0.00596544425958485
                 0.71875       2.380738182798515     0.00596544425958485
                 0.71875       2.429825568010856     0.00596544425958485
                 0.71875       2.478912953223196     0.00596544425958485
                 0.71875       2.528000338435537     0.00596544425958485
                 0.71875       2.577087723647877     0.00596544425958485
                 0.71875       2.626175108860218     0.00596544425958485
                 0.71875       2.675262494072558     0.00596544425958485
                 0.71875       2.724349879284899     0.00596544425958485
                 0.71875       2.773437264497239     0.00596544425958485
                 0.71875        2.82252464970958     0.00596544425958485
                 0.71875        2.87161203492192     0.00596544425958485
                 0.71875       2.920699420134261     0.00596544425958485
                 0.71875       2.969786805346601     0.00596544425958485
                 0.71875       3.018874190558942     0.00596544425958485
                 0.71875       3.067961575771282     0.00596544425958485
                 0.71875       3.117048960983623     0.00596544425958485

                 0.78125     0.02454369260617026    0.005431598808587053
                 0.78125     0.07363107781851078    0.005431598808587053
                 0.78125      0.1227184630308513    0.005431598808587053
                 0.78125      0.1718058482431918    0.005431598808587053
                 0.78125      0.2208932334555323    0.005431598808587053
                 0.78125      0.2699806186678728    0.005431598808587053
                 0.78125      0.3190680038802134    0.005431598808587053
                 0.78125      0.3681553890925539    0.005431598808587053
                 0.78125      0.4172427743048944    0.005431598808587053
                 0.78125      0.4663301595172349    0.005431598808587053
                 0.78125      0.5154175447295755    0.005431598808587053
                 0.78125      0.5645049299419159    0.005431598808587053
                 0.78125      0.6135923151542565    0.005431598808587053
                 0.78125       0.662679700366597    0.005431598808587053
                 0.78125      0.7117670855789375    0.005431598808587053
                 0.78125       0.760854470791278    0.005431598808587053
                 0.78125      0.8099418560036186    0.005431598808587053
                 0.78125       0.859029241215959    0.005431598808587053
                 0.78125      0.9081166264282996    0.005431598808587053
                 0.78125      0.9572040116406401    0.005431598808587053
                 0.78125       1.006291396852981    0.005431598808587053
                 0.78125       1.055378782065321    0.005431598808587053
                 0.78125       1.104466167277662    0.005431598808587053
                 0.78125       1.153553552490002    0.005431598808587053
                 0.78125       1.202640937702343    0.005431598808587053
                 0.78125       1.251728322914683    0.005431598808587053
                 0.78125       1.300815708127024    0.005431598808587053
                 0.78125       1.349903093339364    0.005431598808587053
                 0.78125       1.398990478551705    0.005431598808587053
                 0.78125       1.448077863764045    0.005431598808587053
                 0.78125       1.497165248976386    0.005431598808587053
                 0.78125       1.546252634188726    0.005431598808587053
                 0.78125       1.595340019401067    0.005431598808587053
                 0.78125       1.644427404613407    0.005431598808587053
                 0.78125       1.693514789825748    0.005431598808587053
                 0.78125       1.742602175038088    0.005431598808587053
                 0.78125       1.791689560250429    0.005431598808587053
                 0.78125       1.840776945462769    0.005431598808587053
                 0.78125        1.88986433067511    0.005431598808587053
                 0.78125       1.938951715887451    0.005431598808587053
                 0.78125       1.988039101099791    0.005431598808587053
                 0.78125       2.037126486312132    0.005431598808587053
                 0.78125       2.086213871524472    0.005431598808587053
                 0.78125       2.135301256736812    0.005431598808587053
                 0.78125       2.184388641949153    0.005431598808587053
                 0.78125       2.233476027161494    0.005431598808587053
                 0.78125       2.282563412373834    0.005431598808587053
                 0.78125       2.331650797586175    0.005431598808587053
                 0.78125       2.380738182798515    0.005431598808587053
                 0.78125       2.429825568010856    0.005431598808587053
                 0.78125       2.478912953223196    0.005431598808587053
                 0.78125       2.528000338435537    0.005431598808587053
                 0.78125       2.577087723647877    0.005431598808587053
                 0.78125       2.626175108860218    0.005431598808587053
                 0.78125       2.675262494072558    0.005431598808587053
                 0.78125       2.724349879284899    0.005431598808587053
                 0.78125       2.773437264497239    0.005431598808587053
                 0.78125        2.82252464970958    0.005431598808587053
                 0.78125        2.87161203492192    0.005431598808587053
                 0.78125       2.920699420134261    0.005431598808587053
                 0.78125       2.969786805346601    0.005431598808587053
                 0.78125       3.018874190558942    0.005431598808587053
                 0.78125       3.067961575771282    0.005431598808587053
                 0.78125       3.117048960983623    0.005431598808587053

                 0.84375     0.02454369260617026    0.004907040597674412
                 0.84375     0.07363107781851078    0.004907040597674412
                 0.84375      0.1227184630308513    0.004907040597674412
                 0.84375      0.1718058482431918    0.004907040597674412
                 0.84375      0.2208932334555323    0.004907040597674412
                 0.84375      0.2699806186678728    0.004907040597674412
                 0.84375      0.3190680038802134    0.004907040597674412
                 0.84375      0.3681553890925539    0.004907040597674412
                 0.84375      0.4172427743048944    0.004907040597674412
                 0.84375      0.4663301595172349    0.004907040597674412
                 0.84375      0.5154175447295755    0.004907040597674412
                 0.84375      0.5645049299419159    0.004907040597674412
                 0.84375      0.6135923151542565    0.004907040597674412
                 0.84375       0.662679700366597    0.004907040597674412
                 0.84375      0.7117670855789375    0.004907040597674412
                 0.84375       0.760854470791278    0.004907040597674412
                 0.84375      0.8099418560036186    0.004907040597674412
                 0.84375       0.859029241215959    0.004907040597674412
                 0.84375      0.9081166264282996    0.004907040597674412
                 0.84375      0.9572040116406401    0.004907040597674412
                 0.84375       1.006291396852981    0.004907040597674412
                 0.84375       1.055378782065321    0.004907040597674412
                 0.84375       1.104466167277662    0.004907040597674412
                 0.84375       1.153553552490002    0.004907040597674412
                 0.84375       1.202640937702343    0.004907040597674412
                 0.84375       1.251728322914683    0.004907040597674412
                 0.84375       1.300815708127024    0.004907040597674412
                 0.84375       1.349903093339364    0.004907040597674412
                 0.84375       1.398990478551705    0.004907040597674412
                 0.84375       1.448077863764045    0.004907040597674412
                 0.84375       1.497165248976386    0.004907040597674412
                 0.84375       1.546252634188726    0.004907040597674412
                 0.84375       1.595340019401067    0.004907040597674412
                 0.84375       1.644427404613407    0.004907040597674412
                 0.84375       1.693514789825748    0.004907040597674412
                 0.84375       1.742602175038088    0.004907040597674412
                 0.84375       1.791689560250429    0.004907040597674412
                 0.84375       1.840776945462769    0.004907040597674412
                 0.84375        1.88986433067511    0.004907040597674412
                 0.84375       1.938951715887451    0.004907040597674412
                 0.84375       1.988039101099791    0.004907040597674412
                 0.84375       2.037126486312132    0.004907040597674412
                 0.84375       2.086213871524472    0.004907040597674412
                 0.84375       2.135301256736812    0.004907040597674412
                 0.84375       2.184388641949153    0.004907040597674412
                 0.84375       2.233476027161494    0.004907040597674412
                 0.84375       2.282563412373834    0.004907040597674412
                 0.84375       2.331650797586175    0.004907040597674412
                 0.84375       2.380738182798515    0.004907040597674412
                 0.84375       2.429825568010856    0.004907040597674412
                 0.84375       2.478912953223196    0.004907040597674412
                 0.84375       2.528000338435537    0.004907040597674412
                 0.84375       2.577087723647877    0.004907040597674412
                 0.84375       2.626175108860218    0.004907040597674412
                 0.84375       2.675262494072558    0.004907040597674412
                 0.84375       2.724349879284899    0.004907040597674412
                 0.84375       2.773437264497239    0.004907040597674412
                 0.84375        2.82252464970958    0.004907040597674412
                 0.84375        2.87161203492192    0.004907040597674412
                 0.84375       2.920699420134261    0.004907040597674412
                 0.84375       2.969786805346601    0.004907040597674412
                 0.84375       3.018874190558942    0.004907040597674412
                 0.84375       3.067961575771282    0.004907040597674412
                 0.84375       3.117048960983623    0.004907040597674412

                 0.90625     0.02454369260617026    0.004398642763478829
                 0.90625     0.07363107781851078    0.004398642763478829
                 0.90625      0.1227184630308513    0.004398642763478829
                 0.90625      0.1718058482431918    0.004398642763478829
                 0.90625      0.2208932334555323    0.004398642763478829
                 0.90625      0.2699806186678728    0.004398642763478829
                 0.90625      0.3190680038802134    0.004398642763478829
                 0.90625      0.3681553890925539    0.004398642763478829
                 0.90625      0.4172427743048944    0.004398642763478829
                 0.90625      0.4663301595172349    0.004398642763478829
                 0.90625      0.5154175447295755    0.004398642763478829
                 0.90625      0.5645049299419159    0.004398642763478829
                 0.90625      0.6135923151542565    0.004398642763478829
                 0.90625       0.662679700366597    0.004398642763478829
                 0.90625      0.7117670855789375    0.004398642763478829
                 0.90625       0.760854470791278    0.004398642763478829
                 0.90625      0.8099418560036186    0.004398642763478829
                 0.90625       0.859029241215959    0.004398642763478829
                 0.90625      0.9081166264282996    0.004398642763478829
                 0.90625      0.9572040116406401    0.004398642763478829
                 0.90625       1.006291396852981    0.004398642763478829
                 0.90625       1.055378782065321    0.004398642763478829
                 0.90625       1.104466167277662    0.004398642763478829
                 0.90625       1.153553552490002    0.004398642763478829
                 0.90625       1.202640937702343    0.004398642763478829
                 0.90625       1.251728322914683    0.004398642763478829
                 0.90625       1.300815708127024    0.004398642763478829
                 0.90625       1.349903093339364    0.004398642763478829
                 0.90625       1.398990478551705    0.004398642763478829
                 0.90625       1.448077863764045    0.004398642763478829
                 0.90625       1.497165248976386    0.004398642763478829
                 0.90625       1.546252634188726    0.004398642763478829
                 0.90625       1.595340019401067    0.004398642763478829
                 0.90625       1.644427404613407    0.004398642763478829
                 0.90625       1.693514789825748    0.004398642763478829
                 0.90625       1.742602175038088    0.004398642763478829
                 0.90625       1.791689560250429    0.004398642763478829
                 0.90625       1.840776945462769    0.004398642763478829
                 0.90625        1.88986433067511    0.004398642763478829
                 0.90625       1.938951715887451    0.004398642763478829
                 0.90625       1.988039101099791    0.004398642763478829
                 0.90625       2.037126486312132    0.004398642763478829
                 0.90625       2.086213871524472    0.004398642763478829
                 0.90625       2.135301256736812    0.004398642763478829
                 0.90625       2.184388641949153    0.004398642763478829
                 0.90625       2.233476027161494    0.004398642763478829
                 0.90625       2.282563412373834    0.004398642763478829
                 0.90625       2.331650797586175    0.004398642763478829
                 0.90625       2.380738182798515    0.004398642763478829
                 0.90625       2.429825568010856    0.004398642763478829
                 0.90625       2.478912953223196    0.004398642763478829
                 0.90625       2.528000338435537    0.004398642763478829
                 0.90625       2.577087723647877    0.004398642763478829
                 0.90625       2.626175108860218    0.004398642763478829
                 0.90625       2.675262494072558    0.004398642763478829
                 0.90625       2.724349879284899    0.004398642763478829
                 0.90625       2.773437264497239    0.004398642763478829
                 0.90625        2.82252464970958    0.004398642763478829
                 0.90625        2.87161203492192    0.004398642763478829
                 0.90625       2.920699420134261    0.004398642763478829
                 0.90625       2.969786805346601    0.004398642763478829
                 0.90625       3.018874190558942    0.004398642763478829
                 0.90625       3.067961575771282    0.004398642763478829
                 0.90625       3.117048960983623    0.004398642763478829

                 0.96875     0.02454369260617026    0.003912233859783412
                 0.96875     0.07363107781851078    0.003912233859783412
                 0.96875      0.1227184630308513    0.003912233859783412
                 0.96875      0.1718058482431918    0.003912233859783412
                 0.96875      0.2208932334555323    0.003912233859783412
                 0.96875      0.2699806186678728    0.003912233859783412
                 0.96875      0.3190680038802134    0.003912233859783412
                 0.96875      0.3681553890925539    0.003912233859783412
                 0.96875      0.4172427743048944    0.003912233859783412
                 0.96875      0.4663301595172349    0.003912233859783412
                 0.96875      0.5154175447295755    0.003912233859783412
                 0.96875      0.5645049299419159    0.003912233859783412
                 0.96875      0.6135923151542565    0.003912233859783412
                 0.96875       0.662679700366597    0.003912233859783412
                 0.96875      0.7117670855789375    0.003912233859783412
                 0.96875       0.760854470791278    0.003912233859783412
                 0.96875      0.8099418560036186    0.003912233859783412
                 0.96875       0.859029241215959    0.003912233859783412
                 0.96875      0.9081166264282996    0.003912233859783412
                 0.96875      0.9572040116406401    0.003912233859783412
                 0.96875       1.006291396852981    0.003912233859783412
                 0.96875       1.055378782065321    0.003912233859783412
                 0.96875       1.104466167277662    0.003912233859783412
                 0.96875       1.153553552490002    0.003912233859783412
                 0.96875       1.202640937702343    0.003912233859783412
                 0.96875       1.251728322914683    0.003912233859783412
                 0.96875       1.300815708127024    0.003912233859783412
                 0.96875       1.349903093339364    0.003912233859783412
                 0.96875       1.398990478551705    0.003912233859783412
                 0.96875       1.448077863764045    0.003912233859783412
                 0.96875       1.497165248976386    0.003912233859783412
                 0.96875       1.546252634188726    0.003912233859783412
                 0.96875       1.595340019401067    0.003912233859783412
                 0.96875       1.644427404613407    0.003912233859783412
                 0.96875       1.693514789825748    0.003912233859783412
                 0.96875       1.742602175038088    0.003912233859783412
                 0.96875       1.791689560250429    0.003912233859783412
                 0.96875       1.840776945462769    0.003912233859783412
                 0.96875        1.88986433067511    0.003912233859783412
                 0.96875       1.938951715887451    0.003912233859783412
                 0.96875       1.988039101099791    0.003912233859783412
                 0.96875       2.037126486312132    0.003912233859783412
                 0.96875       2.086213871524472    0.003912233859783412
                 0.96875       2.135301256736812    0.003912233859783412
                 0.96875       2.184388641949153    0.003912233859783412
                 0.96875       2.233476027161494    0.003912233859783412
                 0.96875       2.282563412373834    0.003912233859783412
                 0.96875       2.331650797586175    0.003912233859783412
                 0.96875       2.380738182798515    0.003912233859783412
                 0.96875       2.429825568010856    0.003912233859783412
                 0.96875       2.478912953223196    0.003912233859783412
                 0.96875       2.528000338435537    0.003912233859783412
                 0.96875       2.577087723647877    0.003912233859783412
                 0.96875       2.626175108860218    0.003912233859783412
                 0.96875       2.675262494072558    0.003912233859783412
                 0.96875       2.724349879284899    0.003912233859783412
                 0.96875       2.773437264497239    0.003912233859783412
                 0.96875        2.82252464970958    0.003912233859783412
                 0.96875        2.87161203492192    0.003912233859783412
                 0.96875       2.920699420134261    0.003912233859783412
                 0.96875       2.969786805346601    0.003912233859783412
                 0.96875       3.018874190558942    0.003912233859783412
                 0.96875       3.067961575771282    0.003912233859783412
                 0.96875       3.117048960983623    0.003912233859783412

                 1.03125     0.02454369260617026    0.003452534263445437
                 1.03125     0.07363107781851078    0.003452534263445437
                 1.03125      0.1227184630308513    0.003452534263445437
                 1.03125      0.1718058482431918    0.003452534263445437
                 1.03125      0.2208932334555323    0.003452534263445437
                 1.03125      0.2699806186678728    0.003452534263445437
                 1.03125      0.3190680038802134    0.003452534263445437
                 1.03125      0.3681553890925539    0.003452534263445437
                 1.03125      0.4172427743048944    0.003452534263445437
                 1.03125      0.4663301595172349    0.003452534263445437
                 1.03125      0.5154175447295755    0.003452534263445437
                 1.03125      0.5645049299419159    0.003452534263445437
                 1.03125      0.6135923151542565    0.003452534263445437
                 1.03125       0.662679700366597    0.003452534263445437
                 1.03125      0.7117670855789375    0.003452534263445437
                 1.03125       0.760854470791278    0.003452534263445437
                 1.03125      0.8099418560036186    0.003452534263445437
                 1.03125       0.859029241215959    0.003452534263445437
                 1.03125      0.9081166264282996    0.003452534263445437
                 1.03125      0.9572040116406401    0.003452534263445437
                 1.03125       1.006291396852981    0.003452534263445437
                 1.03125       1.055378782065321    0.003452534263445437
                 1.03125       1.104466167277662    0.003452534263445437
                 1.03125       1.153553552490002    0.003452534263445437
                 1.03125       1.202640937702343    0.003452534263445437
                 1.03125       1.251728322914683    0.003452534263445437
                 1.03125       1.300815708127024    0.003452534263445437
                 1.03125       1.349903093339364    0.003452534263445437
                 1.03125       1.398990478551705    0.003452534263445437
                 1.03125       1.448077863764045    0.003452534263445437
                 1.03125       1.497165248976386    0.003452534263445437
                 1.03125       1.546252634188726    0.003452534263445437
                 1.03125       1.595340019401067    0.003452534263445437
                 1.03125       1.644427404613407    0.003452534263445437
                 1.03125       1.693514789825748    0.003452534263445437
                 1.03125       1.742602175038088    0.003452534263445437
                 1.03125       1.791689560250429    0.003452534263445437
                 1.03125       1.840776945462769    0.003452534263445437
                 1.03125        1.88986433067511    0.003452534263445437
                 1.03125       1.938951715887451    0.003452534263445437
                 1.03125       1.988039101099791    0.003452534263445437
                 1.03125       2.037126486312132    0.003452534263445437
                 1.03125       2.086213871524472    0.003452534263445437
                 1.03125       2.135301256736812    0.003452534263445437
                 1.03125       2.184388641949153    0.003452534263445437
                 1.03125       2.233476027161494    0.003452534263445437
                 1.03125       2.282563412373834    0.003452534263445437
                 1.03125       2.331650797586175    0.003452534263445437
                 1.03125       2.380738182798515    0.003452534263445437
                 1.03125       2.429825568010856    0.003452534263445437
                 1.03125       2.478912953223196    0.003452534263445437
                 1.03125       2.528000338435537    0.003452534263445437
                 1.03125       2.577087723647877    0.003452534263445437
                 1.03125       2.626175108860218    0.003452534263445437
                 1.03125       2.675262494072558    0.003452534263445437
                 1.03125       2.724349879284899    0.003452534263445437
                 1.03125       2.773437264497239    0.003452534263445437
                 1.03125        2.82252464970958    0.003452534263445437
                 1.03125        2.87161203492192    0.003452534263445437
                 1.03125       2.920699420134261    0.003452534263445437
                 1.03125       2.969786805346601    0.003452534263445437
                 1.03125       3.018874190558942    0.003452534263445437
                 1.03125       3.067961575771282    0.003452534263445437
                 1.03125       3.117048960983623    0.003452534263445437

                 1.09375     0.02454369260617026    0.003023140012570494
                 1.09375     0.07363107781851078    0.003023140012570494
                 1.09375      0.1227184630308513    0.003023140012570494
                 1.09375      0.1718058482431918    0.003023140012570494
                 1.09375      0.2208932334555323    0.003023140012570494
                 1.09375      0.2699806186678728    0.003023140012570494
                 1.09375      0.3190680038802134    0.003023140012570494
                 1.09375      0.3681553890925539    0.003023140012570494
                 1.09375      0.4172427743048944    0.003023140012570494
                 1.09375      0.4663301595172349    0.003023140012570494
                 1.09375      0.5154175447295755    0.003023140012570494
                 1.09375      0.5645049299419159    0.003023140012570494
                 1.09375      0.6135923151542565    0.003023140012570494
                 1.09375       0.662679700366597    0.003023140012570494
                 1.09375      0.7117670855789375    0.003023140012570494
                 1.09375       0.760854470791278    0.003023140012570494
                 1.09375      0.8099418560036186    0.003023140012570494
                 1.09375       0.859029241215959    0.003023140012570494
                 1.09375      0.9081166264282996    0.003023140012570494
                 1.09375      0.9572040116406401    0.003023140012570494
                 1.09375       1.006291396852981    0.003023140012570494
                 1.09375       1.055378782065321    0.003023140012570494
                 1.09375       1.104466167277662    0.003023140012570494
                 1.09375       1.153553552490002    0.003023140012570494
                 1.09375       1.202640937702343    0.003023140012570494
                 1.09375       1.251728322914683    0.003023140012570494
                 1.09375       1.300815708127024    0.003023140012570494
                 1.09375       1.349903093339364    0.003023140012570494
                 1.09375       1.398990478551705    0.003023140012570494
                 1.09375       1.448077863764045    0.003023140012570494
                 1.09375       1.497165248976386    0.003023140012570494
                 1.09375       1.546252634188726    0.003023140012570494
                 1.09375       1.595340019401067    0.003023140012570494
                 1.09375       1.644427404613407    0.003023140012570494
                 1.09375       1.693514789825748    0.003023140012570494
                 1.09375       1.742602175038088    0.003023140012570494
                 1.09375       1.791689560250429    0.003023140012570494
                 1.09375       1.840776945462769    0.003023140012570494
                 1.09375        1.88986433067511    0.003023140012570494
                 1.09375       1.938951715887451    0.003023140012570494
                 1.09375       1.988039101099791    0.003023140012570494
                 1.09375       2.037126486312132    0.003023140012570494
                 1.09375       2.086213871524472    0.003023140012570494
                 1.09375       2.135301256736812    0.003023140012570494
                 1.09375       2.184388641949153    0.003023140012570494
                 1.09375       2.233476027161494    0.003023140012570494
                 1.09375       2.282563412373834    0.003023140012570494
                 1.09375       2.331650797586175    0.003023140012570494
                 1.09375       2.380738182798515    0.003023140012570494
                 1.09375       2.429825568010856    0.003023140012570494
                 1.09375       2.478912953223196    0.003023140012570494
                 1.09375       2.528000338435537    0.003023140012570494
                 1.09375       2.577087723647877    0.003023140012570494
                 1.09375       2.626175108860218    0.003023140012570494
                 1.09375       2.675262494072558    0.003023140012570494
                 1.09375       2.724349879284899    0.003023140012570494
                 1.09375       2.773437264497239    0.003023140012570494
                 1.09375        2.82252464970958    0.003023140012570494
                 1.09375        2.87161203492192    0.003023140012570494
                 1.09375       2.920699420134261    0.003023140012570494
                 1.09375       2.969786805346601    0.003023140012570494
                 1.09375       3.018874190558942    0.003023140012570494
                 1.09375       3.067961575771282    0.003023140012570494
                 1.09375       3.117048960983623    0.003023140012570494

                 1.15625     0.02454369260617026    0.002626549560111886
                 1.15625     0.07363107781851078    0.002626549560111886
                 1.15625      0.1227184630308513    0.002626549560111886
                 1.15625      0.1718058482431918    0.002626549560111886
                 1.15625      0.2208932334555323    0.002626549560111886
                 1.15625      0.2699806186678728    0.002626549560111886
                 1.15625      0.3190680038802134    0.002626549560111886
                 1.15625      0.3681553890925539    0.002626549560111886
                 1.15625      0.4172427743048944    0.002626549560111886
                 1.15625      0.4663301595172349    0.002626549560111886
                 1.15625      0.5154175447295755    0.002626549560111886
                 1.15625      0.5645049299419159    0.002626549560111886
                 1.15625      0.6135923151542565    0.002626549560111886
                 1.15625       0.662679700366597    0.002626549560111886
                 1.15625      0.7117670855789375    0.002626549560111886
                 1.15625       0.760854470791278    0.002626549560111886
                 1.15625      0.8099418560036186    0.002626549560111886
                 1.15625       0.859029241215959    0.002626549560111886
                 1.15625      0.9081166264282996    0.002626549560111886
                 1.15625      0.9572040116406401    0.002626549560111886
                 1.15625       1.006291396852981    0.002626549560111886
                 1.15625       1.055378782065321    0.002626549560111886
                 1.15625       1.104466167277662    0.002626549560111886
                 1.15625       1.153553552490002    0.002626549560111886
                 1.15625       1.202640937702343    0.002626549560111886
                 1.15625       1.251728322914683    0.002626549560111886
                 1.15625       1.300815708127024    0.002626549560111886
                 1.15625       1.349903093339364    0.002626549560111886
                 1.15625       1.398990478551705    0.002626549560111886
                 1.15625       1.448077863764045    0.002626549560111886
                 1.15625       1.497165248976386    0.002626549560111886
                 1.15625       1.546252634188726    0.002626549560111886
                 1.15625       1.595340019401067    0.002626549560111886
                 1.15625       1.644427404613407    0.002626549560111886
                 1.15625       1.693514789825748    0.002626549560111886
                 1.15625       1.742602175038088    0.002626549560111886
                 1.15625       1.791689560250429    0.002626549560111886
                 1.15625       1.840776945462769    0.002626549560111886
                 1.15625        1.88986433067511    0.002626549560111886
                 1.15625       1.938951715887451    0.002626549560111886
                 1.15625       1.988039101099791    0.002626549560111886
                 1.15625       2.037126486312132    0.002626549560111886
                 1.15625       2.086213871524472    0.002626549560111886
                 1.15625       2.135301256736812    0.002626549560111886
                 1.15625       2.184388641949153    0.002626549560111886
                 1.15625       2.233476027161494    0.002626549560111886
                 1.15625       2.282563412373834    0.002626549560111886
                 1.15625       2.331650797586175    0.002626549560111886
                 1.15625       2.380738182798515    0.002626549560111886
                 1.15625       2.429825568010856    0.002626549560111886
                 1.15625       2.478912953223196    0.002626549560111886
                 1.15625       2.528000338435537    0.002626549560111886
                 1.15625       2.577087723647877    0.002626549560111886
                 1.15625       2.626175108860218    0.002626549560111886
                 1.15625       2.675262494072558    0.002626549560111886
                 1.15625       2.724349879284899    0.002626549560111886
                 1.15625       2.773437264497239    0.002626549560111886
                 1.15625        2.82252464970958    0.002626549560111886
                 1.15625        2.87161203492192    0.002626549560111886
                 1.15625       2.920699420134261    0.002626549560111886
                 1.15625       2.969786805346601    0.002626549560111886
                 1.15625       3.018874190558942    0.002626549560111886
                 1.15625       3.067961575771282    0.002626549560111886
                 1.15625       3.117048960983623    0.002626549560111886

                 1.21875     0.02454369260617026    0.002264227249430979
                 1.21875     0.07363107781851078    0.002264227249430979
                 1.21875      0.1227184630308513    0.002264227249430979
                 1.21875      0.1718058482431918    0.002264227249430979
                 1.21875      0.2208932334555323    0.002264227249430979
                 1.21875      0.2699806186678728    0.002264227249430979
                 1.21875      0.3190680038802134    0.002264227249430979
                 1.21875      0.3681553890925539    0.002264227249430979
                 1.21875      0.4172427743048944    0.002264227249430979
                 1.21875      0.4663301595172349    0.002264227249430979
                 1.21875      0.5154175447295755    0.002264227249430979
                 1.21875      0.5645049299419159    0.002264227249430979
                 1.21875      0.6135923151542565    0.002264227249430979
                 1.21875       0.662679700366597    0.002264227249430979
                 1.21875      0.7117670855789375    0.002264227249430979
                 1.21875       0.760854470791278    0.002264227249430979
                 1.21875      0.8099418560036186    0.002264227249430979
                 1.21875       0.859029241215959    0.002264227249430979
                 1.21875      0.9081166264282996    0.002264227249430979
                 1.21875      0.9572040116406401    0.002264227249430979
                 1.21875       1.006291396852981    0.002264227249430979
                 1.21875       1.055378782065321    0.002264227249430979
                 1.21875       1.104466167277662    0.002264227249430979
                 1.21875       1.153553552490002    0.002264227249430979
                 1.21875       1.202640937702343    0.002264227249430979
                 1.21875       1.251728322914683    0.002264227249430979
                 1.21875       1.300815708127024    0.002264227249430979
                 1.21875       1.349903093339364    0.002264227249430979
                 1.21875       1.398990478551705    0.002264227249430979
                 1.21875       1.448077863764045    0.002264227249430979
                 1.21875       1.497165248976386    0.002264227249430979
                 1.21875       1.546252634188726    0.002264227249430979
                 1.21875       1.595340019401067    0.002264227249430979
                 1.21875       1.644427404613407    0.002264227249430979
                 1.21875       1.693514789825748    0.002264227249430979
                 1.21875       1.742602175038088    0.002264227249430979
                 1.21875       1.791689560250429    0.002264227249430979
                 1.21875       1.840776945462769    0.002264227249430979
                 1.21875        1.88986433067511    0.002264227249430979
                 1.21875       1.938951715887451    0.002264227249430979
                 1.21875       1.988039101099791    0.002264227249430979
                 1.21875       2.037126486312132    0.002264227249430979
                 1.21875       2.086213871524472    0.002264227249430979
                 1.21875       2.135301256736812    0.002264227249430979
                 1.21875       2.184388641949153    0.002264227249430979
                 1.21875       2.233476027161494    0.002264227249430979
                 1.21875       2.282563412373834    0.002264227249430979
                 1.21875       2.331650797586175    0.002264227249430979
                 1.21875       2.380738182798515    0.002264227249430979
                 1.21875       2.429825568010856    0.002264227249430979
                 1.21875       2.478912953223196    0.002264227249430979
                 1.21875       2.528000338435537    0.002264227249430979
                 1.21875       2.577087723647877    0.002264227249430979
                 1.21875       2.626175108860218    0.002264227249430979
                 1.21875       2.675262494072558    0.002264227249430979
                 1.21875       2.724349879284899    0.002264227249430979
                 1.21875       2.773437264497239    0.002264227249430979
                 1.21875        2.82252464970958    0.002264227249430979
                 1.21875        2.87161203492192    0.002264227249430979
                 1.21875       2.920699420134261    0.002264227249430979
                 1.21875       2.969786805346601    0.002264227249430979
                 1.21875       3.018874190558942    0.002264227249430979
                 1.21875       3.067961575771282    0.002264227249430979
                 1.21875       3.117048960983623    0.002264227249430979

                 1.28125     0.02454369260617026    0.001936696197762926
                 1.28125     0.07363107781851078    0.001936696197762926
                 1.28125      0.1227184630308513    0.001936696197762926
                 1.28125      0.1718058482431918    0.001936696197762926
                 1.28125      0.2208932334555323    0.001936696197762926
                 1.28125      0.2699806186678728    0.001936696197762926
                 1.28125      0.3190680038802134    0.001936696197762926
                 1.28125      0.3681553890925539    0.001936696197762926
                 1.28125      0.4172427743048944    0.001936696197762926
                 1.28125      0.4663301595172349    0.001936696197762926
                 1.28125      0.5154175447295755    0.001936696197762926
                 1.28125      0.5645049299419159    0.001936696197762926
                 1.28125      0.6135923151542565    0.001936696197762926
                 1.28125       0.662679700366597    0.001936696197762926
                 1.28125      0.7117670855789375    0.001936696197762926
                 1.28125       0.760854470791278    0.001936696197762926
                 1.28125      0.8099418560036186    0.001936696197762926
                 1.28125       0.859029241215959    0.001936696197762926
                 1.28125      0.9081166264282996    0.001936696197762926
                 1.28125      0.9572040116406401    0.001936696197762926
                 1.28125       1.006291396852981    0.001936696197762926
                 1.28125       1.055378782065321    0.001936696197762926
                 1.28125       1.104466167277662    0.001936696197762926
                 1.28125       1.153553552490002    0.001936696197762926
                 1.28125       1.202640937702343    0.001936696197762926
                 1.28125       1.251728322914683    0.001936696197762926
                 1.28125       1.300815708127024    0.001936696197762926
                 1.28125       1.349903093339364    0.001936696197762926
                 1.28125       1.398990478551705    0.001936696197762926
                 1.28125       1.448077863764045    0.001936696197762926
                 1.28125       1.497165248976386    0.001936696197762926
                 1.28125       1.546252634188726    0.001936696197762926
                 1.28125       1.595340019401067    0.001936696197762926
                 1.28125       1.644427404613407    0.001936696197762926
                 1.28125       1.693514789825748    0.001936696197762926
                 1.28125       1.742602175038088    0.001936696197762926
                 1.28125       1.791689560250429    0.001936696197762926
                 1.28125       1.840776945462769    0.001936696197762926
                 1.28125        1.88986433067511    0.001936696197762926
                 1.28125       1.938951715887451    0.001936696197762926
                 1.28125       1.988039101099791    0.001936696197762926
                 1.28125       2.037126486312132    0.001936696197762926
                 1.28125       2.086213871524472    0.001936696197762926
                 1.28125       2.135301256736812    0.001936696197762926
                 1.28125       2.184388641949153    0.001936696197762926
                 1.28125       2.233476027161494    0.001936696197762926
                 1.28125       2.282563412373834    0.001936696197762926
                 1.28125       2.331650797586175    0.001936696197762926
                 1.28125       2.380738182798515    0.001936696197762926
                 1.28125       2.429825568010856    0.001936696197762926
                 1.28125       2.478912953223196    0.001936696197762926
                 1.28125       2.528000338435537    0.001936696197762926
                 1.28125       2.577087723647877    0.001936696197762926
                 1.28125       2.626175108860218    0.001936696197762926
                 1.28125       2.675262494072558    0.001936696197762926
                 1.28125       2.724349879284899    0.001936696197762926
                 1.28125       2.773437264497239    0.001936696197762926
                 1.28125        2.82252464970958    0.001936696197762926
                 1.28125        2.87161203492192    0.001936696197762926
                 1.28125       2.920699420134261    0.001936696197762926
                 1.28125       2.969786805346601    0.001936696197762926
                 1.28125       3.018874190558942    0.001936696197762926
                 1.28125       3.067961575771282    0.001936696197762926
                 1.28125       3.117048960983623    0.001936696197762926

                 1.34375     0.02454369260617026    0.001643652715151991
                 1.34375     0.07363107781851078    0.001643652715151991
                 1.34375      0.1227184630308513    0.001643652715151991
                 1.34375      0.1718058482431918    0.001643652715151991
                 1.34375      0.2208932334555323    0.001643652715151991
                 1.34375      0.2699806186678728    0.001643652715151991
                 1.34375      0.3190680038802134    0.001643652715151991
                 1.34375      0.3681553890925539    0.001643652715151991
                 1.34375      0.4172427743048944    0.001643652715151991
                 1.34375      0.4663301595172349    0.001643652715151991
                 1.34375      0.5154175447295755    0.001643652715151991
                 1.34375      0.5645049299419159    0.001643652715151991
                 1.34375      0.6135923151542565    0.001643652715151991
                 1.34375       0.662679700366597    0.001643652715151991
                 1.34375      0.7117670855789375    0.001643652715151991
                 1.34375       0.760854470791278    0.001643652715151991
                 1.34375      0.8099418560036186    0.001643652715151991
                 1.34375       0.859029241215959    0.001643652715151991
                 1.34375      0.9081166264282996    0.001643652715151991
                 1.34375      0.9572040116406401    0.001643652715151991
                 1.34375       1.006291396852981    0.001643652715151991
                 1.34375       1.055378782065321    0.001643652715151991
                 1.34375       1.104466167277662    0.001643652715151991
                 1.34375       1.153553552490002    0.001643652715151991
                 1.34375       1.202640937702343    0.001643652715151991
                 1.34375       1.251728322914683    0.001643652715151991
                 1.34375       1.300815708127024    0.001643652715151991
                 1.34375       1.349903093339364    0.001643652715151991
                 1.34375       1.398990478551705    0.001643652715151991
                 1.34375       1.448077863764045    0.001643652715151991
                 1.34375       1.497165248976386    0.001643652715151991
                 1.34375       1.546252634188726    0.001643652715151991
                 1.34375       1.595340019401067    0.001643652715151991
                 1.34375       1.644427404613407    0.001643652715151991
                 1.34375       1.693514789825748    0.001643652715151991
                 1.34375       1.742602175038088    0.001643652715151991
                 1.34375       1.791689560250429    0.001643652715151991
                 1.34375       1.840776945462769    0.001643652715151991
                 1.34375        1.88986433067511    0.001643652715151991
                 1.34375       1.938951715887451    0.001643652715151991
                 1.34375       1.988039101099791    0.001643652715151991
                 1.34375       2.037126486312132    0.001643652715151991
                 1.34375       2.086213871524472    0.001643652715151991
                 1.34375       2.135301256736812    0.001643652715151991
                 1.34375       2.184388641949153    0.001643652715151991
                 1.34375       2.233476027161494    0.001643652715151991
                 1.34375       2.282563412373834    0.001643652715151991
                 1.34375       2.331650797586175    0.001643652715151991
                 1.34375       2.380738182798515    0.001643652715151991
                 1.34375       2.429825568010856    0.001643652715151991
                 1.34375       2.478912953223196    0.001643652715151991
                 1.34375       2.528000338435537    0.001643652715151991
                 1.34375       2.577087723647877    0.001643652715151991
                 1.34375       2.626175108860218    0.001643652715151991
                 1.34375       2.675262494072558    0.001643652715151991
                 1.34375       2.724349879284899    0.001643652715151991
                 1.34375       2.773437264497239    0.001643652715151991
                 1.34375        2.82252464970958    0.001643652715151991
                 1.34375        2.87161203492192    0.001643652715151991
                 1.34375       2.920699420134261    0.001643652715151991
                 1.34375       2.969786805346601    0.001643652715151991
                 1.34375       3.018874190558942    0.001643652715151991
                 1.34375       3.067961575771282    0.001643652715151991
                 1.34375       3.117048960983623    0.001643652715151991

                 1.40625     0.02454369260617026    0.001384094355061429
                 1.40625     0.07363107781851078    0.001384094355061429
                 1.40625      0.1227184630308513    0.001384094355061429
                 1.40625      0.1718058482431918    0.001384094355061429
                 1.40625      0.2208932334555323    0.001384094355061429
                 1.40625      0.2699806186678728    0.001384094355061429
                 1.40625      0.3190680038802134    0.001384094355061429
                 1.40625      0.3681553890925539    0.001384094355061429
                 1.40625      0.4172427743048944    0.001384094355061429
                 1.40625      0.4663301595172349    0.001384094355061429
                 1.40625      0.5154175447295755    0.001384094355061429
                 1.40625      0.5645049299419159    0.001384094355061429
                 1.40625      0.6135923151542565    0.001384094355061429
                 1.40625       0.662679700366597    0.001384094355061429
                 1.40625      0.7117670855789375    0.001384094355061429
                 1.40625       0.760854470791278    0.001384094355061429
                 1.40625      0.8099418560036186    0.001384094355061429
                 1.40625       0.859029241215959    0.001384094355061429
                 1.40625      0.9081166264282996    0.001384094355061429
                 1.40625      0.9572040116406401    0.001384094355061429
                 1.40625       1.006291396852981    0.001384094355061429
                 1.40625       1.055378782065321    0.001384094355061429
                 1.40625       1.104466167277662    0.001384094355061429
                 1.40625       1.153553552490002    0.001384094355061429
                 1.40625       1.202640937702343    0.001384094355061429
                 1.40625       1.251728322914683    0.001384094355061429
                 1.40625       1.300815708127024    0.001384094355061429
                 1.40625       1.349903093339364    0.001384094355061429
                 1.40625       1.398990478551705    0.001384094355061429
                 1.40625       1.448077863764045    0.001384094355061429
                 1.40625       1.497165248976386    0.001384094355061429
                 1.40625       1.546252634188726    0.001384094355061429
                 1.40625       1.595340019401067    0.001384094355061429
                 1.40625       1.644427404613407    0.001384094355061429
                 1.40625       1.693514789825748    0.001384094355061429
                 1.40625       1.742602175038088    0.001384094355061429
                 1.40625       1.791689560250429    0.001384094355061429
                 1.40625       1.840776945462769    0.001384094355061429
                 1.40625        1.88986433067511    0.001384094355061429
                 1.40625       1.938951715887451    0.001384094355061429
                 1.40625       1.988039101099791    0.001384094355061429
                 1.40625       2.037126486312132    0.001384094355061429
                 1.40625       2.086213871524472    0.001384094355061429
                 1.40625       2.135301256736812    0.001384094355061429
                 1.40625       2.184388641949153    0.001384094355061429
                 1.40625       2.233476027161494    0.001384094355061429
                 1.40625       2.282563412373834    0.001384094355061429
                 1.40625       2.331650797586175    0.001384094355061429
                 1.40625       2.380738182798515    0.001384094355061429
                 1.40625       2.429825568010856    0.001384094355061429
                 1.40625       2.478912953223196    0.001384094355061429
                 1.40625       2.528000338435537    0.001384094355061429
                 1.40625       2.577087723647877    0.001384094355061429
                 1.40625       2.626175108860218    0.001384094355061429
                 1.40625       2.675262494072558    0.001384094355061429
                 1.40625       2.724349879284899    0.001384094355061429
                 1.40625       2.773437264497239    0.001384094355061429
                 1.40625        2.82252464970958    0.001384094355061429
                 1.40625        2.87161203492192    0.001384094355061429
                 1.40625       2.920699420134261    0.001384094355061429
                 1.40625       2.969786805346601    0.001384094355061429
                 1.40625       3.018874190558942    0.001384094355061429
                 1.40625       3.067961575771282    0.001384094355061429
                 1.40625       3.117048960983623    0.001384094355061429

                 1.46875     0.02454369260617026    0.001156454120016209
                 1.46875     0.07363107781851078    0.001156454120016209
                 1.46875      0.1227184630308513    0.001156454120016209
                 1.46875      0.1718058482431918    0.001156454120016209
                 1.46875      0.2208932334555323    0.001156454120016209
                 1.46875      0.2699806186678728    0.001156454120016209
                 1.46875      0.3190680038802134    0.001156454120016209
                 1.46875      0.3681553890925539    0.001156454120016209
                 1.46875      0.4172427743048944    0.001156454120016209
                 1.46875      0.4663301595172349    0.001156454120016209
                 1.46875      0.5154175447295755    0.001156454120016209
                 1.46875      0.5645049299419159    0.001156454120016209
                 1.46875      0.6135923151542565    0.001156454120016209
                 1.46875       0.662679700366597    0.001156454120016209
                 1.46875      0.7117670855789375    0.001156454120016209
                 1.46875       0.760854470791278    0.001156454120016209
                 1.46875      0.8099418560036186    0.001156454120016209
                 1.46875       0.859029241215959    0.001156454120016209
                 1.46875      0.9081166264282996    0.001156454120016209
                 1.46875      0.9572040116406401    0.001156454120016209
                 1.46875       1.006291396852981    0.001156454120016209
                 1.46875       1.055378782065321    0.001156454120016209
                 1.46875       1.104466167277662    0.001156454120016209
                 1.46875       1.153553552490002    0.001156454120016209
                 1.46875       1.202640937702343    0.001156454120016209
                 1.46875       1.251728322914683    0.001156454120016209
                 1.46875       1.300815708127024    0.001156454120016209
                 1.46875       1.349903093339364    0.001156454120016209
                 1.46875       1.398990478551705    0.001156454120016209
                 1.46875       1.448077863764045    0.001156454120016209
                 1.46875       1.497165248976386    0.001156454120016209
                 1.46875       1.546252634188726    0.001156454120016209
                 1.46875       1.595340019401067    0.001156454120016209
                 1.46875       1.644427404613407    0.001156454120016209
                 1.46875       1.693514789825748    0.001156454120016209
                 1.46875       1.742602175038088    0.001156454120016209
                 1.46875       1.791689560250429    0.001156454120016209
                 1.46875       1.840776945462769    0.001156454120016209
                 1.46875        1.88986433067511    0.001156454120016209
                 1.46875       1.938951715887451    0.001156454120016209
                 1.46875       1.988039101099791    0.001156454120016209
                 1.46875       2.037126486312132    0.001156454120016209
                 1.46875       2.086213871524472    0.001156454120016209
                 1.46875       2.135301256736812    0.001156454120016209
                 1.46875       2.184388641949153    0.001156454120016209
                 1.46875       2.233476027161494    0.001156454120016209
                 1.46875       2.282563412373834    0.001156454120016209
                 1.46875       2.331650797586175    0.001156454120016209
                 1.46875       2.380738182798515    0.001156454120016209
                 1.46875       2.429825568010856    0.001156454120016209
                 1.46875       2.478912953223196    0.001156454120016209
                 1.46875       2.528000338435537    0.001156454120016209
                 1.46875       2.577087723647877    0.001156454120016209
                 1.46875       2.626175108860218    0.001156454120016209
                 1.46875       2.675262494072558    0.001156454120016209
                 1.46875       2.724349879284899    0.001156454120016209
                 1.46875       2.773437264497239    0.001156454120016209
                 1.46875        2.82252464970958    0.001156454120016209
                 1.46875        2.87161203492192    0.001156454120016209
                 1.46875       2.920699420134261    0.001156454120016209
                 1.46875       2.969786805346601    0.001156454120016209
                 1.46875       3.018874190558942    0.001156454120016209
                 1.46875       3.067961575771282    0.001156454120016209
                 1.46875       3.117048960983623    0.001156454120016209

                 1.53125     0.02454369260617026   0.0009587341393331282
                 1.53125     0.07363107781851078   0.0009587341393331282
                 1.53125      0.1227184630308513   0.0009587341393331282
                 1.53125      0.1718058482431918   0.0009587341393331282
                 1.53125      0.2208932334555323   0.0009587341393331282
                 1.53125      0.2699806186678728   0.0009587341393331282
                 1.53125      0.3190680038802134   0.0009587341393331282
                 1.53125      0.3681553890925539   0.0009587341393331282
                 1.53125      0.4172427743048944   0.0009587341393331282
                 1.53125      0.4663301595172349   0.0009587341393331282
                 1.53125      0.5154175447295755   0.0009587341393331282
                 1.53125      0.5645049299419159   0.0009587341393331282
                 1.53125      0.6135923151542565   0.0009587341393331282
                 1.53125       0.662679700366597   0.0009587341393331282
                 1.53125      0.7117670855789375   0.0009587341393331282
                 1.53125       0.760854470791278   0.0009587341393331282
                 1.53125      0.8099418560036186   0.0009587341393331282
                 1.53125       0.859029241215959   0.0009587341393331282
                 1.53125      0.9081166264282996   0.0009587341393331282
                 1.53125      0.9572040116406401   0.0009587341393331282
                 1.53125       1.006291396852981   0.0009587341393331282
                 1.53125       1.055378782065321   0.0009587341393331282
                 1.53125       1.104466167277662   0.0009587341393331282
                 1.53125       1.153553552490002   0.0009587341393331282
                 1.53125       1.202640937702343   0.0009587341393331282
                 1.53125       1.251728322914683   0.0009587341393331282
                 1.53125       1.300815708127024   0.0009587341393331282
                 1.53125       1.349903093339364   0.0009587341393331282
                 1.53125       1.398990478551705   0.0009587341393331282
                 1.53125       1.448077863764045   0.0009587341393331282
                 1.53125       1.497165248976386   0.0009587341393331282
                 1.53125       1.546252634188726   0.0009587341393331282
                 1.53125       1.595340019401067   0.0009587341393331282
                 1.53125       1.644427404613407   0.0009587341393331282
                 1.53125       1.693514789825748   0.0009587341393331282
                 1.53125       1.742602175038088   0.0009587341393331282
                 1.53125       1.791689560250429   0.0009587341393331282
                 1.53125       1.840776945462769   0.0009587341393331282
                 1.53125        1.88986433067511   0.0009587341393331282
                 1.53125       1.938951715887451   0.0009587341393331282
                 1.53125       1.988039101099791   0.0009587341393331282
                 1.53125       2.037126486312132   0.0009587341393331282
                 1.53125       2.086213871524472   0.0009587341393331282
                 1.53125       2.135301256736812   0.0009587341393331282
                 1.53125       2.184388641949153   0.0009587341393331282
                 1.53125       2.233476027161494   0.0009587341393331282
                 1.53125       2.282563412373834   0.0009587341393331282
                 1.53125       2.331650797586175   0.0009587341393331282
                 1.53125       2.380738182798515   0.0009587341393331282
                 1.53125       2.429825568010856   0.0009587341393331282
                 1.53125       2.478912953223196   0.0009587341393331282
                 1.53125       2.528000338435537   0.0009587341393331282
                 1.53125       2.577087723647877   0.0009587341393331282
                 1.53125       2.626175108860218   0.0009587341393331282
                 1.53125       2.675262494072558   0.0009587341393331282
                 1.53125       2.724349879284899   0.0009587341393331282
                 1.53125       2.773437264497239   0.0009587341393331282
                 1.53125        2.82252464970958   0.0009587341393331282
                 1.53125        2.87161203492192   0.0009587341393331282
                 1.53125       2.920699420134261   0.0009587341393331282
                 1.53125       2.969786805346601   0.0009587341393331282
                 1.53125       3.018874190558942   0.0009587341393331282
                 1.53125       3.067961575771282   0.0009587341393331282
                 1.53125       3.117048960983623   0.0009587341393331282

                 1.59375     0.02454369260617026   0.0007886331913210263
                 1.59375     0.07363107781851078   0.0007886331913210263
                 1.59375      0.1227184630308513   0.0007886331913210263
                 1.59375      0.1718058482431918   0.0007886331913210263
                 1.59375      0.2208932334555323   0.0007886331913210263
                 1.59375      0.2699806186678728   0.0007886331913210263
                 1.59375      0.3190680038802134   0.0007886331913210263
                 1.59375      0.3681553890925539   0.0007886331913210263
                 1.59375      0.4172427743048944   0.0007886331913210263
                 1.59375      0.4663301595172349   0.0007886331913210263
                 1.59375      0.5154175447295755   0.0007886331913210263
                 1.59375      0.5645049299419159   0.0007886331913210263
                 1.59375      0.6135923151542565   0.0007886331913210263
                 1.59375       0.662679700366597   0.0007886331913210263
                 1.59375      0.7117670855789375   0.0007886331913210263
                 1.59375       0.760854470791278   0.0007886331913210263
                 1.59375      0.8099418560036186   0.0007886331913210263
                 1.59375       0.859029241215959   0.0007886331913210263
                 1.59375      0.9081166264282996   0.0007886331913210263
                 1.59375      0.9572040116406401   0.0007886331913210263
                 1.59375       1.006291396852981   0.0007886331913210263
                 1.59375       1.055378782065321   0.0007886331913210263
                 1.59375       1.104466167277662   0.0007886331913210263
                 1.59375       1.153553552490002   0.0007886331913210263
                 1.59375       1.202640937702343   0.0007886331913210263
                 1.59375       1.251728322914683   0.0007886331913210263
                 1.59375       1.300815708127024   0.0007886331913210263
                 1.59375       1.349903093339364   0.0007886331913210263
                 1.59375       1.398990478551705   0.0007886331913210263
                 1.59375       1.448077863764045   0.0007886331913210263
                 1.59375       1.497165248976386   0.0007886331913210263
                 1.59375       1.546252634188726   0.0007886331913210263
                 1.59375       1.595340019401067   0.0007886331913210263
                 1.59375       1.644427404613407   0.0007886331913210263
                 1.59375       1.693514789825748   0.0007886331913210263
                 1.59375       1.742602175038088   0.0007886331913210263
                 1.59375       1.791689560250429   0.0007886331913210263
                 1.59375       1.840776945462769   0.0007886331913210263
                 1.59375        1.88986433067511   0.0007886331913210263
                 1.59375       1.938951715887451   0.0007886331913210263
                 1.59375       1.988039101099791   0.0007886331913210263
                 1.59375       2.037126486312132   0.0007886331913210263
                 1.59375       2.086213871524472   0.0007886331913210263
                 1.59375       2.135301256736812   0.0007886331913210263
                 1.59375       2.184388641949153   0.0007886331913210263
                 1.59375       2.233476027161494   0.0007886331913210263
                 1.59375       2.282563412373834   0.0007886331913210263
                 1.59375       2.331650797586175   0.0007886331913210263
                 1.59375       2.380738182798515   0.0007886331913210263
                 1.59375       2.429825568010856   0.0007886331913210263
                 1.59375       2.478912953223196   0.0007886331913210263
                 1.59375       2.528000338435537   0.0007886331913210263
                 1.59375       2.577087723647877   0.0007886331913210263
                 1.59375       2.626175108860218   0.0007886331913210263
                 1.59375       2.675262494072558   0.0007886331913210263
                 1.59375       2.724349879284899   0.0007886331913210263
                 1.59375       2.773437264497239   0.0007886331913210263
                 1.59375        2.82252464970958   0.0007886331913210263
                 1.59375        2.87161203492192   0.0007886331913210263
                 1.59375       2.920699420134261   0.0007886331913210263
                 1.59375       2.969786805346601   0.0007886331913210263
                 1.59375       3.018874190558942   0.0007886331913210263
                 1.59375       3.067961575771282   0.0007886331913210263
                 1.59375       3.117048960983623   0.0007886331913210263

                 1.65625     0.02454369260617026   0.0006436636515561176
                 1.65625     0.07363107781851078   0.0006436636515561176
                 1.65625      0.1227184630308513   0.0006436636515561176
                 1.65625      0.1718058482431918   0.0006436636515561176
                 1.65625      0.2208932334555323   0.0006436636515561176
                 1.65625      0.2699806186678728   0.0006436636515561176
                 1.65625      0.3190680038802134   0.0006436636515561176
                 1.65625      0.3681553890925539   0.0006436636515561176
                 1.65625      0.4172427743048944   0.0006436636515561176
                 1.65625      0.4663301595172349   0.0006436636515561176
                 1.65625      0.5154175447295755   0.0006436636515561176
                 1.65625      0.5645049299419159   0.0006436636515561176
                 1.65625      0.6135923151542565   0.0006436636515561176
                 1.65625       0.662679700366597   0.0006436636515561176
                 1.65625      0.7117670855789375   0.0006436636515561176
                 1.65625       0.760854470791278   0.0006436636515561176
                 1.65625      0.8099418560036186   0.0006436636515561176
                 1.65625       0.859029241215959   0.0006436636515561176
                 1.65625      0.9081166264282996   0.0006436636515561176
                 1.65625      0.9572040116406401   0.0006436636515561176
                 1.65625       1.006291396852981   0.0006436636515561176
                 1.65625       1.055378782065321   0.0006436636515561176
                 1.65625       1.104466167277662   0.0006436636515561176
                 1.65625       1.153553552490002   0.0006436636515561176
                 1.65625       1.202640937702343   0.0006436636515561176
                 1.65625       1.251728322914683   0.0006436636515561176
                 1.65625       1.300815708127024   0.0006436636515561176
                 1.65625       1.349903093339364   0.0006436636515561176
                 1.65625       1.398990478551705   0.0006436636515561176
                 1.65625       1.448077863764045   0.0006436636515561176
                 1.65625       1.497165248976386   0.0006436636515561176
                 1.65625       1.546252634188726   0.0006436636515561176
                 1.65625       1.595340019401067   0.0006436636515561176
                 1.65625       1.644427404613407   0.0006436636515561176
                 1.65625       1.693514789825748   0.0006436636515561176
                 1.65625       1.742602175038088   0.0006436636515561176
                 1.65625       1.791689560250429   0.0006436636515561176
                 1.65625       1.840776945462769   0.0006436636515561176
                 1.65625        1.88986433067511   0.0006436636515561176
                 1.65625       1.938951715887451   0.0006436636515561176
                 1.65625       1.988039101099791   0.0006436636515561176
                 1.65625       2.037126486312132   0.0006436636515561176
                 1.65625       2.086213871524472   0.0006436636515561176
                 1.65625       2.135301256736812   0.0006436636515561176
                 1.65625       2.184388641949153   0.0006436636515561176
                 1.65625       2.233476027161494   0.0006436636515561176
                 1.65625       2.282563412373834   0.0006436636515561176
                 1.65625       2.331650797586175   0.0006436636515561176
                 1.65625       2.380738182798515   0.0006436636515561176
                 1.65625       2.429825568010856   0.0006436636515561176
                 1.65625       2.478912953223196   0.0006436636515561176
                 1.65625       2.528000338435537   0.0006436636515561176
                 1.65625       2.577087723647877   0.0006436636515561176
                 1.65625       2.626175108860218   0.0006436636515561176
                 1.65625       2.675262494072558   0.0006436636515561176
                 1.65625       2.724349879284899   0.0006436636515561176
                 1.65625       2.773437264497239   0.0006436636515561176
                 1.65625        2.82252464970958   0.0006436636515561176
                 1.65625        2.87161203492192   0.0006436636515561176
                 1.65625       2.920699420134261   0.0006436636515561176
                 1.65625       2.969786805346601   0.0006436636515561176
                 1.65625       3.018874190558942   0.0006436636515561176
                 1.65625       3.067961575771282   0.0006436636515561176
                 1.65625       3.117048960983623   0.0006436636515561176

                 1.71875     0.02454369260617026   0.0005212547102255848
                 1.71875     0.07363107781851078   0.0005212547102255848
                 1.71875      0.1227184630308513   0.0005212547102255848
                 1.71875      0.1718058482431918   0.0005212547102255848
                 1.71875      0.2208932334555323   0.0005212547102255848
                 1.71875      0.2699806186678728   0.0005212547102255848
                 1.71875      0.3190680038802134   0.0005212547102255848
                 1.71875      0.3681553890925539   0.0005212547102255848
                 1.71875      0.4172427743048944   0.0005212547102255848
                 1.71875      0.4663301595172349   0.0005212547102255848
                 1.71875      0.5154175447295755   0.0005212547102255848
                 1.71875      0.5645049299419159   0.0005212547102255848
                 1.71875      0.6135923151542565   0.0005212547102255848
                 1.71875       0.662679700366597   0.0005212547102255848
                 1.71875      0.7117670855789375   0.0005212547102255848
                 1.71875       0.760854470791278   0.0005212547102255848
                 1.71875      0.8099418560036186   0.0005212547102255848
                 1.71875       0.859029241215959   0.0005212547102255848
                 1.71875      0.9081166264282996   0.0005212547102255848
                 1.71875      0.9572040116406401   0.0005212547102255848
                 1.71875       1.006291396852981   0.0005212547102255848
                 1.71875       1.055378782065321   0.0005212547102255848
                 1.71875       1.104466167277662   0.0005212547102255848
                 1.71875       1.153553552490002   0.0005212547102255848
                 1.71875       1.202640937702343   0.0005212547102255848
                 1.71875       1.251728322914683   0.0005212547102255848
                 1.71875       1.300815708127024   0.0005212547102255848
                 1.71875       1.349903093339364   0.0005212547102255848
                 1.71875       1.398990478551705   0.0005212547102255848
                 1.71875       1.448077863764045   0.0005212547102255848
                 1.71875       1.497165248976386   0.0005212547102255848
                 1.71875       1.546252634188726   0.0005212547102255848
                 1.71875       1.595340019401067   0.0005212547102255848
                 1.71875       1.644427404613407   0.0005212547102255848
                 1.71875       1.693514789825748   0.0005212547102255848
                 1.71875       1.742602175038088   0.0005212547102255848
                 1.71875       1.791689560250429   0.0005212547102255848
                 1.71875       1.840776945462769   0.0005212547102255848
                 1.71875        1.88986433067511   0.0005212547102255848
                 1.71875       1.938951715887451   0.0005212547102255848
                 1.71875       1.988039101099791   0.0005212547102255848
                 1.71875       2.037126486312132   0.0005212547102255848
                 1.71875       2.086213871524472   0.0005212547102255848
                 1.71875       2.135301256736812   0.0005212547102255848
                 1.71875       2.184388641949153   0.0005212547102255848
                 1.71875       2.233476027161494   0.0005212547102255848
                 1.71875       2.282563412373834   0.0005212547102255848
                 1.71875       2.331650797586175   0.0005212547102255848
                 1.71875       2.380738182798515   0.0005212547102255848
                 1.71875       2.429825568010856   0.0005212547102255848
                 1.71875       2.478912953223196   0.0005212547102255848
                 1.71875       2.528000338435537   0.0005212547102255848
                 1.71875       2.577087723647877   0.0005212547102255848
                 1.71875       2.626175108860218   0.0005212547102255848
                 1.71875       2.675262494072558   0.0005212547102255848
                 1.71875       2.724349879284899   0.0005212547102255848
                 1.71875       2.773437264497239   0.0005212547102255848
                 1.71875        2.82252464970958   0.0005212547102255848
                 1.71875        2.87161203492192   0.0005212547102255848
                 1.71875       2.920699420134261   0.0005212547102255848
                 1.71875       2.969786805346601   0.0005212547102255848
                 1.71875       3.018874190558942   0.0005212547102255848
                 1.71875       3.067961575771282   0.0005212547102255848
                 1.71875       3.117048960983623   0.0005212547102255848

                 1.78125     0.02454369260617026   0.0004188399263080075
                 1.78125     0.07363107781851078   0.0004188399263080075
                 1.78125      0.1227184630308513   0.0004188399263080075
                 1.78125      0.1718058482431918   0.0004188399263080075
                 1.78125      0.2208932334555323   0.0004188399263080075
                 1.78125      0.2699806186678728   0.0004188399263080075
                 1.78125      0.3190680038802134   0.0004188399263080075
                 1.78125      0.3681553890925539   0.0004188399263080075
                 1.78125      0.4172427743048944   0.0004188399263080075
                 1.78125      0.4663301595172349   0.0004188399263080075
                 1.78125      0.5154175447295755   0.0004188399263080075
                 1.78125      0.5645049299419159   0.0004188399263080075
                 1.78125      0.6135923151542565   0.0004188399263080075
                 1.78125       0.662679700366597   0.0004188399263080075
                 1.78125      0.7117670855789375   0.0004188399263080075
                 1.78125       0.760854470791278   0.0004188399263080075
                 1.78125      0.8099418560036186   0.0004188399263080075
                 1.78125       0.859029241215959   0.0004188399263080075
                 1.78125      0.9081166264282996   0.0004188399263080075
                 1.78125      0.9572040116406401   0.0004188399263080075
                 1.78125       1.006291396852981   0.0004188399263080075
                 1.78125       1.055378782065321   0.0004188399263080075
                 1.78125       1.104466167277662   0.0004188399263080075
                 1.78125       1.153553552490002   0.0004188399263080075
                 1.78125       1.202640937702343   0.0004188399263080075
                 1.78125       1.251728322914683   0.0004188399263080075
                 1.78125       1.300815708127024   0.0004188399263080075
                 1.78125       1.349903093339364   0.0004188399263080075
                 1.78125       1.398990478551705   0.0004188399263080075
                 1.78125       1.448077863764045   0.0004188399263080075
                 1.78125       1.497165248976386   0.0004188399263080075
                 1.78125       1.546252634188726   0.0004188399263080075
                 1.78125       1.595340019401067   0.0004188399263080075
                 1.78125       1.644427404613407   0.0004188399263080075
                 1.78125       1.693514789825748   0.0004188399263080075
                 1.78125       1.742602175038088   0.0004188399263080075
                 1.78125       1.791689560250429   0.0004188399263080075
                 1.78125       1.840776945462769   0.0004188399263080075
                 1.78125        1.88986433067511   0.0004188399263080075
                 1.78125       1.938951715887451   0.0004188399263080075
                 1.78125       1.988039101099791   0.0004188399263080075
                 1.78125       2.037126486312132   0.0004188399263080075
                 1.78125       2.086213871524472   0.0004188399263080075
                 1.78125       2.135301256736812   0.0004188399263080075
                 1.78125       2.184388641949153   0.0004188399263080075
                 1.78125       2.233476027161494   0.0004188399263080075
                 1.78125       2.282563412373834   0.0004188399263080075
                 1.78125       2.331650797586175   0.0004188399263080075
                 1.78125       2.380738182798515   0.0004188399263080075
                 1.78125       2.429825568010856   0.0004188399263080075
                 1.78125       2.478912953223196   0.0004188399263080075
                 1.78125       2.528000338435537   0.0004188399263080075
                 1.78125       2.577087723647877   0.0004188399263080075
                 1.78125       2.626175108860218   0.0004188399263080075
                 1.78125       2.675262494072558   0.0004188399263080075
                 1.78125       2.724349879284899   0.0004188399263080075
                 1.78125       2.773437264497239   0.0004188399263080075
                 1.78125        2.82252464970958   0.0004188399263080075
                 1.78125        2.87161203492192   0.0004188399263080075
                 1.78125       2.920699420134261   0.0004188399263080075
                 1.78125       2.969786805346601   0.0004188399263080075
                 1.78125       3.018874190558942   0.0004188399263080075
                 1.78125       3.067961575771282   0.0004188399263080075
                 1.78125       3.117048960983623   0.0004188399263080075

                 1.84375     0.02454369260617026   0.0003339283034071403
                 1.84375     0.07363107781851078   0.0003339283034071403
                 1.84375      0.1227184630308513   0.0003339283034071403
                 1.84375      0.1718058482431918   0.0003339283034071403
                 1.84375      0.2208932334555323   0.0003339283034071403
                 1.84375      0.2699806186678728   0.0003339283034071403
                 1.84375      0.3190680038802134   0.0003339283034071403
                 1.84375      0.3681553890925539   0.0003339283034071403
                 1.84375      0.4172427743048944   0.0003339283034071403
                 1.84375      0.4663301595172349   0.0003339283034071403
                 1.84375      0.5154175447295755   0.0003339283034071403
                 1.84375      0.5645049299419159   0.0003339283034071403
                 1.84375      0.6135923151542565   0.0003339283034071403
                 1.84375       0.662679700366597   0.0003339283034071403
                 1.84375      0.7117670855789375   0.0003339283034071403
                 1.84375       0.760854470791278   0.0003339283034071403
                 1.84375      0.8099418560036186   0.0003339283034071403
                 1.84375       0.859029241215959   0.0003339283034071403
                 1.84375      0.9081166264282996   0.0003339283034071403
                 1.84375      0.9572040116406401   0.0003339283034071403
                 1.84375       1.006291396852981   0.0003339283034071403
                 1.84375       1.055378782065321   0.0003339283034071403
                 1.84375       1.104466167277662   0.0003339283034071403
                 1.84375       1.153553552490002   0.0003339283034071403
                 1.84375       1.202640937702343   0.0003339283034071403
                 1.84375       1.251728322914683   0.0003339283034071403
                 1.84375       1.300815708127024   0.0003339283034071403
                 1.84375       1.349903093339364   0.0003339283034071403
                 1.84375       1.398990478551705   0.0003339283034071403
                 1.84375       1.448077863764045   0.0003339283034071403
                 1.84375       1.497165248976386   0.0003339283034071403
                 1.84375       1.546252634188726   0.0003339283034071403
                 1.84375       1.595340019401067   0.0003339283034071403
                 1.84375       1.644427404613407   0.0003339283034071403
                 1.84375       1.693514789825748   0.0003339283034071403
                 1.84375       1.742602175038088   0.0003339283034071403
                 1.84375       1.791689560250429   0.0003339283034071403
                 1.84375       1.840776945462769   0.0003339283034071403
                 1.84375        1.88986433067511   0.0003339283034071403
                 1.84375       1.938951715887451   0.0003339283034071403
                 1.84375       1.988039101099791   0.0003339283034071403
                 1.84375       2.037126486312132   0.0003339283034071403
                 1.84375       2.086213871524472   0.0003339283034071403
                 1.84375       2.135301256736812   0.0003339283034071403
                 1.84375       2.184388641949153   0.0003339283034071403
                 1.84375       2.233476027161494   0.0003339283034071403
                 1.84375       2.282563412373834   0.0003339283034071403
                 1.84375       2.331650797586175   0.0003339283034071403
                 1.84375       2.380738182798515   0.0003339283034071403
                 1.84375       2.429825568010856   0.0003339283034071403
                 1.84375       2.478912953223196   0.0003339283034071403
                 1.84375       2.528000338435537   0.0003339283034071403
                 1.84375       2.577087723647877   0.0003339283034071403
                 1.84375       2.626175108860218   0.0003339283034071403
                 1.84375       2.675262494072558   0.0003339283034071403
                 1.84375       2.724349879284899   0.0003339283034071403
                 1.84375       2.773437264497239   0.0003339283034071403
                 1.84375        2.82252464970958   0.0003339283034071403
                 1.84375        2.87161203492192   0.0003339283034071403
                 1.84375       2.920699420134261   0.0003339283034071403
                 1.84375       2.969786805346601   0.0003339283034071403
                 1.84375       3.018874190558942   0.0003339283034071403
                 1.84375       3.067961575771282   0.0003339283034071403
                 1.84375       3.117048960983623   0.0003339283034071403

                 1.90625     0.02454369260617026   0.0002641590303508207
                 1.90625     0.07363107781851078   0.0002641590303508207
                 1.90625      0.1227184630308513   0.0002641590303508207
                 1.90625      0.1718058482431918   0.0002641590303508207
                 1.90625      0.2208932334555323   0.0002641590303508207
                 1.90625      0.2699806186678728   0.0002641590303508207
                 1.90625      0.3190680038802134   0.0002641590303508207
                 1.90625      0.3681553890925539   0.0002641590303508207
                 1.90625      0.4172427743048944   0.0002641590303508207
                 1.90625      0.4663301595172349   0.0002641590303508207
                 1.90625      0.5154175447295755   0.0002641590303508207
                 1.90625      0.5645049299419159   0.0002641590303508207
                 1.90625      0.6135923151542565   0.0002641590303508207
                 1.90625       0.662679700366597   0.0002641590303508207
                 1.90625      0.7117670855789375   0.0002641590303508207
                 1.90625       0.760854470791278   0.0002641590303508207
                 1.90625      0.8099418560036186   0.0002641590303508207
                 1.90625       0.859029241215959   0.0002641590303508207
                 1.90625      0.9081166264282996   0.0002641590303508207
                 1.90625      0.9572040116406401   0.0002641590303508207
                 1.90625       1.006291396852981   0.0002641590303508207
                 1.90625       1.055378782065321   0.0002641590303508207
                 1.90625       1.104466167277662   0.0002641590303508207
                 1.90625       1.153553552490002   0.0002641590303508207
                 1.90625       1.202640937702343   0.0002641590303508207
                 1.90625       1.251728322914683   0.0002641590303508207
                 1.90625       1.300815708127024   0.0002641590303508207
                 1.90625       1.349903093339364   0.0002641590303508207
                 1.90625       1.398990478551705   0.0002641590303508207
                 1.90625       1.448077863764045   0.0002641590303508207
                 1.90625       1.497165248976386   0.0002641590303508207
                 1.90625       1.546252634188726   0.0002641590303508207
                 1.90625       1.595340019401067   0.0002641590303508207
                 1.90625       1.644427404613407   0.0002641590303508207
                 1.90625       1.693514789825748   0.0002641590303508207
                 1.90625       1.742602175038088   0.0002641590303508207
                 1.90625       1.791689560250429   0.0002641590303508207
                 1.90625       1.840776945462769   0.0002641590303508207
                 1.90625        1.88986433067511   0.0002641590303508207
                 1.90625       1.938951715887451   0.0002641590303508207
                 1.90625       1.988039101099791   0.0002641590303508207
                 1.90625       2.037126486312132   0.0002641590303508207
                 1.90625       2.086213871524472   0.0002641590303508207
                 1.90625       2.135301256736812   0.0002641590303508207
                 1.90625       2.184388641949153   0.0002641590303508207
                 1.90625       2.233476027161494   0.0002641590303508207
                 1.90625       2.282563412373834   0.0002641590303508207
                 1.90625       2.331650797586175   0.0002641590303508207
                 1.90625       2.380738182798515   0.0002641590303508207
                 1.90625       2.429825568010856   0.0002641590303508207
                 1.90625       2.478912953223196   0.0002641590303508207
                 1.90625       2.528000338435537   0.0002641590303508207
                 1.90625       2.577087723647877   0.0002641590303508207
                 1.90625       2.626175108860218   0.0002641590303508207
                 1.90625       2.675262494072558   0.0002641590303508207
                 1.90625       2.724349879284899   0.0002641590303508207
                 1.90625       2.773437264497239   0.0002641590303508207
                 1.90625        2.82252464970958   0.0002641590303508207
                 1.90625        2.87161203492192   0.0002641590303508207
                 1.90625       2.920699420134261   0.0002641590303508207
                 1.90625       2.969786805346601   0.0002641590303508207
                 1.90625       3.018874190558942   0.0002641590303508207
                 1.90625       3.067961575771282   0.0002641590303508207
                 1.90625       3.117048960983623   0.0002641590303508207

                 1.96875     0.02454369260617026   0.0002073407985883874
                 1.96875     0.07363107781851078   0.0002073407985883874
                 1.96875      0.1227184630308513   0.0002073407985883874
                 1.96875      0.1718058482431918   0.0002073407985883874
                 1.96875      0.2208932334555323   0.0002073407985883874
                 1.96875      0.2699806186678728   0.0002073407985883874
                 1.96875      0.3190680038802134   0.0002073407985883874
                 1.96875      0.3681553890925539   0.0002073407985883874
                 1.96875      0.4172427743048944   0.0002073407985883874
                 1.96875      0.4663301595172349   0.0002073407985883874
                 1.96875      0.5154175447295755   0.0002073407985883874
                 1.96875      0.5645049299419159   0.0002073407985883874
                 1.96875      0.6135923151542565   0.0002073407985883874
                 1.96875       0.662679700366597   0.0002073407985883874
                 1.96875      0.7117670855789375   0.0002073407985883874
                 1.96875       0.760854470791278   0.0002073407985883874
                 1.96875      0.8099418560036186   0.0002073407985883874
                 1.96875       0.859029241215959   0.0002073407985883874
                 1.96875      0.9081166264282996   0.0002073407985883874
                 1.96875      0.9572040116406401   0.0002073407985883874
                 1.96875       1.006291396852981   0.0002073407985883874
                 1.96875       1.055378782065321   0.0002073407985883874
                 1.96875       1.104466167277662   0.0002073407985883874
                 1.96875       1.153553552490002   0.0002073407985883874
                 1.96875       1.202640937702343   0.0002073407985883874
                 1.96875       1.251728322914683   0.0002073407985883874
                 1.96875       1.300815708127024   0.0002073407985883874
                 1.96875       1.349903093339364   0.0002073407985883874
                 1.96875       1.398990478551705   0.0002073407985883874
                 1.96875       1.448077863764045   0.0002073407985883874
                 1.96875       1.497165248976386   0.0002073407985883874
                 1.96875       1.546252634188726   0.0002073407985883874
                 1.96875       1.595340019401067   0.0002073407985883874
                 1.96875       1.644427404613407   0.0002073407985883874
                 1.96875       1.693514789825748   0.0002073407985883874
                 1.96875       1.742602175038088   0.0002073407985883874
                 1.96875       1.791689560250429   0.0002073407985883874
                 1.96875       1.840776945462769   0.0002073407985883874
                 1.96875        1.88986433067511   0.0002073407985883874
                 1.96875       1.938951715887451   0.0002073407985883874
                 1.96875       1.988039101099791   0.0002073407985883874
                 1.96875       2.037126486312132   0.0002073407985883874
                 1.96875       2.086213871524472   0.0002073407985883874
                 1.96875       2.135301256736812   0.0002073407985883874
                 1.96875       2.184388641949153   0.0002073407985883874
                 1.96875       2.233476027161494   0.0002073407985883874
                 1.96875       2.282563412373834   0.0002073407985883874
                 1.96875       2.331650797586175   0.0002073407985883874
                 1.96875       2.380738182798515   0.0002073407985883874
                 1.96875       2.429825568010856   0.0002073407985883874
                 1.96875       2.478912953223196   0.0002073407985883874
                 1.96875       2.528000338435537   0.0002073407985883874
                 1.96875       2.577087723647877   0.0002073407985883874
                 1.96875       2.626175108860218   0.0002073407985883874
                 1.96875       2.675262494072558   0.0002073407985883874
                 1.96875       2.724349879284899   0.0002073407985883874
                 1.96875       2.773437264497239   0.0002073407985883874
                 1.96875        2.82252464970958   0.0002073407985883874
                 1.96875        2.87161203492192   0.0002073407985883874
                 1.96875       2.920699420134261   0.0002073407985883874
                 1.96875       2.969786805346601   0.0002073407985883874
                 1.96875       3.018874190558942   0.0002073407985883874
                 1.96875       3.067961575771282   0.0002073407985883874
                 1.96875       3.117048960983623   0.0002073407985883874

                 2.03125     0.02454369260617026   0.0001614771763032865
                 2.03125     0.07363107781851078   0.0001614771763032865
                 2.03125      0.1227184630308513   0.0001614771763032865
                 2.03125      0.1718058482431918   0.0001614771763032865
                 2.03125      0.2208932334555323   0.0001614771763032865
                 2.03125      0.2699806186678728   0.0001614771763032865
                 2.03125      0.3190680038802134   0.0001614771763032865
                 2.03125      0.3681553890925539   0.0001614771763032865
                 2.03125      0.4172427743048944   0.0001614771763032865
                 2.03125      0.4663301595172349   0.0001614771763032865
                 2.03125      0.5154175447295755   0.0001614771763032865
                 2.03125      0.5645049299419159   0.0001614771763032865
                 2.03125      0.6135923151542565   0.0001614771763032865
                 2.03125       0.662679700366597   0.0001614771763032865
                 2.03125      0.7117670855789375   0.0001614771763032865
                 2.03125       0.760854470791278   0.0001614771763032865
                 2.03125      0.8099418560036186   0.0001614771763032865
                 2.03125       0.859029241215959   0.0001614771763032865
                 2.03125      0.9081166264282996   0.0001614771763032865
                 2.03125      0.9572040116406401   0.0001614771763032865
                 2.03125       1.006291396852981   0.0001614771763032865
                 2.03125       1.055378782065321   0.0001614771763032865
                 2.03125       1.104466167277662   0.0001614771763032865
                 2.03125       1.153553552490002   0.0001614771763032865
                 2.03125       1.202640937702343   0.0001614771763032865
                 2.03125       1.251728322914683   0.0001614771763032865
                 2.03125       1.300815708127024   0.0001614771763032865
                 2.03125       1.349903093339364   0.0001614771763032865
                 2.03125       1.398990478551705   0.0001614771763032865
                 2.03125       1.448077863764045   0.0001614771763032865
                 2.03125       1.497165248976386   0.0001614771763032865
                 2.03125       1.546252634188726   0.0001614771763032865
                 2.03125       1.595340019401067   0.0001614771763032865
                 2.03125       1.644427404613407   0.0001614771763032865
                 2.03125       1.693514789825748   0.0001614771763032865
                 2.03125       1.742602175038088   0.0001614771763032865
                 2.03125       1.791689560250429   0.0001614771763032865
                 2.03125       1.840776945462769   0.0001614771763032865
                 2.03125        1.88986433067511   0.0001614771763032865
                 2.03125       1.938951715887451   0.0001614771763032865
                 2.03125       1.988039101099791   0.0001614771763032865
                 2.03125       2.037126486312132   0.0001614771763032865
                 2.03125       2.086213871524472   0.0001614771763032865
                 2.03125       2.135301256736812   0.0001614771763032865
                 2.03125       2.184388641949153   0.0001614771763032865
                 2.03125       2.233476027161494   0.0001614771763032865
                 2.03125       2.282563412373834   0.0001614771763032865
                 2.03125       2.331650797586175   0.0001614771763032865
                 2.03125       2.380738182798515   0.0001614771763032865
                 2.03125       2.429825568010856   0.0001614771763032865
                 2.03125       2.478912953223196   0.0001614771763032865
                 2.03125       2.528000338435537   0.0001614771763032865
                 2.03125       2.577087723647877   0.0001614771763032865
                 2.03125       2.626175108860218   0.0001614771763032865
                 2.03125       2.675262494072558   0.0001614771763032865
                 2.03125       2.724349879284899   0.0001614771763032865
                 2.03125       2.773437264497239   0.0001614771763032865
                 2.03125        2.82252464970958   0.0001614771763032865
                 2.03125        2.87161203492192   0.0001614771763032865
                 2.03125       2.920699420134261   0.0001614771763032865
                 2.03125       2.969786805346601   0.0001614771763032865
                 2.03125       3.018874190558942   0.0001614771763032865
                 2.03125       3.067961575771282   0.0001614771763032865
                 2.03125       3.117048960983623   0.0001614771763032865

                 2.09375     0.02454369260617026   0.0001247798905422262
                 2.09375     0.07363107781851078   0.0001247798905422262
                 2.09375      0.1227184630308513   0.0001247798905422262
                 2.09375      0.1718058482431918   0.0001247798905422262
                 2.09375      0.2208932334555323   0.0001247798905422262
                 2.09375      0.2699806186678728   0.0001247798905422262
                 2.09375      0.3190680038802134   0.0001247798905422262
                 2.09375      0.3681553890925539   0.0001247798905422262
                 2.09375      0.4172427743048944   0.0001247798905422262
                 2.09375      0.4663301595172349   0.0001247798905422262
                 2.09375      0.5154175447295755   0.0001247798905422262
                 2.09375      0.5645049299419159   0.0001247798905422262
                 2.09375      0.6135923151542565   0.0001247798905422262
                 2.09375       0.662679700366597   0.0001247798905422262
                 2.09375      0.7117670855789375   0.0001247798905422262
                 2.09375       0.760854470791278   0.0001247798905422262
                 2.09375      0.8099418560036186   0.0001247798905422262
                 2.09375       0.859029241215959   0.0001247798905422262
                 2.09375      0.9081166264282996   0.0001247798905422262
                 2.09375      0.9572040116406401   0.0001247798905422262
                 2.09375       1.006291396852981   0.0001247798905422262
                 2.09375       1.055378782065321   0.0001247798905422262
                 2.09375       1.104466167277662   0.0001247798905422262
                 2.09375       1.153553552490002   0.0001247798905422262
                 2.09375       1.202640937702343   0.0001247798905422262
                 2.09375       1.251728322914683   0.0001247798905422262
                 2.09375       1.300815708127024   0.0001247798905422262
                 2.09375       1.349903093339364   0.0001247798905422262
                 2.09375       1.398990478551705   0.0001247798905422262
                 2.09375       1.448077863764045   0.0001247798905422262
                 2.09375       1.497165248976386   0.0001247798905422262
                 2.09375       1.546252634188726   0.0001247798905422262
                 2.09375       1.595340019401067   0.0001247798905422262
                 2.09375       1.644427404613407   0.0001247798905422262
                 2.09375       1.693514789825748   0.0001247798905422262
                 2.09375       1.742602175038088   0.0001247798905422262
                 2.09375       1.791689560250429   0.0001247798905422262
                 2.09375       1.840776945462769   0.0001247798905422262
                 2.09375        1.88986433067511   0.0001247798905422262
                 2.09375       1.938951715887451   0.0001247798905422262
                 2.09375       1.988039101099791   0.0001247798905422262
                 2.09375       2.037126486312132   0.0001247798905422262
                 2.09375       2.086213871524472   0.0001247798905422262
                 2.09375       2.135301256736812   0.0001247798905422262
                 2.09375       2.184388641949153   0.0001247798905422262
                 2.09375       2.233476027161494   0.0001247798905422262
                 2.09375       2.282563412373834   0.0001247798905422262
                 2.09375       2.331650797586175   0.0001247798905422262
                 2.09375       2.380738182798515   0.0001247798905422262
                 2.09375       2.429825568010856   0.0001247798905422262
                 2.09375       2.478912953223196   0.0001247798905422262
                 2.09375       2.528000338435537   0.0001247798905422262
                 2.09375       2.577087723647877   0.0001247798905422262
                 2.09375       2.626175108860218   0.0001247798905422262
                 2.09375       2.675262494072558   0.0001247798905422262
                 2.09375       2.724349879284899   0.0001247798905422262
                 2.09375       2.773437264497239   0.0001247798905422262
                 2.09375        2.82252464970958   0.0001247798905422262
                 2.09375        2.87161203492192   0.0001247798905422262
                 2.09375       2.920699420134261   0.0001247798905422262
                 2.09375       2.969786805346601   0.0001247798905422262
                 2.09375       3.018874190558942   0.0001247798905422262
                 2.09375       3.067961575771282   0.0001247798905422262
                 2.09375       3.117048960983623   0.0001247798905422262

                 2.15625     0.02454369260617026   9.567206073353063e-05
                 2.15625     0.07363107781851078   9.567206073353063e-05
                 2.15625      0.1227184630308513   9.567206073353063e-05
                 2.15625      0.1718058482431918   9.567206073353063e-05
                 2.15625      0.2208932334555323   9.567206073353063e-05
                 2.15625      0.2699806186678728   9.567206073353063e-05
                 2.15625      0.3190680038802134   9.567206073353063e-05
                 2.15625      0.3681553890925539   9.567206073353063e-05
                 2.15625      0.4172427743048944   9.567206073353063e-05
                 2.15625      0.4663301595172349   9.567206073353063e-05
                 2.15625      0.5154175447295755   9.567206073353063e-05
                 2.15625      0.5645049299419159   9.567206073353063e-05
                 2.15625      0.6135923151542565   9.567206073353063e-05
                 2.15625       0.662679700366597   9.567206073353063e-05
                 2.15625      0.7117670855789375   9.567206073353063e-05
                 2.15625       0.760854470791278   9.567206073353063e-05
                 2.15625      0.8099418560036186   9.567206073353063e-05
                 2.15625       0.859029241215959   9.567206073353063e-05
                 2.15625      0.9081166264282996   9.567206073353063e-05
                 2.15625      0.9572040116406401   9.567206073353063e-05
                 2.15625       1.006291396852981   9.567206073353063e-05
                 2.15625       1.055378782065321   9.567206073353063e-05
                 2.15625       1.104466167277662   9.567206073353063e-05
                 2.15625       1.153553552490002   9.567206073353063e-05
                 2.15625       1.202640937702343   9.567206073353063e-05
                 2.15625       1.251728322914683   9.567206073353063e-05
                 2.15625       1.300815708127024   9.567206073353063e-05
                 2.15625       1.349903093339364   9.567206073353063e-05
                 2.15625       1.398990478551705   9.567206073353063e-05
                 2.15625       1.448077863764045   9.567206073353063e-05
                 2.15625       1.497165248976386   9.567206073353063e-05
                 2.15625       1.546252634188726   9.567206073353063e-05
                 2.15625       1.595340019401067   9.567206073353063e-05
                 2.15625       1.644427404613407   9.567206073353063e-05
                 2.15625       1.693514789825748   9.567206073353063e-05
                 2.15625       1.742602175038088   9.567206073353063e-05
                 2.15625       1.791689560250429   9.567206073353063e-05
                 2.15625       1.840776945462769   9.567206073353063e-05
                 2.15625        1.88986433067511   9.567206073353063e-05
                 2.15625       1.938951715887451   9.567206073353063e-05
                 2.15625       1.988039101099791   9.567206073353063e-05
                 2.15625       2.037126486312132   9.567206073353063e-05
                 2.15625       2.086213871524472   9.567206073353063e-05
                 2.15625       2.135301256736812   9.567206073353063e-05
                 2.15625       2.184388641949153   9.567206073353063e-05
                 2.15625       2.233476027161494   9.567206073353063e-05
                 2.15625       2.282563412373834   9.567206073353063e-05
                 2.15625       2.331650797586175   9.567206073353063e-05
                 2.15625       2.380738182798515   9.567206073353063e-05
                 2.15625       2.429825568010856   9.567206073353063e-05
                 2.15625       2.478912953223196   9.567206073353063e-05
                 2.15625       2.528000338435537   9.567206073353063e-05
                 2.15625       2.577087723647877   9.567206073353063e-05
                 2.15625       2.626175108860218   9.567206073353063e-05
                 2.15625       2.675262494072558   9.567206073353063e-05
                 2.15625       2.724349879284899   9.567206073353063e-05
                 2.15625       2.773437264497239   9.567206073353063e-05
                 2.15625        2.82252464970958   9.567206073353063e-05
                 2.15625        2.87161203492192   9.567206073353063e-05
                 2.15625       2.920699420134261   9.567206073353063e-05
                 2.15625       2.969786805346601   9.567206073353063e-05
                 2.15625       3.018874190558942   9.567206073353063e-05
                 2.15625       3.067961575771282   9.567206073353063e-05
                 2.15625       3.117048960983623   9.567206073353063e-05

                 2.21875     0.02454369260617026   7.278346566903629e-05
                 2.21875     0.07363107781851078   7.278346566903629e-05
                 2.21875      0.1227184630308513   7.278346566903629e-05
                 2.21875      0.1718058482431918   7.278346566903629e-05
                 2.21875      0.2208932334555323   7.278346566903629e-05
                 2.21875      0.2699806186678728   7.278346566903629e-05
                 2.21875      0.3190680038802134   7.278346566903629e-05
                 2.21875      0.3681553890925539   7.278346566903629e-05
                 2.21875      0.4172427743048944   7.278346566903629e-05
                 2.21875      0.4663301595172349   7.278346566903629e-05
                 2.21875      0.5154175447295755   7.278346566903629e-05
                 2.21875      0.5645049299419159   7.278346566903629e-05
                 2.21875      0.6135923151542565   7.278346566903629e-05
                 2.21875       0.662679700366597   7.278346566903629e-05
                 2.21875      0.7117670855789375   7.278346566903629e-05
                 2.21875       0.760854470791278   7.278346566903629e-05
                 2.21875      0.8099418560036186   7.278346566903629e-05
                 2.21875       0.859029241215959   7.278346566903629e-05
                 2.21875      0.9081166264282996   7.278346566903629e-05
                 2.21875      0.9572040116406401   7.278346566903629e-05
                 2.21875       1.006291396852981   7.278346566903629e-05
                 2.21875       1.055378782065321   7.278346566903629e-05
                 2.21875       1.104466167277662   7.278346566903629e-05
                 2.21875       1.153553552490002   7.278346566903629e-05
                 2.21875       1.202640937702343   7.278346566903629e-05
                 2.21875       1.251728322914683   7.278346566903629e-05
                 2.21875       1.300815708127024   7.278346566903629e-05
                 2.21875       1.349903093339364   7.278346566903629e-05
                 2.21875       1.398990478551705   7.278346566903629e-05
                 2.21875       1.448077863764045   7.278346566903629e-05
                 2.21875       1.497165248976386   7.278346566903629e-05
                 2.21875       1.546252634188726   7.278346566903629e-05
                 2.21875       1.595340019401067   7.278346566903629e-05
                 2.21875       1.644427404613407   7.278346566903629e-05
                 2.21875       1.693514789825748   7.278346566903629e-05
                 2.21875       1.742602175038088   7.278346566903629e-05
                 2.21875       1.791689560250429   7.278346566903629e-05
                 2.21875       1.840776945462769   7.278346566903629e-05
                 2.21875        1.88986433067511   7.278346566903629e-05
                 2.21875       1.938951715887451   7.278346566903629e-05
                 2.21875       1.988039101099791   7.278346566903629e-05
                 2.21875       2.037126486312132   7.278346566903629e-05
                 2.21875       2.086213871524472   7.278346566903629e-05
                 2.21875       2.135301256736812   7.278346566903629e-05
                 2.21875       2.184388641949153   7.278346566903629e-05
                 2.21875       2.233476027161494   7.278346566903629e-05
                 2.21875       2.282563412373834   7.278346566903629e-05
                 2.21875       2.331650797586175   7.278346566903629e-05
                 2.21875       2.380738182798515   7.278346566903629e-05
                 2.21875       2.429825568010856   7.278346566903629e-05
                 2.21875       2.478912953223196   7.278346566903629e-05
                 2.21875       2.528000338435537   7.278346566903629e-05
                 2.21875       2.577087723647877   7.278346566903629e-05
                 2.21875       2.626175108860218   7.278346566903629e-05
                 2.21875       2.675262494072558   7.278346566903629e-05
                 2.21875       2.724349879284899   7.278346566903629e-05
                 2.21875       2.773437264497239   7.278346566903629e-05
                 2.21875        2.82252464970958   7.278346566903629e-05
                 2.21875        2.87161203492192   7.278346566903629e-05
                 2.21875       2.920699420134261   7.278346566903629e-05
                 2.21875       2.969786805346601   7.278346566903629e-05
                 2.21875       3.018874190558942   7.278346566903629e-05
                 2.21875       3.067961575771282   7.278346566903629e-05
                 2.21875       3.117048960983623   7.278346566903629e-05

                 2.28125     0.02454369260617026   5.493984225699593e-05
                 2.28125     0.07363107781851078   5.493984225699593e-05
                 2.28125      0.1227184630308513   5.493984225699593e-05
                 2.28125      0.1718058482431918   5.493984225699593e-05
                 2.28125      0.2208932334555323   5.493984225699593e-05
                 2.28125      0.2699806186678728   5.493984225699593e-05
                 2.28125      0.3190680038802134   5.493984225699593e-05
                 2.28125      0.3681553890925539   5.493984225699593e-05
                 2.28125      0.4172427743048944   5.493984225699593e-05
                 2.28125      0.4663301595172349   5.493984225699593e-05
                 2.28125      0.5154175447295755   5.493984225699593e-05
                 2.28125      0.5645049299419159   5.493984225699593e-05
                 2.28125      0.6135923151542565   5.493984225699593e-05
                 2.28125       0.662679700366597   5.493984225699593e-05
                 2.28125      0.7117670855789375   5.493984225699593e-05
                 2.28125       0.760854470791278   5.493984225699593e-05
                 2.28125      0.8099418560036186   5.493984225699593e-05
                 2.28125       0.859029241215959   5.493984225699593e-05
                 2.28125      0.9081166264282996   5.493984225699593e-05
                 2.28125      0.9572040116406401   5.493984225699593e-05
                 2.28125       1.006291396852981   5.493984225699593e-05
                 2.28125       1.055378782065321   5.493984225699593e-05
                 2.28125       1.104466167277662   5.493984225699593e-05
                 2.28125       1.153553552490002   5.493984225699593e-05
                 2.28125       1.202640937702343   5.493984225699593e-05
                 2.28125       1.251728322914683   5.493984225699593e-05
                 2.28125       1.300815708127024   5.493984225699593e-05
                 2.28125       1.349903093339364   5.493984225699593e-05
                 2.28125       1.398990478551705   5.493984225699593e-05
                 2.28125       1.448077863764045   5.493984225699593e-05
                 2.28125       1.497165248976386   5.493984225699593e-05
                 2.28125       1.546252634188726   5.493984225699593e-05
                 2.28125       1.595340019401067   5.493984225699593e-05
                 2.28125       1.644427404613407   5.493984225699593e-05
                 2.28125       1.693514789825748   5.493984225699593e-05
                 2.28125       1.742602175038088   5.493984225699593e-05
                 2.28125       1.791689560250429   5.493984225699593e-05
                 2.28125       1.840776945462769   5.493984225699593e-05
                 2.28125        1.88986433067511   5.493984225699593e-05
                 2.28125       1.938951715887451   5.493984225699593e-05
                 2.28125       1.988039101099791   5.493984225699593e-05
                 2.28125       2.037126486312132   5.493984225699593e-05
                 2.28125       2.086213871524472   5.493984225699593e-05
                 2.28125       2.135301256736812   5.493984225699593e-05
                 2.28125       2.184388641949153   5.493984225699593e-05
                 2.28125       2.233476027161494   5.493984225699593e-05
                 2.28125       2.282563412373834   5.493984225699593e-05
                 2.28125       2.331650797586175   5.493984225699593e-05
                 2.28125       2.380738182798515   5.493984225699593e-05
                 2.28125       2.429825568010856   5.493984225699593e-05
                 2.28125       2.478912953223196   5.493984225699593e-05
                 2.28125       2.528000338435537   5.493984225699593e-05
                 2.28125       2.577087723647877   5.493984225699593e-05
                 2.28125       2.626175108860218   5.493984225699593e-05
                 2.28125       2.675262494072558   5.493984225699593e-05
                 2.28125       2.724349879284899   5.493984225699593e-05
                 2.28125       2.773437264497239   5.493984225699593e-05
                 2.28125        2.82252464970958   5.493984225699593e-05
                 2.28125        2.87161203492192   5.493984225699593e-05
                 2.28125       2.920699420134261   5.493984225699593e-05
                 2.28125       2.969786805346601   5.493984225699593e-05
                 2.28125       3.018874190558942   5.493984225699593e-05
                 2.28125       3.067961575771282   5.493984225699593e-05
                 2.28125       3.117048960983623   5.493984225699593e-05

                 2.34375     0.02454369260617026   4.114804058048207e-05
                 2.34375     0.07363107781851078   4.114804058048207e-05
                 2.34375      0.1227184630308513   4.114804058048207e-05
                 2.34375      0.1718058482431918   4.114804058048207e-05
                 2.34375      0.2208932334555323   4.114804058048207e-05
                 2.34375      0.2699806186678728   4.114804058048207e-05
                 2.34375      0.3190680038802134   4.114804058048207e-05
                 2.34375      0.3681553890925539   4.114804058048207e-05
                 2.34375      0.4172427743048944   4.114804058048207e-05
                 2.34375      0.4663301595172349   4.114804058048207e-05
                 2.34375      0.5154175447295755   4.114804058048207e-05
                 2.34375      0.5645049299419159   4.114804058048207e-05
                 2.34375      0.6135923151542565   4.114804058048207e-05
                 2.34375       0.662679700366597   4.114804058048207e-05
                 2.34375      0.7117670855789375   4.114804058048207e-05
                 2.34375       0.760854470791278   4.114804058048207e-05
                 2.34375      0.8099418560036186   4.114804058048207e-05
                 2.34375       0.859029241215959   4.114804058048207e-05
                 2.34375      0.9081166264282996   4.114804058048207e-05
                 2.34375      0.9572040116406401   4.114804058048207e-05
                 2.34375       1.006291396852981   4.114804058048207e-05
                 2.34375       1.055378782065321   4.114804058048207e-05
                 2.34375       1.104466167277662   4.114804058048207e-05
                 2.34375       1.153553552490002   4.114804058048207e-05
                 2.34375       1.202640937702343   4.114804058048207e-05
                 2.34375       1.251728322914683   4.114804058048207e-05
                 2.34375       1.300815708127024   4.114804058048207e-05
                 2.34375       1.349903093339364   4.114804058048207e-05
                 2.34375       1.398990478551705   4.114804058048207e-05
                 2.34375       1.448077863764045   4.114804058048207e-05
                 2.34375       1.497165248976386   4.114804058048207e-05
                 2.34375       1.546252634188726   4.114804058048207e-05
                 2.34375       1.595340019401067   4.114804058048207e-05
                 2.34375       1.644427404613407   4.114804058048207e-05
                 2.34375       1.693514789825748   4.114804058048207e-05
                 2.34375       1.742602175038088   4.114804058048207e-05
                 2.34375       1.791689560250429   4.114804058048207e-05
                 2.34375       1.840776945462769   4.114804058048207e-05
                 2.34375        1.88986433067511   4.114804058048207e-05
                 2.34375       1.938951715887451   4.114804058048207e-05
                 2.34375       1.988039101099791   4.114804058048207e-05
                 2.34375       2.037126486312132   4.114804058048207e-05
                 2.34375       2.086213871524472   4.114804058048207e-05
                 2.34375       2.135301256736812   4.114804058048207e-05
                 2.34375       2.184388641949153   4.114804058048207e-05
                 2.34375       2.233476027161494   4.114804058048207e-05
                 2.34375       2.282563412373834   4.114804058048207e-05
                 2.34375       2.331650797586175   4.114804058048207e-05
                 2.34375       2.380738182798515   4.114804058048207e-05
                 2.34375       2.429825568010856   4.114804058048207e-05
                 2.34375       2.478912953223196   4.114804058048207e-05
                 2.34375       2.528000338435537   4.114804058048207e-05
                 2.34375       2.577087723647877   4.114804058048207e-05
                 2.34375       2.626175108860218   4.114804058048207e-05
                 2.34375       2.675262494072558   4.114804058048207e-05
                 2.34375       2.724349879284899   4.114804058048207e-05
                 2.34375       2.773437264497239   4.114804058048207e-05
                 2.34375        2.82252464970958   4.114804058048207e-05
                 2.34375        2.87161203492192   4.114804058048207e-05
                 2.34375       2.920699420134261   4.114804058048207e-05
                 2.34375       2.969786805346601   4.114804058048207e-05
                 2.34375       3.018874190558942   4.114804058048207e-05
                 2.34375       3.067961575771282   4.114804058048207e-05
                 2.34375       3.117048960983623   4.114804058048207e-05

                 2.40625     0.02454369260617026   3.057862726327566e-05
                 2.40625     0.07363107781851078   3.057862726327566e-05
                 2.40625      0.1227184630308513   3.057862726327566e-05
                 2.40625      0.1718058482431918   3.057862726327566e-05
                 2.40625      0.2208932334555323   3.057862726327566e-05
                 2.40625      0.2699806186678728   3.057862726327566e-05
                 2.40625      0.3190680038802134   3.057862726327566e-05
                 2.40625      0.3681553890925539   3.057862726327566e-05
                 2.40625      0.4172427743048944   3.057862726327566e-05
                 2.40625      0.4663301595172349   3.057862726327566e-05
                 2.40625      0.5154175447295755   3.057862726327566e-05
                 2.40625      0.5645049299419159   3.057862726327566e-05
                 2.40625      0.6135923151542565   3.057862726327566e-05
                 2.40625       0.662679700366597   3.057862726327566e-05
                 2.40625      0.7117670855789375   3.057862726327566e-05
                 2.40625       0.760854470791278   3.057862726327566e-05
                 2.40625      0.8099418560036186   3.057862726327566e-05
                 2.40625       0.859029241215959   3.057862726327566e-05
                 2.40625      0.9081166264282996   3.057862726327566e-05
                 2.40625      0.9572040116406401   3.057862726327566e-05
                 2.40625       1.006291396852981   3.057862726327566e-05
                 2.40625       1.055378782065321   3.057862726327566e-05
                 2.40625       1.104466167277662   3.057862726327566e-05
                 2.40625       1.153553552490002   3.057862726327566e-05
                 2.40625       1.202640937702343   3.057862726327566e-05
                 2.40625       1.251728322914683   3.057862726327566e-05
                 2.40625       1.300815708127024   3.057862726327566e-05
                 2.40625       1.349903093339364   3.057862726327566e-05
                 2.40625       1.398990478551705   3.057862726327566e-05
                 2.40625       1.448077863764045   3.057862726327566e-05
                 2.40625       1.497165248976386   3.057862726327566e-05
                 2.40625       1.546252634188726   3.057862726327566e-05
                 2.40625       1.595340019401067   3.057862726327566e-05
                 2.40625       1.644427404613407   3.057862726327566e-05
                 2.40625       1.693514789825748   3.057862726327566e-05
                 2.40625       1.742602175038088   3.057862726327566e-05
                 2.40625       1.791689560250429   3.057862726327566e-05
                 2.40625       1.840776945462769   3.057862726327566e-05
                 2.40625        1.88986433067511   3.057862726327566e-05
                 2.40625       1.938951715887451   3.057862726327566e-05
                 2.40625       1.988039101099791   3.057862726327566e-05
                 2.40625       2.037126486312132   3.057862726327566e-05
                 2.40625       2.086213871524472   3.057862726327566e-05
                 2.40625       2.135301256736812   3.057862726327566e-05
                 2.40625       2.184388641949153   3.057862726327566e-05
                 2.40625       2.233476027161494   3.057862726327566e-05
                 2.40625       2.282563412373834   3.057862726327566e-05
                 2.40625       2.331650797586175   3.057862726327566e-05
                 2.40625       2.380738182798515   3.057862726327566e-05
                 2.40625       2.429825568010856   3.057862726327566e-05
                 2.40625       2.478912953223196   3.057862726327566e-05
                 2.40625       2.528000338435537   3.057862726327566e-05
                 2.40625       2.577087723647877   3.057862726327566e-05
                 2.40625       2.626175108860218   3.057862726327566e-05
                 2.40625       2.675262494072558   3.057862726327566e-05
                 2.40625       2.724349879284899   3.057862726327566e-05
                 2.40625       2.773437264497239   3.057862726327566e-05
                 2.40625        2.82252464970958   3.057862726327566e-05
                 2.40625        2.87161203492192   3.057862726327566e-05
                 2.40625       2.920699420134261   3.057862726327566e-05
                 2.40625       2.969786805346601   3.057862726327566e-05
                 2.40625       3.018874190558942   3.057862726327566e-05
                 2.40625       3.067961575771282   3.057862726327566e-05
                 2.40625       3.117048960983623   3.057862726327566e-05

                 2.46875     0.02454369260617026   2.254726583231613e-05
                 2.46875     0.07363107781851078   2.254726583231613e-05
                 2.46875      0.1227184630308513   2.254726583231613e-05
                 2.46875      0.1718058482431918   2.254726583231613e-05
                 2.46875      0.2208932334555323   2.254726583231613e-05
                 2.46875      0.2699806186678728   2.254726583231613e-05
                 2.46875      0.3190680038802134   2.254726583231613e-05
                 2.46875      0.3681553890925539   2.254726583231613e-05
                 2.46875      0.4172427743048944   2.254726583231613e-05
                 2.46875      0.4663301595172349   2.254726583231613e-05
                 2.46875      0.5154175447295755   2.254726583231613e-05
                 2.46875      0.5645049299419159   2.254726583231613e-05
                 2.46875      0.6135923151542565   2.254726583231613e-05
                 2.46875       0.662679700366597   2.254726583231613e-05
                 2.46875      0.7117670855789375   2.254726583231613e-05
                 2.46875       0.760854470791278   2.254726583231613e-05
                 2.46875      0.8099418560036186   2.254726583231613e-05
                 2.46875       0.859029241215959   2.254726583231613e-05
                 2.46875      0.9081166264282996   2.254726583231613e-05
                 2.46875      0.9572040116406401   2.254726583231613e-05
                 2.46875       1.006291396852981   2.254726583231613e-05
                 2.46875       1.055378782065321   2.254726583231613e-05
                 2.46875       1.104466167277662   2.254726583231613e-05
                 2.46875       1.153553552490002   2.254726583231613e-05
                 2.46875       1.202640937702343   2.254726583231613e-05
                 2.46875       1.251728322914683   2.254726583231613e-05
                 2.46875       1.300815708127024   2.254726583231613e-05
                 2.46875       1.349903093339364   2.254726583231613e-05
                 2.46875       1.398990478551705   2.254726583231613e-05
                 2.46875       1.448077863764045   2.254726583231613e-05
                 2.46875       1.497165248976386   2.254726583231613e-05
                 2.46875       1.546252634188726   2.254726583231613e-05
                 2.46875       1.595340019401067   2.254726583231613e-05
                 2.46875       1.644427404613407   2.254726583231613e-05
                 2.46875       1.693514789825748   2.254726583231613e-05
                 2.46875       1.742602175038088   2.254726583231613e-05
                 2.46875       1.791689560250429   2.254726583231613e-05
                 2.46875       1.840776945462769   2.254726583231613e-05
                 2.46875        1.88986433067511   2.254726583231613e-05
                 2.46875       1.938951715887451   2.254726583231613e-05
                 2.46875       1.988039101099791   2.254726583231613e-05
                 2.46875       2.037126486312132   2.254726583231613e-05
                 2.46875       2.086213871524472   2.254726583231613e-05
                 2.46875       2.135301256736812   2.254726583231613e-05
                 2.46875       2.184388641949153   2.254726583231613e-05
                 2.46875       2.233476027161494   2.254726583231613e-05
                 2.46875       2.282563412373834   2.254726583231613e-05
                 2.46875       2.331650797586175   2.254726583231613e-05
                 2.46875       2.380738182798515   2.254726583231613e-05
                 2.46875       2.429825568010856   2.254726583231613e-05
                 2.46875       2.478912953223196   2.254726583231613e-05
                 2.46875       2.528000338435537   2.254726583231613e-05
                 2.46875       2.577087723647877   2.254726583231613e-05
                 2.46875       2.626175108860218   2.254726583231613e-05
                 2.46875       2.675262494072558   2.254726583231613e-05
                 2.46875       2.724349879284899   2.254726583231613e-05
                 2.46875       2.773437264497239   2.254726583231613e-05
                 2.46875        2.82252464970958   2.254726583231613e-05
                 2.46875        2.87161203492192   2.254726583231613e-05
                 2.46875       2.920699420134261   2.254726583231613e-05
                 2.46875       2.969786805346601   2.254726583231613e-05
                 2.46875       3.018874190558942   2.254726583231613e-05
                 2.46875       3.067961575771282   2.254726583231613e-05
                 2.46875       3.117048960983623   2.254726583231613e-05

                 2.53125     0.02454369260617026    1.64959320729371e-05
                 2.53125     0.07363107781851078    1.64959320729371e-05
                 2.53125      0.1227184630308513    1.64959320729371e-05
                 2.53125      0.1718058482431918    1.64959320729371e-05
                 2.53125      0.2208932334555323    1.64959320729371e-05
                 2.53125      0.2699806186678728    1.64959320729371e-05
                 2.53125      0.3190680038802134    1.64959320729371e-05
                 2.53125      0.3681553890925539    1.64959320729371e-05
                 2.53125      0.4172427743048944    1.64959320729371e-05
                 2.53125      0.4663301595172349    1.64959320729371e-05
                 2.53125      0.5154175447295755    1.64959320729371e-05
                 2.53125      0.5645049299419159    1.64959320729371e-05
                 2.53125      0.6135923151542565    1.64959320729371e-05
                 2.53125       0.662679700366597    1.64959320729371e-05
                 2.53125      0.7117670855789375    1.64959320729371e-05
                 2.53125       0.760854470791278    1.64959320729371e-05
                 2.53125      0.8099418560036186    1.64959320729371e-05
                 2.53125       0.859029241215959    1.64959320729371e-05
                 2.53125      0.9081166264282996    1.64959320729371e-05
                 2.53125      0.9572040116406401    1.64959320729371e-05
                 2.53125       1.006291396852981    1.64959320729371e-05
                 2.53125       1.055378782065321    1.64959320729371e-05
                 2.53125       1.104466167277662    1.64959320729371e-05
                 2.53125       1.153553552490002    1.64959320729371e-05
                 2.53125       1.202640937702343    1.64959320729371e-05
                 2.53125       1.251728322914683    1.64959320729371e-05
                 2.53125       1.300815708127024    1.64959320729371e-05
                 2.53125       1.349903093339364    1.64959320729371e-05
                 2.53125       1.398990478551705    1.64959320729371e-05
                 2.53125       1.448077863764045    1.64959320729371e-05
                 2.53125       1.497165248976386    1.64959320729371e-05
                 2.53125       1.546252634188726    1.64959320729371e-05
                 2.53125       1.595340019401067    1.64959320729371e-05
                 2.53125       1.644427404613407    1.64959320729371e-05
                 2.53125       1.693514789825748    1.64959320729371e-05
                 2.53125       1.742602175038088    1.64959320729371e-05
                 2.53125       1.791689560250429    1.64959320729371e-05
                 2.53125       1.840776945462769    1.64959320729371e-05
                 2.53125        1.88986433067511    1.64959320729371e-05
                 2.53125       1.938951715887451    1.64959320729371e-05
                 2.53125       1.988039101099791    1.64959320729371e-05
                 2.53125       2.037126486312132    1.64959320729371e-05
                 2.53125       2.086213871524472    1.64959320729371e-05
                 2.53125       2.135301256736812    1.64959320729371e-05
                 2.53125       2.184388641949153    1.64959320729371e-05
                 2.53125       2.233476027161494    1.64959320729371e-05
                 2.53125       2.282563412373834    1.64959320729371e-05
                 2.53125       2.331650797586175    1.64959320729371e-05
                 2.53125       2.380738182798515    1.64959320729371e-05
                 2.53125       2.429825568010856    1.64959320729371e-05
                 2.53125       2.478912953223196    1.64959320729371e-05
                 2.53125       2.528000338435537    1.64959320729371e-05
                 2.53125       2.577087723647877    1.64959320729371e-05
                 2.53125       2.626175108860218    1.64959320729371e-05
                 2.53125       2.675262494072558    1.64959320729371e-05
                 2.53125       2.724349879284899    1.64959320729371e-05
                 2.53125       2.773437264497239    1.64959320729371e-05
                 2.53125        2.82252464970958    1.64959320729371e-05
                 2.53125        2.87161203492192    1.64959320729371e-05
                 2.53125       2.920699420134261    1.64959320729371e-05
                 2.53125       2.969786805346601    1.64959320729371e-05
                 2.53125       3.018874190558942    1.64959320729371e-05
                 2.53125       3.067961575771282    1.64959320729371e-05
                 2.53125       3.117048960983623    1.64959320729371e-05

                 2.59375     0.02454369260617026   1.197476249235131e-05
                 2.59375     0.07363107781851078   1.197476249235131e-05
                 2.59375      0.1227184630308513   1.197476249235131e-05
                 2.59375      0.1718058482431918   1.197476249235131e-05
                 2.59375      0.2208932334555323   1.197476249235131e-05
                 2.59375      0.2699806186678728   1.197476249235131e-05
                 2.59375      0.3190680038802134   1.197476249235131e-05
                 2.59375      0.3681553890925539   1.197476249235131e-05
                 2.59375      0.4172427743048944   1.197476249235131e-05
                 2.59375      0.4663301595172349   1.197476249235131e-05
                 2.59375      0.5154175447295755   1.197476249235131e-05
                 2.59375      0.5645049299419159   1.197476249235131e-05
                 2.59375      0.6135923151542565   1.197476249235131e-05
                 2.59375       0.662679700366597   1.197476249235131e-05
                 2.59375      0.7117670855789375   1.197476249235131e-05
                 2.59375       0.760854470791278   1.197476249235131e-05
                 2.59375      0.8099418560036186   1.197476249235131e-05
                 2.59375       0.859029241215959   1.197476249235131e-05
                 2.59375      0.9081166264282996   1.197476249235131e-05
                 2.59375      0.9572040116406401   1.197476249235131e-05
                 2.59375       1.006291396852981   1.197476249235131e-05
                 2.59375       1.055378782065321   1.197476249235131e-05
                 2.59375       1.104466167277662   1.197476249235131e-05
                 2.59375       1.153553552490002   1.197476249235131e-05
                 2.59375       1.202640937702343   1.197476249235131e-05
                 2.59375       1.251728322914683   1.197476249235131e-05
                 2.59375       1.300815708127024   1.197476249235131e-05
                 2.59375       1.349903093339364   1.197476249235131e-05
                 2.59375       1.398990478551705   1.197476249235131e-05
                 2.59375       1.448077863764045   1.197476249235131e-05
                 2.59375       1.497165248976386   1.197476249235131e-05
                 2.59375       1.546252634188726   1.197476249235131e-05
                 2.59375       1.595340019401067   1.197476249235131e-05
                 2.59375       1.644427404613407   1.197476249235131e-05
                 2.59375       1.693514789825748   1.197476249235131e-05
                 2.59375       1.742602175038088   1.197476249235131e-05
                 2.59375       1.791689560250429   1.197476249235131e-05
                 2.59375       1.840776945462769   1.197476249235131e-05
                 2.59375        1.88986433067511   1.197476249235131e-05
                 2.59375       1.938951715887451   1.197476249235131e-05
                 2.59375       1.988039101099791   1.197476249235131e-05
                 2.59375       2.037126486312132   1.197476249235131e-05
                 2.59375       2.086213871524472   1.197476249235131e-05
                 2.59375       2.135301256736812   1.197476249235131e-05
                 2.59375       2.184388641949153   1.197476249235131e-05
                 2.59375       2.233476027161494   1.197476249235131e-05
                 2.59375       2.282563412373834   1.197476249235131e-05
                 2.59375       2.331650797586175   1.197476249235131e-05
                 2.59375       2.380738182798515   1.197476249235131e-05
                 2.59375       2.429825568010856   1.197476249235131e-05
                 2.59375       2.478912953223196   1.197476249235131e-05
                 2.59375       2.528000338435537   1.197476249235131e-05
                 2.59375       2.577087723647877   1.197476249235131e-05
                 2.59375       2.626175108860218   1.197476249235131e-05
                 2.59375       2.675262494072558   1.197476249235131e-05
                 2.59375       2.724349879284899   1.197476249235131e-05
                 2.59375       2.773437264497239   1.197476249235131e-05
                 2.59375        2.82252464970958   1.197476249235131e-05
                 2.59375        2.87161203492192   1.197476249235131e-05
                 2.59375       2.920699420134261   1.197476249235131e-05
                 2.59375       2.969786805346601   1.197476249235131e-05
                 2.59375       3.018874190558942   1.197476249235131e-05
                 2.59375       3.067961575771282   1.197476249235131e-05
                 2.59375       3.117048960983623   1.197476249235131e-05

                 2.65625     0.02454369260617026    8.62509786462451e-06
                 2.65625     0.07363107781851078    8.62509786462451e-06
                 2.65625      0.1227184630308513    8.62509786462451e-06
                 2.65625      0.1718058482431918    8.62509786462451e-06
                 2.65625      0.2208932334555323    8.62509786462451e-06
                 2.65625      0.2699806186678728    8.62509786462451e-06
                 2.65625      0.3190680038802134    8.62509786462451e-06
                 2.65625      0.3681553890925539    8.62509786462451e-06
                 2.65625      0.4172427743048944    8.62509786462451e-06
                 2.65625      0.4663301595172349    8.62509786462451e-06
                 2.65625      0.5154175447295755    8.62509786462451e-06
                 2.65625      0.5645049299419159    8.62509786462451e-06
                 2.65625      0.6135923151542565    8.62509786462451e-06
                 2.65625       0.662679700366597    8.62509786462451e-06
                 2.65625      0.7117670855789375    8.62509786462451e-06
                 2.65625       0.760854470791278    8.62509786462451e-06
                 2.65625      0.8099418560036186    8.62509786462451e-06
                 2.65625       0.859029241215959    8.62509786462451e-06
                 2.65625      0.9081166264282996    8.62509786462451e-06
                 2.65625      0.9572040116406401    8.62509786462451e-06
                 2.65625       1.006291396852981    8.62509786462451e-06
                 2.65625       1.055378782065321    8.62509786462451e-06
                 2.65625       1.104466167277662    8.62509786462451e-06
                 2.65625       1.153553552490002    8.62509786462451e-06
                 2.65625       1.202640937702343    8.62509786462451e-06
                 2.65625       1.251728322914683    8.62509786462451e-06
                 2.65625       1.300815708127024    8.62509786462451e-06
                 2.65625       1.349903093339364    8.62509786462451e-06
                 2.65625       1.398990478551705    8.62509786462451e-06
                 2.65625       1.448077863764045    8.62509786462451e-06
                 2.65625       1.497165248976386    8.62509786462451e-06
                 2.65625       1.546252634188726    8.62509786462451e-06
                 2.65625       1.595340019401067    8.62509786462451e-06
                 2.65625       1.644427404613407    8.62509786462451e-06
                 2.65625       1.693514789825748    8.62509786462451e-06
                 2.65625       1.742602175038088    8.62509786462451e-06
                 2.65625       1.791689560250429    8.62509786462451e-06
                 2.65625       1.840776945462769    8.62509786462451e-06
                 2.65625        1.88986433067511    8.62509786462451e-06
                 2.65625       1.938951715887451    8.62509786462451e-06
                 2.65625       1.988039101099791    8.62509786462451e-06
                 2.65625       2.037126486312132    8.62509786462451e-06
                 2.65625       2.086213871524472    8.62509786462451e-06
                 2.65625       2.135301256736812    8.62509786462451e-06
                 2.65625       2.184388641949153    8.62509786462451e-06
                 2.65625       2.233476027161494    8.62509786462451e-06
                 2.65625       2.282563412373834    8.62509786462451e-06
                 2.65625       2.331650797586175    8.62509786462451e-06
                 2.65625       2.380738182798515    8.62509786462451e-06
                 2.65625       2.429825568010856    8.62509786462451e-06
                 2.65625       2.478912953223196    8.62509786462451e-06
                 2.65625       2.528000338435537    8.62509786462451e-06
                 2.65625       2.577087723647877    8.62509786462451e-06
                 2.65625       2.626175108860218    8.62509786462451e-06
                 2.65625       2.675262494072558    8.62509786462451e-06
                 2.65625       2.724349879284899    8.62509786462451e-06
                 2.65625       2.773437264497239    8.62509786462451e-06
                 2.65625        2.82252464970958    8.62509786462451e-06
                 2.65625        2.87161203492192    8.62509786462451e-06
                 2.65625       2.920699420134261    8.62509786462451e-06
                 2.65625       2.969786805346601    8.62509786462451e-06
                 2.65625       3.018874190558942    8.62509786462451e-06
                 2.65625       3.067961575771282    8.62509786462451e-06
                 2.65625       3.117048960983623    8.62509786462451e-06

                 2.71875     0.02454369260617026   6.164079466913128e-06
                 2.71875     0.07363107781851078   6.164079466913128e-06
                 2.71875      0.1227184630308513   6.164079466913128e-06
                 2.71875      0.1718058482431918   6.164079466913128e-06
                 2.71875      0.2208932334555323   6.164079466913128e-06
                 2.71875      0.2699806186678728   6.164079466913128e-06
                 2.71875      0.3190680038802134   6.164079466913128e-06
                 2.71875      0.3681553890925539   6.164079466913128e-06
                 2.71875      0.4172427743048944   6.164079466913128e-06
                 2.71875      0.4663301595172349   6.164079466913128e-06
                 2.71875      0.5154175447295755   6.164079466913128e-06
                 2.71875      0.5645049299419159   6.164079466913128e-06
                 2.71875      0.6135923151542565   6.164079466913128e-06
                 2.71875       0.662679700366597   6.164079466913128e-06
                 2.71875      0.7117670855789375   6.164079466913128e-06
                 2.71875       0.760854470791278   6.164079466913128e-06
                 2.71875      0.8099418560036186   6.164079466913128e-06
                 2.71875       0.859029241215959   6.164079466913128e-06
                 2.71875      0.9081166264282996   6.164079466913128e-06
                 2.71875      0.9572040116406401   6.164079466913128e-06
                 2.71875       1.006291396852981   6.164079466913128e-06
                 2.71875       1.055378782065321   6.164079466913128e-06
                 2.71875       1.104466167277662   6.164079466913128e-06
                 2.71875       1.153553552490002   6.164079466913128e-06
                 2.71875       1.202640937702343   6.164079466913128e-06
                 2.71875       1.251728322914683   6.164079466913128e-06
                 2.71875       1.300815708127024   6.164079466913128e-06
                 2.71875       1.349903093339364   6.164079466913128e-06
                 2.71875       1.398990478551705   6.164079466913128e-06
                 2.71875       1.448077863764045   6.164079466913128e-06
                 2.71875       1.497165248976386   6.164079466913128e-06
                 2.71875       1.546252634188726   6.164079466913128e-06
                 2.71875       1.595340019401067   6.164079466913128e-06
                 2.71875       1.644427404613407   6.164079466913128e-06
                 2.71875       1.693514789825748   6.164079466913128e-06
                 2.71875       1.742602175038088   6.164079466913128e-06
                 2.71875       1.791689560250429   6.164079466913128e-06
                 2.71875       1.840776945462769   6.164079466913128e-06
                 2.71875        1.88986433067511   6.164079466913128e-06
                 2.71875       1.938951715887451   6.164079466913128e-06
                 2.71875       1.988039101099791   6.164079466913128e-06
                 2.71875       2.037126486312132   6.164079466913128e-06
                 2.71875       2.086213871524472   6.164079466913128e-06
                 2.71875       2.135301256736812   6.164079466913128e-06
                 2.71875       2.184388641949153   6.164079466913128e-06
                 2.71875       2.233476027161494   6.164079466913128e-06
                 2.71875       2.282563412373834   6.164079466913128e-06
                 2.71875       2.331650797586175   6.164079466913128e-06
                 2.71875       2.380738182798515   6.164079466913128e-06
                 2.71875       2.429825568010856   6.164079466913128e-06
                 2.71875       2.478912953223196   6.164079466913128e-06
                 2.71875       2.528000338435537   6.164079466913128e-06
                 2.71875       2.577087723647877   6.164079466913128e-06
                 2.71875       2.626175108860218   6.164079466913128e-06
                 2.71875       2.675262494072558   6.164079466913128e-06
                 2.71875       2.724349879284899   6.164079466913128e-06
                 2.71875       2.773437264497239   6.164079466913128e-06
                 2.71875        2.82252464970958   6.164079466913128e-06
                 2.71875        2.87161203492192   6.164079466913128e-06
                 2.71875       2.920699420134261   6.164079466913128e-06
                 2.71875       2.969786805346601   6.164079466913128e-06
                 2.71875       3.018874190558942   6.164079466913128e-06
                 2.71875       3.067961575771282   6.164079466913128e-06
                 2.71875       3.117048960983623   6.164079466913128e-06

                 2.78125     0.02454369260617026   4.370986859023521e-06
                 2.78125     0.07363107781851078   4.370986859023521e-06
                 2.78125      0.1227184630308513   4.370986859023521e-06
                 2.78125      0.1718058482431918   4.370986859023521e-06
                 2.78125      0.2208932334555323   4.370986859023521e-06
                 2.78125      0.2699806186678728   4.370986859023521e-06
                 2.78125      0.3190680038802134   4.370986859023521e-06
                 2.78125      0.3681553890925539   4.370986859023521e-06
                 2.78125      0.4172427743048944   4.370986859023521e-06
                 2.78125      0.4663301595172349   4.370986859023521e-06
                 2.78125      0.5154175447295755   4.370986859023521e-06
                 2.78125      0.5645049299419159   4.370986859023521e-06
                 2.78125      0.6135923151542565   4.370986859023521e-06
                 2.78125       0.662679700366597   4.370986859023521e-06
                 2.78125      0.7117670855789375   4.370986859023521e-06
                 2.78125       0.760854470791278   4.370986859023521e-06
                 2.78125      0.8099418560036186   4.370986859023521e-06
                 2.78125       0.859029241215959   4.370986859023521e-06
                 2.78125      0.9081166264282996   4.370986859023521e-06
                 2.78125      0.9572040116406401   4.370986859023521e-06
                 2.78125       1.006291396852981   4.370986859023521e-06
                 2.78125       1.055378782065321   4.370986859023521e-06
                 2.78125       1.104466167277662   4.370986859023521e-06
                 2.78125       1.153553552490002   4.370986859023521e-06
                 2.78125       1.202640937702343   4.370986859023521e-06
                 2.78125       1.251728322914683   4.370986859023521e-06
                 2.78125       1.300815708127024   4.370986859023521e-06
                 2.78125       1.349903093339364   4.370986859023521e-06
                 2.78125       1.398990478551705   4.370986859023521e-06
                 2.78125       1.448077863764045   4.370986859023521e-06
                 2.78125       1.497165248976386   4.370986859023521e-06
                 2.78125       1.546252634188726   4.370986859023521e-06
                 2.78125       1.595340019401067   4.370986859023521e-06
                 2.78125       1.644427404613407   4.370986859023521e-06
                 2.78125       1.693514789825748   4.370986859023521e-06
                 2.78125       1.742602175038088   4.370986859023521e-06
                 2.78125       1.791689560250429   4.370986859023521e-06
                 2.78125       1.840776945462769   4.370986859023521e-06
                 2.78125        1.88986433067511   4.370986859023521e-06
                 2.78125       1.938951715887451   4.370986859023521e-06
                 2.78125       1.988039101099791   4.370986859023521e-06
                 2.78125       2.037126486312132   4.370986859023521e-06
                 2.78125       2.086213871524472   4.370986859023521e-06
                 2.78125       2.135301256736812   4.370986859023521e-06
                 2.78125       2.184388641949153   4.370986859023521e-06
                 2.78125       2.233476027161494   4.370986859023521e-06
                 2.78125       2.282563412373834   4.370986859023521e-06
                 2.78125       2.331650797586175   4.370986859023521e-06
                 2.78125       2.380738182798515   4.370986859023521e-06
                 2.78125       2.429825568010856   4.370986859023521e-06
                 2.78125       2.478912953223196   4.370986859023521e-06
                 2.78125       2.528000338435537   4.370986859023521e-06
                 2.78125       2.577087723647877   4.370986859023521e-06
                 2.78125       2.626175108860218   4.370986859023521e-06
                 2.78125       2.675262494072558   4.370986859023521e-06
                 2.78125       2.724349879284899   4.370986859023521e-06
                 2.78125       2.773437264497239   4.370986859023521e-06
                 2.78125        2.82252464970958   4.370986859023521e-06
                 2.78125        2.87161203492192   4.370986859023521e-06
                 2.78125       2.920699420134261   4.370986859023521e-06
                 2.78125       2.969786805346601   4.370986859023521e-06
                 2.78125       3.018874190558942   4.370986859023521e-06
                 2.78125       3.067961575771282   4.370986859023521e-06
                 2.78125       3.117048960983623   4.370986859023521e-06

                 2.84375     0.02454369260617026   3.075373352933031e-06
                 2.84375     0.07363107781851078   3.075373352933031e-06
                 2.84375      0.1227184630308513   3.075373352933031e-06
                 2.84375      0.1718058482431918   3.075373352933031e-06
                 2.84375      0.2208932334555323   3.075373352933031e-06
                 2.84375      0.2699806186678728   3.075373352933031e-06
                 2.84375      0.3190680038802134   3.075373352933031e-06
                 2.84375      0.3681553890925539   3.075373352933031e-06
                 2.84375      0.4172427743048944   3.075373352933031e-06
                 2.84375      0.4663301595172349   3.075373352933031e-06
                 2.84375      0.5154175447295755   3.075373352933031e-06
                 2.84375      0.5645049299419159   3.075373352933031e-06
                 2.84375      0.6135923151542565   3.075373352933031e-06
                 2.84375       0.662679700366597   3.075373352933031e-06
                 2.84375      0.7117670855789375   3.075373352933031e-06
                 2.84375       0.760854470791278   3.075373352933031e-06
                 2.84375      0.8099418560036186   3.075373352933031e-06
                 2.84375       0.859029241215959   3.075373352933031e-06
                 2.84375      0.9081166264282996   3.075373352933031e-06
                 2.84375      0.9572040116406401   3.075373352933031e-06
                 2.84375       1.006291396852981   3.075373352933031e-06
                 2.84375       1.055378782065321   3.075373352933031e-06
                 2.84375       1.104466167277662   3.075373352933031e-06
                 2.84375       1.153553552490002   3.075373352933031e-06
                 2.84375       1.202640937702343   3.075373352933031e-06
                 2.84375       1.251728322914683   3.075373352933031e-06
                 2.84375       1.300815708127024   3.075373352933031e-06
                 2.84375       1.349903093339364   3.075373352933031e-06
                 2.84375       1.398990478551705   3.075373352933031e-06
                 2.84375       1.448077863764045   3.075373352933031e-06
                 2.84375       1.497165248976386   3.075373352933031e-06
                 2.84375       1.546252634188726   3.075373352933031e-06
                 2.84375       1.595340019401067   3.075373352933031e-06
                 2.84375       1.644427404613407   3.075373352933031e-06
                 2.84375       1.693514789825748   3.075373352933031e-06
                 2.84375       1.742602175038088   3.075373352933031e-06
                 2.84375       1.791689560250429   3.075373352933031e-06
                 2.84375       1.840776945462769   3.075373352933031e-06
                 2.84375        1.88986433067511   3.075373352933031e-06
                 2.84375       1.938951715887451   3.075373352933031e-06
                 2.84375       1.988039101099791   3.075373352933031e-06
                 2.84375       2.037126486312132   3.075373352933031e-06
                 2.84375       2.086213871524472   3.075373352933031e-06
                 2.84375       2.135301256736812   3.075373352933031e-06
                 2.84375       2.184388641949153   3.075373352933031e-06
                 2.84375       2.233476027161494   3.075373352933031e-06
                 2.84375       2.282563412373834   3.075373352933031e-06
                 2.84375       2.331650797586175   3.075373352933031e-06
                 2.84375       2.380738182798515   3.075373352933031e-06
                 2.84375       2.429825568010856   3.075373352933031e-06
                 2.84375       2.478912953223196   3.075373352933031e-06
                 2.84375       2.528000338435537   3.075373352933031e-06
                 2.84375       2.577087723647877   3.075373352933031e-06
                 2.84375       2.626175108860218   3.075373352933031e-06
                 2.84375       2.675262494072558   3.075373352933031e-06
                 2.84375       2.724349879284899   3.075373352933031e-06
                 2.84375       2.773437264497239   3.075373352933031e-06
                 2.84375        2.82252464970958   3.075373352933031e-06
                 2.84375        2.87161203492192   3.075373352933031e-06
                 2.84375       2.920699420134261   3.075373352933031e-06
                 2.84375       2.969786805346601   3.075373352933031e-06
                 2.84375       3.018874190558942   3.075373352933031e-06
                 2.84375       3.067961575771282   3.075373352933031e-06
                 2.84375       3.117048960983623   3.075373352933031e-06

                 2.90625     0.02454369260617026   2.146956610812706e-06
                 2.90625     0.07363107781851078   2.146956610812706e-06
                 2.90625      0.1227184630308513   2.146956610812706e-06
                 2.90625      0.1718058482431918   2.146956610812706e-06
                 2.90625      0.2208932334555323   2.146956610812706e-06
                 2.90625      0.2699806186678728   2.146956610812706e-06
                 2.90625      0.3190680038802134   2.146956610812706e-06
                 2.90625      0.3681553890925539   2.146956610812706e-06
                 2.90625      0.4172427743048944   2.146956610812706e-06
                 2.90625      0.4663301595172349   2.146956610812706e-06
                 2.90625      0.5154175447295755   2.146956610812706e-06
                 2.90625      0.5645049299419159   2.146956610812706e-06
                 2.90625      0.6135923151542565   2.146956610812706e-06
                 2.90625       0.662679700366597   2.146956610812706e-06
                 2.90625      0.7117670855789375   2.146956610812706e-06
                 2.90625       0.760854470791278   2.146956610812706e-06
                 2.90625      0.8099418560036186   2.146956610812706e-06
                 2.90625       0.859029241215959   2.146956610812706e-06
                 2.90625      0.9081166264282996   2.146956610812706e-06
                 2.90625      0.9572040116406401   2.146956610812706e-06
                 2.90625       1.006291396852981   2.146956610812706e-06
                 2.90625       1.055378782065321   2.146956610812706e-06
                 2.90625       1.104466167277662   2.146956610812706e-06
                 2.90625       1.153553552490002   2.146956610812706e-06
                 2.90625       1.202640937702343   2.146956610812706e-06
                 2.90625       1.251728322914683   2.146956610812706e-06
                 2.90625       1.300815708127024   2.146956610812706e-06
                 2.90625       1.349903093339364   2.146956610812706e-06
                 2.90625       1.398990478551705   2.146956610812706e-06
                 2.90625       1.448077863764045   2.146956610812706e-06
                 2.90625       1.497165248976386   2.146956610812706e-06
                 2.90625       1.546252634188726   2.146956610812706e-06
                 2.90625       1.595340019401067   2.146956610812706e-06
                 2.90625       1.644427404613407   2.146956610812706e-06
                 2.90625       1.693514789825748   2.146956610812706e-06
                 2.90625       1.742602175038088   2.146956610812706e-06
                 2.90625       1.791689560250429   2.146956610812706e-06
                 2.90625       1.840776945462769   2.146956610812706e-06
                 2.90625        1.88986433067511   2.146956610812706e-06
                 2.90625       1.938951715887451   2.146956610812706e-06
                 2.90625       1.988039101099791   2.146956610812706e-06
                 2.90625       2.037126486312132   2.146956610812706e-06
                 2.90625       2.086213871524472   2.146956610812706e-06
                 2.90625       2.135301256736812   2.146956610812706e-06
                 2.90625       2.184388641949153   2.146956610812706e-06
                 2.90625       2.233476027161494   2.146956610812706e-06
                 2.90625       2.282563412373834   2.146956610812706e-06
                 2.90625       2.331650797586175   2.146956610812706e-06
                 2.90625       2.380738182798515   2.146956610812706e-06
                 2.90625       2.429825568010856   2.146956610812706e-06
                 2.90625       2.478912953223196   2.146956610812706e-06
                 2.90625       2.528000338435537   2.146956610812706e-06
                 2.90625       2.577087723647877   2.146956610812706e-06
                 2.90625       2.626175108860218   2.146956610812706e-06
                 2.90625       2.675262494072558   2.146956610812706e-06
                 2.90625       2.724349879284899   2.146956610812706e-06
                 2.90625       2.773437264497239   2.146956610812706e-06
                 2.90625        2.82252464970958   2.146956610812706e-06
                 2.90625        2.87161203492192   2.146956610812706e-06
                 2.90625       2.920699420134261   2.146956610812706e-06
                 2.90625       2.969786805346601   2.146956610812706e-06
                 2.90625       3.018874190558942   2.146956610812706e-06
                 2.90625       3.067961575771282   2.146956610812706e-06
                 2.90625       3.117048960983623   2.146956610812706e-06

                 2.96875     0.02454369260617026   1.487153380061098e-06
                 2.96875     0.07363107781851078   1.487153380061098e-06
                 2.96875      0.1227184630308513   1.487153380061098e-06
                 2.96875      0.1718058482431918   1.487153380061098e-06
                 2.96875      0.2208932334555323   1.487153380061098e-06
                 2.96875      0.2699806186678728   1.487153380061098e-06
                 2.96875      0.3190680038802134   1.487153380061098e-06
                 2.96875      0.3681553890925539   1.487153380061098e-06
                 2.96875      0.4172427743048944   1.487153380061098e-06
                 2.96875      0.4663301595172349   1.487153380061098e-06
                 2.96875      0.5154175447295755   1.487153380061098e-06
                 2.96875      0.5645049299419159   1.487153380061098e-06
                 2.96875      0.6135923151542565   1.487153380061098e-06
                 2.96875       0.662679700366597   1.487153380061098e-06
                 2.96875      0.7117670855789375   1.487153380061098e-06
                 2.96875       0.760854470791278   1.487153380061098e-06
                 2.96875      0.8099418560036186   1.487153380061098e-06
                 2.96875       0.859029241215959   1.487153380061098e-06
                 2.96875      0.9081166264282996   1.487153380061098e-06
                 2.96875      0.9572040116406401   1.487153380061098e-06
                 2.96875       1.006291396852981   1.487153380061098e-06
                 2.96875       1.055378782065321   1.487153380061098e-06
                 2.96875       1.104466167277662   1.487153380061098e-06
                 2.96875       1.153553552490002   1.487153380061098e-06
                 2.96875       1.202640937702343   1.487153380061098e-06
                 2.96875       1.251728322914683   1.487153380061098e-06
                 2.96875       1.300815708127024   1.487153380061098e-06
                 2.96875       1.349903093339364   1.487153380061098e-06
                 2.96875       1.398990478551705   1.487153380061098e-06
                 2.96875       1.448077863764045   1.487153380061098e-06
                 2.96875       1.497165248976386   1.487153380061098e-06
                 2.96875       1.546252634188726   1.487153380061098e-06
                 2.96875       1.595340019401067   1.487153380061098e-06
                 2.96875       1.644427404613407   1.487153380061098e-06
                 2.96875       1.693514789825748   1.487153380061098e-06
                 2.96875       1.742602175038088   1.487153380061098e-06
                 2.96875       1.791689560250429   1.487153380061098e-06
                 2.96875       1.840776945462769   1.487153380061098e-06
                 2.96875        1.88986433067511   1.487153380061098e-06
                 2.96875       1.938951715887451   1.487153380061098e-06
                 2.96875       1.988039101099791   1.487153380061098e-06
                 2.96875       2.037126486312132   1.487153380061098e-06
                 2.96875       2.086213871524472   1.487153380061098e-06
                 2.96875       2.135301256736812   1.487153380061098e-06
                 2.96875       2.184388641949153   1.487153380061098e-06
                 2.96875       2.233476027161494   1.487153380061098e-06
                 2.96875       2.282563412373834   1.487153380061098e-06
                 2.96875       2.331650797586175   1.487153380061098e-06
                 2.96875       2.380738182798515   1.487153380061098e-06
                 2.96875       2.429825568010856   1.487153380061098e-06
                 2.96875       2.478912953223196   1.487153380061098e-06
                 2.96875       2.528000338435537   1.487153380061098e-06
                 2.96875       2.577087723647877   1.487153380061098e-06
                 2.96875       2.626175108860218   1.487153380061098e-06
                 2.96875       2.675262494072558   1.487153380061098e-06
                 2.96875       2.724349879284899   1.487153380061098e-06
                 2.96875       2.773437264497239   1.487153380061098e-06
                 2.96875        2.82252464970958   1.487153380061098e-06
                 2.96875        2.87161203492192   1.487153380061098e-06
                 2.96875       2.920699420134261   1.487153380061098e-06
                 2.96875       2.969786805346601   1.487153380061098e-06
                 2.96875       3.018874190558942   1.487153380061098e-06
                 2.96875       3.067961575771282   1.487153380061098e-06
                 2.96875       3.117048960983623   1.487153380061098e-06

                 3.03125     0.02454369260617026   1.022104574033749e-06
                 3.03125     0.07363107781851078   1.022104574033749e-06
                 3.03125      0.1227184630308513   1.022104574033749e-06
                 3.03125      0.1718058482431918   1.022104574033749e-06
                 3.03125      0.2208932334555323   1.022104574033749e-06
                 3.03125      0.2699806186678728   1.022104574033749e-06
                 3.03125      0.3190680038802134   1.022104574033749e-06
                 3.03125      0.3681553890925539   1.022104574033749e-06
                 3.03125      0.4172427743048944   1.022104574033749e-06
                 3.03125      0.4663301595172349   1.022104574033749e-06
                 3.03125      0.5154175447295755   1.022104574033749e-06
                 3.03125      0.5645049299419159   1.022104574033749e-06
                 3.03125      0.6135923151542565   1.022104574033749e-06
                 3.03125       0.662679700366597   1.022104574033749e-06
                 3.03125      0.7117670855789375   1.022104574033749e-06
                 3.03125       0.760854470791278   1.022104574033749e-06
                 3.03125      0.8099418560036186   1.022104574033749e-06
                 3.03125       0.859029241215959   1.022104574033749e-06
                 3.03125      0.9081166264282996   1.022104574033749e-06
                 3.03125      0.9572040116406401   1.022104574033749e-06
                 3.03125       1.006291396852981   1.022104574033749e-06
                 3.03125       1.055378782065321   1.022104574033749e-06
                 3.03125       1.104466167277662   1.022104574033749e-06
                 3.03125       1.153553552490002   1.022104574033749e-06
                 3.03125       1.202640937702343   1.022104574033749e-06
                 3.03125       1.251728322914683   1.022104574033749e-06
                 3.03125       1.300815708127024   1.022104574033749e-06
                 3.03125       1.349903093339364   1.022104574033749e-06
                 3.03125       1.398990478551705   1.022104574033749e-06
                 3.03125       1.448077863764045   1.022104574033749e-06
                 3.03125       1.497165248976386   1.022104574033749e-06
                 3.03125       1.546252634188726   1.022104574033749e-06
                 3.03125       1.595340019401067   1.022104574033749e-06
                 3.03125       1.644427404613407   1.022104574033749e-06
                 3.03125       1.693514789825748   1.022104574033749e-06
                 3.03125       1.742602175038088   1.022104574033749e-06
                 3.03125       1.791689560250429   1.022104574033749e-06
                 3.03125       1.840776945462769   1.022104574033749e-06
                 3.03125        1.88986433067511   1.022104574033749e-06
                 3.03125       1.938951715887451   1.022104574033749e-06
                 3.03125       1.988039101099791   1.022104574033749e-06
                 3.03125       2.037126486312132   1.022104574033749e-06
                 3.03125       2.086213871524472   1.022104574033749e-06
                 3.03125       2.135301256736812   1.022104574033749e-06
                 3.03125       2.184388641949153   1.022104574033749e-06
                 3.03125       2.233476027161494   1.022104574033749e-06
                 3.03125       2.282563412373834   1.022104574033749e-06
                 3.03125       2.331650797586175   1.022104574033749e-06
                 3.03125       2.380738182798515   1.022104574033749e-06
                 3.03125       2.429825568010856   1.022104574033749e-06
                 3.03125       2.478912953223196   1.022104574033749e-06
                 3.03125       2.528000338435537   1.022104574033749e-06
                 3.03125       2.577087723647877   1.022104574033749e-06
                 3.03125       2.626175108860218   1.022104574033749e-06
                 3.03125       2.675262494072558   1.022104574033749e-06
                 3.03125       2.724349879284899   1.022104574033749e-06
                 3.03125       2.773437264497239   1.022104574033749e-06
                 3.03125        2.82252464970958   1.022104574033749e-06
                 3.03125        2.87161203492192   1.022104574033749e-06
                 3.03125       2.920699420134261   1.022104574033749e-06
                 3.03125       2.969786805346601   1.022104574033749e-06
                 3.03125       3.018874190558942   1.022104574033749e-06
                 3.03125       3.067961575771282   1.022104574033749e-06
                 3.03125       3.117048960983623   1.022104574033749e-06

                 3.09375     0.02454369260617026   6.970147610116654e-07
                 3.09375     0.07363107781851078   6.970147610116654e-07
                 3.09375      0.1227184630308513   6.970147610116654e-07
                 3.09375      0.1718058482431918   6.970147610116654e-07
                 3.09375      0.2208932334555323   6.970147610116654e-07
                 3.09375      0.2699806186678728   6.970147610116654e-07
                 3.09375      0.3190680038802134   6.970147610116654e-07
                 3.09375      0.3681553890925539   6.970147610116654e-07
                 3.09375      0.4172427743048944   6.970147610116654e-07
                 3.09375      0.4663301595172349   6.970147610116654e-07
                 3.09375      0.5154175447295755   6.970147610116654e-07
                 3.09375      0.5645049299419159   6.970147610116654e-07
                 3.09375      0.6135923151542565   6.970147610116654e-07
                 3.09375       0.662679700366597   6.970147610116654e-07
                 3.09375      0.7117670855789375   6.970147610116654e-07
                 3.09375       0.760854470791278   6.970147610116654e-07
                 3.09375      0.8099418560036186   6.970147610116654e-07
                 3.09375       0.859029241215959   6.970147610116654e-07
                 3.09375      0.9081166264282996   6.970147610116654e-07
                 3.09375      0.9572040116406401   6.970147610116654e-07
                 3.09375       1.006291396852981   6.970147610116654e-07
                 3.09375       1.055378782065321   6.970147610116654e-07
                 3.09375       1.104466167277662   6.970147610116654e-07
                 3.09375       1.153553552490002   6.970147610116654e-07
                 3.09375       1.202640937702343   6.970147610116654e-07
                 3.09375       1.251728322914683   6.970147610116654e-07
                 3.09375       1.300815708127024   6.970147610116654e-07
                 3.09375       1.349903093339364   6.970147610116654e-07
                 3.09375       1.398990478551705   6.970147610116654e-07
                 3.09375       1.448077863764045   6.970147610116654e-07
                 3.09375       1.497165248976386   6.970147610116654e-07
                 3.09375       1.546252634188726   6.970147610116654e-07
                 3.09375       1.595340019401067   6.970147610116654e-07
                 3.09375       1.644427404613407   6.970147610116654e-07
                 3.09375       1.693514789825748   6.970147610116654e-07
                 3.09375       1.742602175038088   6.970147610116654e-07
                 3.09375       1.791689560250429   6.970147610116654e-07
                 3.09375       1.840776945462769   6.970147610116654e-07
                 3.09375        1.88986433067511   6.970147610116654e-07
                 3.09375       1.938951715887451   6.970147610116654e-07
                 3.09375       1.988039101099791   6.970147610116654e-07
                 3.09375       2.037126486312132   6.970147610116654e-07
                 3.09375       2.086213871524472   6.970147610116654e-07
                 3.09375       2.135301256736812   6.970147610116654e-07
                 3.09375       2.184388641949153   6.970147610116654e-07
                 3.09375       2.233476027161494   6.970147610116654e-07
                 3.09375       2.282563412373834   6.970147610116654e-07
                 3.09375       2.331650797586175   6.970147610116654e-07
                 3.09375       2.380738182798515   6.970147610116654e-07
                 3.09375       2.429825568010856   6.970147610116654e-07
                 3.09375       2.478912953223196   6.970147610116654e-07
                 3.09375       2.528000338435537   6.970147610116654e-07
                 3.09375       2.577087723647877   6.970147610116654e-07
                 3.09375       2.626175108860218   6.970147610116654e-07
                 3.09375       2.675262494072558   6.970147610116654e-07
                 3.09375       2.724349879284899   6.970147610116654e-07
                 3.09375       2.773437264497239   6.970147610116654e-07
                 3.09375        2.82252464970958   6.970147610116654e-07
                 3.09375        2.87161203492192   6.970147610116654e-07
                 3.09375       2.920699420134261   6.970147610116654e-07
                 3.09375       2.969786805346601   6.970147610116654e-07
                 3.09375       3.018874190558942   6.970147610116654e-07
                 3.09375       3.067961575771282   6.970147610116654e-07
                 3.09375       3.117048960983623   6.970147610116654e-07

                 3.15625     0.02454369260617026   4.716237785748214e-07
                 3.15625     0.07363107781851078   4.716237785748214e-07
                 3.15625      0.1227184630308513   4.716237785748214e-07
                 3.15625      0.1718058482431918   4.716237785748214e-07
                 3.15625      0.2208932334555323   4.716237785748214e-07
                 3.15625      0.2699806186678728   4.716237785748214e-07
                 3.15625      0.3190680038802134   4.716237785748214e-07
                 3.15625      0.3681553890925539   4.716237785748214e-07
                 3.15625      0.4172427743048944   4.716237785748214e-07
                 3.15625      0.4663301595172349   4.716237785748214e-07
                 3.15625      0.5154175447295755   4.716237785748214e-07
                 3.15625      0.5645049299419159   4.716237785748214e-07
                 3.15625      0.6135923151542565   4.716237785748214e-07
                 3.15625       0.662679700366597   4.716237785748214e-07
                 3.15625      0.7117670855789375   4.716237785748214e-07
                 3.15625       0.760854470791278   4.716237785748214e-07
                 3.15625      0.8099418560036186   4.716237785748214e-07
                 3.15625       0.859029241215959   4.716237785748214e-07
                 3.15625      0.9081166264282996   4.716237785748214e-07
                 3.15625      0.9572040116406401   4.716237785748214e-07
                 3.15625       1.006291396852981   4.716237785748214e-07
                 3.15625       1.055378782065321   4.716237785748214e-07
                 3.15625       1.104466167277662   4.716237785748214e-07
                 3.15625       1.153553552490002   4.716237785748214e-07
                 3.15625       1.202640937702343   4.716237785748214e-07
                 3.15625       1.251728322914683   4.716237785748214e-07
                 3.15625       1.300815708127024   4.716237785748214e-07
                 3.15625       1.349903093339364   4.716237785748214e-07
                 3.15625       1.398990478551705   4.716237785748214e-07
                 3.15625       1.448077863764045   4.716237785748214e-07
                 3.15625       1.497165248976386   4.716237785748214e-07
                 3.15625       1.546252634188726   4.716237785748214e-07
                 3.15625       1.595340019401067   4.716237785748214e-07
                 3.15625       1.644427404613407   4.716237785748214e-07
                 3.15625       1.693514789825748   4.716237785748214e-07
                 3.15625       1.742602175038088   4.716237785748214e-07
                 3.15625       1.791689560250429   4.716237785748214e-07
                 3.15625       1.840776945462769   4.716237785748214e-07
                 3.15625        1.88986433067511   4.716237785748214e-07
                 3.15625       1.938951715887451   4.716237785748214e-07
                 3.15625       1.988039101099791   4.716237785748214e-07
                 3.15625       2.037126486312132   4.716237785748214e-07
                 3.15625       2.086213871524472   4.716237785748214e-07
                 3.15625       2.135301256736812   4.716237785748214e-07
                 3.15625       2.184388641949153   4.716237785748214e-07
                 3.15625       2.233476027161494   4.716237785748214e-07
                 3.15625       2.282563412373834   4.716237785748214e-07
                 3.15625       2.331650797586175   4.716237785748214e-07
                 3.15625       2.380738182798515   4.716237785748214e-07
                 3.15625       2.429825568010856   4.716237785748214e-07
                 3.15625       2.478912953223196   4.716237785748214e-07
                 3.15625       2.528000338435537   4.716237785748214e-07
                 3.15625       2.577087723647877   4.716237785748214e-07
                 3.15625       2.626175108860218   4.716237785748214e-07
                 3.15625       2.675262494072558   4.716237785748214e-07
                 3.15625       2.724349879284899   4.716237785748214e-07
                 3.15625       2.773437264497239   4.716237785748214e-07
                 3.15625        2.82252464970958   4.716237785748214e-07
                 3.15625        2.87161203492192   4.716237785748214e-07
                 3.15625       2.920699420134261   4.716237785748214e-07
                 3.15625       2.969786805346601   4.716237785748214e-07
                 3.15625       3.018874190558942   4.716237785748214e-07
                 3.15625       3.067961575771282   4.716237785748214e-07
                 3.15625       3.117048960983623   4.716237785748214e-07

                 3.21875     0.02454369260617026   3.166332260675699e-07
                 3.21875     0.07363107781851078   3.166332260675699e-07
                 3.21875      0.1227184630308513   3.166332260675699e-07
                 3.21875      0.1718058482431918   3.166332260675699e-07
                 3.21875      0.2208932334555323   3.166332260675699e-07
                 3.21875      0.2699806186678728   3.166332260675699e-07
                 3.21875      0.3190680038802134   3.166332260675699e-07
                 3.21875      0.3681553890925539   3.166332260675699e-07
                 3.21875      0.4172427743048944   3.166332260675699e-07
                 3.21875      0.4663301595172349   3.166332260675699e-07
                 3.21875      0.5154175447295755   3.166332260675699e-07
                 3.21875      0.5645049299419159   3.166332260675699e-07
                 3.21875      0.6135923151542565   3.166332260675699e-07
                 3.21875       0.662679700366597   3.166332260675699e-07
                 3.21875      0.7117670855789375   3.166332260675699e-07
                 3.21875       0.760854470791278   3.166332260675699e-07
                 3.21875      0.8099418560036186   3.166332260675699e-07
                 3.21875       0.859029241215959   3.166332260675699e-07
                 3.21875      0.9081166264282996   3.166332260675699e-07
                 3.21875      0.9572040116406401   3.166332260675699e-07
                 3.21875       1.006291396852981   3.166332260675699e-07
                 3.21875       1.055378782065321   3.166332260675699e-07
                 3.21875       1.104466167277662   3.166332260675699e-07
                 3.21875       1.153553552490002   3.166332260675699e-07
                 3.21875       1.202640937702343   3.166332260675699e-07
                 3.21875       1.251728322914683   3.166332260675699e-07
                 3.21875       1.300815708127024   3.166332260675699e-07
                 3.21875       1.349903093339364   3.166332260675699e-07
                 3.21875       1.398990478551705   3.166332260675699e-07
                 3.21875       1.448077863764045   3.166332260675699e-07
                 3.21875       1.497165248976386   3.166332260675699e-07
                 3.21875       1.546252634188726   3.166332260675699e-07
                 3.21875       1.595340019401067   3.166332260675699e-07
                 3.21875       1.644427404613407   3.166332260675699e-07
                 3.21875       1.693514789825748   3.166332260675699e-07
                 3.21875       1.742602175038088   3.166332260675699e-07
                 3.21875       1.791689560250429   3.166332260675699e-07
                 3.21875       1.840776945462769   3.166332260675699e-07
                 3.21875        1.88986433067511   3.166332260675699e-07
                 3.21875       1.938951715887451   3.166332260675699e-07
                 3.21875       1.988039101099791   3.166332260675699e-07
                 3.21875       2.037126486312132   3.166332260675699e-07
                 3.21875       2.086213871524472   3.166332260675699e-07
                 3.21875       2.135301256736812   3.166332260675699e-07
                 3.21875       2.184388641949153   3.166332260675699e-07
                 3.21875       2.233476027161494   3.166332260675699e-07
                 3.21875       2.282563412373834   3.166332260675699e-07
                 3.21875       2.331650797586175   3.166332260675699e-07
                 3.21875       2.380738182798515   3.166332260675699e-07
                 3.21875       2.429825568010856   3.166332260675699e-07
                 3.21875       2.478912953223196   3.166332260675699e-07
                 3.21875       2.528000338435537   3.166332260675699e-07
                 3.21875       2.577087723647877   3.166332260675699e-07
                 3.21875       2.626175108860218   3.166332260675699e-07
                 3.21875       2.675262494072558   3.166332260675699e-07
                 3.21875       2.724349879284899   3.166332260675699e-07
                 3.21875       2.773437264497239   3.166332260675699e-07
                 3.21875        2.82252464970958   3.166332260675699e-07
                 3.21875        2.87161203492192   3.166332260675699e-07
                 3.21875       2.920699420134261   3.166332260675699e-07
                 3.21875       2.969786805346601   3.166332260675699e-07
                 3.21875       3.018874190558942   3.166332260675699e-07
                 3.21875       3.067961575771282   3.166332260675699e-07
                 3.21875       3.117048960983623   3.166332260675699e-07

                 3.28125     0.02454369260617026   2.109232004813447e-07
                 3.28125     0.07363107781851078   2.109232004813447e-07
                 3.28125      0.1227184630308513   2.109232004813447e-07
                 3.28125      0.1718058482431918   2.109232004813447e-07
                 3.28125      0.2208932334555323   2.109232004813447e-07
                 3.28125      0.2699806186678728   2.109232004813447e-07
                 3.28125      0.3190680038802134   2.109232004813447e-07
                 3.28125      0.3681553890925539   2.109232004813447e-07
                 3.28125      0.4172427743048944   2.109232004813447e-07
                 3.28125      0.4663301595172349   2.109232004813447e-07
                 3.28125      0.5154175447295755   2.109232004813447e-07
                 3.28125      0.5645049299419159   2.109232004813447e-07
                 3.28125      0.6135923151542565   2.109232004813447e-07
                 3.28125       0.662679700366597   2.109232004813447e-07
                 3.28125      0.7117670855789375   2.109232004813447e-07
                 3.28125       0.760854470791278   2.109232004813447e-07
                 3.28125      0.8099418560036186   2.109232004813447e-07
                 3.28125       0.859029241215959   2.109232004813447e-07
                 3.28125      0.9081166264282996   2.109232004813447e-07
                 3.28125      0.9572040116406401   2.109232004813447e-07
                 3.28125       1.006291396852981   2.109232004813447e-07
                 3.28125       1.055378782065321   2.109232004813447e-07
                 3.28125       1.104466167277662   2.109232004813447e-07
                 3.28125       1.153553552490002   2.109232004813447e-07
                 3.28125       1.202640937702343   2.109232004813447e-07
                 3.28125       1.251728322914683   2.109232004813447e-07
                 3.28125       1.300815708127024   2.109232004813447e-07
                 3.28125       1.349903093339364   2.109232004813447e-07
                 3.28125       1.398990478551705   2.109232004813447e-07
                 3.28125       1.448077863764045   2.109232004813447e-07
                 3.28125       1.497165248976386   2.109232004813447e-07
                 3.28125       1.546252634188726   2.109232004813447e-07
                 3.28125       1.595340019401067   2.109232004813447e-07
                 3.28125       1.644427404613407   2.109232004813447e-07
                 3.28125       1.693514789825748   2.109232004813447e-07
                 3.28125       1.742602175038088   2.109232004813447e-07
                 3.28125       1.791689560250429   2.109232004813447e-07
                 3.28125       1.840776945462769   2.109232004813447e-07
                 3.28125        1.88986433067511   2.109232004813447e-07
                 3.28125       1.938951715887451   2.109232004813447e-07
                 3.28125       1.988039101099791   2.109232004813447e-07
                 3.28125       2.037126486312132   2.109232004813447e-07
                 3.28125       2.086213871524472   2.109232004813447e-07
                 3.28125       2.135301256736812   2.109232004813447e-07
                 3.28125       2.184388641949153   2.109232004813447e-07
                 3.28125       2.233476027161494   2.109232004813447e-07
                 3.28125       2.282563412373834   2.109232004813447e-07
                 3.28125       2.331650797586175   2.109232004813447e-07
                 3.28125       2.380738182798515   2.109232004813447e-07
                 3.28125       2.429825568010856   2.109232004813447e-07
                 3.28125       2.478912953223196   2.109232004813447e-07
                 3.28125       2.528000338435537   2.109232004813447e-07
                 3.28125       2.577087723647877   2.109232004813447e-07
                 3.28125       2.626175108860218   2.109232004813447e-07
                 3.28125       2.675262494072558   2.109232004813447e-07
                 3.28125       2.724349879284899   2.109232004813447e-07
                 3.28125       2.773437264497239   2.109232004813447e-07
                 3.28125        2.82252464970958   2.109232004813447e-07
                 3.28125        2.87161203492192   2.109232004813447e-07
                 3.28125       2.920699420134261   2.109232004813447e-07
                 3.28125       2.969786805346601   2.109232004813447e-07
                 3.28125       3.018874190558942   2.109232004813447e-07
                 3.28125       3.067961575771282   2.109232004813447e-07
                 3.28125       3.117048960983623   2.109232004813447e-07

                 3.34375     0.02454369260617026   1.394117226572593e-07
                 3.34375     0.07363107781851078   1.394117226572593e-07
                 3.34375      0.1227184630308513   1.394117226572593e-07
                 3.34375      0.1718058482431918   1.394117226572593e-07
                 3.34375      0.2208932334555323   1.394117226572593e-07
                 3.34375      0.2699806186678728   1.394117226572593e-07
                 3.34375      0.3190680038802134   1.394117226572593e-07
                 3.34375      0.3681553890925539   1.394117226572593e-07
                 3.34375      0.4172427743048944   1.394117226572593e-07
                 3.34375      0.4663301595172349   1.394117226572593e-07
                 3.34375      0.5154175447295755   1.394117226572593e-07
                 3.34375      0.5645049299419159   1.394117226572593e-07
                 3.34375      0.6135923151542565   1.394117226572593e-07
                 3.34375       0.662679700366597   1.394117226572593e-07
                 3.34375      0.7117670855789375   1.394117226572593e-07
                 3.34375       0.760854470791278   1.394117226572593e-07
                 3.34375      0.8099418560036186   1.394117226572593e-07
                 3.34375       0.859029241215959   1.394117226572593e-07
                 3.34375      0.9081166264282996   1.394117226572593e-07
                 3.34375      0.9572040116406401   1.394117226572593e-07
                 3.34375       1.006291396852981   1.394117226572593e-07
                 3.34375       1.055378782065321   1.394117226572593e-07
                 3.34375       1.104466167277662   1.394117226572593e-07
                 3.34375       1.153553552490002   1.394117226572593e-07
                 3.34375       1.202640937702343   1.394117226572593e-07
                 3.34375       1.251728322914683   1.394117226572593e-07
                 3.34375       1.300815708127024   1.394117226572593e-07
                 3.34375       1.349903093339364   1.394117226572593e-07
                 3.34375       1.398990478551705   1.394117226572593e-07
                 3.34375       1.448077863764045   1.394117226572593e-07
                 3.34375       1.497165248976386   1.394117226572593e-07
                 3.34375       1.546252634188726   1.394117226572593e-07
                 3.34375       1.595340019401067   1.394117226572593e-07
                 3.34375       1.644427404613407   1.394117226572593e-07
                 3.34375       1.693514789825748   1.394117226572593e-07
                 3.34375       1.742602175038088   1.394117226572593e-07
                 3.34375       1.791689560250429   1.394117226572593e-07
                 3.34375       1.840776945462769   1.394117226572593e-07
                 3.34375        1.88986433067511   1.394117226572593e-07
                 3.34375       1.938951715887451   1.394117226572593e-07
                 3.34375       1.988039101099791   1.394117226572593e-07
                 3.34375       2.037126486312132   1.394117226572593e-07
                 3.34375       2.086213871524472   1.394117226572593e-07
                 3.34375       2.135301256736812   1.394117226572593e-07
                 3.34375       2.184388641949153   1.394117226572593e-07
                 3.34375       2.233476027161494   1.394117226572593e-07
                 3.34375       2.282563412373834   1.394117226572593e-07
                 3.34375       2.331650797586175   1.394117226572593e-07
                 3.34375       2.380738182798515   1.394117226572593e-07
                 3.34375       2.429825568010856   1.394117226572593e-07
                 3.34375       2.478912953223196   1.394117226572593e-07
                 3.34375       2.528000338435537   1.394117226572593e-07
                 3.34375       2.577087723647877   1.394117226572593e-07
                 3.34375       2.626175108860218   1.394117226572593e-07
                 3.34375       2.675262494072558   1.394117226572593e-07
                 3.34375       2.724349879284899   1.394117226572593e-07
                 3.34375       2.773437264497239   1.394117226572593e-07
                 3.34375        2.82252464970958   1.394117226572593e-07
                 3.34375        2.87161203492192   1.394117226572593e-07
                 3.34375       2.920699420134261   1.394117226572593e-07
                 3.34375       2.969786805346601   1.394117226572593e-07
                 3.34375       3.018874190558942   1.394117226572593e-07
                 3.34375       3.067961575771282   1.394117226572593e-07
                 3.34375       3.117048960983623   1.394117226572593e-07

                 3.40625     0.02454369260617026   9.142843987757263e-08
                 3.40625     0.07363107781851078   9.142843987757263e-08
                 3.40625      0.1227184630308513   9.142843987757263e-08
                 3.40625      0.1718058482431918   9.142843987757263e-08
                 3.40625      0.2208932334555323   9.142843987757263e-08
                 3.40625      0.2699806186678728   9.142843987757263e-08
                 3.40625      0.3190680038802134   9.142843987757263e-08
                 3.40625      0.3681553890925539   9.142843987757263e-08
                 3.40625      0.4172427743048944   9.142843987757263e-08
                 3.40625      0.4663301595172349   9.142843987757263e-08
                 3.40625      0.5154175447295755   9.142843987757263e-08
                 3.40625      0.5645049299419159   9.142843987757263e-08
                 3.40625      0.6135923151542565   9.142843987757263e-08
                 3.40625       0.662679700366597   9.142843987757263e-08
                 3.40625      0.7117670855789375   9.142843987757263e-08
                 3.40625       0.760854470791278   9.142843987757263e-08
                 3.40625      0.8099418560036186   9.142843987757263e-08
                 3.40625       0.859029241215959   9.142843987757263e-08
                 3.40625      0.9081166264282996   9.142843987757263e-08
                 3.40625      0.9572040116406401   9.142843987757263e-08
                 3.40625       1.006291396852981   9.142843987757263e-08
                 3.40625       1.055378782065321   9.142843987757263e-08
                 3.40625       1.104466167277662   9.142843987757263e-08
                 3.40625       1.153553552490002   9.142843987757263e-08
                 3.40625       1.202640937702343   9.142843987757263e-08
                 3.40625       1.251728322914683   9.142843987757263e-08
                 3.40625       1.300815708127024   9.142843987757263e-08
                 3.40625       1.349903093339364   9.142843987757263e-08
                 3.40625       1.398990478551705   9.142843987757263e-08
                 3.40625       1.448077863764045   9.142843987757263e-08
                 3.40625       1.497165248976386   9.142843987757263e-08
                 3.40625       1.546252634188726   9.142843987757263e-08
                 3.40625       1.595340019401067   9.142843987757263e-08
                 3.40625       1.644427404613407   9.142843987757263e-08
                 3.40625       1.693514789825748   9.142843987757263e-08
                 3.40625       1.742602175038088   9.142843987757263e-08
                 3.40625       1.791689560250429   9.142843987757263e-08
                 3.40625       1.840776945462769   9.142843987757263e-08
                 3.40625        1.88986433067511   9.142843987757263e-08
                 3.40625       1.938951715887451   9.142843987757263e-08
                 3.40625       1.988039101099791   9.142843987757263e-08
                 3.40625       2.037126486312132   9.142843987757263e-08
                 3.40625       2.086213871524472   9.142843987757263e-08
                 3.40625       2.135301256736812   9.142843987757263e-08
                 3.40625       2.184388641949153   9.142843987757263e-08
                 3.40625       2.233476027161494   9.142843987757263e-08
                 3.40625       2.282563412373834   9.142843987757263e-08
                 3.40625       2.331650797586175   9.142843987757263e-08
                 3.40625       2.380738182798515   9.142843987757263e-08
                 3.40625       2.429825568010856   9.142843987757263e-08
                 3.40625       2.478912953223196   9.142843987757263e-08
                 3.40625       2.528000338435537   9.142843987757263e-08
                 3.40625       2.577087723647877   9.142843987757263e-08
                 3.40625       2.626175108860218   9.142843987757263e-08
                 3.40625       2.675262494072558   9.142843987757263e-08
                 3.40625       2.724349879284899   9.142843987757263e-08
                 3.40625       2.773437264497239   9.142843987757263e-08
                 3.40625        2.82252464970958   9.142843987757263e-08
                 3.40625        2.87161203492192   9.142843987757263e-08
                 3.40625       2.920699420134261   9.142843987757263e-08
                 3.40625       2.969786805346601   9.142843987757263e-08
                 3.40625       3.018874190558942   9.142843987757263e-08
                 3.40625       3.067961575771282   9.142843987757263e-08
                 3.40625       3.117048960983623   9.142843987757263e-08

                 3.46875     0.02454369260617026   5.949362050847448e-08
                 3.46875     0.07363107781851078   5.949362050847448e-08
                 3.46875      0.1227184630308513   5.949362050847448e-08
                 3.46875      0.1718058482431918   5.949362050847448e-08
                 3.46875      0.2208932334555323   5.949362050847448e-08
                 3.46875      0.2699806186678728   5.949362050847448e-08
                 3.46875      0.3190680038802134   5.949362050847448e-08
                 3.46875      0.3681553890925539   5.949362050847448e-08
                 3.46875      0.4172427743048944   5.949362050847448e-08
                 3.46875      0.4663301595172349   5.949362050847448e-08
                 3.46875      0.5154175447295755   5.949362050847448e-08
                 3.46875      0.5645049299419159   5.949362050847448e-08
                 3.46875      0.6135923151542565   5.949362050847448e-08
                 3.46875       0.662679700366597   5.949362050847448e-08
                 3.46875      0.7117670855789375   5.949362050847448e-08
                 3.46875       0.760854470791278   5.949362050847448e-08
                 3.46875      0.8099418560036186   5.949362050847448e-08
                 3.46875       0.859029241215959   5.949362050847448e-08
                 3.46875      0.9081166264282996   5.949362050847448e-08
                 3.46875      0.9572040116406401   5.949362050847448e-08
                 3.46875       1.006291396852981   5.949362050847448e-08
                 3.46875       1.055378782065321   5.949362050847448e-08
                 3.46875       1.104466167277662   5.949362050847448e-08
                 3.46875       1.153553552490002   5.949362050847448e-08
                 3.46875       1.202640937702343   5.949362050847448e-08
                 3.46875       1.251728322914683   5.949362050847448e-08
                 3.46875       1.300815708127024   5.949362050847448e-08
                 3.46875       1.349903093339364   5.949362050847448e-08
                 3.46875       1.398990478551705   5.949362050847448e-08
                 3.46875       1.448077863764045   5.949362050847448e-08
                 3.46875       1.497165248976386   5.949362050847448e-08
                 3.46875       1.546252634188726   5.949362050847448e-08
                 3.46875       1.595340019401067   5.949362050847448e-08
                 3.46875       1.644427404613407   5.949362050847448e-08
                 3.46875       1.693514789825748   5.949362050847448e-08
                 3.46875       1.742602175038088   5.949362050847448e-08
                 3.46875       1.791689560250429   5.949362050847448e-08
                 3.46875       1.840776945462769   5.949362050847448e-08
                 3.46875        1.88986433067511   5.949362050847448e-08
                 3.46875       1.938951715887451   5.949362050847448e-08
                 3.46875       1.988039101099791   5.949362050847448e-08
                 3.46875       2.037126486312132   5.949362050847448e-08
                 3.46875       2.086213871524472   5.949362050847448e-08
                 3.46875       2.135301256736812   5.949362050847448e-08
                 3.46875       2.184388641949153   5.949362050847448e-08
                 3.46875       2.233476027161494   5.949362050847448e-08
                 3.46875       2.282563412373834   5.949362050847448e-08
                 3.46875       2.331650797586175   5.949362050847448e-08
                 3.46875       2.380738182798515   5.949362050847448e-08
                 3.46875       2.429825568010856   5.949362050847448e-08
                 3.46875       2.478912953223196   5.949362050847448e-08
                 3.46875       2.528000338435537   5.949362050847448e-08
                 3.46875       2.577087723647877   5.949362050847448e-08
                 3.46875       2.626175108860218   5.949362050847448e-08
                 3.46875       2.675262494072558   5.949362050847448e-08
                 3.46875       2.724349879284899   5.949362050847448e-08
                 3.46875       2.773437264497239   5.949362050847448e-08
                 3.46875        2.82252464970958   5.949362050847448e-08
                 3.46875        2.87161203492192   5.949362050847448e-08
                 3.46875       2.920699420134261   5.949362050847448e-08
                 3.46875       2.969786805346601   5.949362050847448e-08
                 3.46875       3.018874190558942   5.949362050847448e-08
                 3.46875       3.067961575771282   5.949362050847448e-08
                 3.46875       3.117048960983623   5.949362050847448e-08

                 3.53125     0.02454369260617026   3.841196841315677e-08
                 3.53125     0.07363107781851078   3.841196841315677e-08
                 3.53125      0.1227184630308513   3.841196841315677e-08
                 3.53125      0.1718058482431918   3.841196841315677e-08
                 3.53125      0.2208932334555323   3.841196841315677e-08
                 3.53125      0.2699806186678728   3.841196841315677e-08
                 3.53125      0.3190680038802134   3.841196841315677e-08
                 3.53125      0.3681553890925539   3.841196841315677e-08
                 3.53125      0.4172427743048944   3.841196841315677e-08
                 3.53125      0.4663301595172349   3.841196841315677e-08
                 3.53125      0.5154175447295755   3.841196841315677e-08
                 3.53125      0.5645049299419159   3.841196841315677e-08
                 3.53125      0.6135923151542565   3.841196841315677e-08
                 3.53125       0.662679700366597   3.841196841315677e-08
                 3.53125      0.7117670855789375   3.841196841315677e-08
                 3.53125       0.760854470791278   3.841196841315677e-08
                 3.53125      0.8099418560036186   3.841196841315677e-08
                 3.53125       0.859029241215959   3.841196841315677e-08
                 3.53125      0.9081166264282996   3.841196841315677e-08
                 3.53125      0.9572040116406401   3.841196841315677e-08
                 3.53125       1.006291396852981   3.841196841315677e-08
                 3.53125       1.055378782065321   3.841196841315677e-08
                 3.53125       1.104466167277662   3.841196841315677e-08
                 3.53125       1.153553552490002   3.841196841315677e-08
                 3.53125       1.202640937702343   3.841196841315677e-08
                 3.53125       1.251728322914683   3.841196841315677e-08
                 3.53125       1.300815708127024   3.841196841315677e-08
                 3.53125       1.349903093339364   3.841196841315677e-08
                 3.53125       1.398990478551705   3.841196841315677e-08
                 3.53125       1.448077863764045   3.841196841315677e-08
                 3.53125       1.497165248976386   3.841196841315677e-08
                 3.53125       1.546252634188726   3.841196841315677e-08
                 3.53125       1.595340019401067   3.841196841315677e-08
                 3.53125       1.644427404613407   3.841196841315677e-08
                 3.53125       1.693514789825748   3.841196841315677e-08
                 3.53125       1.742602175038088   3.841196841315677e-08
                 3.53125       1.791689560250429   3.841196841315677e-08
                 3.53125       1.840776945462769   3.841196841315677e-08
                 3.53125        1.88986433067511   3.841196841315677e-08
                 3.53125       1.938951715887451   3.841196841315677e-08
                 3.53125       1.988039101099791   3.841196841315677e-08
                 3.53125       2.037126486312132   3.841196841315677e-08
                 3.53125       2.086213871524472   3.841196841315677e-08
                 3.53125       2.135301256736812   3.841196841315677e-08
                 3.53125       2.184388641949153   3.841196841315677e-08
                 3.53125       2.233476027161494   3.841196841315677e-08
                 3.53125       2.282563412373834   3.841196841315677e-08
                 3.53125       2.331650797586175   3.841196841315677e-08
                 3.53125       2.380738182798515   3.841196841315677e-08
                 3.53125       2.429825568010856   3.841196841315677e-08
                 3.53125       2.478912953223196   3.841196841315677e-08
                 3.53125       2.528000338435537   3.841196841315677e-08
                 3.53125       2.577087723647877   3.841196841315677e-08
                 3.53125       2.626175108860218   3.841196841315677e-08
                 3.53125       2.675262494072558   3.841196841315677e-08
                 3.53125       2.724349879284899   3.841196841315677e-08
                 3.53125       2.773437264497239   3.841196841315677e-08
                 3.53125        2.82252464970958   3.841196841315677e-08
                 3.53125        2.87161203492192   3.841196841315677e-08
                 3.53125       2.920699420134261   3.841196841315677e-08
                 3.53125       2.969786805346601   3.841196841315677e-08
                 3.53125       3.018874190558942   3.841196841315677e-08
                 3.53125       3.067961575771282   3.841196841315677e-08
                 3.53125       3.117048960983623   3.841196841315677e-08

                 3.59375     0.02454369260617026   2.460763076305438e-08
                 3.59375     0.07363107781851078   2.460763076305438e-08
                 3.59375      0.1227184630308513   2.460763076305438e-08
                 3.59375      0.1718058482431918   2.460763076305438e-08
                 3.59375      0.2208932334555323   2.460763076305438e-08
                 3.59375      0.2699806186678728   2.460763076305438e-08
                 3.59375      0.3190680038802134   2.460763076305438e-08
                 3.59375      0.3681553890925539   2.460763076305438e-08
                 3.59375      0.4172427743048944   2.460763076305438e-08
                 3.59375      0.4663301595172349   2.460763076305438e-08
                 3.59375      0.5154175447295755   2.460763076305438e-08
                 3.59375      0.5645049299419159   2.460763076305438e-08
                 3.59375      0.6135923151542565   2.460763076305438e-08
                 3.59375       0.662679700366597   2.460763076305438e-08
                 3.59375      0.7117670855789375   2.460763076305438e-08
                 3.59375       0.760854470791278   2.460763076305438e-08
                 3.59375      0.8099418560036186   2.460763076305438e-08
                 3.59375       0.859029241215959   2.460763076305438e-08
                 3.59375      0.9081166264282996   2.460763076305438e-08
                 3.59375      0.9572040116406401   2.460763076305438e-08
                 3.59375       1.006291396852981   2.460763076305438e-08
                 3.59375       1.055378782065321   2.460763076305438e-08
                 3.59375       1.104466167277662   2.460763076305438e-08
                 3.59375       1.153553552490002   2.460763076305438e-08
                 3.59375       1.202640937702343   2.460763076305438e-08
                 3.59375       1.251728322914683   2.460763076305438e-08
                 3.59375       1.300815708127024   2.460763076305438e-08
                 3.59375       1.349903093339364   2.460763076305438e-08
                 3.59375       1.398990478551705   2.460763076305438e-08
                 3.59375       1.448077863764045   2.460763076305438e-08
                 3.59375       1.497165248976386   2.460763076305438e-08
                 3.59375       1.546252634188726   2.460763076305438e-08
                 3.59375       1.595340019401067   2.460763076305438e-08
                 3.59375       1.644427404613407   2.460763076305438e-08
                 3.59375       1.693514789825748   2.460763076305438e-08
                 3.59375       1.742602175038088   2.460763076305438e-08
                 3.59375       1.791689560250429   2.460763076305438e-08
                 3.59375       1.840776945462769   2.460763076305438e-08
                 3.59375        1.88986433067511   2.460763076305438e-08
                 3.59375       1.938951715887451   2.460763076305438e-08
                 3.59375       1.988039101099791   2.460763076305438e-08
                 3.59375       2.037126486312132   2.460763076305438e-08
                 3.59375       2.086213871524472   2.460763076305438e-08
                 3.59375       2.135301256736812   2.460763076305438e-08
                 3.59375       2.184388641949153   2.460763076305438e-08
                 3.59375       2.233476027161494   2.460763076305438e-08
                 3.59375       2.282563412373834   2.460763076305438e-08
                 3.59375       2.331650797586175   2.460763076305438e-08
                 3.59375       2.380738182798515   2.460763076305438e-08
                 3.59375       2.429825568010856   2.460763076305438e-08
                 3.59375       2.478912953223196   2.460763076305438e-08
                 3.59375       2.528000338435537   2.460763076305438e-08
                 3.59375       2.577087723647877   2.460763076305438e-08
                 3.59375       2.626175108860218   2.460763076305438e-08
                 3.59375       2.675262494072558   2.460763076305438e-08
                 3.59375       2.724349879284899   2.460763076305438e-08
                 3.59375       2.773437264497239   2.460763076305438e-08
                 3.59375        2.82252464970958   2.460763076305438e-08
                 3.59375        2.87161203492192   2.460763076305438e-08
                 3.59375       2.920699420134261   2.460763076305438e-08
                 3.59375       2.969786805346601   2.460763076305438e-08
                 3.59375       3.018874190558942   2.460763076305438e-08
                 3.59375       3.067961575771282   2.460763076305438e-08
                 3.59375       3.117048960983623   2.460763076305438e-08

                 3.65625     0.02454369260617026   1.564156178422905e-08
                 3.65625     0.07363107781851078   1.564156178422905e-08
                 3.65625      0.1227184630308513   1.564156178422905e-08
                 3.65625      0.1718058482431918   1.564156178422905e-08
                 3.65625      0.2208932334555323   1.564156178422905e-08
                 3.65625      0.2699806186678728   1.564156178422905e-08
                 3.65625      0.3190680038802134   1.564156178422905e-08
                 3.65625      0.3681553890925539   1.564156178422905e-08
                 3.65625      0.4172427743048944   1.564156178422905e-08
                 3.65625      0.4663301595172349   1.564156178422905e-08
                 3.65625      0.5154175447295755   1.564156178422905e-08
                 3.65625      0.5645049299419159   1.564156178422905e-08
                 3.65625      0.6135923151542565   1.564156178422905e-08
                 3.65625       0.662679700366597   1.564156178422905e-08
                 3.65625      0.7117670855789375   1.564156178422905e-08
                 3.65625       0.760854470791278   1.564156178422905e-08
                 3.65625      0.8099418560036186   1.564156178422905e-08
                 3.65625       0.859029241215959   1.564156178422905e-08
                 3.65625      0.9081166264282996   1.564156178422905e-08
                 3.65625      0.9572040116406401   1.564156178422905e-08
                 3.65625       1.006291396852981   1.564156178422905e-08
                 3.65625       1.055378782065321   1.564156178422905e-08
                 3.65625       1.104466167277662   1.564156178422905e-08
                 3.65625       1.153553552490002   1.564156178422905e-08
                 3.65625       1.202640937702343   1.564156178422905e-08
                 3.65625       1.251728322914683   1.564156178422905e-08
                 3.65625       1.300815708127024   1.564156178422905e-08
                 3.65625       1.349903093339364   1.564156178422905e-08
                 3.65625       1.398990478551705   1.564156178422905e-08
                 3.65625       1.448077863764045   1.564156178422905e-08
                 3.65625       1.497165248976386   1.564156178422905e-08
                 3.65625       1.546252634188726   1.564156178422905e-08
                 3.65625       1.595340019401067   1.564156178422905e-08
                 3.65625       1.644427404613407   1.564156178422905e-08
                 3.65625       1.693514789825748   1.564156178422905e-08
                 3.65625       1.742602175038088   1.564156178422905e-08
                 3.65625       1.791689560250429   1.564156178422905e-08
                 3.65625       1.840776945462769   1.564156178422905e-08
                 3.65625        1.88986433067511   1.564156178422905e-08
                 3.65625       1.938951715887451   1.564156178422905e-08
                 3.65625       1.988039101099791   1.564156178422905e-08
                 3.65625       2.037126486312132   1.564156178422905e-08
                 3.65625       2.086213871524472   1.564156178422905e-08
                 3.65625       2.135301256736812   1.564156178422905e-08
                 3.65625       2.184388641949153   1.564156178422905e-08
                 3.65625       2.233476027161494   1.564156178422905e-08
                 3.65625       2.282563412373834   1.564156178422905e-08
                 3.65625       2.331650797586175   1.564156178422905e-08
                 3.65625       2.380738182798515   1.564156178422905e-08
                 3.65625       2.429825568010856   1.564156178422905e-08
                 3.65625       2.478912953223196   1.564156178422905e-08
                 3.65625       2.528000338435537   1.564156178422905e-08
                 3.65625       2.577087723647877   1.564156178422905e-08
                 3.65625       2.626175108860218   1.564156178422905e-08
                 3.65625       2.675262494072558   1.564156178422905e-08
                 3.65625       2.724349879284899   1.564156178422905e-08
                 3.65625       2.773437264497239   1.564156178422905e-08
                 3.65625        2.82252464970958   1.564156178422905e-08
                 3.65625        2.87161203492192   1.564156178422905e-08
                 3.65625       2.920699420134261   1.564156178422905e-08
                 3.65625       2.969786805346601   1.564156178422905e-08
                 3.65625       3.018874190558942   1.564156178422905e-08
                 3.65625       3.067961575771282   1.564156178422905e-08
                 3.65625       3.117048960983623   1.564156178422905e-08

                 3.71875     0.02454369260617026   9.865009361729049e-09
                 3.71875     0.07363107781851078   9.865009361729049e-09
                 3.71875      0.1227184630308513   9.865009361729049e-09
                 3.71875      0.1718058482431918   9.865009361729049e-09
                 3.71875      0.2208932334555323   9.865009361729049e-09
                 3.71875      0.2699806186678728   9.865009361729049e-09
                 3.71875      0.3190680038802134   9.865009361729049e-09
                 3.71875      0.3681553890925539   9.865009361729049e-09
                 3.71875      0.4172427743048944   9.865009361729049e-09
                 3.71875      0.4663301595172349   9.865009361729049e-09
                 3.71875      0.5154175447295755   9.865009361729049e-09
                 3.71875      0.5645049299419159   9.865009361729049e-09
                 3.71875      0.6135923151542565   9.865009361729049e-09
                 3.71875       0.662679700366597   9.865009361729049e-09
                 3.71875      0.7117670855789375   9.865009361729049e-09
                 3.71875       0.760854470791278   9.865009361729049e-09
                 3.71875      0.8099418560036186   9.865009361729049e-09
                 3.71875       0.859029241215959   9.865009361729049e-09
                 3.71875      0.9081166264282996   9.865009361729049e-09
                 3.71875      0.9572040116406401   9.865009361729049e-09
                 3.71875       1.006291396852981   9.865009361729049e-09
                 3.71875       1.055378782065321   9.865009361729049e-09
                 3.71875       1.104466167277662   9.865009361729049e-09
                 3.71875       1.153553552490002   9.865009361729049e-09
                 3.71875       1.202640937702343   9.865009361729049e-09
                 3.71875       1.251728322914683   9.865009361729049e-09
                 3.71875       1.300815708127024   9.865009361729049e-09
                 3.71875       1.349903093339364   9.865009361729049e-09
                 3.71875       1.398990478551705   9.865009361729049e-09
                 3.71875       1.448077863764045   9.865009361729049e-09
                 3.71875       1.497165248976386   9.865009361729049e-09
                 3.71875       1.546252634188726   9.865009361729049e-09
                 3.71875       1.595340019401067   9.865009361729049e-09
                 3.71875       1.644427404613407   9.865009361729049e-09
                 3.71875       1.693514789825748   9.865009361729049e-09
                 3.71875       1.742602175038088   9.865009361729049e-09
                 3.71875       1.791689560250429   9.865009361729049e-09
                 3.71875       1.840776945462769   9.865009361729049e-09
                 3.71875        1.88986433067511   9.865009361729049e-09
                 3.71875       1.938951715887451   9.865009361729049e-09
                 3.71875       1.988039101099791   9.865009361729049e-09
                 3.71875       2.037126486312132   9.865009361729049e-09
                 3.71875       2.086213871524472   9.865009361729049e-09
                 3.71875       2.135301256736812   9.865009361729049e-09
                 3.71875       2.184388641949153   9.865009361729049e-09
                 3.71875       2.233476027161494   9.865009361729049e-09
                 3.71875       2.282563412373834   9.865009361729049e-09
                 3.71875       2.331650797586175   9.865009361729049e-09
                 3.71875       2.380738182798515   9.865009361729049e-09
                 3.71875       2.429825568010856   9.865009361729049e-09
                 3.71875       2.478912953223196   9.865009361729049e-09
                 3.71875       2.528000338435537   9.865009361729049e-09
                 3.71875       2.577087723647877   9.865009361729049e-09
                 3.71875       2.626175108860218   9.865009361729049e-09
                 3.71875       2.675262494072558   9.865009361729049e-09
                 3.71875       2.724349879284899   9.865009361729049e-09
                 3.71875       2.773437264497239   9.865009361729049e-09
                 3.71875        2.82252464970958   9.865009361729049e-09
                 3.71875        2.87161203492192   9.865009361729049e-09
                 3.71875       2.920699420134261   9.865009361729049e-09
                 3.71875       2.969786805346601   9.865009361729049e-09
                 3.71875       3.018874190558942   9.865009361729049e-09
                 3.71875       3.067961575771282   9.865009361729049e-09
                 3.71875       3.117048960983623   9.865009361729049e-09

                 3.78125     0.02454369260617026   6.173365113169633e-09
                 3.78125     0.07363107781851078   6.173365113169633e-09
                 3.78125      0.1227184630308513   6.173365113169633e-09
                 3.78125      0.1718058482431918   6.173365113169633e-09
                 3.78125      0.2208932334555323   6.173365113169633e-09
                 3.78125      0.2699806186678728   6.173365113169633e-09
                 3.78125      0.3190680038802134   6.173365113169633e-09
                 3.78125      0.3681553890925539   6.173365113169633e-09
                 3.78125      0.4172427743048944   6.173365113169633e-09
                 3.78125      0.4663301595172349   6.173365113169633e-09
                 3.78125      0.5154175447295755   6.173365113169633e-09
                 3.78125      0.5645049299419159   6.173365113169633e-09
                 3.78125      0.6135923151542565   6.173365113169633e-09
                 3.78125       0.662679700366597   6.173365113169633e-09
                 3.78125      0.7117670855789375   6.173365113169633e-09
                 3.78125       0.760854470791278   6.173365113169633e-09
                 3.78125      0.8099418560036186   6.173365113169633e-09
                 3.78125       0.859029241215959   6.173365113169633e-09
                 3.78125      0.9081166264282996   6.173365113169633e-09
                 3.78125      0.9572040116406401   6.173365113169633e-09
                 3.78125       1.006291396852981   6.173365113169633e-09
                 3.78125       1.055378782065321   6.173365113169633e-09
                 3.78125       1.104466167277662   6.173365113169633e-09
                 3.78125       1.153553552490002   6.173365113169633e-09
                 3.78125       1.202640937702343   6.173365113169633e-09
                 3.78125       1.251728322914683   6.173365113169633e-09
                 3.78125       1.300815708127024   6.173365113169633e-09
                 3.78125       1.349903093339364   6.173365113169633e-09
                 3.78125       1.398990478551705   6.173365113169633e-09
                 3.78125       1.448077863764045   6.173365113169633e-09
                 3.78125       1.497165248976386   6.173365113169633e-09
                 3.78125       1.546252634188726   6.173365113169633e-09
                 3.78125       1.595340019401067   6.173365113169633e-09
                 3.78125       1.644427404613407   6.173365113169633e-09
                 3.78125       1.693514789825748   6.173365113169633e-09
                 3.78125       1.742602175038088   6.173365113169633e-09
                 3.78125       1.791689560250429   6.173365113169633e-09
                 3.78125       1.840776945462769   6.173365113169633e-09
                 3.78125        1.88986433067511   6.173365113169633e-09
                 3.78125       1.938951715887451   6.173365113169633e-09
                 3.78125       1.988039101099791   6.173365113169633e-09
                 3.78125       2.037126486312132   6.173365113169633e-09
                 3.78125       2.086213871524472   6.173365113169633e-09
                 3.78125       2.135301256736812   6.173365113169633e-09
                 3.78125       2.184388641949153   6.173365113169633e-09
                 3.78125       2.233476027161494   6.173365113169633e-09
                 3.78125       2.282563412373834   6.173365113169633e-09
                 3.78125       2.331650797586175   6.173365113169633e-09
                 3.78125       2.380738182798515   6.173365113169633e-09
                 3.78125       2.429825568010856   6.173365113169633e-09
                 3.78125       2.478912953223196   6.173365113169633e-09
                 3.78125       2.528000338435537   6.173365113169633e-09
                 3.78125       2.577087723647877   6.173365113169633e-09
                 3.78125       2.626175108860218   6.173365113169633e-09
                 3.78125       2.675262494072558   6.173365113169633e-09
                 3.78125       2.724349879284899   6.173365113169633e-09
                 3.78125       2.773437264497239   6.173365113169633e-09
                 3.78125        2.82252464970958   6.173365113169633e-09
                 3.78125        2.87161203492192   6.173365113169633e-09
                 3.78125       2.920699420134261   6.173365113169633e-09
                 3.78125       2.969786805346601   6.173365113169633e-09
                 3.78125       3.018874190558942   6.173365113169633e-09
                 3.78125       3.067961575771282   6.173365113169633e-09
                 3.78125       3.117048960983623   6.173365113169633e-09

                 3.84375     0.02454369260617026   3.833129565485381e-09
                 3.84375     0.07363107781851078   3.833129565485381e-09
                 3.84375      0.1227184630308513   3.833129565485381e-09
                 3.84375      0.1718058482431918   3.833129565485381e-09
                 3.84375      0.2208932334555323   3.833129565485381e-09
                 3.84375      0.2699806186678728   3.833129565485381e-09
                 3.84375      0.3190680038802134   3.833129565485381e-09
                 3.84375      0.3681553890925539   3.833129565485381e-09
                 3.84375      0.4172427743048944   3.833129565485381e-09
                 3.84375      0.4663301595172349   3.833129565485381e-09
                 3.84375      0.5154175447295755   3.833129565485381e-09
                 3.84375      0.5645049299419159   3.833129565485381e-09
                 3.84375      0.6135923151542565   3.833129565485381e-09
                 3.84375       0.662679700366597   3.833129565485381e-09
                 3.84375      0.7117670855789375   3.833129565485381e-09
                 3.84375       0.760854470791278   3.833129565485381e-09
                 3.84375      0.8099418560036186   3.833129565485381e-09
                 3.84375       0.859029241215959   3.833129565485381e-09
                 3.84375      0.9081166264282996   3.833129565485381e-09
                 3.84375      0.9572040116406401   3.833129565485381e-09
                 3.84375       1.006291396852981   3.833129565485381e-09
                 3.84375       1.055378782065321   3.833129565485381e-09
                 3.84375       1.104466167277662   3.833129565485381e-09
                 3.84375       1.153553552490002   3.833129565485381e-09
                 3.84375       1.202640937702343   3.833129565485381e-09
                 3.84375       1.251728322914683   3.833129565485381e-09
                 3.84375       1.300815708127024   3.833129565485381e-09
                 3.84375       1.349903093339364   3.833129565485381e-09
                 3.84375       1.398990478551705   3.833129565485381e-09
                 3.84375       1.448077863764045   3.833129565485381e-09
                 3.84375       1.497165248976386   3.833129565485381e-09
                 3.84375       1.546252634188726   3.833129565485381e-09
                 3.84375       1.595340019401067   3.833129565485381e-09
                 3.84375       1.644427404613407   3.833129565485381e-09
                 3.84375       1.693514789825748   3.833129565485381e-09
                 3.84375       1.742602175038088   3.833129565485381e-09
                 3.84375       1.791689560250429   3.833129565485381e-09
                 3.84375       1.840776945462769   3.833129565485381e-09
                 3.84375        1.88986433067511   3.833129565485381e-09
                 3.84375       1.938951715887451   3.833129565485381e-09
                 3.84375       1.988039101099791   3.833129565485381e-09
                 3.84375       2.037126486312132   3.833129565485381e-09
                 3.84375       2.086213871524472   3.833129565485381e-09
                 3.84375       2.135301256736812   3.833129565485381e-09
                 3.84375       2.184388641949153   3.833129565485381e-09
                 3.84375       2.233476027161494   3.833129565485381e-09
                 3.84375       2.282563412373834   3.833129565485381e-09
                 3.84375       2.331650797586175   3.833129565485381e-09
                 3.84375       2.380738182798515   3.833129565485381e-09
                 3.84375       2.429825568010856   3.833129565485381e-09
                 3.84375       2.478912953223196   3.833129565485381e-09
                 3.84375       2.528000338435537   3.833129565485381e-09
                 3.84375       2.577087723647877   3.833129565485381e-09
                 3.84375       2.626175108860218   3.833129565485381e-09
                 3.84375       2.675262494072558   3.833129565485381e-09
                 3.84375       2.724349879284899   3.833129565485381e-09
                 3.84375       2.773437264497239   3.833129565485381e-09
                 3.84375        2.82252464970958   3.833129565485381e-09
                 3.84375        2.87161203492192   3.833129565485381e-09
                 3.84375       2.920699420134261   3.833129565485381e-09
                 3.84375       2.969786805346601   3.833129565485381e-09
                 3.84375       3.018874190558942   3.833129565485381e-09
                 3.84375       3.067961575771282   3.833129565485381e-09
                 3.84375       3.117048960983623   3.833129565485381e-09

                 3.90625     0.02454369260617026   2.361522618801591e-09
                 3.90625     0.07363107781851078   2.361522618801591e-09
                 3.90625      0.1227184630308513   2.361522618801591e-09
                 3.90625      0.1718058482431918   2.361522618801591e-09
                 3.90625      0.2208932334555323   2.361522618801591e-09
                 3.90625      0.2699806186678728   2.361522618801591e-09
                 3.90625      0.3190680038802134   2.361522618801591e-09
                 3.90625      0.3681553890925539   2.361522618801591e-09
                 3.90625      0.4172427743048944   2.361522618801591e-09
                 3.90625      0.4663301595172349   2.361522618801591e-09
                 3.90625      0.5154175447295755   2.361522618801591e-09
                 3.90625      0.5645049299419159   2.361522618801591e-09
                 3.90625      0.6135923151542565   2.361522618801591e-09
                 3.90625       0.662679700366597   2.361522618801591e-09
                 3.90625      0.7117670855789375   2.361522618801591e-09
                 3.90625       0.760854470791278   2.361522618801591e-09
                 3.90625      0.8099418560036186   2.361522618801591e-09
                 3.90625       0.859029241215959   2.361522618801591e-09
                 3.90625      0.9081166264282996   2.361522618801591e-09
                 3.90625      0.9572040116406401   2.361522618801591e-09
                 3.90625       1.006291396852981   2.361522618801591e-09
                 3.90625       1.055378782065321   2.361522618801591e-09
                 3.90625       1.104466167277662   2.361522618801591e-09
                 3.90625       1.153553552490002   2.361522618801591e-09
                 3.90625       1.202640937702343   2.361522618801591e-09
                 3.90625       1.251728322914683   2.361522618801591e-09
                 3.90625       1.300815708127024   2.361522618801591e-09
                 3.90625       1.349903093339364   2.361522618801591e-09
                 3.90625       1.398990478551705   2.361522618801591e-09
                 3.90625       1.448077863764045   2.361522618801591e-09
                 3.90625       1.497165248976386   2.361522618801591e-09
                 3.90625       1.546252634188726   2.361522618801591e-09
                 3.90625       1.595340019401067   2.361522618801591e-09
                 3.90625       1.644427404613407   2.361522618801591e-09
                 3.90625       1.693514789825748   2.361522618801591e-09
                 3.90625       1.742602175038088   2.361522618801591e-09
                 3.90625       1.791689560250429   2.361522618801591e-09
                 3.90625       1.840776945462769   2.361522618801591e-09
                 3.90625        1.88986433067511   2.361522618801591e-09
                 3.90625       1.938951715887451   2.361522618801591e-09
                 3.90625       1.988039101099791   2.361522618801591e-09
                 3.90625       2.037126486312132   2.361522618801591e-09
                 3.90625       2.086213871524472   2.361522618801591e-09
                 3.90625       2.135301256736812   2.361522618801591e-09
                 3.90625       2.184388641949153   2.361522618801591e-09
                 3.90625       2.233476027161494   2.361522618801591e-09
                 3.90625       2.282563412373834   2.361522618801591e-09
                 3.90625       2.331650797586175   2.361522618801591e-09
                 3.90625       2.380738182798515   2.361522618801591e-09
                 3.90625       2.429825568010856   2.361522618801591e-09
                 3.90625       2.478912953223196   2.361522618801591e-09
                 3.90625       2.528000338435537   2.361522618801591e-09
                 3.90625       2.577087723647877   2.361522618801591e-09
                 3.90625       2.626175108860218   2.361522618801591e-09
                 3.90625       2.675262494072558   2.361522618801591e-09
                 3.90625       2.724349879284899   2.361522618801591e-09
                 3.90625       2.773437264497239   2.361522618801591e-09
                 3.90625        2.82252464970958   2.361522618801591e-09
                 3.90625        2.87161203492192   2.361522618801591e-09
                 3.90625       2.920699420134261   2.361522618801591e-09
                 3.90625       2.969786805346601   2.361522618801591e-09
                 3.90625       3.018874190558942   2.361522618801591e-09
                 3.90625       3.067961575771282   2.361522618801591e-09
                 3.90625       3.117048960983623   2.361522618801591e-09

                 3.96875     0.02454369260617026   1.443569821383692e-09
                 3.96875     0.07363107781851078   1.443569821383692e-09
                 3.96875      0.1227184630308513   1.443569821383692e-09
                 3.96875      0.1718058482431918   1.443569821383692e-09
                 3.96875      0.2208932334555323   1.443569821383692e-09
                 3.96875      0.2699806186678728   1.443569821383692e-09
                 3.96875      0.3190680038802134   1.443569821383692e-09
                 3.96875      0.3681553890925539   1.443569821383692e-09
                 3.96875      0.4172427743048944   1.443569821383692e-09
                 3.96875      0.4663301595172349   1.443569821383692e-09
                 3.96875      0.5154175447295755   1.443569821383692e-09
                 3.96875      0.5645049299419159   1.443569821383692e-09
                 3.96875      0.6135923151542565   1.443569821383692e-09
                 3.96875       0.662679700366597   1.443569821383692e-09
                 3.96875      0.7117670855789375   1.443569821383692e-09
                 3.96875       0.760854470791278   1.443569821383692e-09
                 3.96875      0.8099418560036186   1.443569821383692e-09
                 3.96875       0.859029241215959   1.443569821383692e-09
                 3.96875      0.9081166264282996   1.443569821383692e-09
                 3.96875      0.9572040116406401   1.443569821383692e-09
                 3.96875       1.006291396852981   1.443569821383692e-09
                 3.96875       1.055378782065321   1.443569821383692e-09
                 3.96875       1.104466167277662   1.443569821383692e-09
                 3.96875       1.153553552490002   1.443569821383692e-09
                 3.96875       1.202640937702343   1.443569821383692e-09
                 3.96875       1.251728322914683   1.443569821383692e-09
                 3.96875       1.300815708127024   1.443569821383692e-09
                 3.96875       1.349903093339364   1.443569821383692e-09
                 3.96875       1.398990478551705   1.443569821383692e-09
                 3.96875       1.448077863764045   1.443569821383692e-09
                 3.96875       1.497165248976386   1.443569821383692e-09
                 3.96875       1.546252634188726   1.443569821383692e-09
                 3.96875       1.595340019401067   1.443569821383692e-09
                 3.96875       1.644427404613407   1.443569821383692e-09
                 3.96875       1.693514789825748   1.443569821383692e-09
                 3.96875       1.742602175038088   1.443569821383692e-09
                 3.96875       1.791689560250429   1.443569821383692e-09
                 3.96875       1.840776945462769   1.443569821383692e-09
                 3.96875        1.88986433067511   1.443569821383692e-09
                 3.96875       1.938951715887451   1.443569821383692e-09
                 3.96875       1.988039101099791   1.443569821383692e-09
                 3.96875       2.037126486312132   1.443569821383692e-09
                 3.96875       2.086213871524472   1.443569821383692e-09
                 3.96875       2.135301256736812   1.443569821383692e-09
                 3.96875       2.184388641949153   1.443569821383692e-09
                 3.96875       2.233476027161494   1.443569821383692e-09
                 3.96875       2.282563412373834   1.443569821383692e-09
                 3.96875       2.331650797586175   1.443569821383692e-09
                 3.96875       2.380738182798515   1.443569821383692e-09
                 3.96875       2.429825568010856   1.443569821383692e-09
                 3.96875       2.478912953223196   1.443569821383692e-09
                 3.96875       2.528000338435537   1.443569821383692e-09
                 3.96875       2.577087723647877   1.443569821383692e-09
                 3.96875       2.626175108860218   1.443569821383692e-09
                 3.96875       2.675262494072558   1.443569821383692e-09
                 3.96875       2.724349879284899   1.443569821383692e-09
                 3.96875       2.773437264497239   1.443569821383692e-09
                 3.96875        2.82252464970958   1.443569821383692e-09
                 3.96875        2.87161203492192   1.443569821383692e-09
                 3.96875       2.920699420134261   1.443569821383692e-09
                 3.96875       2.969786805346601   1.443569821383692e-09
                 3.96875       3.018874190558942   1.443569821383692e-09
                 3.96875       3.067961575771282   1.443569821383692e-09
                 3.96875       3.117048960983623   1.443569821383692e-09

                 4.03125     0.02454369260617026   8.755693561050993e-10
                 4.03125     0.07363107781851078   8.755693561050993e-10
                 4.03125      0.1227184630308513   8.755693561050993e-10
                 4.03125      0.1718058482431918   8.755693561050993e-10
                 4.03125      0.2208932334555323   8.755693561050993e-10
                 4.03125      0.2699806186678728   8.755693561050993e-10
                 4.03125      0.3190680038802134   8.755693561050993e-10
                 4.03125      0.3681553890925539   8.755693561050993e-10
                 4.03125      0.4172427743048944   8.755693561050993e-10
                 4.03125      0.4663301595172349   8.755693561050993e-10
                 4.03125      0.5154175447295755   8.755693561050993e-10
                 4.03125      0.5645049299419159   8.755693561050993e-10
                 4.03125      0.6135923151542565   8.755693561050993e-10
                 4.03125       0.662679700366597   8.755693561050993e-10
                 4.03125      0.7117670855789375   8.755693561050993e-10
                 4.03125       0.760854470791278   8.755693561050993e-10
                 4.03125      0.8099418560036186   8.755693561050993e-10
                 4.03125       0.859029241215959   8.755693561050993e-10
                 4.03125      0.9081166264282996   8.755693561050993e-10
                 4.03125      0.9572040116406401   8.755693561050993e-10
                 4.03125       1.006291396852981   8.755693561050993e-10
                 4.03125       1.055378782065321   8.755693561050993e-10
                 4.03125       1.104466167277662   8.755693561050993e-10
                 4.03125       1.153553552490002   8.755693561050993e-10
                 4.03125       1.202640937702343   8.755693561050993e-10
                 4.03125       1.251728322914683   8.755693561050993e-10
                 4.03125       1.300815708127024   8.755693561050993e-10
                 4.03125       1.349903093339364   8.755693561050993e-10
                 4.03125       1.398990478551705   8.755693561050993e-10
                 4.03125       1.448077863764045   8.755693561050993e-10
                 4.03125       1.497165248976386   8.755693561050993e-10
                 4.03125       1.546252634188726   8.755693561050993e-10
                 4.03125       1.595340019401067   8.755693561050993e-10
                 4.03125       1.644427404613407   8.755693561050993e-10
                 4.03125       1.693514789825748   8.755693561050993e-10
                 4.03125       1.742602175038088   8.755693561050993e-10
                 4.03125       1.791689560250429   8.755693561050993e-10
                 4.03125       1.840776945462769   8.755693561050993e-10
                 4.03125        1.88986433067511   8.755693561050993e-10
                 4.03125       1.938951715887451   8.755693561050993e-10
                 4.03125       1.988039101099791   8.755693561050993e-10
                 4.03125       2.037126486312132   8.755693561050993e-10
                 4.03125       2.086213871524472   8.755693561050993e-10
                 4.03125       2.135301256736812   8.755693561050993e-10
                 4.03125       2.184388641949153   8.755693561050993e-10
                 4.03125       2.233476027161494   8.755693561050993e-10
                 4.03125       2.282563412373834   8.755693561050993e-10
                 4.03125       2.331650797586175   8.755693561050993e-10
                 4.03125       2.380738182798515   8.755693561050993e-10
                 4.03125       2.429825568010856   8.755693561050993e-10
                 4.03125       2.478912953223196   8.755693561050993e-10
                 4.03125       2.528000338435537   8.755693561050993e-10
                 4.03125       2.577087723647877   8.755693561050993e-10
                 4.03125       2.626175108860218   8.755693561050993e-10
                 4.03125       2.675262494072558   8.755693561050993e-10
                 4.03125       2.724349879284899   8.755693561050993e-10
                 4.03125       2.773437264497239   8.755693561050993e-10
                 4.03125        2.82252464970958   8.755693561050993e-10
                 4.03125        2.87161203492192   8.755693561050993e-10
                 4.03125       2.920699420134261   8.755693561050993e-10
                 4.03125       2.969786805346601   8.755693561050993e-10
                 4.03125       3.018874190558942   8.755693561050993e-10
                 4.03125       3.067961575771282   8.755693561050993e-10
                 4.03125       3.117048960983623   8.755693561050993e-10

                 4.09375     0.02454369260617026   5.269269201273386e-10
                 4.09375     0.07363107781851078   5.269269201273386e-10
                 4.09375      0.1227184630308513   5.269269201273386e-10
                 4.09375      0.1718058482431918   5.269269201273386e-10
                 4.09375      0.2208932334555323   5.269269201273386e-10
                 4.09375      0.2699806186678728   5.269269201273386e-10
                 4.09375      0.3190680038802134   5.269269201273386e-10
                 4.09375      0.3681553890925539   5.269269201273386e-10
                 4.09375      0.4172427743048944   5.269269201273386e-10
                 4.09375      0.4663301595172349   5.269269201273386e-10
                 4.09375      0.5154175447295755   5.269269201273386e-10
                 4.09375      0.5645049299419159   5.269269201273386e-10
                 4.09375      0.6135923151542565   5.269269201273386e-10
                 4.09375       0.662679700366597   5.269269201273386e-10
                 4.09375      0.7117670855789375   5.269269201273386e-10
                 4.09375       0.760854470791278   5.269269201273386e-10
                 4.09375      0.8099418560036186   5.269269201273386e-10
                 4.09375       0.859029241215959   5.269269201273386e-10
                 4.09375      0.9081166264282996   5.269269201273386e-10
                 4.09375      0.9572040116406401   5.269269201273386e-10
                 4.09375       1.006291396852981   5.269269201273386e-10
                 4.09375       1.055378782065321   5.269269201273386e-10
                 4.09375       1.104466167277662   5.269269201273386e-10
                 4.09375       1.153553552490002   5.269269201273386e-10
                 4.09375       1.202640937702343   5.269269201273386e-10
                 4.09375       1.251728322914683   5.269269201273386e-10
                 4.09375       1.300815708127024   5.269269201273386e-10
                 4.09375       1.349903093339364   5.269269201273386e-10
                 4.09375       1.398990478551705   5.269269201273386e-10
                 4.09375       1.448077863764045   5.269269201273386e-10
                 4.09375       1.497165248976386   5.269269201273386e-10
                 4.09375       1.546252634188726   5.269269201273386e-10
                 4.09375       1.595340019401067   5.269269201273386e-10
                 4.09375       1.644427404613407   5.269269201273386e-10
                 4.09375       1.693514789825748   5.269269201273386e-10
                 4.09375       1.742602175038088   5.269269201273386e-10
                 4.09375       1.791689560250429   5.269269201273386e-10
                 4.09375       1.840776945462769   5.269269201273386e-10
                 4.09375        1.88986433067511   5.269269201273386e-10
                 4.09375       1.938951715887451   5.269269201273386e-10
                 4.09375       1.988039101099791   5.269269201273386e-10
                 4.09375       2.037126486312132   5.269269201273386e-10
                 4.09375       2.086213871524472   5.269269201273386e-10
                 4.09375       2.135301256736812   5.269269201273386e-10
                 4.09375       2.184388641949153   5.269269201273386e-10
                 4.09375       2.233476027161494   5.269269201273386e-10
                 4.09375       2.282563412373834   5.269269201273386e-10
                 4.09375       2.331650797586175   5.269269201273386e-10
                 4.09375       2.380738182798515   5.269269201273386e-10
                 4.09375       2.429825568010856   5.269269201273386e-10
                 4.09375       2.478912953223196   5.269269201273386e-10
                 4.09375       2.528000338435537   5.269269201273386e-10
                 4.09375       2.577087723647877   5.269269201273386e-10
                 4.09375       2.626175108860218   5.269269201273386e-10
                 4.09375       2.675262494072558   5.269269201273386e-10
                 4.09375       2.724349879284899   5.269269201273386e-10
                 4.09375       2.773437264497239   5.269269201273386e-10
                 4.09375        2.82252464970958   5.269269201273386e-10
                 4.09375        2.87161203492192   5.269269201273386e-10
                 4.09375       2.920699420134261   5.269269201273386e-10
                 4.09375       2.969786805346601   5.269269201273386e-10
                 4.09375       3.018874190558942   5.269269201273386e-10
                 4.09375       3.067961575771282   5.269269201273386e-10
                 4.09375       3.117048960983623   5.269269201273386e-10

                 4.15625     0.02454369260617026   3.146424351080933e-10
                 4.15625     0.07363107781851078   3.146424351080933e-10
                 4.15625      0.1227184630308513   3.146424351080933e-10
                 4.15625      0.1718058482431918   3.146424351080933e-10
                 4.15625      0.2208932334555323   3.146424351080933e-10
                 4.15625      0.2699806186678728   3.146424351080933e-10
                 4.15625      0.3190680038802134   3.146424351080933e-10
                 4.15625      0.3681553890925539   3.146424351080933e-10
                 4.15625      0.4172427743048944   3.146424351080933e-10
                 4.15625      0.4663301595172349   3.146424351080933e-10
                 4.15625      0.5154175447295755   3.146424351080933e-10
                 4.15625      0.5645049299419159   3.146424351080933e-10
                 4.15625      0.6135923151542565   3.146424351080933e-10
                 4.15625       0.662679700366597   3.146424351080933e-10
                 4.15625      0.7117670855789375   3.146424351080933e-10
                 4.15625       0.760854470791278   3.146424351080933e-10
                 4.15625      0.8099418560036186   3.146424351080933e-10
                 4.15625       0.859029241215959   3.146424351080933e-10
                 4.15625      0.9081166264282996   3.146424351080933e-10
                 4.15625      0.9572040116406401   3.146424351080933e-10
                 4.15625       1.006291396852981   3.146424351080933e-10
                 4.15625       1.055378782065321   3.146424351080933e-10
                 4.15625       1.104466167277662   3.146424351080933e-10
                 4.15625       1.153553552490002   3.146424351080933e-10
                 4.15625       1.202640937702343   3.146424351080933e-10
                 4.15625       1.251728322914683   3.146424351080933e-10
                 4.15625       1.300815708127024   3.146424351080933e-10
                 4.15625       1.349903093339364   3.146424351080933e-10
                 4.15625       1.398990478551705   3.146424351080933e-10
                 4.15625       1.448077863764045   3.146424351080933e-10
                 4.15625       1.497165248976386   3.146424351080933e-10
                 4.15625       1.546252634188726   3.146424351080933e-10
                 4.15625       1.595340019401067   3.146424351080933e-10
                 4.15625       1.644427404613407   3.146424351080933e-10
                 4.15625       1.693514789825748   3.146424351080933e-10
                 4.15625       1.742602175038088   3.146424351080933e-10
                 4.15625       1.791689560250429   3.146424351080933e-10
                 4.15625       1.840776945462769   3.146424351080933e-10
                 4.15625        1.88986433067511   3.146424351080933e-10
                 4.15625       1.938951715887451   3.146424351080933e-10
                 4.15625       1.988039101099791   3.146424351080933e-10
                 4.15625       2.037126486312132   3.146424351080933e-10
                 4.15625       2.086213871524472   3.146424351080933e-10
                 4.15625       2.135301256736812   3.146424351080933e-10
                 4.15625       2.184388641949153   3.146424351080933e-10
                 4.15625       2.233476027161494   3.146424351080933e-10
                 4.15625       2.282563412373834   3.146424351080933e-10
                 4.15625       2.331650797586175   3.146424351080933e-10
                 4.15625       2.380738182798515   3.146424351080933e-10
                 4.15625       2.429825568010856   3.146424351080933e-10
                 4.15625       2.478912953223196   3.146424351080933e-10
                 4.15625       2.528000338435537   3.146424351080933e-10
                 4.15625       2.577087723647877   3.146424351080933e-10
                 4.15625       2.626175108860218   3.146424351080933e-10
                 4.15625       2.675262494072558   3.146424351080933e-10
                 4.15625       2.724349879284899   3.146424351080933e-10
                 4.15625       2.773437264497239   3.146424351080933e-10
                 4.15625        2.82252464970958   3.146424351080933e-10
                 4.15625        2.87161203492192   3.146424351080933e-10
                 4.15625       2.920699420134261   3.146424351080933e-10
                 4.15625       2.969786805346601   3.146424351080933e-10
                 4.15625       3.018874190558942   3.146424351080933e-10
                 4.15625       3.067961575771282   3.146424351080933e-10
                 4.15625       3.117048960983623   3.146424351080933e-10

                 4.21875     0.02454369260617026    1.86419473328348e-10
                 4.21875     0.07363107781851078    1.86419473328348e-10
                 4.21875      0.1227184630308513    1.86419473328348e-10
                 4.21875      0.1718058482431918    1.86419473328348e-10
                 4.21875      0.2208932334555323    1.86419473328348e-10
                 4.21875      0.2699806186678728    1.86419473328348e-10
                 4.21875      0.3190680038802134    1.86419473328348e-10
                 4.21875      0.3681553890925539    1.86419473328348e-10
                 4.21875      0.4172427743048944    1.86419473328348e-10
                 4.21875      0.4663301595172349    1.86419473328348e-10
                 4.21875      0.5154175447295755    1.86419473328348e-10
                 4.21875      0.5645049299419159    1.86419473328348e-10
                 4.21875      0.6135923151542565    1.86419473328348e-10
                 4.21875       0.662679700366597    1.86419473328348e-10
                 4.21875      0.7117670855789375    1.86419473328348e-10
                 4.21875       0.760854470791278    1.86419473328348e-10
                 4.21875      0.8099418560036186    1.86419473328348e-10
                 4.21875       0.859029241215959    1.86419473328348e-10
                 4.21875      0.9081166264282996    1.86419473328348e-10
                 4.21875      0.9572040116406401    1.86419473328348e-10
                 4.21875       1.006291396852981    1.86419473328348e-10
                 4.21875       1.055378782065321    1.86419473328348e-10
                 4.21875       1.104466167277662    1.86419473328348e-10
                 4.21875       1.153553552490002    1.86419473328348e-10
                 4.21875       1.202640937702343    1.86419473328348e-10
                 4.21875       1.251728322914683    1.86419473328348e-10
                 4.21875       1.300815708127024    1.86419473328348e-10
                 4.21875       1.349903093339364    1.86419473328348e-10
                 4.21875       1.398990478551705    1.86419473328348e-10
                 4.21875       1.448077863764045    1.86419473328348e-10
                 4.21875       1.497165248976386    1.86419473328348e-10
                 4.21875       1.546252634188726    1.86419473328348e-10
                 4.21875       1.595340019401067    1.86419473328348e-10
                 4.21875       1.644427404613407    1.86419473328348e-10
                 4.21875       1.693514789825748    1.86419473328348e-10
                 4.21875       1.742602175038088    1.86419473328348e-10
                 4.21875       1.791689560250429    1.86419473328348e-10
                 4.21875       1.840776945462769    1.86419473328348e-10
                 4.21875        1.88986433067511    1.86419473328348e-10
                 4.21875       1.938951715887451    1.86419473328348e-10
                 4.21875       1.988039101099791    1.86419473328348e-10
                 4.21875       2.037126486312132    1.86419473328348e-10
                 4.21875       2.086213871524472    1.86419473328348e-10
                 4.21875       2.135301256736812    1.86419473328348e-10
                 4.21875       2.184388641949153    1.86419473328348e-10
                 4.21875       2.233476027161494    1.86419473328348e-10
                 4.21875       2.282563412373834    1.86419473328348e-10
                 4.21875       2.331650797586175    1.86419473328348e-10
                 4.21875       2.380738182798515    1.86419473328348e-10
                 4.21875       2.429825568010856    1.86419473328348e-10
                 4.21875       2.478912953223196    1.86419473328348e-10
                 4.21875       2.528000338435537    1.86419473328348e-10
                 4.21875       2.577087723647877    1.86419473328348e-10
                 4.21875       2.626175108860218    1.86419473328348e-10
                 4.21875       2.675262494072558    1.86419473328348e-10
                 4.21875       2.724349879284899    1.86419473328348e-10
                 4.21875       2.773437264497239    1.86419473328348e-10
                 4.21875        2.82252464970958    1.86419473328348e-10
                 4.21875        2.87161203492192    1.86419473328348e-10
                 4.21875       2.920699420134261    1.86419473328348e-10
                 4.21875       2.969786805346601    1.86419473328348e-10
                 4.21875       3.018874190558942    1.86419473328348e-10
                 4.21875       3.067961575771282    1.86419473328348e-10
                 4.21875       3.117048960983623    1.86419473328348e-10

                 4.28125     0.02454369260617026   1.095903548491759e-10
                 4.28125     0.07363107781851078   1.095903548491759e-10
                 4.28125      0.1227184630308513   1.095903548491759e-10
                 4.28125      0.1718058482431918   1.095903548491759e-10
                 4.28125      0.2208932334555323   1.095903548491759e-10
                 4.28125      0.2699806186678728   1.095903548491759e-10
                 4.28125      0.3190680038802134   1.095903548491759e-10
                 4.28125      0.3681553890925539   1.095903548491759e-10
                 4.28125      0.4172427743048944   1.095903548491759e-10
                 4.28125      0.4663301595172349   1.095903548491759e-10
                 4.28125      0.5154175447295755   1.095903548491759e-10
                 4.28125      0.5645049299419159   1.095903548491759e-10
                 4.28125      0.6135923151542565   1.095903548491759e-10
                 4.28125       0.662679700366597   1.095903548491759e-10
                 4.28125      0.7117670855789375   1.095903548491759e-10
                 4.28125       0.760854470791278   1.095903548491759e-10
                 4.28125      0.8099418560036186   1.095903548491759e-10
                 4.28125       0.859029241215959   1.095903548491759e-10
                 4.28125      0.9081166264282996   1.095903548491759e-10
                 4.28125      0.9572040116406401   1.095903548491759e-10
                 4.28125       1.006291396852981   1.095903548491759e-10
                 4.28125       1.055378782065321   1.095903548491759e-10
                 4.28125       1.104466167277662   1.095903548491759e-10
                 4.28125       1.153553552490002   1.095903548491759e-10
                 4.28125       1.202640937702343   1.095903548491759e-10
                 4.28125       1.251728322914683   1.095903548491759e-10
                 4.28125       1.300815708127024   1.095903548491759e-10
                 4.28125       1.349903093339364   1.095903548491759e-10
                 4.28125       1.398990478551705   1.095903548491759e-10
                 4.28125       1.448077863764045   1.095903548491759e-10
                 4.28125       1.497165248976386   1.095903548491759e-10
                 4.28125       1.546252634188726   1.095903548491759e-10
                 4.28125       1.595340019401067   1.095903548491759e-10
                 4.28125       1.644427404613407   1.095903548491759e-10
                 4.28125       1.693514789825748   1.095903548491759e-10
                 4.28125       1.742602175038088   1.095903548491759e-10
                 4.28125       1.791689560250429   1.095903548491759e-10
                 4.28125       1.840776945462769   1.095903548491759e-10
                 4.28125        1.88986433067511   1.095903548491759e-10
                 4.28125       1.938951715887451   1.095903548491759e-10
                 4.28125       1.988039101099791   1.095903548491759e-10
                 4.28125       2.037126486312132   1.095903548491759e-10
                 4.28125       2.086213871524472   1.095903548491759e-10
                 4.28125       2.135301256736812   1.095903548491759e-10
                 4.28125       2.184388641949153   1.095903548491759e-10
                 4.28125       2.233476027161494   1.095903548491759e-10
                 4.28125       2.282563412373834   1.095903548491759e-10
                 4.28125       2.331650797586175   1.095903548491759e-10
                 4.28125       2.380738182798515   1.095903548491759e-10
                 4.28125       2.429825568010856   1.095903548491759e-10
                 4.28125       2.478912953223196   1.095903548491759e-10
                 4.28125       2.528000338435537   1.095903548491759e-10
                 4.28125       2.577087723647877   1.095903548491759e-10
                 4.28125       2.626175108860218   1.095903548491759e-10
                 4.28125       2.675262494072558   1.095903548491759e-10
                 4.28125       2.724349879284899   1.095903548491759e-10
                 4.28125       2.773437264497239   1.095903548491759e-10
                 4.28125        2.82252464970958   1.095903548491759e-10
                 4.28125        2.87161203492192   1.095903548491759e-10
                 4.28125       2.920699420134261   1.095903548491759e-10
                 4.28125       2.969786805346601   1.095903548491759e-10
                 4.28125       3.018874190558942   1.095903548491759e-10
                 4.28125       3.067961575771282   1.095903548491759e-10
                 4.28125       3.117048960983623   1.095903548491759e-10

                 4.34375     0.02454369260617026   6.392348795275833e-11
                 4.34375     0.07363107781851078   6.392348795275833e-11
                 4.34375      0.1227184630308513   6.392348795275833e-11
                 4.34375      0.1718058482431918   6.392348795275833e-11
                 4.34375      0.2208932334555323   6.392348795275833e-11
                 4.34375      0.2699806186678728   6.392348795275833e-11
                 4.34375      0.3190680038802134   6.392348795275833e-11
                 4.34375      0.3681553890925539   6.392348795275833e-11
                 4.34375      0.4172427743048944   6.392348795275833e-11
                 4.34375      0.4663301595172349   6.392348795275833e-11
                 4.34375      0.5154175447295755   6.392348795275833e-11
                 4.34375      0.5645049299419159   6.392348795275833e-11
                 4.34375      0.6135923151542565   6.392348795275833e-11
                 4.34375       0.662679700366597   6.392348795275833e-11
                 4.34375      0.7117670855789375   6.392348795275833e-11
                 4.34375       0.760854470791278   6.392348795275833e-11
                 4.34375      0.8099418560036186   6.392348795275833e-11
                 4.34375       0.859029241215959   6.392348795275833e-11
                 4.34375      0.9081166264282996   6.392348795275833e-11
                 4.34375      0.9572040116406401   6.392348795275833e-11
                 4.34375       1.006291396852981   6.392348795275833e-11
                 4.34375       1.055378782065321   6.392348795275833e-11
                 4.34375       1.104466167277662   6.392348795275833e-11
                 4.34375       1.153553552490002   6.392348795275833e-11
                 4.34375       1.202640937702343   6.392348795275833e-11
                 4.34375       1.251728322914683   6.392348795275833e-11
                 4.34375       1.300815708127024   6.392348795275833e-11
                 4.34375       1.349903093339364   6.392348795275833e-11
                 4.34375       1.398990478551705   6.392348795275833e-11
                 4.34375       1.448077863764045   6.392348795275833e-11
                 4.34375       1.497165248976386   6.392348795275833e-11
                 4.34375       1.546252634188726   6.392348795275833e-11
                 4.34375       1.595340019401067   6.392348795275833e-11
                 4.34375       1.644427404613407   6.392348795275833e-11
                 4.34375       1.693514789825748   6.392348795275833e-11
                 4.34375       1.742602175038088   6.392348795275833e-11
                 4.34375       1.791689560250429   6.392348795275833e-11
                 4.34375       1.840776945462769   6.392348795275833e-11
                 4.34375        1.88986433067511   6.392348795275833e-11
                 4.34375       1.938951715887451   6.392348795275833e-11
                 4.34375       1.988039101099791   6.392348795275833e-11
                 4.34375       2.037126486312132   6.392348795275833e-11
                 4.34375       2.086213871524472   6.392348795275833e-11
                 4.34375       2.135301256736812   6.392348795275833e-11
                 4.34375       2.184388641949153   6.392348795275833e-11
                 4.34375       2.233476027161494   6.392348795275833e-11
                 4.34375       2.282563412373834   6.392348795275833e-11
                 4.34375       2.331650797586175   6.392348795275833e-11
                 4.34375       2.380738182798515   6.392348795275833e-11
                 4.34375       2.429825568010856   6.392348795275833e-11
                 4.34375       2.478912953223196   6.392348795275833e-11
                 4.34375       2.528000338435537   6.392348795275833e-11
                 4.34375       2.577087723647877   6.392348795275833e-11
                 4.34375       2.626175108860218   6.392348795275833e-11
                 4.34375       2.675262494072558   6.392348795275833e-11
                 4.34375       2.724349879284899   6.392348795275833e-11
                 4.34375       2.773437264497239   6.392348795275833e-11
                 4.34375        2.82252464970958   6.392348795275833e-11
                 4.34375        2.87161203492192   6.392348795275833e-11
                 4.34375       2.920699420134261   6.392348795275833e-11
                 4.34375       2.969786805346601   6.392348795275833e-11
                 4.34375       3.018874190558942   6.392348795275833e-11
                 4.34375       3.067961575771282   6.392348795275833e-11
                 4.34375       3.117048960983623   6.392348795275833e-11

                 4.40625     0.02454369260617026   3.699607653549657e-11
                 4.40625     0.07363107781851078   3.699607653549657e-11
                 4.40625      0.1227184630308513   3.699607653549657e-11
                 4.40625      0.1718058482431918   3.699607653549657e-11
                 4.40625      0.2208932334555323   3.699607653549657e-11
                 4.40625      0.2699806186678728   3.699607653549657e-11
                 4.40625      0.3190680038802134   3.699607653549657e-11
                 4.40625      0.3681553890925539   3.699607653549657e-11
                 4.40625      0.4172427743048944   3.699607653549657e-11
                 4.40625      0.4663301595172349   3.699607653549657e-11
                 4.40625      0.5154175447295755   3.699607653549657e-11
                 4.40625      0.5645049299419159   3.699607653549657e-11
                 4.40625      0.6135923151542565   3.699607653549657e-11
                 4.40625       0.662679700366597   3.699607653549657e-11
                 4.40625      0.7117670855789375   3.699607653549657e-11
                 4.40625       0.760854470791278   3.699607653549657e-11
                 4.40625      0.8099418560036186   3.699607653549657e-11
                 4.40625       0.859029241215959   3.699607653549657e-11
                 4.40625      0.9081166264282996   3.699607653549657e-11
                 4.40625      0.9572040116406401   3.699607653549657e-11
                 4.40625       1.006291396852981   3.699607653549657e-11
                 4.40625       1.055378782065321   3.699607653549657e-11
                 4.40625       1.104466167277662   3.699607653549657e-11
                 4.40625       1.153553552490002   3.699607653549657e-11
                 4.40625       1.202640937702343   3.699607653549657e-11
                 4.40625       1.251728322914683   3.699607653549657e-11
                 4.40625       1.300815708127024   3.699607653549657e-11
                 4.40625       1.349903093339364   3.699607653549657e-11
                 4.40625       1.398990478551705   3.699607653549657e-11
                 4.40625       1.448077863764045   3.699607653549657e-11
                 4.40625       1.497165248976386   3.699607653549657e-11
                 4.40625       1.546252634188726   3.699607653549657e-11
                 4.40625       1.595340019401067   3.699607653549657e-11
                 4.40625       1.644427404613407   3.699607653549657e-11
                 4.40625       1.693514789825748   3.699607653549657e-11
                 4.40625       1.742602175038088   3.699607653549657e-11
                 4.40625       1.791689560250429   3.699607653549657e-11
                 4.40625       1.840776945462769   3.699607653549657e-11
                 4.40625        1.88986433067511   3.699607653549657e-11
                 4.40625       1.938951715887451   3.699607653549657e-11
                 4.40625       1.988039101099791   3.699607653549657e-11
                 4.40625       2.037126486312132   3.699607653549657e-11
                 4.40625       2.086213871524472   3.699607653549657e-11
                 4.40625       2.135301256736812   3.699607653549657e-11
                 4.40625       2.184388641949153   3.699607653549657e-11
                 4.40625       2.233476027161494   3.699607653549657e-11
                 4.40625       2.282563412373834   3.699607653549657e-11
                 4.40625       2.331650797586175   3.699607653549657e-11
                 4.40625       2.380738182798515   3.699607653549657e-11
                 4.40625       2.429825568010856   3.699607653549657e-11
                 4.40625       2.478912953223196   3.699607653549657e-11
                 4.40625       2.528000338435537   3.699607653549657e-11
                 4.40625       2.577087723647877   3.699607653549657e-11
                 4.40625       2.626175108860218   3.699607653549657e-11
                 4.40625       2.675262494072558   3.699607653549657e-11
                 4.40625       2.724349879284899   3.699607653549657e-11
                 4.40625       2.773437264497239   3.699607653549657e-11
                 4.40625        2.82252464970958   3.699607653549657e-11
                 4.40625        2.87161203492192   3.699607653549657e-11
                 4.40625       2.920699420134261   3.699607653549657e-11
                 4.40625       2.969786805346601   3.699607653549657e-11
                 4.40625       3.018874190558942   3.699607653549657e-11
                 4.40625       3.067961575771282   3.699607653549657e-11
                 4.40625       3.117048960983623   3.699607653549657e-11

                 4.46875     0.02454369260617026   2.124505935592929e-11
                 4.46875     0.07363107781851078   2.124505935592929e-11
                 4.46875      0.1227184630308513   2.124505935592929e-11
                 4.46875      0.1718058482431918   2.124505935592929e-11
                 4.46875      0.2208932334555323   2.124505935592929e-11
                 4.46875      0.2699806186678728   2.124505935592929e-11
                 4.46875      0.3190680038802134   2.124505935592929e-11
                 4.46875      0.3681553890925539   2.124505935592929e-11
                 4.46875      0.4172427743048944   2.124505935592929e-11
                 4.46875      0.4663301595172349   2.124505935592929e-11
                 4.46875      0.5154175447295755   2.124505935592929e-11
                 4.46875      0.5645049299419159   2.124505935592929e-11
                 4.46875      0.6135923151542565   2.124505935592929e-11
                 4.46875       0.662679700366597   2.124505935592929e-11
                 4.46875      0.7117670855789375   2.124505935592929e-11
                 4.46875       0.760854470791278   2.124505935592929e-11
                 4.46875      0.8099418560036186   2.124505935592929e-11
                 4.46875       0.859029241215959   2.124505935592929e-11
                 4.46875      0.9081166264282996   2.124505935592929e-11
                 4.46875      0.9572040116406401   2.124505935592929e-11
                 4.46875       1.006291396852981   2.124505935592929e-11
                 4.46875       1.055378782065321   2.124505935592929e-11
                 4.46875       1.104466167277662   2.124505935592929e-11
                 4.46875       1.153553552490002   2.124505935592929e-11
                 4.46875       1.202640937702343   2.124505935592929e-11
                 4.46875       1.251728322914683   2.124505935592929e-11
                 4.46875       1.300815708127024   2.124505935592929e-11
                 4.46875       1.349903093339364   2.124505935592929e-11
                 4.46875       1.398990478551705   2.124505935592929e-11
                 4.46875       1.448077863764045   2.124505935592929e-11
                 4.46875       1.497165248976386   2.124505935592929e-11
                 4.46875       1.546252634188726   2.124505935592929e-11
                 4.46875       1.595340019401067   2.124505935592929e-11
                 4.46875       1.644427404613407   2.124505935592929e-11
                 4.46875       1.693514789825748   2.124505935592929e-11
                 4.46875       1.742602175038088   2.124505935592929e-11
                 4.46875       1.791689560250429   2.124505935592929e-11
                 4.46875       1.840776945462769   2.124505935592929e-11
                 4.46875        1.88986433067511   2.124505935592929e-11
                 4.46875       1.938951715887451   2.124505935592929e-11
                 4.46875       1.988039101099791   2.124505935592929e-11
                 4.46875       2.037126486312132   2.124505935592929e-11
                 4.46875       2.086213871524472   2.124505935592929e-11
                 4.46875       2.135301256736812   2.124505935592929e-11
                 4.46875       2.184388641949153   2.124505935592929e-11
                 4.46875       2.233476027161494   2.124505935592929e-11
                 4.46875       2.282563412373834   2.124505935592929e-11
                 4.46875       2.331650797586175   2.124505935592929e-11
                 4.46875       2.380738182798515   2.124505935592929e-11
                 4.46875       2.429825568010856   2.124505935592929e-11
                 4.46875       2.478912953223196   2.124505935592929e-11
                 4.46875       2.528000338435537   2.124505935592929e-11
                 4.46875       2.577087723647877   2.124505935592929e-11
                 4.46875       2.626175108860218   2.124505935592929e-11
                 4.46875       2.675262494072558   2.124505935592929e-11
                 4.46875       2.724349879284899   2.124505935592929e-11
                 4.46875       2.773437264497239   2.124505935592929e-11
                 4.46875        2.82252464970958   2.124505935592929e-11
                 4.46875        2.87161203492192   2.124505935592929e-11
                 4.46875       2.920699420134261   2.124505935592929e-11
                 4.46875       2.969786805346601   2.124505935592929e-11
                 4.46875       3.018874190558942   2.124505935592929e-11
                 4.46875       3.067961575771282   2.124505935592929e-11
                 4.46875       3.117048960983623   2.124505935592929e-11

                 4.53125     0.02454369260617026   1.210506993139751e-11
                 4.53125     0.07363107781851078   1.210506993139751e-11
                 4.53125      0.1227184630308513   1.210506993139751e-11
                 4.53125      0.1718058482431918   1.210506993139751e-11
                 4.53125      0.2208932334555323   1.210506993139751e-11
                 4.53125      0.2699806186678728   1.210506993139751e-11
                 4.53125      0.3190680038802134   1.210506993139751e-11
                 4.53125      0.3681553890925539   1.210506993139751e-11
                 4.53125      0.4172427743048944   1.210506993139751e-11
                 4.53125      0.4663301595172349   1.210506993139751e-11
                 4.53125      0.5154175447295755   1.210506993139751e-11
                 4.53125      0.5645049299419159   1.210506993139751e-11
                 4.53125      0.6135923151542565   1.210506993139751e-11
                 4.53125       0.662679700366597   1.210506993139751e-11
                 4.53125      0.7117670855789375   1.210506993139751e-11
                 4.53125       0.760854470791278   1.210506993139751e-11
                 4.53125      0.8099418560036186   1.210506993139751e-11
                 4.53125       0.859029241215959   1.210506993139751e-11
                 4.53125      0.9081166264282996   1.210506993139751e-11
                 4.53125      0.9572040116406401   1.210506993139751e-11
                 4.53125       1.006291396852981   1.210506993139751e-11
                 4.53125       1.055378782065321   1.210506993139751e-11
                 4.53125       1.104466167277662   1.210506993139751e-11
                 4.53125       1.153553552490002   1.210506993139751e-11
                 4.53125       1.202640937702343   1.210506993139751e-11
                 4.53125       1.251728322914683   1.210506993139751e-11
                 4.53125       1.300815708127024   1.210506993139751e-11
                 4.53125       1.349903093339364   1.210506993139751e-11
                 4.53125       1.398990478551705   1.210506993139751e-11
                 4.53125       1.448077863764045   1.210506993139751e-11
                 4.53125       1.497165248976386   1.210506993139751e-11
                 4.53125       1.546252634188726   1.210506993139751e-11
                 4.53125       1.595340019401067   1.210506993139751e-11
                 4.53125       1.644427404613407   1.210506993139751e-11
                 4.53125       1.693514789825748   1.210506993139751e-11
                 4.53125       1.742602175038088   1.210506993139751e-11
                 4.53125       1.791689560250429   1.210506993139751e-11
                 4.53125       1.840776945462769   1.210506993139751e-11
                 4.53125        1.88986433067511   1.210506993139751e-11
                 4.53125       1.938951715887451   1.210506993139751e-11
                 4.53125       1.988039101099791   1.210506993139751e-11
                 4.53125       2.037126486312132   1.210506993139751e-11
                 4.53125       2.086213871524472   1.210506993139751e-11
                 4.53125       2.135301256736812   1.210506993139751e-11
                 4.53125       2.184388641949153   1.210506993139751e-11
                 4.53125       2.233476027161494   1.210506993139751e-11
                 4.53125       2.282563412373834   1.210506993139751e-11
                 4.53125       2.331650797586175   1.210506993139751e-11
                 4.53125       2.380738182798515   1.210506993139751e-11
                 4.53125       2.429825568010856   1.210506993139751e-11
                 4.53125       2.478912953223196   1.210506993139751e-11
                 4.53125       2.528000338435537   1.210506993139751e-11
                 4.53125       2.577087723647877   1.210506993139751e-11
                 4.53125       2.626175108860218   1.210506993139751e-11
                 4.53125       2.675262494072558   1.210506993139751e-11
                 4.53125       2.724349879284899   1.210506993139751e-11
                 4.53125       2.773437264497239   1.210506993139751e-11
                 4.53125        2.82252464970958   1.210506993139751e-11
                 4.53125        2.87161203492192   1.210506993139751e-11
                 4.53125       2.920699420134261   1.210506993139751e-11
                 4.53125       2.969786805346601   1.210506993139751e-11
                 4.53125       3.018874190558942   1.210506993139751e-11
                 4.53125       3.067961575771282   1.210506993139751e-11
                 4.53125       3.117048960983623   1.210506993139751e-11

                 4.59375     0.02454369260617026   6.843586028613928e-12
                 4.59375     0.07363107781851078   6.843586028613928e-12
                 4.59375      0.1227184630308513   6.843586028613928e-12
                 4.59375      0.1718058482431918   6.843586028613928e-12
                 4.59375      0.2208932334555323   6.843586028613928e-12
                 4.59375      0.2699806186678728   6.843586028613928e-12
                 4.59375      0.3190680038802134   6.843586028613928e-12
                 4.59375      0.3681553890925539   6.843586028613928e-12
                 4.59375      0.4172427743048944   6.843586028613928e-12
                 4.59375      0.4663301595172349   6.843586028613928e-12
                 4.59375      0.5154175447295755   6.843586028613928e-12
                 4.59375      0.5645049299419159   6.843586028613928e-12
                 4.59375      0.6135923151542565   6.843586028613928e-12
                 4.59375       0.662679700366597   6.843586028613928e-12
                 4.59375      0.7117670855789375   6.843586028613928e-12
                 4.59375       0.760854470791278   6.843586028613928e-12
                 4.59375      0.8099418560036186   6.843586028613928e-12
                 4.59375       0.859029241215959   6.843586028613928e-12
                 4.59375      0.9081166264282996   6.843586028613928e-12
                 4.59375      0.9572040116406401   6.843586028613928e-12
                 4.59375       1.006291396852981   6.843586028613928e-12
                 4.59375       1.055378782065321   6.843586028613928e-12
                 4.59375       1.104466167277662   6.843586028613928e-12
                 4.59375       1.153553552490002   6.843586028613928e-12
                 4.59375       1.202640937702343   6.843586028613928e-12
                 4.59375       1.251728322914683   6.843586028613928e-12
                 4.59375       1.300815708127024   6.843586028613928e-12
                 4.59375       1.349903093339364   6.843586028613928e-12
                 4.59375       1.398990478551705   6.843586028613928e-12
                 4.59375       1.448077863764045   6.843586028613928e-12
                 4.59375       1.497165248976386   6.843586028613928e-12
                 4.59375       1.546252634188726   6.843586028613928e-12
                 4.59375       1.595340019401067   6.843586028613928e-12
                 4.59375       1.644427404613407   6.843586028613928e-12
                 4.59375       1.693514789825748   6.843586028613928e-12
                 4.59375       1.742602175038088   6.843586028613928e-12
                 4.59375       1.791689560250429   6.843586028613928e-12
                 4.59375       1.840776945462769   6.843586028613928e-12
                 4.59375        1.88986433067511   6.843586028613928e-12
                 4.59375       1.938951715887451   6.843586028613928e-12
                 4.59375       1.988039101099791   6.843586028613928e-12
                 4.59375       2.037126486312132   6.843586028613928e-12
                 4.59375       2.086213871524472   6.843586028613928e-12
                 4.59375       2.135301256736812   6.843586028613928e-12
                 4.59375       2.184388641949153   6.843586028613928e-12
                 4.59375       2.233476027161494   6.843586028613928e-12
                 4.59375       2.282563412373834   6.843586028613928e-12
                 4.59375       2.331650797586175   6.843586028613928e-12
                 4.59375       2.380738182798515   6.843586028613928e-12
                 4.59375       2.429825568010856   6.843586028613928e-12
                 4.59375       2.478912953223196   6.843586028613928e-12
                 4.59375       2.528000338435537   6.843586028613928e-12
                 4.59375       2.577087723647877   6.843586028613928e-12
                 4.59375       2.626175108860218   6.843586028613928e-12
                 4.59375       2.675262494072558   6.843586028613928e-12
                 4.59375       2.724349879284899   6.843586028613928e-12
                 4.59375       2.773437264497239   6.843586028613928e-12
                 4.59375        2.82252464970958   6.843586028613928e-12
                 4.59375        2.87161203492192   6.843586028613928e-12
                 4.59375       2.920699420134261   6.843586028613928e-12
                 4.59375       2.969786805346601   6.843586028613928e-12
                 4.59375       3.018874190558942   6.843586028613928e-12
                 4.59375       3.067961575771282   6.843586028613928e-12
                 4.59375       3.117048960983623   6.843586028613928e-12

                 4.65625     0.02454369260617026    3.83890383971262e-12
                 4.65625     0.07363107781851078    3.83890383971262e-12
                 4.65625      0.1227184630308513    3.83890383971262e-12
                 4.65625      0.1718058482431918    3.83890383971262e-12
                 4.65625      0.2208932334555323    3.83890383971262e-12
                 4.65625      0.2699806186678728    3.83890383971262e-12
                 4.65625      0.3190680038802134    3.83890383971262e-12
                 4.65625      0.3681553890925539    3.83890383971262e-12
                 4.65625      0.4172427743048944    3.83890383971262e-12
                 4.65625      0.4663301595172349    3.83890383971262e-12
                 4.65625      0.5154175447295755    3.83890383971262e-12
                 4.65625      0.5645049299419159    3.83890383971262e-12
                 4.65625      0.6135923151542565    3.83890383971262e-12
                 4.65625       0.662679700366597    3.83890383971262e-12
                 4.65625      0.7117670855789375    3.83890383971262e-12
                 4.65625       0.760854470791278    3.83890383971262e-12
                 4.65625      0.8099418560036186    3.83890383971262e-12
                 4.65625       0.859029241215959    3.83890383971262e-12
                 4.65625      0.9081166264282996    3.83890383971262e-12
                 4.65625      0.9572040116406401    3.83890383971262e-12
                 4.65625       1.006291396852981    3.83890383971262e-12
                 4.65625       1.055378782065321    3.83890383971262e-12
                 4.65625       1.104466167277662    3.83890383971262e-12
                 4.65625       1.153553552490002    3.83890383971262e-12
                 4.65625       1.202640937702343    3.83890383971262e-12
                 4.65625       1.251728322914683    3.83890383971262e-12
                 4.65625       1.300815708127024    3.83890383971262e-12
                 4.65625       1.349903093339364    3.83890383971262e-12
                 4.65625       1.398990478551705    3.83890383971262e-12
                 4.65625       1.448077863764045    3.83890383971262e-12
                 4.65625       1.497165248976386    3.83890383971262e-12
                 4.65625       1.546252634188726    3.83890383971262e-12
                 4.65625       1.595340019401067    3.83890383971262e-12
                 4.65625       1.644427404613407    3.83890383971262e-12
                 4.65625       1.693514789825748    3.83890383971262e-12
                 4.65625       1.742602175038088    3.83890383971262e-12
                 4.65625       1.791689560250429    3.83890383971262e-12
                 4.65625       1.840776945462769    3.83890383971262e-12
                 4.65625        1.88986433067511    3.83890383971262e-12
                 4.65625       1.938951715887451    3.83890383971262e-12
                 4.65625       1.988039101099791    3.83890383971262e-12
                 4.65625       2.037126486312132    3.83890383971262e-12
                 4.65625       2.086213871524472    3.83890383971262e-12
                 4.65625       2.135301256736812    3.83890383971262e-12
                 4.65625       2.184388641949153    3.83890383971262e-12
                 4.65625       2.233476027161494    3.83890383971262e-12
                 4.65625       2.282563412373834    3.83890383971262e-12
                 4.65625       2.331650797586175    3.83890383971262e-12
                 4.65625       2.380738182798515    3.83890383971262e-12
                 4.65625       2.429825568010856    3.83890383971262e-12
                 4.65625       2.478912953223196    3.83890383971262e-12
                 4.65625       2.528000338435537    3.83890383971262e-12
                 4.65625       2.577087723647877    3.83890383971262e-12
                 4.65625       2.626175108860218    3.83890383971262e-12
                 4.65625       2.675262494072558    3.83890383971262e-12
                 4.65625       2.724349879284899    3.83890383971262e-12
                 4.65625       2.773437264497239    3.83890383971262e-12
                 4.65625        2.82252464970958    3.83890383971262e-12
                 4.65625        2.87161203492192    3.83890383971262e-12
                 4.65625       2.920699420134261    3.83890383971262e-12
                 4.65625       2.969786805346601    3.83890383971262e-12
                 4.65625       3.018874190558942    3.83890383971262e-12
                 4.65625       3.067961575771282    3.83890383971262e-12
                 4.65625       3.117048960983623    3.83890383971262e-12

                 4.71875     0.02454369260617026   2.136671762998772e-12
                 4.71875     0.07363107781851078   2.136671762998772e-12
                 4.71875      0.1227184630308513   2.136671762998772e-12
                 4.71875      0.1718058482431918   2.136671762998772e-12
                 4.71875      0.2208932334555323   2.136671762998772e-12
                 4.71875      0.2699806186678728   2.136671762998772e-12
                 4.71875      0.3190680038802134   2.136671762998772e-12
                 4.71875      0.3681553890925539   2.136671762998772e-12
                 4.71875      0.4172427743048944   2.136671762998772e-12
                 4.71875      0.4663301595172349   2.136671762998772e-12
                 4.71875      0.5154175447295755   2.136671762998772e-12
                 4.71875      0.5645049299419159   2.136671762998772e-12
                 4.71875      0.6135923151542565   2.136671762998772e-12
                 4.71875       0.662679700366597   2.136671762998772e-12
                 4.71875      0.7117670855789375   2.136671762998772e-12
                 4.71875       0.760854470791278   2.136671762998772e-12
                 4.71875      0.8099418560036186   2.136671762998772e-12
                 4.71875       0.859029241215959   2.136671762998772e-12
                 4.71875      0.9081166264282996   2.136671762998772e-12
                 4.71875      0.9572040116406401   2.136671762998772e-12
                 4.71875       1.006291396852981   2.136671762998772e-12
                 4.71875       1.055378782065321   2.136671762998772e-12
                 4.71875       1.104466167277662   2.136671762998772e-12
                 4.71875       1.153553552490002   2.136671762998772e-12
                 4.71875       1.202640937702343   2.136671762998772e-12
                 4.71875       1.251728322914683   2.136671762998772e-12
                 4.71875       1.300815708127024   2.136671762998772e-12
                 4.71875       1.349903093339364   2.136671762998772e-12
                 4.71875       1.398990478551705   2.136671762998772e-12
                 4.71875       1.448077863764045   2.136671762998772e-12
                 4.71875       1.497165248976386   2.136671762998772e-12
                 4.71875       1.546252634188726   2.136671762998772e-12
                 4.71875       1.595340019401067   2.136671762998772e-12
                 4.71875       1.644427404613407   2.136671762998772e-12
                 4.71875       1.693514789825748   2.136671762998772e-12
                 4.71875       1.742602175038088   2.136671762998772e-12
                 4.71875       1.791689560250429   2.136671762998772e-12
                 4.71875       1.840776945462769   2.136671762998772e-12
                 4.71875        1.88986433067511   2.136671762998772e-12
                 4.71875       1.938951715887451   2.136671762998772e-12
                 4.71875       1.988039101099791   2.136671762998772e-12
                 4.71875       2.037126486312132   2.136671762998772e-12
                 4.71875       2.086213871524472   2.136671762998772e-12
                 4.71875       2.135301256736812   2.136671762998772e-12
                 4.71875       2.184388641949153   2.136671762998772e-12
                 4.71875       2.233476027161494   2.136671762998772e-12
                 4.71875       2.282563412373834   2.136671762998772e-12
                 4.71875       2.331650797586175   2.136671762998772e-12
                 4.71875       2.380738182798515   2.136671762998772e-12
                 4.71875       2.429825568010856   2.136671762998772e-12
                 4.71875       2.478912953223196   2.136671762998772e-12
                 4.71875       2.528000338435537   2.136671762998772e-12
                 4.71875       2.577087723647877   2.136671762998772e-12
                 4.71875       2.626175108860218   2.136671762998772e-12
                 4.71875       2.675262494072558   2.136671762998772e-12
                 4.71875       2.724349879284899   2.136671762998772e-12
                 4.71875       2.773437264497239   2.136671762998772e-12
                 4.71875        2.82252464970958   2.136671762998772e-12
                 4.71875        2.87161203492192   2.136671762998772e-12
                 4.71875       2.920699420134261   2.136671762998772e-12
                 4.71875       2.969786805346601   2.136671762998772e-12
                 4.71875       3.018874190558942   2.136671762998772e-12
                 4.71875       3.067961575771282   2.136671762998772e-12
                 4.71875       3.117048960983623   2.136671762998772e-12

                 4.78125     0.02454369260617026   1.179982216310212e-12
                 4.78125     0.07363107781851078   1.179982216310212e-12
                 4.78125      0.1227184630308513   1.179982216310212e-12
                 4.78125      0.1718058482431918   1.179982216310212e-12
                 4.78125      0.2208932334555323   1.179982216310212e-12
                 4.78125      0.2699806186678728   1.179982216310212e-12
                 4.78125      0.3190680038802134   1.179982216310212e-12
                 4.78125      0.3681553890925539   1.179982216310212e-12
                 4.78125      0.4172427743048944   1.179982216310212e-12
                 4.78125      0.4663301595172349   1.179982216310212e-12
                 4.78125      0.5154175447295755   1.179982216310212e-12
                 4.78125      0.5645049299419159   1.179982216310212e-12
                 4.78125      0.6135923151542565   1.179982216310212e-12
                 4.78125       0.662679700366597   1.179982216310212e-12
                 4.78125      0.7117670855789375   1.179982216310212e-12
                 4.78125       0.760854470791278   1.179982216310212e-12
                 4.78125      0.8099418560036186   1.179982216310212e-12
                 4.78125       0.859029241215959   1.179982216310212e-12
                 4.78125      0.9081166264282996   1.179982216310212e-12
                 4.78125      0.9572040116406401   1.179982216310212e-12
                 4.78125       1.006291396852981   1.179982216310212e-12
                 4.78125       1.055378782065321   1.179982216310212e-12
                 4.78125       1.104466167277662   1.179982216310212e-12
                 4.78125       1.153553552490002   1.179982216310212e-12
                 4.78125       1.202640937702343   1.179982216310212e-12
                 4.78125       1.251728322914683   1.179982216310212e-12
                 4.78125       1.300815708127024   1.179982216310212e-12
                 4.78125       1.349903093339364   1.179982216310212e-12
                 4.78125       1.398990478551705   1.179982216310212e-12
                 4.78125       1.448077863764045   1.179982216310212e-12
                 4.78125       1.497165248976386   1.179982216310212e-12
                 4.78125       1.546252634188726   1.179982216310212e-12
                 4.78125       1.595340019401067   1.179982216310212e-12
                 4.78125       1.644427404613407   1.179982216310212e-12
                 4.78125       1.693514789825748   1.179982216310212e-12
                 4.78125       1.742602175038088   1.179982216310212e-12
                 4.78125       1.791689560250429   1.179982216310212e-12
                 4.78125       1.840776945462769   1.179982216310212e-12
                 4.78125        1.88986433067511   1.179982216310212e-12
                 4.78125       1.938951715887451   1.179982216310212e-12
                 4.78125       1.988039101099791   1.179982216310212e-12
                 4.78125       2.037126486312132   1.179982216310212e-12
                 4.78125       2.086213871524472   1.179982216310212e-12
                 4.78125       2.135301256736812   1.179982216310212e-12
                 4.78125       2.184388641949153   1.179982216310212e-12
                 4.78125       2.233476027161494   1.179982216310212e-12
                 4.78125       2.282563412373834   1.179982216310212e-12
                 4.78125       2.331650797586175   1.179982216310212e-12
                 4.78125       2.380738182798515   1.179982216310212e-12
                 4.78125       2.429825568010856   1.179982216310212e-12
                 4.78125       2.478912953223196   1.179982216310212e-12
                 4.78125       2.528000338435537   1.179982216310212e-12
                 4.78125       2.577087723647877   1.179982216310212e-12
                 4.78125       2.626175108860218   1.179982216310212e-12
                 4.78125       2.675262494072558   1.179982216310212e-12
                 4.78125       2.724349879284899   1.179982216310212e-12
                 4.78125       2.773437264497239   1.179982216310212e-12
                 4.78125        2.82252464970958   1.179982216310212e-12
                 4.78125        2.87161203492192   1.179982216310212e-12
                 4.78125       2.920699420134261   1.179982216310212e-12
                 4.78125       2.969786805346601   1.179982216310212e-12
                 4.78125       3.018874190558942   1.179982216310212e-12
                 4.78125       3.067961575771282   1.179982216310212e-12
                 4.78125       3.117048960983623   1.179982216310212e-12

                 4.84375     0.02454369260617026   6.465769045919468e-13
                 4.84375     0.07363107781851078   6.465769045919468e-13
                 4.84375      0.1227184630308513   6.465769045919468e-13
                 4.84375      0.1718058482431918   6.465769045919468e-13
                 4.84375      0.2208932334555323   6.465769045919468e-13
                 4.84375      0.2699806186678728   6.465769045919468e-13
                 4.84375      0.3190680038802134   6.465769045919468e-13
                 4.84375      0.3681553890925539   6.465769045919468e-13
                 4.84375      0.4172427743048944   6.465769045919468e-13
                 4.84375      0.4663301595172349   6.465769045919468e-13
                 4.84375      0.5154175447295755   6.465769045919468e-13
                 4.84375      0.5645049299419159   6.465769045919468e-13
                 4.84375      0.6135923151542565   6.465769045919468e-13
                 4.84375       0.662679700366597   6.465769045919468e-13
                 4.84375      0.7117670855789375   6.465769045919468e-13
                 4.84375       0.760854470791278   6.465769045919468e-13
                 4.84375      0.8099418560036186   6.465769045919468e-13
                 4.84375       0.859029241215959   6.465769045919468e-13
                 4.84375      0.9081166264282996   6.465769045919468e-13
                 4.84375      0.9572040116406401   6.465769045919468e-13
                 4.84375       1.006291396852981   6.465769045919468e-13
                 4.84375       1.055378782065321   6.465769045919468e-13
                 4.84375       1.104466167277662   6.465769045919468e-13
                 4.84375       1.153553552490002   6.465769045919468e-13
                 4.84375       1.202640937702343   6.465769045919468e-13
                 4.84375       1.251728322914683   6.465769045919468e-13
                 4.84375       1.300815708127024   6.465769045919468e-13
                 4.84375       1.349903093339364   6.465769045919468e-13
                 4.84375       1.398990478551705   6.465769045919468e-13
                 4.84375       1.448077863764045   6.465769045919468e-13
                 4.84375       1.497165248976386   6.465769045919468e-13
                 4.84375       1.546252634188726   6.465769045919468e-13
                 4.84375       1.595340019401067   6.465769045919468e-13
                 4.84375       1.644427404613407   6.465769045919468e-13
                 4.84375       1.693514789825748   6.465769045919468e-13
                 4.84375       1.742602175038088   6.465769045919468e-13
                 4.84375       1.791689560250429   6.465769045919468e-13
                 4.84375       1.840776945462769   6.465769045919468e-13
                 4.84375        1.88986433067511   6.465769045919468e-13
                 4.84375       1.938951715887451   6.465769045919468e-13
                 4.84375       1.988039101099791   6.465769045919468e-13
                 4.84375       2.037126486312132   6.465769045919468e-13
                 4.84375       2.086213871524472   6.465769045919468e-13
                 4.84375       2.135301256736812   6.465769045919468e-13
                 4.84375       2.184388641949153   6.465769045919468e-13
                 4.84375       2.233476027161494   6.465769045919468e-13
                 4.84375       2.282563412373834   6.465769045919468e-13
                 4.84375       2.331650797586175   6.465769045919468e-13
                 4.84375       2.380738182798515   6.465769045919468e-13
                 4.84375       2.429825568010856   6.465769045919468e-13
                 4.84375       2.478912953223196   6.465769045919468e-13
                 4.84375       2.528000338435537   6.465769045919468e-13
                 4.84375       2.577087723647877   6.465769045919468e-13
                 4.84375       2.626175108860218   6.465769045919468e-13
                 4.84375       2.675262494072558   6.465769045919468e-13
                 4.84375       2.724349879284899   6.465769045919468e-13
                 4.84375       2.773437264497239   6.465769045919468e-13
                 4.84375        2.82252464970958   6.465769045919468e-13
                 4.84375        2.87161203492192   6.465769045919468e-13
                 4.84375       2.920699420134261   6.465769045919468e-13
                 4.84375       2.969786805346601   6.465769045919468e-13
                 4.84375       3.018874190558942   6.465769045919468e-13
                 4.84375       3.067961575771282   6.465769045919468e-13
                 4.84375       3.117048960983623   6.465769045919468e-13

                 4.90625     0.02454369260617026   3.515377654915486e-13
                 4.90625     0.07363107781851078   3.515377654915486e-13
                 4.90625      0.1227184630308513   3.515377654915486e-13
                 4.90625      0.1718058482431918   3.515377654915486e-13
                 4.90625      0.2208932334555323   3.515377654915486e-13
                 4.90625      0.2699806186678728   3.515377654915486e-13
                 4.90625      0.3190680038802134   3.515377654915486e-13
                 4.90625      0.3681553890925539   3.515377654915486e-13
                 4.90625      0.4172427743048944   3.515377654915486e-13
                 4.90625      0.4663301595172349   3.515377654915486e-13
                 4.90625      0.5154175447295755   3.515377654915486e-13
                 4.90625      0.5645049299419159   3.515377654915486e-13
                 4.90625      0.6135923151542565   3.515377654915486e-13
                 4.90625       0.662679700366597   3.515377654915486e-13
                 4.90625      0.7117670855789375   3.515377654915486e-13
                 4.90625       0.760854470791278   3.515377654915486e-13
                 4.90625      0.8099418560036186   3.515377654915486e-13
                 4.90625       0.859029241215959   3.515377654915486e-13
                 4.90625      0.9081166264282996   3.515377654915486e-13
                 4.90625      0.9572040116406401   3.515377654915486e-13
                 4.90625       1.006291396852981   3.515377654915486e-13
                 4.90625       1.055378782065321   3.515377654915486e-13
                 4.90625       1.104466167277662   3.515377654915486e-13
                 4.90625       1.153553552490002   3.515377654915486e-13
                 4.90625       1.202640937702343   3.515377654915486e-13
                 4.90625       1.251728322914683   3.515377654915486e-13
                 4.90625       1.300815708127024   3.515377654915486e-13
                 4.90625       1.349903093339364   3.515377654915486e-13
                 4.90625       1.398990478551705   3.515377654915486e-13
                 4.90625       1.448077863764045   3.515377654915486e-13
                 4.90625       1.497165248976386   3.515377654915486e-13
                 4.90625       1.546252634188726   3.515377654915486e-13
                 4.90625       1.595340019401067   3.515377654915486e-13
                 4.90625       1.644427404613407   3.515377654915486e-13
                 4.90625       1.693514789825748   3.515377654915486e-13
                 4.90625       1.742602175038088   3.515377654915486e-13
                 4.90625       1.791689560250429   3.515377654915486e-13
                 4.90625       1.840776945462769   3.515377654915486e-13
                 4.90625        1.88986433067511   3.515377654915486e-13
                 4.90625       1.938951715887451   3.515377654915486e-13
                 4.90625       1.988039101099791   3.515377654915486e-13
                 4.90625       2.037126486312132   3.515377654915486e-13
                 4.90625       2.086213871524472   3.515377654915486e-13
                 4.90625       2.135301256736812   3.515377654915486e-13
                 4.90625       2.184388641949153   3.515377654915486e-13
                 4.90625       2.233476027161494   3.515377654915486e-13
                 4.90625       2.282563412373834   3.515377654915486e-13
                 4.90625       2.331650797586175   3.515377654915486e-13
                 4.90625       2.380738182798515   3.515377654915486e-13
                 4.90625       2.429825568010856   3.515377654915486e-13
                 4.90625       2.478912953223196   3.515377654915486e-13
                 4.90625       2.528000338435537   3.515377654915486e-13
                 4.90625       2.577087723647877   3.515377654915486e-13
                 4.90625       2.626175108860218   3.515377654915486e-13
                 4.90625       2.675262494072558   3.515377654915486e-13
                 4.90625       2.724349879284899   3.515377654915486e-13
                 4.90625       2.773437264497239   3.515377654915486e-13
                 4.90625        2.82252464970958   3.515377654915486e-13
                 4.90625        2.87161203492192   3.515377654915486e-13
                 4.90625       2.920699420134261   3.515377654915486e-13
                 4.90625       2.969786805346601   3.515377654915486e-13
                 4.90625       3.018874190558942   3.515377654915486e-13
                 4.90625       3.067961575771282   3.515377654915486e-13
                 4.90625       3.117048960983623   3.515377654915486e-13

                 4.96875     0.02454369260617026   1.896403998352501e-13
                 4.96875     0.07363107781851078   1.896403998352501e-13
                 4.96875      0.1227184630308513   1.896403998352501e-13
                 4.96875      0.1718058482431918   1.896403998352501e-13
                 4.96875      0.2208932334555323   1.896403998352501e-13
                 4.96875      0.2699806186678728   1.896403998352501e-13
                 4.96875      0.3190680038802134   1.896403998352501e-13
                 4.96875      0.3681553890925539   1.896403998352501e-13
                 4.96875      0.4172427743048944   1.896403998352501e-13
                 4.96875      0.4663301595172349   1.896403998352501e-13
                 4.96875      0.5154175447295755   1.896403998352501e-13
                 4.96875      0.5645049299419159   1.896403998352501e-13
                 4.96875      0.6135923151542565   1.896403998352501e-13
                 4.96875       0.662679700366597   1.896403998352501e-13
                 4.96875      0.7117670855789375   1.896403998352501e-13
                 4.96875       0.760854470791278   1.896403998352501e-13
                 4.96875      0.8099418560036186   1.896403998352501e-13
                 4.96875       0.859029241215959   1.896403998352501e-13
                 4.96875      0.9081166264282996   1.896403998352501e-13
                 4.96875      0.9572040116406401   1.896403998352501e-13
                 4.96875       1.006291396852981   1.896403998352501e-13
                 4.96875       1.055378782065321   1.896403998352501e-13
                 4.96875       1.104466167277662   1.896403998352501e-13
                 4.96875       1.153553552490002   1.896403998352501e-13
                 4.96875       1.202640937702343   1.896403998352501e-13
                 4.96875       1.251728322914683   1.896403998352501e-13
                 4.96875       1.300815708127024   1.896403998352501e-13
                 4.96875       1.349903093339364   1.896403998352501e-13
                 4.96875       1.398990478551705   1.896403998352501e-13
                 4.96875       1.448077863764045   1.896403998352501e-13
                 4.96875       1.497165248976386   1.896403998352501e-13
                 4.96875       1.546252634188726   1.896403998352501e-13
                 4.96875       1.595340019401067   1.896403998352501e-13
                 4.96875       1.644427404613407   1.896403998352501e-13
                 4.96875       1.693514789825748   1.896403998352501e-13
                 4.96875       1.742602175038088   1.896403998352501e-13
                 4.96875       1.791689560250429   1.896403998352501e-13
                 4.96875       1.840776945462769   1.896403998352501e-13
                 4.96875        1.88986433067511   1.896403998352501e-13
                 4.96875       1.938951715887451   1.896403998352501e-13
                 4.96875       1.988039101099791   1.896403998352501e-13
                 4.96875       2.037126486312132   1.896403998352501e-13
                 4.96875       2.086213871524472   1.896403998352501e-13
                 4.96875       2.135301256736812   1.896403998352501e-13
                 4.96875       2.184388641949153   1.896403998352501e-13
                 4.96875       2.233476027161494   1.896403998352501e-13
                 4.96875       2.282563412373834   1.896403998352501e-13
                 4.96875       2.331650797586175   1.896403998352501e-13
                 4.96875       2.380738182798515   1.896403998352501e-13
                 4.96875       2.429825568010856   1.896403998352501e-13
                 4.96875       2.478912953223196   1.896403998352501e-13
                 4.96875       2.528000338435537   1.896403998352501e-13
                 4.96875       2.577087723647877   1.896403998352501e-13
                 4.96875       2.626175108860218   1.896403998352501e-13
                 4.96875       2.675262494072558   1.896403998352501e-13
                 4.96875       2.724349879284899   1.896403998352501e-13
                 4.96875       2.773437264497239   1.896403998352501e-13
                 4.96875        2.82252464970958   1.896403998352501e-13
                 4.96875        2.87161203492192   1.896403998352501e-13
                 4.96875       2.920699420134261   1.896403998352501e-13
                 4.96875       2.969786805346601   1.896403998352501e-13
                 4.96875       3.018874190558942   1.896403998352501e-13
                 4.96875       3.067961575771282   1.896403998352501e-13
                 4.96875       3.117048960983623   1.896403998352501e-13

                 5.03125     0.02454369260617026   1.015071913207284e-13
                 5.03125     0.07363107781851078   1.015071913207284e-13
                 5.03125      0.1227184630308513   1.015071913207284e-13
                 5.03125      0.1718058482431918   1.015071913207284e-13
                 5.03125      0.2208932334555323   1.015071913207284e-13
                 5.03125      0.2699806186678728   1.015071913207284e-13
                 5.03125      0.3190680038802134   1.015071913207284e-13
                 5.03125      0.3681553890925539   1.015071913207284e-13
                 5.03125      0.4172427743048944   1.015071913207284e-13
                 5.03125      0.4663301595172349   1.015071913207284e-13
                 5.03125      0.5154175447295755   1.015071913207284e-13
                 5.03125      0.5645049299419159   1.015071913207284e-13
                 5.03125      0.6135923151542565   1.015071913207284e-13
                 5.03125       0.662679700366597   1.015071913207284e-13
                 5.03125      0.7117670855789375   1.015071913207284e-13
                 5.03125       0.760854470791278   1.015071913207284e-13
                 5.03125      0.8099418560036186   1.015071913207284e-13
                 5.03125       0.859029241215959   1.015071913207284e-13
                 5.03125      0.9081166264282996   1.015071913207284e-13
                 5.03125      0.9572040116406401   1.015071913207284e-13
                 5.03125       1.006291396852981   1.015071913207284e-13
                 5.03125       1.055378782065321   1.015071913207284e-13
                 5.03125       1.104466167277662   1.015071913207284e-13
                 5.03125       1.153553552490002   1.015071913207284e-13
                 5.03125       1.202640937702343   1.015071913207284e-13
                 5.03125       1.251728322914683   1.015071913207284e-13
                 5.03125       1.300815708127024   1.015071913207284e-13
                 5.03125       1.349903093339364   1.015071913207284e-13
                 5.03125       1.398990478551705   1.015071913207284e-13
                 5.03125       1.448077863764045   1.015071913207284e-13
                 5.03125       1.497165248976386   1.015071913207284e-13
                 5.03125       1.546252634188726   1.015071913207284e-13
                 5.03125       1.595340019401067   1.015071913207284e-13
                 5.03125       1.644427404613407   1.015071913207284e-13
                 5.03125       1.693514789825748   1.015071913207284e-13
                 5.03125       1.742602175038088   1.015071913207284e-13
                 5.03125       1.791689560250429   1.015071913207284e-13
                 5.03125       1.840776945462769   1.015071913207284e-13
                 5.03125        1.88986433067511   1.015071913207284e-13
                 5.03125       1.938951715887451   1.015071913207284e-13
                 5.03125       1.988039101099791   1.015071913207284e-13
                 5.03125       2.037126486312132   1.015071913207284e-13
                 5.03125       2.086213871524472   1.015071913207284e-13
                 5.03125       2.135301256736812   1.015071913207284e-13
                 5.03125       2.184388641949153   1.015071913207284e-13
                 5.03125       2.233476027161494   1.015071913207284e-13
                 5.03125       2.282563412373834   1.015071913207284e-13
                 5.03125       2.331650797586175   1.015071913207284e-13
                 5.03125       2.380738182798515   1.015071913207284e-13
                 5.03125       2.429825568010856   1.015071913207284e-13
                 5.03125       2.478912953223196   1.015071913207284e-13
                 5.03125       2.528000338435537   1.015071913207284e-13
                 5.03125       2.577087723647877   1.015071913207284e-13
                 5.03125       2.626175108860218   1.015071913207284e-13
                 5.03125       2.675262494072558   1.015071913207284e-13
                 5.03125       2.724349879284899   1.015071913207284e-13
                 5.03125       2.773437264497239   1.015071913207284e-13
                 5.03125        2.82252464970958   1.015071913207284e-13
                 5.03125        2.87161203492192   1.015071913207284e-13
                 5.03125       2.920699420134261   1.015071913207284e-13
                 5.03125       2.969786805346601   1.015071913207284e-13
                 5.03125       3.018874190558942   1.015071913207284e-13
                 5.03125       3.067961575771282   1.015071913207284e-13
                 5.03125       3.117048960983623   1.015071913207284e-13

                 5.09375     0.02454369260617026   5.391006237169666e-14
                 5.09375     0.07363107781851078   5.391006237169666e-14
                 5.09375      0.1227184630308513   5.391006237169666e-14
                 5.09375      0.1718058482431918   5.391006237169666e-14
                 5.09375      0.2208932334555323   5.391006237169666e-14
                 5.09375      0.2699806186678728   5.391006237169666e-14
                 5.09375      0.3190680038802134   5.391006237169666e-14
                 5.09375      0.3681553890925539   5.391006237169666e-14
                 5.09375      0.4172427743048944   5.391006237169666e-14
                 5.09375      0.4663301595172349   5.391006237169666e-14
                 5.09375      0.5154175447295755   5.391006237169666e-14
                 5.09375      0.5645049299419159   5.391006237169666e-14
                 5.09375      0.6135923151542565   5.391006237169666e-14
                 5.09375       0.662679700366597   5.391006237169666e-14
                 5.09375      0.7117670855789375   5.391006237169666e-14
                 5.09375       0.760854470791278   5.391006237169666e-14
                 5.09375      0.8099418560036186   5.391006237169666e-14
                 5.09375       0.859029241215959   5.391006237169666e-14
                 5.09375      0.9081166264282996   5.391006237169666e-14
                 5.09375      0.9572040116406401   5.391006237169666e-14
                 5.09375       1.006291396852981   5.391006237169666e-14
                 5.09375       1.055378782065321   5.391006237169666e-14
                 5.09375       1.104466167277662   5.391006237169666e-14
                 5.09375       1.153553552490002   5.391006237169666e-14
                 5.09375       1.202640937702343   5.391006237169666e-14
                 5.09375       1.251728322914683   5.391006237169666e-14
                 5.09375       1.300815708127024   5.391006237169666e-14
                 5.09375       1.349903093339364   5.391006237169666e-14
                 5.09375       1.398990478551705   5.391006237169666e-14
                 5.09375       1.448077863764045   5.391006237169666e-14
                 5.09375       1.497165248976386   5.391006237169666e-14
                 5.09375       1.546252634188726   5.391006237169666e-14
                 5.09375       1.595340019401067   5.391006237169666e-14
                 5.09375       1.644427404613407   5.391006237169666e-14
                 5.09375       1.693514789825748   5.391006237169666e-14
                 5.09375       1.742602175038088   5.391006237169666e-14
                 5.09375       1.791689560250429   5.391006237169666e-14
                 5.09375       1.840776945462769   5.391006237169666e-14
                 5.09375        1.88986433067511   5.391006237169666e-14
                 5.09375       1.938951715887451   5.391006237169666e-14
                 5.09375       1.988039101099791   5.391006237169666e-14
                 5.09375       2.037126486312132   5.391006237169666e-14
                 5.09375       2.086213871524472   5.391006237169666e-14
                 5.09375       2.135301256736812   5.391006237169666e-14
                 5.09375       2.184388641949153   5.391006237169666e-14
                 5.09375       2.233476027161494   5.391006237169666e-14
                 5.09375       2.282563412373834   5.391006237169666e-14
                 5.09375       2.331650797586175   5.391006237169666e-14
                 5.09375       2.380738182798515   5.391006237169666e-14
                 5.09375       2.429825568010856   5.391006237169666e-14
                 5.09375       2.478912953223196   5.391006237169666e-14
                 5.09375       2.528000338435537   5.391006237169666e-14
                 5.09375       2.577087723647877   5.391006237169666e-14
                 5.09375       2.626175108860218   5.391006237169666e-14
                 5.09375       2.675262494072558   5.391006237169666e-14
                 5.09375       2.724349879284899   5.391006237169666e-14
                 5.09375       2.773437264497239   5.391006237169666e-14
                 5.09375        2.82252464970958   5.391006237169666e-14
                 5.09375        2.87161203492192   5.391006237169666e-14
                 5.09375       2.920699420134261   5.391006237169666e-14
                 5.09375       2.969786805346601   5.391006237169666e-14
                 5.09375       3.018874190558942   5.391006237169666e-14
                 5.09375       3.067961575771282   5.391006237169666e-14
                 5.09375       3.117048960983623   5.391006237169666e-14

                 5.15625     0.02454369260617026    2.84086065394846e-14
                 5.15625     0.07363107781851078    2.84086065394846e-14
                 5.15625      0.1227184630308513    2.84086065394846e-14
                 5.15625      0.1718058482431918    2.84086065394846e-14
                 5.15625      0.2208932334555323    2.84086065394846e-14
                 5.15625      0.2699806186678728    2.84086065394846e-14
                 5.15625      0.3190680038802134    2.84086065394846e-14
                 5.15625      0.3681553890925539    2.84086065394846e-14
                 5.15625      0.4172427743048944    2.84086065394846e-14
                 5.15625      0.4663301595172349    2.84086065394846e-14
                 5.15625      0.5154175447295755    2.84086065394846e-14
                 5.15625      0.5645049299419159    2.84086065394846e-14
                 5.15625      0.6135923151542565    2.84086065394846e-14
                 5.15625       0.662679700366597    2.84086065394846e-14
                 5.15625      0.7117670855789375    2.84086065394846e-14
                 5.15625       0.760854470791278    2.84086065394846e-14
                 5.15625      0.8099418560036186    2.84086065394846e-14
                 5.15625       0.859029241215959    2.84086065394846e-14
                 5.15625      0.9081166264282996    2.84086065394846e-14
                 5.15625      0.9572040116406401    2.84086065394846e-14
                 5.15625       1.006291396852981    2.84086065394846e-14
                 5.15625       1.055378782065321    2.84086065394846e-14
                 5.15625       1.104466167277662    2.84086065394846e-14
                 5.15625       1.153553552490002    2.84086065394846e-14
                 5.15625       1.202640937702343    2.84086065394846e-14
                 5.15625       1.251728322914683    2.84086065394846e-14
                 5.15625       1.300815708127024    2.84086065394846e-14
                 5.15625       1.349903093339364    2.84086065394846e-14
                 5.15625       1.398990478551705    2.84086065394846e-14
                 5.15625       1.448077863764045    2.84086065394846e-14
                 5.15625       1.497165248976386    2.84086065394846e-14
                 5.15625       1.546252634188726    2.84086065394846e-14
                 5.15625       1.595340019401067    2.84086065394846e-14
                 5.15625       1.644427404613407    2.84086065394846e-14
                 5.15625       1.693514789825748    2.84086065394846e-14
                 5.15625       1.742602175038088    2.84086065394846e-14
                 5.15625       1.791689560250429    2.84086065394846e-14
                 5.15625       1.840776945462769    2.84086065394846e-14
                 5.15625        1.88986433067511    2.84086065394846e-14
                 5.15625       1.938951715887451    2.84086065394846e-14
                 5.15625       1.988039101099791    2.84086065394846e-14
                 5.15625       2.037126486312132    2.84086065394846e-14
                 5.15625       2.086213871524472    2.84086065394846e-14
                 5.15625       2.135301256736812    2.84086065394846e-14
                 5.15625       2.184388641949153    2.84086065394846e-14
                 5.15625       2.233476027161494    2.84086065394846e-14
                 5.15625       2.282563412373834    2.84086065394846e-14
                 5.15625       2.331650797586175    2.84086065394846e-14
                 5.15625       2.380738182798515    2.84086065394846e-14
                 5.15625       2.429825568010856    2.84086065394846e-14
                 5.15625       2.478912953223196    2.84086065394846e-14
                 5.15625       2.528000338435537    2.84086065394846e-14
                 5.15625       2.577087723647877    2.84086065394846e-14
                 5.15625       2.626175108860218    2.84086065394846e-14
                 5.15625       2.675262494072558    2.84086065394846e-14
                 5.15625       2.724349879284899    2.84086065394846e-14
                 5.15625       2.773437264497239    2.84086065394846e-14
                 5.15625        2.82252464970958    2.84086065394846e-14
                 5.15625        2.87161203492192    2.84086065394846e-14
                 5.15625       2.920699420134261    2.84086065394846e-14
                 5.15625       2.969786805346601    2.84086065394846e-14
                 5.15625       3.018874190558942    2.84086065394846e-14
                 5.15625       3.067961575771282    2.84086065394846e-14
                 5.15625       3.117048960983623    2.84086065394846e-14

                 5.21875     0.02454369260617026   1.485378398245547e-14
                 5.21875     0.07363107781851078   1.485378398245547e-14
                 5.21875      0.1227184630308513   1.485378398245547e-14
                 5.21875      0.1718058482431918   1.485378398245547e-14
                 5.21875      0.2208932334555323   1.485378398245547e-14
                 5.21875      0.2699806186678728   1.485378398245547e-14
                 5.21875      0.3190680038802134   1.485378398245547e-14
                 5.21875      0.3681553890925539   1.485378398245547e-14
                 5.21875      0.4172427743048944   1.485378398245547e-14
                 5.21875      0.4663301595172349   1.485378398245547e-14
                 5.21875      0.5154175447295755   1.485378398245547e-14
                 5.21875      0.5645049299419159   1.485378398245547e-14
                 5.21875      0.6135923151542565   1.485378398245547e-14
                 5.21875       0.662679700366597   1.485378398245547e-14
                 5.21875      0.7117670855789375   1.485378398245547e-14
                 5.21875       0.760854470791278   1.485378398245547e-14
                 5.21875      0.8099418560036186   1.485378398245547e-14
                 5.21875       0.859029241215959   1.485378398245547e-14
                 5.21875      0.9081166264282996   1.485378398245547e-14
                 5.21875      0.9572040116406401   1.485378398245547e-14
                 5.21875       1.006291396852981   1.485378398245547e-14
                 5.21875       1.055378782065321   1.485378398245547e-14
                 5.21875       1.104466167277662   1.485378398245547e-14
                 5.21875       1.153553552490002   1.485378398245547e-14
                 5.21875       1.202640937702343   1.485378398245547e-14
                 5.21875       1.251728322914683   1.485378398245547e-14
                 5.21875       1.300815708127024   1.485378398245547e-14
                 5.21875       1.349903093339364   1.485378398245547e-14
                 5.21875       1.398990478551705   1.485378398245547e-14
                 5.21875       1.448077863764045   1.485378398245547e-14
                 5.21875       1.497165248976386   1.485378398245547e-14
                 5.21875       1.546252634188726   1.485378398245547e-14
                 5.21875       1.595340019401067   1.485378398245547e-14
                 5.21875       1.644427404613407   1.485378398245547e-14
                 5.21875       1.693514789825748   1.485378398245547e-14
                 5.21875       1.742602175038088   1.485378398245547e-14
                 5.21875       1.791689560250429   1.485378398245547e-14
                 5.21875       1.840776945462769   1.485378398245547e-14
                 5.21875        1.88986433067511   1.485378398245547e-14
                 5.21875       1.938951715887451   1.485378398245547e-14
                 5.21875       1.988039101099791   1.485378398245547e-14
                 5.21875       2.037126486312132   1.485378398245547e-14
                 5.21875       2.086213871524472   1.485378398245547e-14
                 5.21875       2.135301256736812   1.485378398245547e-14
                 5.21875       2.184388641949153   1.485378398245547e-14
                 5.21875       2.233476027161494   1.485378398245547e-14
                 5.21875       2.282563412373834   1.485378398245547e-14
                 5.21875       2.331650797586175   1.485378398245547e-14
                 5.21875       2.380738182798515   1.485378398245547e-14
                 5.21875       2.429825568010856   1.485378398245547e-14
                 5.21875       2.478912953223196   1.485378398245547e-14
                 5.21875       2.528000338435537   1.485378398245547e-14
                 5.21875       2.577087723647877   1.485378398245547e-14
                 5.21875       2.626175108860218   1.485378398245547e-14
                 5.21875       2.675262494072558   1.485378398245547e-14
                 5.21875       2.724349879284899   1.485378398245547e-14
                 5.21875       2.773437264497239   1.485378398245547e-14
                 5.21875        2.82252464970958   1.485378398245547e-14
                 5.21875        2.87161203492192   1.485378398245547e-14
                 5.21875       2.920699420134261   1.485378398245547e-14
                 5.21875       2.969786805346601   1.485378398245547e-14
                 5.21875       3.018874190558942   1.485378398245547e-14
                 5.21875       3.067961575771282   1.485378398245547e-14
                 5.21875       3.117048960983623   1.485378398245547e-14

                 5.28125     0.02454369260617026   7.706041614197111e-15
                 5.28125     0.07363107781851078   7.706041614197111e-15
                 5.28125      0.1227184630308513   7.706041614197111e-15
                 5.28125      0.1718058482431918   7.706041614197111e-15
                 5.28125      0.2208932334555323   7.706041614197111e-15
                 5.28125      0.2699806186678728   7.706041614197111e-15
                 5.28125      0.3190680038802134   7.706041614197111e-15
                 5.28125      0.3681553890925539   7.706041614197111e-15
                 5.28125      0.4172427743048944   7.706041614197111e-15
                 5.28125      0.4663301595172349   7.706041614197111e-15
                 5.28125      0.5154175447295755   7.706041614197111e-15
                 5.28125      0.5645049299419159   7.706041614197111e-15
                 5.28125      0.6135923151542565   7.706041614197111e-15
                 5.28125       0.662679700366597   7.706041614197111e-15
                 5.28125      0.7117670855789375   7.706041614197111e-15
                 5.28125       0.760854470791278   7.706041614197111e-15
                 5.28125      0.8099418560036186   7.706041614197111e-15
                 5.28125       0.859029241215959   7.706041614197111e-15
                 5.28125      0.9081166264282996   7.706041614197111e-15
                 5.28125      0.9572040116406401   7.706041614197111e-15
                 5.28125       1.006291396852981   7.706041614197111e-15
                 5.28125       1.055378782065321   7.706041614197111e-15
                 5.28125       1.104466167277662   7.706041614197111e-15
                 5.28125       1.153553552490002   7.706041614197111e-15
                 5.28125       1.202640937702343   7.706041614197111e-15
                 5.28125       1.251728322914683   7.706041614197111e-15
                 5.28125       1.300815708127024   7.706041614197111e-15
                 5.28125       1.349903093339364   7.706041614197111e-15
                 5.28125       1.398990478551705   7.706041614197111e-15
                 5.28125       1.448077863764045   7.706041614197111e-15
                 5.28125       1.497165248976386   7.706041614197111e-15
                 5.28125       1.546252634188726   7.706041614197111e-15
                 5.28125       1.595340019401067   7.706041614197111e-15
                 5.28125       1.644427404613407   7.706041614197111e-15
                 5.28125       1.693514789825748   7.706041614197111e-15
                 5.28125       1.742602175038088   7.706041614197111e-15
                 5.28125       1.791689560250429   7.706041614197111e-15
                 5.28125       1.840776945462769   7.706041614197111e-15
                 5.28125        1.88986433067511   7.706041614197111e-15
                 5.28125       1.938951715887451   7.706041614197111e-15
                 5.28125       1.988039101099791   7.706041614197111e-15
                 5.28125       2.037126486312132   7.706041614197111e-15
                 5.28125       2.086213871524472   7.706041614197111e-15
                 5.28125       2.135301256736812   7.706041614197111e-15
                 5.28125       2.184388641949153   7.706041614197111e-15
                 5.28125       2.233476027161494   7.706041614197111e-15
                 5.28125       2.282563412373834   7.706041614197111e-15
                 5.28125       2.331650797586175   7.706041614197111e-15
                 5.28125       2.380738182798515   7.706041614197111e-15
                 5.28125       2.429825568010856   7.706041614197111e-15
                 5.28125       2.478912953223196   7.706041614197111e-15
                 5.28125       2.528000338435537   7.706041614197111e-15
                 5.28125       2.577087723647877   7.706041614197111e-15
                 5.28125       2.626175108860218   7.706041614197111e-15
                 5.28125       2.675262494072558   7.706041614197111e-15
                 5.28125       2.724349879284899   7.706041614197111e-15
                 5.28125       2.773437264497239   7.706041614197111e-15
                 5.28125        2.82252464970958   7.706041614197111e-15
                 5.28125        2.87161203492192   7.706041614197111e-15
                 5.28125       2.920699420134261   7.706041614197111e-15
                 5.28125       2.969786805346601   7.706041614197111e-15
                 5.28125       3.018874190558942   7.706041614197111e-15
                 5.28125       3.067961575771282   7.706041614197111e-15
                 5.28125       3.117048960983623   7.706041614197111e-15

                 5.34375     0.02454369260617026   3.966730272570397e-15
                 5.34375     0.07363107781851078   3.966730272570397e-15
                 5.34375      0.1227184630308513   3.966730272570397e-15
                 5.34375      0.1718058482431918   3.966730272570397e-15
                 5.34375      0.2208932334555323   3.966730272570397e-15
                 5.34375      0.2699806186678728   3.966730272570397e-15
                 5.34375      0.3190680038802134   3.966730272570397e-15
                 5.34375      0.3681553890925539   3.966730272570397e-15
                 5.34375      0.4172427743048944   3.966730272570397e-15
                 5.34375      0.4663301595172349   3.966730272570397e-15
                 5.34375      0.5154175447295755   3.966730272570397e-15
                 5.34375      0.5645049299419159   3.966730272570397e-15
                 5.34375      0.6135923151542565   3.966730272570397e-15
                 5.34375       0.662679700366597   3.966730272570397e-15
                 5.34375      0.7117670855789375   3.966730272570397e-15
                 5.34375       0.760854470791278   3.966730272570397e-15
                 5.34375      0.8099418560036186   3.966730272570397e-15
                 5.34375       0.859029241215959   3.966730272570397e-15
                 5.34375      0.9081166264282996   3.966730272570397e-15
                 5.34375      0.9572040116406401   3.966730272570397e-15
                 5.34375       1.006291396852981   3.966730272570397e-15
                 5.34375       1.055378782065321   3.966730272570397e-15
                 5.34375       1.104466167277662   3.966730272570397e-15
                 5.34375       1.153553552490002   3.966730272570397e-15
                 5.34375       1.202640937702343   3.966730272570397e-15
                 5.34375       1.251728322914683   3.966730272570397e-15
                 5.34375       1.300815708127024   3.966730272570397e-15
                 5.34375       1.349903093339364   3.966730272570397e-15
                 5.34375       1.398990478551705   3.966730272570397e-15
                 5.34375       1.448077863764045   3.966730272570397e-15
                 5.34375       1.497165248976386   3.966730272570397e-15
                 5.34375       1.546252634188726   3.966730272570397e-15
                 5.34375       1.595340019401067   3.966730272570397e-15
                 5.34375       1.644427404613407   3.966730272570397e-15
                 5.34375       1.693514789825748   3.966730272570397e-15
                 5.34375       1.742602175038088   3.966730272570397e-15
                 5.34375       1.791689560250429   3.966730272570397e-15
                 5.34375       1.840776945462769   3.966730272570397e-15
                 5.34375        1.88986433067511   3.966730272570397e-15
                 5.34375       1.938951715887451   3.966730272570397e-15
                 5.34375       1.988039101099791   3.966730272570397e-15
                 5.34375       2.037126486312132   3.966730272570397e-15
                 5.34375       2.086213871524472   3.966730272570397e-15
                 5.34375       2.135301256736812   3.966730272570397e-15
                 5.34375       2.184388641949153   3.966730272570397e-15
                 5.34375       2.233476027161494   3.966730272570397e-15
                 5.34375       2.282563412373834   3.966730272570397e-15
                 5.34375       2.331650797586175   3.966730272570397e-15
                 5.34375       2.380738182798515   3.966730272570397e-15
                 5.34375       2.429825568010856   3.966730272570397e-15
                 5.34375       2.478912953223196   3.966730272570397e-15
                 5.34375       2.528000338435537   3.966730272570397e-15
                 5.34375       2.577087723647877   3.966730272570397e-15
                 5.34375       2.626175108860218   3.966730272570397e-15
                 5.34375       2.675262494072558   3.966730272570397e-15
                 5.34375       2.724349879284899   3.966730272570397e-15
                 5.34375       2.773437264497239   3.966730272570397e-15
                 5.34375        2.82252464970958   3.966730272570397e-15
                 5.34375        2.87161203492192   3.966730272570397e-15
                 5.34375       2.920699420134261   3.966730272570397e-15
                 5.34375       2.969786805346601   3.966730272570397e-15
                 5.34375       3.018874190558942   3.966730272570397e-15
                 5.34375       3.067961575771282   3.966730272570397e-15
                 5.34375       3.117048960983623   3.966730272570397e-15

                 5.40625     0.02454369260617026   2.026007578461877e-15
                 5.40625     0.07363107781851078   2.026007578461877e-15
                 5.40625      0.1227184630308513   2.026007578461877e-15
                 5.40625      0.1718058482431918   2.026007578461877e-15
                 5.40625      0.2208932334555323   2.026007578461877e-15
                 5.40625      0.2699806186678728   2.026007578461877e-15
                 5.40625      0.3190680038802134   2.026007578461877e-15
                 5.40625      0.3681553890925539   2.026007578461877e-15
                 5.40625      0.4172427743048944   2.026007578461877e-15
                 5.40625      0.4663301595172349   2.026007578461877e-15
                 5.40625      0.5154175447295755   2.026007578461877e-15
                 5.40625      0.5645049299419159   2.026007578461877e-15
                 5.40625      0.6135923151542565   2.026007578461877e-15
                 5.40625       0.662679700366597   2.026007578461877e-15
                 5.40625      0.7117670855789375   2.026007578461877e-15
                 5.40625       0.760854470791278   2.026007578461877e-15
                 5.40625      0.8099418560036186   2.026007578461877e-15
                 5.40625       0.859029241215959   2.026007578461877e-15
                 5.40625      0.9081166264282996   2.026007578461877e-15
                 5.40625      0.9572040116406401   2.026007578461877e-15
                 5.40625       1.006291396852981   2.026007578461877e-15
                 5.40625       1.055378782065321   2.026007578461877e-15
                 5.40625       1.104466167277662   2.026007578461877e-15
                 5.40625       1.153553552490002   2.026007578461877e-15
                 5.40625       1.202640937702343   2.026007578461877e-15
                 5.40625       1.251728322914683   2.026007578461877e-15
                 5.40625       1.300815708127024   2.026007578461877e-15
                 5.40625       1.349903093339364   2.026007578461877e-15
                 5.40625       1.398990478551705   2.026007578461877e-15
                 5.40625       1.448077863764045   2.026007578461877e-15
                 5.40625       1.497165248976386   2.026007578461877e-15
                 5.40625       1.546252634188726   2.026007578461877e-15
                 5.40625       1.595340019401067   2.026007578461877e-15
                 5.40625       1.644427404613407   2.026007578461877e-15
                 5.40625       1.693514789825748   2.026007578461877e-15
                 5.40625       1.742602175038088   2.026007578461877e-15
                 5.40625       1.791689560250429   2.026007578461877e-15
                 5.40625       1.840776945462769   2.026007578461877e-15
                 5.40625        1.88986433067511   2.026007578461877e-15
                 5.40625       1.938951715887451   2.026007578461877e-15
                 5.40625       1.988039101099791   2.026007578461877e-15
                 5.40625       2.037126486312132   2.026007578461877e-15
                 5.40625       2.086213871524472   2.026007578461877e-15
                 5.40625       2.135301256736812   2.026007578461877e-15
                 5.40625       2.184388641949153   2.026007578461877e-15
                 5.40625       2.233476027161494   2.026007578461877e-15
                 5.40625       2.282563412373834   2.026007578461877e-15
                 5.40625       2.331650797586175   2.026007578461877e-15
                 5.40625       2.380738182798515   2.026007578461877e-15
                 5.40625       2.429825568010856   2.026007578461877e-15
                 5.40625       2.478912953223196   2.026007578461877e-15
                 5.40625       2.528000338435537   2.026007578461877e-15
                 5.40625       2.577087723647877   2.026007578461877e-15
                 5.40625       2.626175108860218   2.026007578461877e-15
                 5.40625       2.675262494072558   2.026007578461877e-15
                 5.40625       2.724349879284899   2.026007578461877e-15
                 5.40625       2.773437264497239   2.026007578461877e-15
                 5.40625        2.82252464970958   2.026007578461877e-15
                 5.40625        2.87161203492192   2.026007578461877e-15
                 5.40625       2.920699420134261   2.026007578461877e-15
                 5.40625       2.969786805346601   2.026007578461877e-15
                 5.40625       3.018874190558942   2.026007578461877e-15
                 5.40625       3.067961575771282   2.026007578461877e-15
                 5.40625       3.117048960983623   2.026007578461877e-15

                 5.46875     0.02454369260617026   1.026730669116235e-15
                 5.46875     0.07363107781851078   1.026730669116235e-15
                 5.46875      0.1227184630308513   1.026730669116235e-15
                 5.46875      0.1718058482431918   1.026730669116235e-15
                 5.46875      0.2208932334555323   1.026730669116235e-15
                 5.46875      0.2699806186678728   1.026730669116235e-15
                 5.46875      0.3190680038802134   1.026730669116235e-15
                 5.46875      0.3681553890925539   1.026730669116235e-15
                 5.46875      0.4172427743048944   1.026730669116235e-15
                 5.46875      0.4663301595172349   1.026730669116235e-15
                 5.46875      0.5154175447295755   1.026730669116235e-15
                 5.46875      0.5645049299419159   1.026730669116235e-15
                 5.46875      0.6135923151542565   1.026730669116235e-15
                 5.46875       0.662679700366597   1.026730669116235e-15
                 5.46875      0.7117670855789375   1.026730669116235e-15
                 5.46875       0.760854470791278   1.026730669116235e-15
                 5.46875      0.8099418560036186   1.026730669116235e-15
                 5.46875       0.859029241215959   1.026730669116235e-15
                 5.46875      0.9081166264282996   1.026730669116235e-15
                 5.46875      0.9572040116406401   1.026730669116235e-15
                 5.46875       1.006291396852981   1.026730669116235e-15
                 5.46875       1.055378782065321   1.026730669116235e-15
                 5.46875       1.104466167277662   1.026730669116235e-15
                 5.46875       1.153553552490002   1.026730669116235e-15
                 5.46875       1.202640937702343   1.026730669116235e-15
                 5.46875       1.251728322914683   1.026730669116235e-15
                 5.46875       1.300815708127024   1.026730669116235e-15
                 5.46875       1.349903093339364   1.026730669116235e-15
                 5.46875       1.398990478551705   1.026730669116235e-15
                 5.46875       1.448077863764045   1.026730669116235e-15
                 5.46875       1.497165248976386   1.026730669116235e-15
                 5.46875       1.546252634188726   1.026730669116235e-15
                 5.46875       1.595340019401067   1.026730669116235e-15
                 5.46875       1.644427404613407   1.026730669116235e-15
                 5.46875       1.693514789825748   1.026730669116235e-15
                 5.46875       1.742602175038088   1.026730669116235e-15
                 5.46875       1.791689560250429   1.026730669116235e-15
                 5.46875       1.840776945462769   1.026730669116235e-15
                 5.46875        1.88986433067511   1.026730669116235e-15
                 5.46875       1.938951715887451   1.026730669116235e-15
                 5.46875       1.988039101099791   1.026730669116235e-15
                 5.46875       2.037126486312132   1.026730669116235e-15
                 5.46875       2.086213871524472   1.026730669116235e-15
                 5.46875       2.135301256736812   1.026730669116235e-15
                 5.46875       2.184388641949153   1.026730669116235e-15
                 5.46875       2.233476027161494   1.026730669116235e-15
                 5.46875       2.282563412373834   1.026730669116235e-15
                 5.46875       2.331650797586175   1.026730669116235e-15
                 5.46875       2.380738182798515   1.026730669116235e-15
                 5.46875       2.429825568010856   1.026730669116235e-15
                 5.46875       2.478912953223196   1.026730669116235e-15
                 5.46875       2.528000338435537   1.026730669116235e-15
                 5.46875       2.577087723647877   1.026730669116235e-15
                 5.46875       2.626175108860218   1.026730669116235e-15
                 5.46875       2.675262494072558   1.026730669116235e-15
                 5.46875       2.724349879284899   1.026730669116235e-15
                 5.46875       2.773437264497239   1.026730669116235e-15
                 5.46875        2.82252464970958   1.026730669116235e-15
                 5.46875        2.87161203492192   1.026730669116235e-15
                 5.46875       2.920699420134261   1.026730669116235e-15
                 5.46875       2.969786805346601   1.026730669116235e-15
                 5.46875       3.018874190558942   1.026730669116235e-15
                 5.46875       3.067961575771282   1.026730669116235e-15
                 5.46875       3.117048960983623   1.026730669116235e-15

                 5.53125     0.02454369260617026   5.162726025028763e-16
                 5.53125     0.07363107781851078   5.162726025028763e-16
                 5.53125      0.1227184630308513   5.162726025028763e-16
                 5.53125      0.1718058482431918   5.162726025028763e-16
                 5.53125      0.2208932334555323   5.162726025028763e-16
                 5.53125      0.2699806186678728   5.162726025028763e-16
                 5.53125      0.3190680038802134   5.162726025028763e-16
                 5.53125      0.3681553890925539   5.162726025028763e-16
                 5.53125      0.4172427743048944   5.162726025028763e-16
                 5.53125      0.4663301595172349   5.162726025028763e-16
                 5.53125      0.5154175447295755   5.162726025028763e-16
                 5.53125      0.5645049299419159   5.162726025028763e-16
                 5.53125      0.6135923151542565   5.162726025028763e-16
                 5.53125       0.662679700366597   5.162726025028763e-16
                 5.53125      0.7117670855789375   5.162726025028763e-16
                 5.53125       0.760854470791278   5.162726025028763e-16
                 5.53125      0.8099418560036186   5.162726025028763e-16
                 5.53125       0.859029241215959   5.162726025028763e-16
                 5.53125      0.9081166264282996   5.162726025028763e-16
                 5.53125      0.9572040116406401   5.162726025028763e-16
                 5.53125       1.006291396852981   5.162726025028763e-16
                 5.53125       1.055378782065321   5.162726025028763e-16
                 5.53125       1.104466167277662   5.162726025028763e-16
                 5.53125       1.153553552490002   5.162726025028763e-16
                 5.53125       1.202640937702343   5.162726025028763e-16
                 5.53125       1.251728322914683   5.162726025028763e-16
                 5.53125       1.300815708127024   5.162726025028763e-16
                 5.53125       1.349903093339364   5.162726025028763e-16
                 5.53125       1.398990478551705   5.162726025028763e-16
                 5.53125       1.448077863764045   5.162726025028763e-16
                 5.53125       1.497165248976386   5.162726025028763e-16
                 5.53125       1.546252634188726   5.162726025028763e-16
                 5.53125       1.595340019401067   5.162726025028763e-16
                 5.53125       1.644427404613407   5.162726025028763e-16
                 5.53125       1.693514789825748   5.162726025028763e-16
                 5.53125       1.742602175038088   5.162726025028763e-16
                 5.53125       1.791689560250429   5.162726025028763e-16
                 5.53125       1.840776945462769   5.162726025028763e-16
                 5.53125        1.88986433067511   5.162726025028763e-16
                 5.53125       1.938951715887451   5.162726025028763e-16
                 5.53125       1.988039101099791   5.162726025028763e-16
                 5.53125       2.037126486312132   5.162726025028763e-16
                 5.53125       2.086213871524472   5.162726025028763e-16
                 5.53125       2.135301256736812   5.162726025028763e-16
                 5.53125       2.184388641949153   5.162726025028763e-16
                 5.53125       2.233476027161494   5.162726025028763e-16
                 5.53125       2.282563412373834   5.162726025028763e-16
                 5.53125       2.331650797586175   5.162726025028763e-16
                 5.53125       2.380738182798515   5.162726025028763e-16
                 5.53125       2.429825568010856   5.162726025028763e-16
                 5.53125       2.478912953223196   5.162726025028763e-16
                 5.53125       2.528000338435537   5.162726025028763e-16
                 5.53125       2.577087723647877   5.162726025028763e-16
                 5.53125       2.626175108860218   5.162726025028763e-16
                 5.53125       2.675262494072558   5.162726025028763e-16
                 5.53125       2.724349879284899   5.162726025028763e-16
                 5.53125       2.773437264497239   5.162726025028763e-16
                 5.53125        2.82252464970958   5.162726025028763e-16
                 5.53125        2.87161203492192   5.162726025028763e-16
                 5.53125       2.920699420134261   5.162726025028763e-16
                 5.53125       2.969786805346601   5.162726025028763e-16
                 5.53125       3.018874190558942   5.162726025028763e-16
                 5.53125       3.067961575771282   5.162726025028763e-16
                 5.53125       3.117048960983623   5.162726025028763e-16

                 5.59375     0.02454369260617026   2.575779584136093e-16
                 5.59375     0.07363107781851078   2.575779584136093e-16
                 5.59375      0.1227184630308513   2.575779584136093e-16
                 5.59375      0.1718058482431918   2.575779584136093e-16
                 5.59375      0.2208932334555323   2.575779584136093e-16
                 5.59375      0.2699806186678728   2.575779584136093e-16
                 5.59375      0.3190680038802134   2.575779584136093e-16
                 5.59375      0.3681553890925539   2.575779584136093e-16
                 5.59375      0.4172427743048944   2.575779584136093e-16
                 5.59375      0.4663301595172349   2.575779584136093e-16
                 5.59375      0.5154175447295755   2.575779584136093e-16
                 5.59375      0.5645049299419159   2.575779584136093e-16
                 5.59375      0.6135923151542565   2.575779584136093e-16
                 5.59375       0.662679700366597   2.575779584136093e-16
                 5.59375      0.7117670855789375   2.575779584136093e-16
                 5.59375       0.760854470791278   2.575779584136093e-16
                 5.59375      0.8099418560036186   2.575779584136093e-16
                 5.59375       0.859029241215959   2.575779584136093e-16
                 5.59375      0.9081166264282996   2.575779584136093e-16
                 5.59375      0.9572040116406401   2.575779584136093e-16
                 5.59375       1.006291396852981   2.575779584136093e-16
                 5.59375       1.055378782065321   2.575779584136093e-16
                 5.59375       1.104466167277662   2.575779584136093e-16
                 5.59375       1.153553552490002   2.575779584136093e-16
                 5.59375       1.202640937702343   2.575779584136093e-16
                 5.59375       1.251728322914683   2.575779584136093e-16
                 5.59375       1.300815708127024   2.575779584136093e-16
                 5.59375       1.349903093339364   2.575779584136093e-16
                 5.59375       1.398990478551705   2.575779584136093e-16
                 5.59375       1.448077863764045   2.575779584136093e-16
                 5.59375       1.497165248976386   2.575779584136093e-16
                 5.59375       1.546252634188726   2.575779584136093e-16
                 5.59375       1.595340019401067   2.575779584136093e-16
                 5.59375       1.644427404613407   2.575779584136093e-16
                 5.59375       1.693514789825748   2.575779584136093e-16
                 5.59375       1.742602175038088   2.575779584136093e-16
                 5.59375       1.791689560250429   2.575779584136093e-16
                 5.59375       1.840776945462769   2.575779584136093e-16
                 5.59375        1.88986433067511   2.575779584136093e-16
                 5.59375       1.938951715887451   2.575779584136093e-16
                 5.59375       1.988039101099791   2.575779584136093e-16
                 5.59375       2.037126486312132   2.575779584136093e-16
                 5.59375       2.086213871524472   2.575779584136093e-16
                 5.59375       2.135301256736812   2.575779584136093e-16
                 5.59375       2.184388641949153   2.575779584136093e-16
                 5.59375       2.233476027161494   2.575779584136093e-16
                 5.59375       2.282563412373834   2.575779584136093e-16
                 5.59375       2.331650797586175   2.575779584136093e-16
                 5.59375       2.380738182798515   2.575779584136093e-16
                 5.59375       2.429825568010856   2.575779584136093e-16
                 5.59375       2.478912953223196   2.575779584136093e-16
                 5.59375       2.528000338435537   2.575779584136093e-16
                 5.59375       2.577087723647877   2.575779584136093e-16
                 5.59375       2.626175108860218   2.575779584136093e-16
                 5.59375       2.675262494072558   2.575779584136093e-16
                 5.59375       2.724349879284899   2.575779584136093e-16
                 5.59375       2.773437264497239   2.575779584136093e-16
                 5.59375        2.82252464970958   2.575779584136093e-16
                 5.59375        2.87161203492192   2.575779584136093e-16
                 5.59375       2.920699420134261   2.575779584136093e-16
                 5.59375       2.969786805346601   2.575779584136093e-16
                 5.59375       3.018874190558942   2.575779584136093e-16
                 5.59375       3.067961575771282   2.575779584136093e-16
                 5.59375       3.117048960983623   2.575779584136093e-16

                 5.65625     0.02454369260617026   1.275103356717002e-16
                 5.65625     0.07363107781851078   1.275103356717002e-16
                 5.65625      0.1227184630308513   1.275103356717002e-16
                 5.65625      0.1718058482431918   1.275103356717002e-16
                 5.65625      0.2208932334555323   1.275103356717002e-16
                 5.65625      0.2699806186678728   1.275103356717002e-16
                 5.65625      0.3190680038802134   1.275103356717002e-16
                 5.65625      0.3681553890925539   1.275103356717002e-16
                 5.65625      0.4172427743048944   1.275103356717002e-16
                 5.65625      0.4663301595172349   1.275103356717002e-16
                 5.65625      0.5154175447295755   1.275103356717002e-16
                 5.65625      0.5645049299419159   1.275103356717002e-16
                 5.65625      0.6135923151542565   1.275103356717002e-16
                 5.65625       0.662679700366597   1.275103356717002e-16
                 5.65625      0.7117670855789375   1.275103356717002e-16
                 5.65625       0.760854470791278   1.275103356717002e-16
                 5.65625      0.8099418560036186   1.275103356717002e-16
                 5.65625       0.859029241215959   1.275103356717002e-16
                 5.65625      0.9081166264282996   1.275103356717002e-16
                 5.65625      0.9572040116406401   1.275103356717002e-16
                 5.65625       1.006291396852981   1.275103356717002e-16
                 5.65625       1.055378782065321   1.275103356717002e-16
                 5.65625       1.104466167277662   1.275103356717002e-16
                 5.65625       1.153553552490002   1.275103356717002e-16
                 5.65625       1.202640937702343   1.275103356717002e-16
                 5.65625       1.251728322914683   1.275103356717002e-16
                 5.65625       1.300815708127024   1.275103356717002e-16
                 5.65625       1.349903093339364   1.275103356717002e-16
                 5.65625       1.398990478551705   1.275103356717002e-16
                 5.65625       1.448077863764045   1.275103356717002e-16
                 5.65625       1.497165248976386   1.275103356717002e-16
                 5.65625       1.546252634188726   1.275103356717002e-16
                 5.65625       1.595340019401067   1.275103356717002e-16
                 5.65625       1.644427404613407   1.275103356717002e-16
                 5.65625       1.693514789825748   1.275103356717002e-16
                 5.65625       1.742602175038088   1.275103356717002e-16
                 5.65625       1.791689560250429   1.275103356717002e-16
                 5.65625       1.840776945462769   1.275103356717002e-16
                 5.65625        1.88986433067511   1.275103356717002e-16
                 5.65625       1.938951715887451   1.275103356717002e-16
                 5.65625       1.988039101099791   1.275103356717002e-16
                 5.65625       2.037126486312132   1.275103356717002e-16
                 5.65625       2.086213871524472   1.275103356717002e-16
                 5.65625       2.135301256736812   1.275103356717002e-16
                 5.65625       2.184388641949153   1.275103356717002e-16
                 5.65625       2.233476027161494   1.275103356717002e-16
                 5.65625       2.282563412373834   1.275103356717002e-16
                 5.65625       2.331650797586175   1.275103356717002e-16
                 5.65625       2.380738182798515   1.275103356717002e-16
                 5.65625       2.429825568010856   1.275103356717002e-16
                 5.65625       2.478912953223196   1.275103356717002e-16
                 5.65625       2.528000338435537   1.275103356717002e-16
                 5.65625       2.577087723647877   1.275103356717002e-16
                 5.65625       2.626175108860218   1.275103356717002e-16
                 5.65625       2.675262494072558   1.275103356717002e-16
                 5.65625       2.724349879284899   1.275103356717002e-16
                 5.65625       2.773437264497239   1.275103356717002e-16
                 5.65625        2.82252464970958   1.275103356717002e-16
                 5.65625        2.87161203492192   1.275103356717002e-16
                 5.65625       2.920699420134261   1.275103356717002e-16
                 5.65625       2.969786805346601   1.275103356717002e-16
                 5.65625       3.018874190558942   1.275103356717002e-16
                 5.65625       3.067961575771282   1.275103356717002e-16
                 5.65625       3.117048960983623   1.275103356717002e-16

                 5.71875     0.02454369260617026   6.263097258051737e-17
                 5.71875     0.07363107781851078   6.263097258051737e-17
                 5.71875      0.1227184630308513   6.263097258051737e-17
                 5.71875      0.1718058482431918   6.263097258051737e-17
                 5.71875      0.2208932334555323   6.263097258051737e-17
                 5.71875      0.2699806186678728   6.263097258051737e-17
                 5.71875      0.3190680038802134   6.263097258051737e-17
                 5.71875      0.3681553890925539   6.263097258051737e-17
                 5.71875      0.4172427743048944   6.263097258051737e-17
                 5.71875      0.4663301595172349   6.263097258051737e-17
                 5.71875      0.5154175447295755   6.263097258051737e-17
                 5.71875      0.5645049299419159   6.263097258051737e-17
                 5.71875      0.6135923151542565   6.263097258051737e-17
                 5.71875       0.662679700366597   6.263097258051737e-17
                 5.71875      0.7117670855789375   6.263097258051737e-17
                 5.71875       0.760854470791278   6.263097258051737e-17
                 5.71875      0.8099418560036186   6.263097258051737e-17
                 5.71875       0.859029241215959   6.263097258051737e-17
                 5.71875      0.9081166264282996   6.263097258051737e-17
                 5.71875      0.9572040116406401   6.263097258051737e-17
                 5.71875       1.006291396852981   6.263097258051737e-17
                 5.71875       1.055378782065321   6.263097258051737e-17
                 5.71875       1.104466167277662   6.263097258051737e-17
                 5.71875       1.153553552490002   6.263097258051737e-17
                 5.71875       1.202640937702343   6.263097258051737e-17
                 5.71875       1.251728322914683   6.263097258051737e-17
                 5.71875       1.300815708127024   6.263097258051737e-17
                 5.71875       1.349903093339364   6.263097258051737e-17
                 5.71875       1.398990478551705   6.263097258051737e-17
                 5.71875       1.448077863764045   6.263097258051737e-17
                 5.71875       1.497165248976386   6.263097258051737e-17
                 5.71875       1.546252634188726   6.263097258051737e-17
                 5.71875       1.595340019401067   6.263097258051737e-17
                 5.71875       1.644427404613407   6.263097258051737e-17
                 5.71875       1.693514789825748   6.263097258051737e-17
                 5.71875       1.742602175038088   6.263097258051737e-17
                 5.71875       1.791689560250429   6.263097258051737e-17
                 5.71875       1.840776945462769   6.263097258051737e-17
                 5.71875        1.88986433067511   6.263097258051737e-17
                 5.71875       1.938951715887451   6.263097258051737e-17
                 5.71875       1.988039101099791   6.263097258051737e-17
                 5.71875       2.037126486312132   6.263097258051737e-17
                 5.71875       2.086213871524472   6.263097258051737e-17
                 5.71875       2.135301256736812   6.263097258051737e-17
                 5.71875       2.184388641949153   6.263097258051737e-17
                 5.71875       2.233476027161494   6.263097258051737e-17
                 5.71875       2.282563412373834   6.263097258051737e-17
                 5.71875       2.331650797586175   6.263097258051737e-17
                 5.71875       2.380738182798515   6.263097258051737e-17
                 5.71875       2.429825568010856   6.263097258051737e-17
                 5.71875       2.478912953223196   6.263097258051737e-17
                 5.71875       2.528000338435537   6.263097258051737e-17
                 5.71875       2.577087723647877   6.263097258051737e-17
                 5.71875       2.626175108860218   6.263097258051737e-17
                 5.71875       2.675262494072558   6.263097258051737e-17
                 5.71875       2.724349879284899   6.263097258051737e-17
                 5.71875       2.773437264497239   6.263097258051737e-17
                 5.71875        2.82252464970958   6.263097258051737e-17
                 5.71875        2.87161203492192   6.263097258051737e-17
                 5.71875       2.920699420134261   6.263097258051737e-17
                 5.71875       2.969786805346601   6.263097258051737e-17
                 5.71875       3.018874190558942   6.263097258051737e-17
                 5.71875       3.067961575771282   6.263097258051737e-17
                 5.71875       3.117048960983623   6.263097258051737e-17

                 5.78125     0.02454369260617026    3.05238982324621e-17
                 5.78125     0.07363107781851078    3.05238982324621e-17
                 5.78125      0.1227184630308513    3.05238982324621e-17
                 5.78125      0.1718058482431918    3.05238982324621e-17
                 5.78125      0.2208932334555323    3.05238982324621e-17
                 5.78125      0.2699806186678728    3.05238982324621e-17
                 5.78125      0.3190680038802134    3.05238982324621e-17
                 5.78125      0.3681553890925539    3.05238982324621e-17
                 5.78125      0.4172427743048944    3.05238982324621e-17
                 5.78125      0.4663301595172349    3.05238982324621e-17
                 5.78125      0.5154175447295755    3.05238982324621e-17
                 5.78125      0.5645049299419159    3.05238982324621e-17
                 5.78125      0.6135923151542565    3.05238982324621e-17
                 5.78125       0.662679700366597    3.05238982324621e-17
                 5.78125      0.7117670855789375    3.05238982324621e-17
                 5.78125       0.760854470791278    3.05238982324621e-17
                 5.78125      0.8099418560036186    3.05238982324621e-17
                 5.78125       0.859029241215959    3.05238982324621e-17
                 5.78125      0.9081166264282996    3.05238982324621e-17
                 5.78125      0.9572040116406401    3.05238982324621e-17
                 5.78125       1.006291396852981    3.05238982324621e-17
                 5.78125       1.055378782065321    3.05238982324621e-17
                 5.78125       1.104466167277662    3.05238982324621e-17
                 5.78125       1.153553552490002    3.05238982324621e-17
                 5.78125       1.202640937702343    3.05238982324621e-17
                 5.78125       1.251728322914683    3.05238982324621e-17
                 5.78125       1.300815708127024    3.05238982324621e-17
                 5.78125       1.349903093339364    3.05238982324621e-17
                 5.78125       1.398990478551705    3.05238982324621e-17
                 5.78125       1.448077863764045    3.05238982324621e-17
                 5.78125       1.497165248976386    3.05238982324621e-17
                 5.78125       1.546252634188726    3.05238982324621e-17
                 5.78125       1.595340019401067    3.05238982324621e-17
                 5.78125       1.644427404613407    3.05238982324621e-17
                 5.78125       1.693514789825748    3.05238982324621e-17
                 5.78125       1.742602175038088    3.05238982324621e-17
                 5.78125       1.791689560250429    3.05238982324621e-17
                 5.78125       1.840776945462769    3.05238982324621e-17
                 5.78125        1.88986433067511    3.05238982324621e-17
                 5.78125       1.938951715887451    3.05238982324621e-17
                 5.78125       1.988039101099791    3.05238982324621e-17
                 5.78125       2.037126486312132    3.05238982324621e-17
                 5.78125       2.086213871524472    3.05238982324621e-17
                 5.78125       2.135301256736812    3.05238982324621e-17
                 5.78125       2.184388641949153    3.05238982324621e-17
                 5.78125       2.233476027161494    3.05238982324621e-17
                 5.78125       2.282563412373834    3.05238982324621e-17
                 5.78125       2.331650797586175    3.05238982324621e-17
                 5.78125       2.380738182798515    3.05238982324621e-17
                 5.78125       2.429825568010856    3.05238982324621e-17
                 5.78125       2.478912953223196    3.05238982324621e-17
                 5.78125       2.528000338435537    3.05238982324621e-17
                 5.78125       2.577087723647877    3.05238982324621e-17
                 5.78125       2.626175108860218    3.05238982324621e-17
                 5.78125       2.675262494072558    3.05238982324621e-17
                 5.78125       2.724349879284899    3.05238982324621e-17
                 5.78125       2.773437264497239    3.05238982324621e-17
                 5.78125        2.82252464970958    3.05238982324621e-17
                 5.78125        2.87161203492192    3.05238982324621e-17
                 5.78125       2.920699420134261    3.05238982324621e-17
                 5.78125       2.969786805346601    3.05238982324621e-17
                 5.78125       3.018874190558942    3.05238982324621e-17
                 5.78125       3.067961575771282    3.05238982324621e-17
                 5.78125       3.117048960983623    3.05238982324621e-17

                 5.84375     0.02454369260617026   1.476039271321458e-17
                 5.84375     0.07363107781851078   1.476039271321458e-17
                 5.84375      0.1227184630308513   1.476039271321458e-17
                 5.84375      0.1718058482431918   1.476039271321458e-17
                 5.84375      0.2208932334555323   1.476039271321458e-17
                 5.84375      0.2699806186678728   1.476039271321458e-17
                 5.84375      0.3190680038802134   1.476039271321458e-17
                 5.84375      0.3681553890925539   1.476039271321458e-17
                 5.84375      0.4172427743048944   1.476039271321458e-17
                 5.84375      0.4663301595172349   1.476039271321458e-17
                 5.84375      0.5154175447295755   1.476039271321458e-17
                 5.84375      0.5645049299419159   1.476039271321458e-17
                 5.84375      0.6135923151542565   1.476039271321458e-17
                 5.84375       0.662679700366597   1.476039271321458e-17
                 5.84375      0.7117670855789375   1.476039271321458e-17
                 5.84375       0.760854470791278   1.476039271321458e-17
                 5.84375      0.8099418560036186   1.476039271321458e-17
                 5.84375       0.859029241215959   1.476039271321458e-17
                 5.84375      0.9081166264282996   1.476039271321458e-17
                 5.84375      0.9572040116406401   1.476039271321458e-17
                 5.84375       1.006291396852981   1.476039271321458e-17
                 5.84375       1.055378782065321   1.476039271321458e-17
                 5.84375       1.104466167277662   1.476039271321458e-17
                 5.84375       1.153553552490002   1.476039271321458e-17
                 5.84375       1.202640937702343   1.476039271321458e-17
                 5.84375       1.251728322914683   1.476039271321458e-17
                 5.84375       1.300815708127024   1.476039271321458e-17
                 5.84375       1.349903093339364   1.476039271321458e-17
                 5.84375       1.398990478551705   1.476039271321458e-17
                 5.84375       1.448077863764045   1.476039271321458e-17
                 5.84375       1.497165248976386   1.476039271321458e-17
                 5.84375       1.546252634188726   1.476039271321458e-17
                 5.84375       1.595340019401067   1.476039271321458e-17
                 5.84375       1.644427404613407   1.476039271321458e-17
                 5.84375       1.693514789825748   1.476039271321458e-17
                 5.84375       1.742602175038088   1.476039271321458e-17
                 5.84375       1.791689560250429   1.476039271321458e-17
                 5.84375       1.840776945462769   1.476039271321458e-17
                 5.84375        1.88986433067511   1.476039271321458e-17
                 5.84375       1.938951715887451   1.476039271321458e-17
                 5.84375       1.988039101099791   1.476039271321458e-17
                 5.84375       2.037126486312132   1.476039271321458e-17
                 5.84375       2.086213871524472   1.476039271321458e-17
                 5.84375       2.135301256736812   1.476039271321458e-17
                 5.84375       2.184388641949153   1.476039271321458e-17
                 5.84375       2.233476027161494   1.476039271321458e-17
                 5.84375       2.282563412373834   1.476039271321458e-17
                 5.84375       2.331650797586175   1.476039271321458e-17
                 5.84375       2.380738182798515   1.476039271321458e-17
                 5.84375       2.429825568010856   1.476039271321458e-17
                 5.84375       2.478912953223196   1.476039271321458e-17
                 5.84375       2.528000338435537   1.476039271321458e-17
                 5.84375       2.577087723647877   1.476039271321458e-17
                 5.84375       2.626175108860218   1.476039271321458e-17
                 5.84375       2.675262494072558   1.476039271321458e-17
                 5.84375       2.724349879284899   1.476039271321458e-17
                 5.84375       2.773437264497239   1.476039271321458e-17
                 5.84375        2.82252464970958   1.476039271321458e-17
                 5.84375        2.87161203492192   1.476039271321458e-17
                 5.84375       2.920699420134261   1.476039271321458e-17
                 5.84375       2.969786805346601   1.476039271321458e-17
                 5.84375       3.018874190558942   1.476039271321458e-17
                 5.84375       3.067961575771282   1.476039271321458e-17
                 5.84375       3.117048960983623   1.476039271321458e-17

                 5.90625     0.02454369260617026    7.08211382080041e-18
                 5.90625     0.07363107781851078    7.08211382080041e-18
                 5.90625      0.1227184630308513    7.08211382080041e-18
                 5.90625      0.1718058482431918    7.08211382080041e-18
                 5.90625      0.2208932334555323    7.08211382080041e-18
                 5.90625      0.2699806186678728    7.08211382080041e-18
                 5.90625      0.3190680038802134    7.08211382080041e-18
                 5.90625      0.3681553890925539    7.08211382080041e-18
                 5.90625      0.4172427743048944    7.08211382080041e-18
                 5.90625      0.4663301595172349    7.08211382080041e-18
                 5.90625      0.5154175447295755    7.08211382080041e-18
                 5.90625      0.5645049299419159    7.08211382080041e-18
                 5.90625      0.6135923151542565    7.08211382080041e-18
                 5.90625       0.662679700366597    7.08211382080041e-18
                 5.90625      0.7117670855789375    7.08211382080041e-18
                 5.90625       0.760854470791278    7.08211382080041e-18
                 5.90625      0.8099418560036186    7.08211382080041e-18
                 5.90625       0.859029241215959    7.08211382080041e-18
                 5.90625      0.9081166264282996    7.08211382080041e-18
                 5.90625      0.9572040116406401    7.08211382080041e-18
                 5.90625       1.006291396852981    7.08211382080041e-18
                 5.90625       1.055378782065321    7.08211382080041e-18
                 5.90625       1.104466167277662    7.08211382080041e-18
                 5.90625       1.153553552490002    7.08211382080041e-18
                 5.90625       1.202640937702343    7.08211382080041e-18
                 5.90625       1.251728322914683    7.08211382080041e-18
                 5.90625       1.300815708127024    7.08211382080041e-18
                 5.90625       1.349903093339364    7.08211382080041e-18
                 5.90625       1.398990478551705    7.08211382080041e-18
                 5.90625       1.448077863764045    7.08211382080041e-18
                 5.90625       1.497165248976386    7.08211382080041e-18
                 5.90625       1.546252634188726    7.08211382080041e-18
                 5.90625       1.595340019401067    7.08211382080041e-18
                 5.90625       1.644427404613407    7.08211382080041e-18
                 5.90625       1.693514789825748    7.08211382080041e-18
                 5.90625       1.742602175038088    7.08211382080041e-18
                 5.90625       1.791689560250429    7.08211382080041e-18
                 5.90625       1.840776945462769    7.08211382080041e-18
                 5.90625        1.88986433067511    7.08211382080041e-18
                 5.90625       1.938951715887451    7.08211382080041e-18
                 5.90625       1.988039101099791    7.08211382080041e-18
                 5.90625       2.037126486312132    7.08211382080041e-18
                 5.90625       2.086213871524472    7.08211382080041e-18
                 5.90625       2.135301256736812    7.08211382080041e-18
                 5.90625       2.184388641949153    7.08211382080041e-18
                 5.90625       2.233476027161494    7.08211382080041e-18
                 5.90625       2.282563412373834    7.08211382080041e-18
                 5.90625       2.331650797586175    7.08211382080041e-18
                 5.90625       2.380738182798515    7.08211382080041e-18
                 5.90625       2.429825568010856    7.08211382080041e-18
                 5.90625       2.478912953223196    7.08211382080041e-18
                 5.90625       2.528000338435537    7.08211382080041e-18
                 5.90625       2.577087723647877    7.08211382080041e-18
                 5.90625       2.626175108860218    7.08211382080041e-18
                 5.90625       2.675262494072558    7.08211382080041e-18
                 5.90625       2.724349879284899    7.08211382080041e-18
                 5.90625       2.773437264497239    7.08211382080041e-18
                 5.90625        2.82252464970958    7.08211382080041e-18
                 5.90625        2.87161203492192    7.08211382080041e-18
                 5.90625       2.920699420134261    7.08211382080041e-18
                 5.90625       2.969786805346601    7.08211382080041e-18
                 5.90625       3.018874190558942    7.08211382080041e-18
                 5.90625       3.067961575771282    7.08211382080041e-18
                 5.90625       3.117048960983623    7.08211382080041e-18

                 5.96875     0.02454369260617026   3.371591625844554e-18
                 5.96875     0.07363107781851078   3.371591625844554e-18
                 5.96875      0.1227184630308513   3.371591625844554e-18
                 5.96875      0.1718058482431918   3.371591625844554e-18
                 5.96875      0.2208932334555323   3.371591625844554e-18
                 5.96875      0.2699806186678728   3.371591625844554e-18
                 5.96875      0.3190680038802134   3.371591625844554e-18
                 5.96875      0.3681553890925539   3.371591625844554e-18
                 5.96875      0.4172427743048944   3.371591625844554e-18
                 5.96875      0.4663301595172349   3.371591625844554e-18
                 5.96875      0.5154175447295755   3.371591625844554e-18
                 5.96875      0.5645049299419159   3.371591625844554e-18
                 5.96875      0.6135923151542565   3.371591625844554e-18
                 5.96875       0.662679700366597   3.371591625844554e-18
                 5.96875      0.7117670855789375   3.371591625844554e-18
                 5.96875       0.760854470791278   3.371591625844554e-18
                 5.96875      0.8099418560036186   3.371591625844554e-18
                 5.96875       0.859029241215959   3.371591625844554e-18
                 5.96875      0.9081166264282996   3.371591625844554e-18
                 5.96875      0.9572040116406401   3.371591625844554e-18
                 5.96875       1.006291396852981   3.371591625844554e-18
                 5.96875       1.055378782065321   3.371591625844554e-18
                 5.96875       1.104466167277662   3.371591625844554e-18
                 5.96875       1.153553552490002   3.371591625844554e-18
                 5.96875       1.202640937702343   3.371591625844554e-18
                 5.96875       1.251728322914683   3.371591625844554e-18
                 5.96875       1.300815708127024   3.371591625844554e-18
                 5.96875       1.349903093339364   3.371591625844554e-18
                 5.96875       1.398990478551705   3.371591625844554e-18
                 5.96875       1.448077863764045   3.371591625844554e-18
                 5.96875       1.497165248976386   3.371591625844554e-18
                 5.96875       1.546252634188726   3.371591625844554e-18
                 5.96875       1.595340019401067   3.371591625844554e-18
                 5.96875       1.644427404613407   3.371591625844554e-18
                 5.96875       1.693514789825748   3.371591625844554e-18
                 5.96875       1.742602175038088   3.371591625844554e-18
                 5.96875       1.791689560250429   3.371591625844554e-18
                 5.96875       1.840776945462769   3.371591625844554e-18
                 5.96875        1.88986433067511   3.371591625844554e-18
                 5.96875       1.938951715887451   3.371591625844554e-18
                 5.96875       1.988039101099791   3.371591625844554e-18
                 5.96875       2.037126486312132   3.371591625844554e-18
                 5.96875       2.086213871524472   3.371591625844554e-18
                 5.96875       2.135301256736812   3.371591625844554e-18
                 5.96875       2.184388641949153   3.371591625844554e-18
                 5.96875       2.233476027161494   3.371591625844554e-18
                 5.96875       2.282563412373834   3.371591625844554e-18
                 5.96875       2.331650797586175   3.371591625844554e-18
                 5.96875       2.380738182798515   3.371591625844554e-18
                 5.96875       2.429825568010856   3.371591625844554e-18
                 5.96875       2.478912953223196   3.371591625844554e-18
                 5.96875       2.528000338435537   3.371591625844554e-18
                 5.96875       2.577087723647877   3.371591625844554e-18
                 5.96875       2.626175108860218   3.371591625844554e-18
                 5.96875       2.675262494072558   3.371591625844554e-18
                 5.96875       2.724349879284899   3.371591625844554e-18
                 5.96875       2.773437264497239   3.371591625844554e-18
                 5.96875        2.82252464970958   3.371591625844554e-18
                 5.96875        2.87161203492192   3.371591625844554e-18
                 5.96875       2.920699420134261   3.371591625844554e-18
                 5.96875       2.969786805346601   3.371591625844554e-18
                 5.96875       3.018874190558942   3.371591625844554e-18
                 5.96875       3.067961575771282   3.371591625844554e-18
                 5.96875       3.117048960983623   3.371591625844554e-18

                 6.03125     0.02454369260617026   1.592627113550665e-18
                 6.03125     0.07363107781851078   1.592627113550665e-18
                 6.03125      0.1227184630308513   1.592627113550665e-18
                 6.03125      0.1718058482431918   1.592627113550665e-18
                 6.03125      0.2208932334555323   1.592627113550665e-18
                 6.03125      0.2699806186678728   1.592627113550665e-18
                 6.03125      0.3190680038802134   1.592627113550665e-18
                 6.03125      0.3681553890925539   1.592627113550665e-18
                 6.03125      0.4172427743048944   1.592627113550665e-18
                 6.03125      0.4663301595172349   1.592627113550665e-18
                 6.03125      0.5154175447295755   1.592627113550665e-18
                 6.03125      0.5645049299419159   1.592627113550665e-18
                 6.03125      0.6135923151542565   1.592627113550665e-18
                 6.03125       0.662679700366597   1.592627113550665e-18
                 6.03125      0.7117670855789375   1.592627113550665e-18
                 6.03125       0.760854470791278   1.592627113550665e-18
                 6.03125      0.8099418560036186   1.592627113550665e-18
                 6.03125       0.859029241215959   1.592627113550665e-18
                 6.03125      0.9081166264282996   1.592627113550665e-18
                 6.03125      0.9572040116406401   1.592627113550665e-18
                 6.03125       1.006291396852981   1.592627113550665e-18
                 6.03125       1.055378782065321   1.592627113550665e-18
                 6.03125       1.104466167277662   1.592627113550665e-18
                 6.03125       1.153553552490002   1.592627113550665e-18
                 6.03125       1.202640937702343   1.592627113550665e-18
                 6.03125       1.251728322914683   1.592627113550665e-18
                 6.03125       1.300815708127024   1.592627113550665e-18
                 6.03125       1.349903093339364   1.592627113550665e-18
                 6.03125       1.398990478551705   1.592627113550665e-18
                 6.03125       1.448077863764045   1.592627113550665e-18
                 6.03125       1.497165248976386   1.592627113550665e-18
                 6.03125       1.546252634188726   1.592627113550665e-18
                 6.03125       1.595340019401067   1.592627113550665e-18
                 6.03125       1.644427404613407   1.592627113550665e-18
                 6.03125       1.693514789825748   1.592627113550665e-18
                 6.03125       1.742602175038088   1.592627113550665e-18
                 6.03125       1.791689560250429   1.592627113550665e-18
                 6.03125       1.840776945462769   1.592627113550665e-18
                 6.03125        1.88986433067511   1.592627113550665e-18
                 6.03125       1.938951715887451   1.592627113550665e-18
                 6.03125       1.988039101099791   1.592627113550665e-18
                 6.03125       2.037126486312132   1.592627113550665e-18
                 6.03125       2.086213871524472   1.592627113550665e-18
                 6.03125       2.135301256736812   1.592627113550665e-18
                 6.03125       2.184388641949153   1.592627113550665e-18
                 6.03125       2.233476027161494   1.592627113550665e-18
                 6.03125       2.282563412373834   1.592627113550665e-18
                 6.03125       2.331650797586175   1.592627113550665e-18
                 6.03125       2.380738182798515   1.592627113550665e-18
                 6.03125       2.429825568010856   1.592627113550665e-18
                 6.03125       2.478912953223196   1.592627113550665e-18
                 6.03125       2.528000338435537   1.592627113550665e-18
                 6.03125       2.577087723647877   1.592627113550665e-18
                 6.03125       2.626175108860218   1.592627113550665e-18
                 6.03125       2.675262494072558   1.592627113550665e-18
                 6.03125       2.724349879284899   1.592627113550665e-18
                 6.03125       2.773437264497239   1.592627113550665e-18
                 6.03125        2.82252464970958   1.592627113550665e-18
                 6.03125        2.87161203492192   1.592627113550665e-18
                 6.03125       2.920699420134261   1.592627113550665e-18
                 6.03125       2.969786805346601   1.592627113550665e-18
                 6.03125       3.018874190558942   1.592627113550665e-18
                 6.03125       3.067961575771282   1.592627113550665e-18
                 6.03125       3.117048960983623   1.592627113550665e-18

                 6.09375     0.02454369260617026   7.464493049712255e-19
                 6.09375     0.07363107781851078   7.464493049712255e-19
                 6.09375      0.1227184630308513   7.464493049712255e-19
                 6.09375      0.1718058482431918   7.464493049712255e-19
                 6.09375      0.2208932334555323   7.464493049712255e-19
                 6.09375      0.2699806186678728   7.464493049712255e-19
                 6.09375      0.3190680038802134   7.464493049712255e-19
                 6.09375      0.3681553890925539   7.464493049712255e-19
                 6.09375      0.4172427743048944   7.464493049712255e-19
                 6.09375      0.4663301595172349   7.464493049712255e-19
                 6.09375      0.5154175447295755   7.464493049712255e-19
                 6.09375      0.5645049299419159   7.464493049712255e-19
                 6.09375      0.6135923151542565   7.464493049712255e-19
                 6.09375       0.662679700366597   7.464493049712255e-19
                 6.09375      0.7117670855789375   7.464493049712255e-19
                 6.09375       0.760854470791278   7.464493049712255e-19
                 6.09375      0.8099418560036186   7.464493049712255e-19
                 6.09375       0.859029241215959   7.464493049712255e-19
                 6.09375      0.9081166264282996   7.464493049712255e-19
                 6.09375      0.9572040116406401   7.464493049712255e-19
                 6.09375       1.006291396852981   7.464493049712255e-19
                 6.09375       1.055378782065321   7.464493049712255e-19
                 6.09375       1.104466167277662   7.464493049712255e-19
                 6.09375       1.153553552490002   7.464493049712255e-19
                 6.09375       1.202640937702343   7.464493049712255e-19
                 6.09375       1.251728322914683   7.464493049712255e-19
                 6.09375       1.300815708127024   7.464493049712255e-19
                 6.09375       1.349903093339364   7.464493049712255e-19
                 6.09375       1.398990478551705   7.464493049712255e-19
                 6.09375       1.448077863764045   7.464493049712255e-19
                 6.09375       1.497165248976386   7.464493049712255e-19
                 6.09375       1.546252634188726   7.464493049712255e-19
                 6.09375       1.595340019401067   7.464493049712255e-19
                 6.09375       1.644427404613407   7.464493049712255e-19
                 6.09375       1.693514789825748   7.464493049712255e-19
                 6.09375       1.742602175038088   7.464493049712255e-19
                 6.09375       1.791689560250429   7.464493049712255e-19
                 6.09375       1.840776945462769   7.464493049712255e-19
                 6.09375        1.88986433067511   7.464493049712255e-19
                 6.09375       1.938951715887451   7.464493049712255e-19
                 6.09375       1.988039101099791   7.464493049712255e-19
                 6.09375       2.037126486312132   7.464493049712255e-19
                 6.09375       2.086213871524472   7.464493049712255e-19
                 6.09375       2.135301256736812   7.464493049712255e-19
                 6.09375       2.184388641949153   7.464493049712255e-19
                 6.09375       2.233476027161494   7.464493049712255e-19
                 6.09375       2.282563412373834   7.464493049712255e-19
                 6.09375       2.331650797586175   7.464493049712255e-19
                 6.09375       2.380738182798515   7.464493049712255e-19
                 6.09375       2.429825568010856   7.464493049712255e-19
                 6.09375       2.478912953223196   7.464493049712255e-19
                 6.09375       2.528000338435537   7.464493049712255e-19
                 6.09375       2.577087723647877   7.464493049712255e-19
                 6.09375       2.626175108860218   7.464493049712255e-19
                 6.09375       2.675262494072558   7.464493049712255e-19
                 6.09375       2.724349879284899   7.464493049712255e-19
                 6.09375       2.773437264497239   7.464493049712255e-19
                 6.09375        2.82252464970958   7.464493049712255e-19
                 6.09375        2.87161203492192   7.464493049712255e-19
                 6.09375       2.920699420134261   7.464493049712255e-19
                 6.09375       2.969786805346601   7.464493049712255e-19
                 6.09375       3.018874190558942   7.464493049712255e-19
                 6.09375       3.067961575771282   7.464493049712255e-19
                 6.09375       3.117048960983623   7.464493049712255e-19

                 6.15625     0.02454369260617026   3.471311645642692e-19
                 6.15625     0.07363107781851078   3.471311645642692e-19
                 6.15625      0.1227184630308513   3.471311645642692e-19
                 6.15625      0.1718058482431918   3.471311645642692e-19
                 6.15625      0.2208932334555323   3.471311645642692e-19
                 6.15625      0.2699806186678728   3.471311645642692e-19
                 6.15625      0.3190680038802134   3.471311645642692e-19
                 6.15625      0.3681553890925539   3.471311645642692e-19
                 6.15625      0.4172427743048944   3.471311645642692e-19
                 6.15625      0.4663301595172349   3.471311645642692e-19
                 6.15625      0.5154175447295755   3.471311645642692e-19
                 6.15625      0.5645049299419159   3.471311645642692e-19
                 6.15625      0.6135923151542565   3.471311645642692e-19
                 6.15625       0.662679700366597   3.471311645642692e-19
                 6.15625      0.7117670855789375   3.471311645642692e-19
                 6.15625       0.760854470791278   3.471311645642692e-19
                 6.15625      0.8099418560036186   3.471311645642692e-19
                 6.15625       0.859029241215959   3.471311645642692e-19
                 6.15625      0.9081166264282996   3.471311645642692e-19
                 6.15625      0.9572040116406401   3.471311645642692e-19
                 6.15625       1.006291396852981   3.471311645642692e-19
                 6.15625       1.055378782065321   3.471311645642692e-19
                 6.15625       1.104466167277662   3.471311645642692e-19
                 6.15625       1.153553552490002   3.471311645642692e-19
                 6.15625       1.202640937702343   3.471311645642692e-19
                 6.15625       1.251728322914683   3.471311645642692e-19
                 6.15625       1.300815708127024   3.471311645642692e-19
                 6.15625       1.349903093339364   3.471311645642692e-19
                 6.15625       1.398990478551705   3.471311645642692e-19
                 6.15625       1.448077863764045   3.471311645642692e-19
                 6.15625       1.497165248976386   3.471311645642692e-19
                 6.15625       1.546252634188726   3.471311645642692e-19
                 6.15625       1.595340019401067   3.471311645642692e-19
                 6.15625       1.644427404613407   3.471311645642692e-19
                 6.15625       1.693514789825748   3.471311645642692e-19
                 6.15625       1.742602175038088   3.471311645642692e-19
                 6.15625       1.791689560250429   3.471311645642692e-19
                 6.15625       1.840776945462769   3.471311645642692e-19
                 6.15625        1.88986433067511   3.471311645642692e-19
                 6.15625       1.938951715887451   3.471311645642692e-19
                 6.15625       1.988039101099791   3.471311645642692e-19
                 6.15625       2.037126486312132   3.471311645642692e-19
                 6.15625       2.086213871524472   3.471311645642692e-19
                 6.15625       2.135301256736812   3.471311645642692e-19
                 6.15625       2.184388641949153   3.471311645642692e-19
                 6.15625       2.233476027161494   3.471311645642692e-19
                 6.15625       2.282563412373834   3.471311645642692e-19
                 6.15625       2.331650797586175   3.471311645642692e-19
                 6.15625       2.380738182798515   3.471311645642692e-19
                 6.15625       2.429825568010856   3.471311645642692e-19
                 6.15625       2.478912953223196   3.471311645642692e-19
                 6.15625       2.528000338435537   3.471311645642692e-19
                 6.15625       2.577087723647877   3.471311645642692e-19
                 6.15625       2.626175108860218   3.471311645642692e-19
                 6.15625       2.675262494072558   3.471311645642692e-19
                 6.15625       2.724349879284899   3.471311645642692e-19
                 6.15625       2.773437264497239   3.471311645642692e-19
                 6.15625        2.82252464970958   3.471311645642692e-19
                 6.15625        2.87161203492192   3.471311645642692e-19
                 6.15625       2.920699420134261   3.471311645642692e-19
                 6.15625       2.969786805346601   3.471311645642692e-19
                 6.15625       3.018874190558942   3.471311645642692e-19
                 6.15625       3.067961575771282   3.471311645642692e-19
                 6.15625       3.117048960983623   3.471311645642692e-19

                 6.21875     0.02454369260617026    1.60174717589585e-19
                 6.21875     0.07363107781851078    1.60174717589585e-19
                 6.21875      0.1227184630308513    1.60174717589585e-19
                 6.21875      0.1718058482431918    1.60174717589585e-19
                 6.21875      0.2208932334555323    1.60174717589585e-19
                 6.21875      0.2699806186678728    1.60174717589585e-19
                 6.21875      0.3190680038802134    1.60174717589585e-19
                 6.21875      0.3681553890925539    1.60174717589585e-19
                 6.21875      0.4172427743048944    1.60174717589585e-19
                 6.21875      0.4663301595172349    1.60174717589585e-19
                 6.21875      0.5154175447295755    1.60174717589585e-19
                 6.21875      0.5645049299419159    1.60174717589585e-19
                 6.21875      0.6135923151542565    1.60174717589585e-19
                 6.21875       0.662679700366597    1.60174717589585e-19
                 6.21875      0.7117670855789375    1.60174717589585e-19
                 6.21875       0.760854470791278    1.60174717589585e-19
                 6.21875      0.8099418560036186    1.60174717589585e-19
                 6.21875       0.859029241215959    1.60174717589585e-19
                 6.21875      0.9081166264282996    1.60174717589585e-19
                 6.21875      0.9572040116406401    1.60174717589585e-19
                 6.21875       1.006291396852981    1.60174717589585e-19
                 6.21875       1.055378782065321    1.60174717589585e-19
                 6.21875       1.104466167277662    1.60174717589585e-19
                 6.21875       1.153553552490002    1.60174717589585e-19
                 6.21875       1.202640937702343    1.60174717589585e-19
                 6.21875       1.251728322914683    1.60174717589585e-19
                 6.21875       1.300815708127024    1.60174717589585e-19
                 6.21875       1.349903093339364    1.60174717589585e-19
                 6.21875       1.398990478551705    1.60174717589585e-19
                 6.21875       1.448077863764045    1.60174717589585e-19
                 6.21875       1.497165248976386    1.60174717589585e-19
                 6.21875       1.546252634188726    1.60174717589585e-19
                 6.21875       1.595340019401067    1.60174717589585e-19
                 6.21875       1.644427404613407    1.60174717589585e-19
                 6.21875       1.693514789825748    1.60174717589585e-19
                 6.21875       1.742602175038088    1.60174717589585e-19
                 6.21875       1.791689560250429    1.60174717589585e-19
                 6.21875       1.840776945462769    1.60174717589585e-19
                 6.21875        1.88986433067511    1.60174717589585e-19
                 6.21875       1.938951715887451    1.60174717589585e-19
                 6.21875       1.988039101099791    1.60174717589585e-19
                 6.21875       2.037126486312132    1.60174717589585e-19
                 6.21875       2.086213871524472    1.60174717589585e-19
                 6.21875       2.135301256736812    1.60174717589585e-19
                 6.21875       2.184388641949153    1.60174717589585e-19
                 6.21875       2.233476027161494    1.60174717589585e-19
                 6.21875       2.282563412373834    1.60174717589585e-19
                 6.21875       2.331650797586175    1.60174717589585e-19
                 6.21875       2.380738182798515    1.60174717589585e-19
                 6.21875       2.429825568010856    1.60174717589585e-19
                 6.21875       2.478912953223196    1.60174717589585e-19
                 6.21875       2.528000338435537    1.60174717589585e-19
                 6.21875       2.577087723647877    1.60174717589585e-19
                 6.21875       2.626175108860218    1.60174717589585e-19
                 6.21875       2.675262494072558    1.60174717589585e-19
                 6.21875       2.724349879284899    1.60174717589585e-19
                 6.21875       2.773437264497239    1.60174717589585e-19
                 6.21875        2.82252464970958    1.60174717589585e-19
                 6.21875        2.87161203492192    1.60174717589585e-19
                 6.21875       2.920699420134261    1.60174717589585e-19
                 6.21875       2.969786805346601    1.60174717589585e-19
                 6.21875       3.018874190558942    1.60174717589585e-19
                 6.21875       3.067961575771282    1.60174717589585e-19
                 6.21875       3.117048960983623    1.60174717589585e-19

                 6.28125     0.02454369260617026   7.333332942485862e-20
                 6.28125     0.07363107781851078   7.333332942485862e-20
                 6.28125      0.1227184630308513   7.333332942485862e-20
                 6.28125      0.1718058482431918   7.333332942485862e-20
                 6.28125      0.2208932334555323   7.333332942485862e-20
                 6.28125      0.2699806186678728   7.333332942485862e-20
                 6.28125      0.3190680038802134   7.333332942485862e-20
                 6.28125      0.3681553890925539   7.333332942485862e-20
                 6.28125      0.4172427743048944   7.333332942485862e-20
                 6.28125      0.4663301595172349   7.333332942485862e-20
                 6.28125      0.5154175447295755   7.333332942485862e-20
                 6.28125      0.5645049299419159   7.333332942485862e-20
                 6.28125      0.6135923151542565   7.333332942485862e-20
                 6.28125       0.662679700366597   7.333332942485862e-20
                 6.28125      0.7117670855789375   7.333332942485862e-20
                 6.28125       0.760854470791278   7.333332942485862e-20
                 6.28125      0.8099418560036186   7.333332942485862e-20
                 6.28125       0.859029241215959   7.333332942485862e-20
                 6.28125      0.9081166264282996   7.333332942485862e-20
                 6.28125      0.9572040116406401   7.333332942485862e-20
                 6.28125       1.006291396852981   7.333332942485862e-20
                 6.28125       1.055378782065321   7.333332942485862e-20
                 6.28125       1.104466167277662   7.333332942485862e-20
                 6.28125       1.153553552490002   7.333332942485862e-20
                 6.28125       1.202640937702343   7.333332942485862e-20
                 6.28125       1.251728322914683   7.333332942485862e-20
                 6.28125       1.300815708127024   7.333332942485862e-20
                 6.28125       1.349903093339364   7.333332942485862e-20
                 6.28125       1.398990478551705   7.333332942485862e-20
                 6.28125       1.448077863764045   7.333332942485862e-20
                 6.28125       1.497165248976386   7.333332942485862e-20
                 6.28125       1.546252634188726   7.333332942485862e-20
                 6.28125       1.595340019401067   7.333332942485862e-20
                 6.28125       1.644427404613407   7.333332942485862e-20
                 6.28125       1.693514789825748   7.333332942485862e-20
                 6.28125       1.742602175038088   7.333332942485862e-20
                 6.28125       1.791689560250429   7.333332942485862e-20
                 6.28125       1.840776945462769   7.333332942485862e-20
                 6.28125        1.88986433067511   7.333332942485862e-20
                 6.28125       1.938951715887451   7.333332942485862e-20
                 6.28125       1.988039101099791   7.333332942485862e-20
                 6.28125       2.037126486312132   7.333332942485862e-20
                 6.28125       2.086213871524472   7.333332942485862e-20
                 6.28125       2.135301256736812   7.333332942485862e-20
                 6.28125       2.184388641949153   7.333332942485862e-20
                 6.28125       2.233476027161494   7.333332942485862e-20
                 6.28125       2.282563412373834   7.333332942485862e-20
                 6.28125       2.331650797586175   7.333332942485862e-20
                 6.28125       2.380738182798515   7.333332942485862e-20
                 6.28125       2.429825568010856   7.333332942485862e-20
                 6.28125       2.478912953223196   7.333332942485862e-20
                 6.28125       2.528000338435537   7.333332942485862e-20
                 6.28125       2.577087723647877   7.333332942485862e-20
                 6.28125       2.626175108860218   7.333332942485862e-20
                 6.28125       2.675262494072558   7.333332942485862e-20
                 6.28125       2.724349879284899   7.333332942485862e-20
                 6.28125       2.773437264497239   7.333332942485862e-20
                 6.28125        2.82252464970958   7.333332942485862e-20
                 6.28125        2.87161203492192   7.333332942485862e-20
                 6.28125       2.920699420134261   7.333332942485862e-20
                 6.28125       2.969786805346601   7.333332942485862e-20
                 6.28125       3.018874190558942   7.333332942485862e-20
                 6.28125       3.067961575771282   7.333332942485862e-20
                 6.28125       3.117048960983623   7.333332942485862e-20

                 6.34375     0.02454369260617026   3.331316633863974e-20
                 6.34375     0.07363107781851078   3.331316633863974e-20
                 6.34375      0.1227184630308513   3.331316633863974e-20
                 6.34375      0.1718058482431918   3.331316633863974e-20
                 6.34375      0.2208932334555323   3.331316633863974e-20
                 6.34375      0.2699806186678728   3.331316633863974e-20
                 6.34375      0.3190680038802134   3.331316633863974e-20
                 6.34375      0.3681553890925539   3.331316633863974e-20
                 6.34375      0.4172427743048944   3.331316633863974e-20
                 6.34375      0.4663301595172349   3.331316633863974e-20
                 6.34375      0.5154175447295755   3.331316633863974e-20
                 6.34375      0.5645049299419159   3.331316633863974e-20
                 6.34375      0.6135923151542565   3.331316633863974e-20
                 6.34375       0.662679700366597   3.331316633863974e-20
                 6.34375      0.7117670855789375   3.331316633863974e-20
                 6.34375       0.760854470791278   3.331316633863974e-20
                 6.34375      0.8099418560036186   3.331316633863974e-20
                 6.34375       0.859029241215959   3.331316633863974e-20
                 6.34375      0.9081166264282996   3.331316633863974e-20
                 6.34375      0.9572040116406401   3.331316633863974e-20
                 6.34375       1.006291396852981   3.331316633863974e-20
                 6.34375       1.055378782065321   3.331316633863974e-20
                 6.34375       1.104466167277662   3.331316633863974e-20
                 6.34375       1.153553552490002   3.331316633863974e-20
                 6.34375       1.202640937702343   3.331316633863974e-20
                 6.34375       1.251728322914683   3.331316633863974e-20
                 6.34375       1.300815708127024   3.331316633863974e-20
                 6.34375       1.349903093339364   3.331316633863974e-20
                 6.34375       1.398990478551705   3.331316633863974e-20
                 6.34375       1.448077863764045   3.331316633863974e-20
                 6.34375       1.497165248976386   3.331316633863974e-20
                 6.34375       1.546252634188726   3.331316633863974e-20
                 6.34375       1.595340019401067   3.331316633863974e-20
                 6.34375       1.644427404613407   3.331316633863974e-20
                 6.34375       1.693514789825748   3.331316633863974e-20
                 6.34375       1.742602175038088   3.331316633863974e-20
                 6.34375       1.791689560250429   3.331316633863974e-20
                 6.34375       1.840776945462769   3.331316633863974e-20
                 6.34375        1.88986433067511   3.331316633863974e-20
                 6.34375       1.938951715887451   3.331316633863974e-20
                 6.34375       1.988039101099791   3.331316633863974e-20
                 6.34375       2.037126486312132   3.331316633863974e-20
                 6.34375       2.086213871524472   3.331316633863974e-20
                 6.34375       2.135301256736812   3.331316633863974e-20
                 6.34375       2.184388641949153   3.331316633863974e-20
                 6.34375       2.233476027161494   3.331316633863974e-20
                 6.34375       2.282563412373834   3.331316633863974e-20
                 6.34375       2.331650797586175   3.331316633863974e-20
                 6.34375       2.380738182798515   3.331316633863974e-20
                 6.34375       2.429825568010856   3.331316633863974e-20
                 6.34375       2.478912953223196   3.331316633863974e-20
                 6.34375       2.528000338435537   3.331316633863974e-20
                 6.34375       2.577087723647877   3.331316633863974e-20
                 6.34375       2.626175108860218   3.331316633863974e-20
                 6.34375       2.675262494072558   3.331316633863974e-20
                 6.34375       2.724349879284899   3.331316633863974e-20
                 6.34375       2.773437264497239   3.331316633863974e-20
                 6.34375        2.82252464970958   3.331316633863974e-20
                 6.34375        2.87161203492192   3.331316633863974e-20
                 6.34375       2.920699420134261   3.331316633863974e-20
                 6.34375       2.969786805346601   3.331316633863974e-20
                 6.34375       3.018874190558942   3.331316633863974e-20
                 6.34375       3.067961575771282   3.331316633863974e-20
                 6.34375       3.117048960983623   3.331316633863974e-20

                 6.40625     0.02454369260617026   1.501542047020507e-20
                 6.40625     0.07363107781851078   1.501542047020507e-20
                 6.40625      0.1227184630308513   1.501542047020507e-20
                 6.40625      0.1718058482431918   1.501542047020507e-20
                 6.40625      0.2208932334555323   1.501542047020507e-20
                 6.40625      0.2699806186678728   1.501542047020507e-20
                 6.40625      0.3190680038802134   1.501542047020507e-20
                 6.40625      0.3681553890925539   1.501542047020507e-20
                 6.40625      0.4172427743048944   1.501542047020507e-20
                 6.40625      0.4663301595172349   1.501542047020507e-20
                 6.40625      0.5154175447295755   1.501542047020507e-20
                 6.40625      0.5645049299419159   1.501542047020507e-20
                 6.40625      0.6135923151542565   1.501542047020507e-20
                 6.40625       0.662679700366597   1.501542047020507e-20
                 6.40625      0.7117670855789375   1.501542047020507e-20
                 6.40625       0.760854470791278   1.501542047020507e-20
                 6.40625      0.8099418560036186   1.501542047020507e-20
                 6.40625       0.859029241215959   1.501542047020507e-20
                 6.40625      0.9081166264282996   1.501542047020507e-20
                 6.40625      0.9572040116406401   1.501542047020507e-20
                 6.40625       1.006291396852981   1.501542047020507e-20
                 6.40625       1.055378782065321   1.501542047020507e-20
                 6.40625       1.104466167277662   1.501542047020507e-20
                 6.40625       1.153553552490002   1.501542047020507e-20
                 6.40625       1.202640937702343   1.501542047020507e-20
                 6.40625       1.251728322914683   1.501542047020507e-20
                 6.40625       1.300815708127024   1.501542047020507e-20
                 6.40625       1.349903093339364   1.501542047020507e-20
                 6.40625       1.398990478551705   1.501542047020507e-20
                 6.40625       1.448077863764045   1.501542047020507e-20
                 6.40625       1.497165248976386   1.501542047020507e-20
                 6.40625       1.546252634188726   1.501542047020507e-20
                 6.40625       1.595340019401067   1.501542047020507e-20
                 6.40625       1.644427404613407   1.501542047020507e-20
                 6.40625       1.693514789825748   1.501542047020507e-20
                 6.40625       1.742602175038088   1.501542047020507e-20
                 6.40625       1.791689560250429   1.501542047020507e-20
                 6.40625       1.840776945462769   1.501542047020507e-20
                 6.40625        1.88986433067511   1.501542047020507e-20
                 6.40625       1.938951715887451   1.501542047020507e-20
                 6.40625       1.988039101099791   1.501542047020507e-20
                 6.40625       2.037126486312132   1.501542047020507e-20
                 6.40625       2.086213871524472   1.501542047020507e-20
                 6.40625       2.135301256736812   1.501542047020507e-20
                 6.40625       2.184388641949153   1.501542047020507e-20
                 6.40625       2.233476027161494   1.501542047020507e-20
                 6.40625       2.282563412373834   1.501542047020507e-20
                 6.40625       2.331650797586175   1.501542047020507e-20
                 6.40625       2.380738182798515   1.501542047020507e-20
                 6.40625       2.429825568010856   1.501542047020507e-20
                 6.40625       2.478912953223196   1.501542047020507e-20
                 6.40625       2.528000338435537   1.501542047020507e-20
                 6.40625       2.577087723647877   1.501542047020507e-20
                 6.40625       2.626175108860218   1.501542047020507e-20
                 6.40625       2.675262494072558   1.501542047020507e-20
                 6.40625       2.724349879284899   1.501542047020507e-20
                 6.40625       2.773437264497239   1.501542047020507e-20
                 6.40625        2.82252464970958   1.501542047020507e-20
                 6.40625        2.87161203492192   1.501542047020507e-20
                 6.40625       2.920699420134261   1.501542047020507e-20
                 6.40625       2.969786805346601   1.501542047020507e-20
                 6.40625       3.018874190558942   1.501542047020507e-20
                 6.40625       3.067961575771282   1.501542047020507e-20
                 6.40625       3.117048960983623   1.501542047020507e-20

                 6.46875     0.02454369260617026   6.715311411395049e-21
                 6.46875     0.07363107781851078   6.715311411395049e-21
                 6.46875      0.1227184630308513   6.715311411395049e-21
                 6.46875      0.1718058482431918   6.715311411395049e-21
                 6.46875      0.2208932334555323   6.715311411395049e-21
                 6.46875      0.2699806186678728   6.715311411395049e-21
                 6.46875      0.3190680038802134   6.715311411395049e-21
                 6.46875      0.3681553890925539   6.715311411395049e-21
                 6.46875      0.4172427743048944   6.715311411395049e-21
                 6.46875      0.4663301595172349   6.715311411395049e-21
                 6.46875      0.5154175447295755   6.715311411395049e-21
                 6.46875      0.5645049299419159   6.715311411395049e-21
                 6.46875      0.6135923151542565   6.715311411395049e-21
                 6.46875       0.662679700366597   6.715311411395049e-21
                 6.46875      0.7117670855789375   6.715311411395049e-21
                 6.46875       0.760854470791278   6.715311411395049e-21
                 6.46875      0.8099418560036186   6.715311411395049e-21
                 6.46875       0.859029241215959   6.715311411395049e-21
                 6.46875      0.9081166264282996   6.715311411395049e-21
                 6.46875      0.9572040116406401   6.715311411395049e-21
                 6.46875       1.006291396852981   6.715311411395049e-21
                 6.46875       1.055378782065321   6.715311411395049e-21
                 6.46875       1.104466167277662   6.715311411395049e-21
                 6.46875       1.153553552490002   6.715311411395049e-21
                 6.46875       1.202640937702343   6.715311411395049e-21
                 6.46875       1.251728322914683   6.715311411395049e-21
                 6.46875       1.300815708127024   6.715311411395049e-21
                 6.46875       1.349903093339364   6.715311411395049e-21
                 6.46875       1.398990478551705   6.715311411395049e-21
                 6.46875       1.448077863764045   6.715311411395049e-21
                 6.46875       1.497165248976386   6.715311411395049e-21
                 6.46875       1.546252634188726   6.715311411395049e-21
                 6.46875       1.595340019401067   6.715311411395049e-21
                 6.46875       1.644427404613407   6.715311411395049e-21
                 6.46875       1.693514789825748   6.715311411395049e-21
                 6.46875       1.742602175038088   6.715311411395049e-21
                 6.46875       1.791689560250429   6.715311411395049e-21
                 6.46875       1.840776945462769   6.715311411395049e-21
                 6.46875        1.88986433067511   6.715311411395049e-21
                 6.46875       1.938951715887451   6.715311411395049e-21
                 6.46875       1.988039101099791   6.715311411395049e-21
                 6.46875       2.037126486312132   6.715311411395049e-21
                 6.46875       2.086213871524472   6.715311411395049e-21
                 6.46875       2.135301256736812   6.715311411395049e-21
                 6.46875       2.184388641949153   6.715311411395049e-21
                 6.46875       2.233476027161494   6.715311411395049e-21
                 6.46875       2.282563412373834   6.715311411395049e-21
                 6.46875       2.331650797586175   6.715311411395049e-21
                 6.46875       2.380738182798515   6.715311411395049e-21
                 6.46875       2.429825568010856   6.715311411395049e-21
                 6.46875       2.478912953223196   6.715311411395049e-21
                 6.46875       2.528000338435537   6.715311411395049e-21
                 6.46875       2.577087723647877   6.715311411395049e-21
                 6.46875       2.626175108860218   6.715311411395049e-21
                 6.46875       2.675262494072558   6.715311411395049e-21
                 6.46875       2.724349879284899   6.715311411395049e-21
                 6.46875       2.773437264497239   6.715311411395049e-21
                 6.46875        2.82252464970958   6.715311411395049e-21
                 6.46875        2.87161203492192   6.715311411395049e-21
                 6.46875       2.920699420134261   6.715311411395049e-21
                 6.46875       2.969786805346601   6.715311411395049e-21
                 6.46875       3.018874190558942   6.715311411395049e-21
                 6.46875       3.067961575771282   6.715311411395049e-21
                 6.46875       3.117048960983623   6.715311411395049e-21

                 6.53125     0.02454369260617026   2.979901375163333e-21
                 6.53125     0.07363107781851078   2.979901375163333e-21
                 6.53125      0.1227184630308513   2.979901375163333e-21
                 6.53125      0.1718058482431918   2.979901375163333e-21
                 6.53125      0.2208932334555323   2.979901375163333e-21
                 6.53125      0.2699806186678728   2.979901375163333e-21
                 6.53125      0.3190680038802134   2.979901375163333e-21
                 6.53125      0.3681553890925539   2.979901375163333e-21
                 6.53125      0.4172427743048944   2.979901375163333e-21
                 6.53125      0.4663301595172349   2.979901375163333e-21
                 6.53125      0.5154175447295755   2.979901375163333e-21
                 6.53125      0.5645049299419159   2.979901375163333e-21
                 6.53125      0.6135923151542565   2.979901375163333e-21
                 6.53125       0.662679700366597   2.979901375163333e-21
                 6.53125      0.7117670855789375   2.979901375163333e-21
                 6.53125       0.760854470791278   2.979901375163333e-21
                 6.53125      0.8099418560036186   2.979901375163333e-21
                 6.53125       0.859029241215959   2.979901375163333e-21
                 6.53125      0.9081166264282996   2.979901375163333e-21
                 6.53125      0.9572040116406401   2.979901375163333e-21
                 6.53125       1.006291396852981   2.979901375163333e-21
                 6.53125       1.055378782065321   2.979901375163333e-21
                 6.53125       1.104466167277662   2.979901375163333e-21
                 6.53125       1.153553552490002   2.979901375163333e-21
                 6.53125       1.202640937702343   2.979901375163333e-21
                 6.53125       1.251728322914683   2.979901375163333e-21
                 6.53125       1.300815708127024   2.979901375163333e-21
                 6.53125       1.349903093339364   2.979901375163333e-21
                 6.53125       1.398990478551705   2.979901375163333e-21
                 6.53125       1.448077863764045   2.979901375163333e-21
                 6.53125       1.497165248976386   2.979901375163333e-21
                 6.53125       1.546252634188726   2.979901375163333e-21
                 6.53125       1.595340019401067   2.979901375163333e-21
                 6.53125       1.644427404613407   2.979901375163333e-21
                 6.53125       1.693514789825748   2.979901375163333e-21
                 6.53125       1.742602175038088   2.979901375163333e-21
                 6.53125       1.791689560250429   2.979901375163333e-21
                 6.53125       1.840776945462769   2.979901375163333e-21
                 6.53125        1.88986433067511   2.979901375163333e-21
                 6.53125       1.938951715887451   2.979901375163333e-21
                 6.53125       1.988039101099791   2.979901375163333e-21
                 6.53125       2.037126486312132   2.979901375163333e-21
                 6.53125       2.086213871524472   2.979901375163333e-21
                 6.53125       2.135301256736812   2.979901375163333e-21
                 6.53125       2.184388641949153   2.979901375163333e-21
                 6.53125       2.233476027161494   2.979901375163333e-21
                 6.53125       2.282563412373834   2.979901375163333e-21
                 6.53125       2.331650797586175   2.979901375163333e-21
                 6.53125       2.380738182798515   2.979901375163333e-21
                 6.53125       2.429825568010856   2.979901375163333e-21
                 6.53125       2.478912953223196   2.979901375163333e-21
                 6.53125       2.528000338435537   2.979901375163333e-21
                 6.53125       2.577087723647877   2.979901375163333e-21
                 6.53125       2.626175108860218   2.979901375163333e-21
                 6.53125       2.675262494072558   2.979901375163333e-21
                 6.53125       2.724349879284899   2.979901375163333e-21
                 6.53125       2.773437264497239   2.979901375163333e-21
                 6.53125        2.82252464970958   2.979901375163333e-21
                 6.53125        2.87161203492192   2.979901375163333e-21
                 6.53125       2.920699420134261   2.979901375163333e-21
                 6.53125       2.969786805346601   2.979901375163333e-21
                 6.53125       3.018874190558942   2.979901375163333e-21
                 6.53125       3.067961575771282   2.979901375163333e-21
                 6.53125       3.117048960983623   2.979901375163333e-21

                 6.59375     0.02454369260617026     1.3120328186013e-21
                 6.59375     0.07363107781851078     1.3120328186013e-21
                 6.59375      0.1227184630308513     1.3120328186013e-21
                 6.59375      0.1718058482431918     1.3120328186013e-21
                 6.59375      0.2208932334555323     1.3120328186013e-21
                 6.59375      0.2699806186678728     1.3120328186013e-21
                 6.59375      0.3190680038802134     1.3120328186013e-21
                 6.59375      0.3681553890925539     1.3120328186013e-21
                 6.59375      0.4172427743048944     1.3120328186013e-21
                 6.59375      0.4663301595172349     1.3120328186013e-21
                 6.59375      0.5154175447295755     1.3120328186013e-21
                 6.59375      0.5645049299419159     1.3120328186013e-21
                 6.59375      0.6135923151542565     1.3120328186013e-21
                 6.59375       0.662679700366597     1.3120328186013e-21
                 6.59375      0.7117670855789375     1.3120328186013e-21
                 6.59375       0.760854470791278     1.3120328186013e-21
                 6.59375      0.8099418560036186     1.3120328186013e-21
                 6.59375       0.859029241215959     1.3120328186013e-21
                 6.59375      0.9081166264282996     1.3120328186013e-21
                 6.59375      0.9572040116406401     1.3120328186013e-21
                 6.59375       1.006291396852981     1.3120328186013e-21
                 6.59375       1.055378782065321     1.3120328186013e-21
                 6.59375       1.104466167277662     1.3120328186013e-21
                 6.59375       1.153553552490002     1.3120328186013e-21
                 6.59375       1.202640937702343     1.3120328186013e-21
                 6.59375       1.251728322914683     1.3120328186013e-21
                 6.59375       1.300815708127024     1.3120328186013e-21
                 6.59375       1.349903093339364     1.3120328186013e-21
                 6.59375       1.398990478551705     1.3120328186013e-21
                 6.59375       1.448077863764045     1.3120328186013e-21
                 6.59375       1.497165248976386     1.3120328186013e-21
                 6.59375       1.546252634188726     1.3120328186013e-21
                 6.59375       1.595340019401067     1.3120328186013e-21
                 6.59375       1.644427404613407     1.3120328186013e-21
                 6.59375       1.693514789825748     1.3120328186013e-21
                 6.59375       1.742602175038088     1.3120328186013e-21
                 6.59375       1.791689560250429     1.3120328186013e-21
                 6.59375       1.840776945462769     1.3120328186013e-21
                 6.59375        1.88986433067511     1.3120328186013e-21
                 6.59375       1.938951715887451     1.3120328186013e-21
                 6.59375       1.988039101099791     1.3120328186013e-21
                 6.59375       2.037126486312132     1.3120328186013e-21
                 6.59375       2.086213871524472     1.3120328186013e-21
                 6.59375       2.135301256736812     1.3120328186013e-21
                 6.59375       2.184388641949153     1.3120328186013e-21
                 6.59375       2.233476027161494     1.3120328186013e-21
                 6.59375       2.282563412373834     1.3120328186013e-21
                 6.59375       2.331650797586175     1.3120328186013e-21
                 6.59375       2.380738182798515     1.3120328186013e-21
                 6.59375       2.429825568010856     1.3120328186013e-21
                 6.59375       2.478912953223196     1.3120328186013e-21
                 6.59375       2.528000338435537     1.3120328186013e-21
                 6.59375       2.577087723647877     1.3120328186013e-21
                 6.59375       2.626175108860218     1.3120328186013e-21
                 6.59375       2.675262494072558     1.3120328186013e-21
                 6.59375       2.724349879284899     1.3120328186013e-21
                 6.59375       2.773437264497239     1.3120328186013e-21
                 6.59375        2.82252464970958     1.3120328186013e-21
                 6.59375        2.87161203492192     1.3120328186013e-21
                 6.59375       2.920699420134261     1.3120328186013e-21
                 6.59375       2.969786805346601     1.3120328186013e-21
                 6.59375       3.018874190558942     1.3120328186013e-21
                 6.59375       3.067961575771282     1.3120328186013e-21
                 6.59375       3.117048960983623     1.3120328186013e-21

                 6.65625     0.02454369260617026   5.731846885507764e-22
                 6.65625     0.07363107781851078   5.731846885507764e-22
                 6.65625      0.1227184630308513   5.731846885507764e-22
                 6.65625      0.1718058482431918   5.731846885507764e-22
                 6.65625      0.2208932334555323   5.731846885507764e-22
                 6.65625      0.2699806186678728   5.731846885507764e-22
                 6.65625      0.3190680038802134   5.731846885507764e-22
                 6.65625      0.3681553890925539   5.731846885507764e-22
                 6.65625      0.4172427743048944   5.731846885507764e-22
                 6.65625      0.4663301595172349   5.731846885507764e-22
                 6.65625      0.5154175447295755   5.731846885507764e-22
                 6.65625      0.5645049299419159   5.731846885507764e-22
                 6.65625      0.6135923151542565   5.731846885507764e-22
                 6.65625       0.662679700366597   5.731846885507764e-22
                 6.65625      0.7117670855789375   5.731846885507764e-22
                 6.65625       0.760854470791278   5.731846885507764e-22
                 6.65625      0.8099418560036186   5.731846885507764e-22
                 6.65625       0.859029241215959   5.731846885507764e-22
                 6.65625      0.9081166264282996   5.731846885507764e-22
                 6.65625      0.9572040116406401   5.731846885507764e-22
                 6.65625       1.006291396852981   5.731846885507764e-22
                 6.65625       1.055378782065321   5.731846885507764e-22
                 6.65625       1.104466167277662   5.731846885507764e-22
                 6.65625       1.153553552490002   5.731846885507764e-22
                 6.65625       1.202640937702343   5.731846885507764e-22
                 6.65625       1.251728322914683   5.731846885507764e-22
                 6.65625       1.300815708127024   5.731846885507764e-22
                 6.65625       1.349903093339364   5.731846885507764e-22
                 6.65625       1.398990478551705   5.731846885507764e-22
                 6.65625       1.448077863764045   5.731846885507764e-22
                 6.65625       1.497165248976386   5.731846885507764e-22
                 6.65625       1.546252634188726   5.731846885507764e-22
                 6.65625       1.595340019401067   5.731846885507764e-22
                 6.65625       1.644427404613407   5.731846885507764e-22
                 6.65625       1.693514789825748   5.731846885507764e-22
                 6.65625       1.742602175038088   5.731846885507764e-22
                 6.65625       1.791689560250429   5.731846885507764e-22
                 6.65625       1.840776945462769   5.731846885507764e-22
                 6.65625        1.88986433067511   5.731846885507764e-22
                 6.65625       1.938951715887451   5.731846885507764e-22
                 6.65625       1.988039101099791   5.731846885507764e-22
                 6.65625       2.037126486312132   5.731846885507764e-22
                 6.65625       2.086213871524472   5.731846885507764e-22
                 6.65625       2.135301256736812   5.731846885507764e-22
                 6.65625       2.184388641949153   5.731846885507764e-22
                 6.65625       2.233476027161494   5.731846885507764e-22
                 6.65625       2.282563412373834   5.731846885507764e-22
                 6.65625       2.331650797586175   5.731846885507764e-22
                 6.65625       2.380738182798515   5.731846885507764e-22
                 6.65625       2.429825568010856   5.731846885507764e-22
                 6.65625       2.478912953223196   5.731846885507764e-22
                 6.65625       2.528000338435537   5.731846885507764e-22
                 6.65625       2.577087723647877   5.731846885507764e-22
                 6.65625       2.626175108860218   5.731846885507764e-22
                 6.65625       2.675262494072558   5.731846885507764e-22
                 6.65625       2.724349879284899   5.731846885507764e-22
                 6.65625       2.773437264497239   5.731846885507764e-22
                 6.65625        2.82252464970958   5.731846885507764e-22
                 6.65625        2.87161203492192   5.731846885507764e-22
                 6.65625       2.920699420134261   5.731846885507764e-22
                 6.65625       2.969786805346601   5.731846885507764e-22
                 6.65625       3.018874190558942   5.731846885507764e-22
                 6.65625       3.067961575771282   5.731846885507764e-22
                 6.65625       3.117048960983623   5.731846885507764e-22

                 6.71875     0.02454369260617026    2.48457171692428e-22
                 6.71875     0.07363107781851078    2.48457171692428e-22
                 6.71875      0.1227184630308513    2.48457171692428e-22
                 6.71875      0.1718058482431918    2.48457171692428e-22
                 6.71875      0.2208932334555323    2.48457171692428e-22
                 6.71875      0.2699806186678728    2.48457171692428e-22
                 6.71875      0.3190680038802134    2.48457171692428e-22
                 6.71875      0.3681553890925539    2.48457171692428e-22
                 6.71875      0.4172427743048944    2.48457171692428e-22
                 6.71875      0.4663301595172349    2.48457171692428e-22
                 6.71875      0.5154175447295755    2.48457171692428e-22
                 6.71875      0.5645049299419159    2.48457171692428e-22
                 6.71875      0.6135923151542565    2.48457171692428e-22
                 6.71875       0.662679700366597    2.48457171692428e-22
                 6.71875      0.7117670855789375    2.48457171692428e-22
                 6.71875       0.760854470791278    2.48457171692428e-22
                 6.71875      0.8099418560036186    2.48457171692428e-22
                 6.71875       0.859029241215959    2.48457171692428e-22
                 6.71875      0.9081166264282996    2.48457171692428e-22
                 6.71875      0.9572040116406401    2.48457171692428e-22
                 6.71875       1.006291396852981    2.48457171692428e-22
                 6.71875       1.055378782065321    2.48457171692428e-22
                 6.71875       1.104466167277662    2.48457171692428e-22
                 6.71875       1.153553552490002    2.48457171692428e-22
                 6.71875       1.202640937702343    2.48457171692428e-22
                 6.71875       1.251728322914683    2.48457171692428e-22
                 6.71875       1.300815708127024    2.48457171692428e-22
                 6.71875       1.349903093339364    2.48457171692428e-22
                 6.71875       1.398990478551705    2.48457171692428e-22
                 6.71875       1.448077863764045    2.48457171692428e-22
                 6.71875       1.497165248976386    2.48457171692428e-22
                 6.71875       1.546252634188726    2.48457171692428e-22
                 6.71875       1.595340019401067    2.48457171692428e-22
                 6.71875       1.644427404613407    2.48457171692428e-22
                 6.71875       1.693514789825748    2.48457171692428e-22
                 6.71875       1.742602175038088    2.48457171692428e-22
                 6.71875       1.791689560250429    2.48457171692428e-22
                 6.71875       1.840776945462769    2.48457171692428e-22
                 6.71875        1.88986433067511    2.48457171692428e-22
                 6.71875       1.938951715887451    2.48457171692428e-22
                 6.71875       1.988039101099791    2.48457171692428e-22
                 6.71875       2.037126486312132    2.48457171692428e-22
                 6.71875       2.086213871524472    2.48457171692428e-22
                 6.71875       2.135301256736812    2.48457171692428e-22
                 6.71875       2.184388641949153    2.48457171692428e-22
                 6.71875       2.233476027161494    2.48457171692428e-22
                 6.71875       2.282563412373834    2.48457171692428e-22
                 6.71875       2.331650797586175    2.48457171692428e-22
                 6.71875       2.380738182798515    2.48457171692428e-22
                 6.71875       2.429825568010856    2.48457171692428e-22
                 6.71875       2.478912953223196    2.48457171692428e-22
                 6.71875       2.528000338435537    2.48457171692428e-22
                 6.71875       2.577087723647877    2.48457171692428e-22
                 6.71875       2.626175108860218    2.48457171692428e-22
                 6.71875       2.675262494072558    2.48457171692428e-22
                 6.71875       2.724349879284899    2.48457171692428e-22
                 6.71875       2.773437264497239    2.48457171692428e-22
                 6.71875        2.82252464970958    2.48457171692428e-22
                 6.71875        2.87161203492192    2.48457171692428e-22
                 6.71875       2.920699420134261    2.48457171692428e-22
                 6.71875       2.969786805346601    2.48457171692428e-22
                 6.71875       3.018874190558942    2.48457171692428e-22
                 6.71875       3.067961575771282    2.48457171692428e-22
                 6.71875       3.117048960983623    2.48457171692428e-22

                 6.78125     0.02454369260617026    1.06860097973501e-22
                 6.78125     0.07363107781851078    1.06860097973501e-22
                 6.78125      0.1227184630308513    1.06860097973501e-22
                 6.78125      0.1718058482431918    1.06860097973501e-22
                 6.78125      0.2208932334555323    1.06860097973501e-22
                 6.78125      0.2699806186678728    1.06860097973501e-22
                 6.78125      0.3190680038802134    1.06860097973501e-22
                 6.78125      0.3681553890925539    1.06860097973501e-22
                 6.78125      0.4172427743048944    1.06860097973501e-22
                 6.78125      0.4663301595172349    1.06860097973501e-22
                 6.78125      0.5154175447295755    1.06860097973501e-22
                 6.78125      0.5645049299419159    1.06860097973501e-22
                 6.78125      0.6135923151542565    1.06860097973501e-22
                 6.78125       0.662679700366597    1.06860097973501e-22
                 6.78125      0.7117670855789375    1.06860097973501e-22
                 6.78125       0.760854470791278    1.06860097973501e-22
                 6.78125      0.8099418560036186    1.06860097973501e-22
                 6.78125       0.859029241215959    1.06860097973501e-22
                 6.78125      0.9081166264282996    1.06860097973501e-22
                 6.78125      0.9572040116406401    1.06860097973501e-22
                 6.78125       1.006291396852981    1.06860097973501e-22
                 6.78125       1.055378782065321    1.06860097973501e-22
                 6.78125       1.104466167277662    1.06860097973501e-22
                 6.78125       1.153553552490002    1.06860097973501e-22
                 6.78125       1.202640937702343    1.06860097973501e-22
                 6.78125       1.251728322914683    1.06860097973501e-22
                 6.78125       1.300815708127024    1.06860097973501e-22
                 6.78125       1.349903093339364    1.06860097973501e-22
                 6.78125       1.398990478551705    1.06860097973501e-22
                 6.78125       1.448077863764045    1.06860097973501e-22
                 6.78125       1.497165248976386    1.06860097973501e-22
                 6.78125       1.546252634188726    1.06860097973501e-22
                 6.78125       1.595340019401067    1.06860097973501e-22
                 6.78125       1.644427404613407    1.06860097973501e-22
                 6.78125       1.693514789825748    1.06860097973501e-22
                 6.78125       1.742602175038088    1.06860097973501e-22
                 6.78125       1.791689560250429    1.06860097973501e-22
                 6.78125       1.840776945462769    1.06860097973501e-22
                 6.78125        1.88986433067511    1.06860097973501e-22
                 6.78125       1.938951715887451    1.06860097973501e-22
                 6.78125       1.988039101099791    1.06860097973501e-22
                 6.78125       2.037126486312132    1.06860097973501e-22
                 6.78125       2.086213871524472    1.06860097973501e-22
                 6.78125       2.135301256736812    1.06860097973501e-22
                 6.78125       2.184388641949153    1.06860097973501e-22
                 6.78125       2.233476027161494    1.06860097973501e-22
                 6.78125       2.282563412373834    1.06860097973501e-22
                 6.78125       2.331650797586175    1.06860097973501e-22
                 6.78125       2.380738182798515    1.06860097973501e-22
                 6.78125       2.429825568010856    1.06860097973501e-22
                 6.78125       2.478912953223196    1.06860097973501e-22
                 6.78125       2.528000338435537    1.06860097973501e-22
                 6.78125       2.577087723647877    1.06860097973501e-22
                 6.78125       2.626175108860218    1.06860097973501e-22
                 6.78125       2.675262494072558    1.06860097973501e-22
                 6.78125       2.724349879284899    1.06860097973501e-22
                 6.78125       2.773437264497239    1.06860097973501e-22
                 6.78125        2.82252464970958    1.06860097973501e-22
                 6.78125        2.87161203492192    1.06860097973501e-22
                 6.78125       2.920699420134261    1.06860097973501e-22
                 6.78125       2.969786805346601    1.06860097973501e-22
                 6.78125       3.018874190558942    1.06860097973501e-22
                 6.78125       3.067961575771282    1.06860097973501e-22
                 6.78125       3.117048960983623    1.06860097973501e-22

                 6.84375     0.02454369260617026   4.560229222591012e-23
                 6.84375     0.07363107781851078   4.560229222591012e-23
                 6.84375      0.1227184630308513   4.560229222591012e-23
                 6.84375      0.1718058482431918   4.560229222591012e-23
                 6.84375      0.2208932334555323   4.560229222591012e-23
                 6.84375      0.2699806186678728   4.560229222591012e-23
                 6.84375      0.3190680038802134   4.560229222591012e-23
                 6.84375      0.3681553890925539   4.560229222591012e-23
                 6.84375      0.4172427743048944   4.560229222591012e-23
                 6.84375      0.4663301595172349   4.560229222591012e-23
                 6.84375      0.5154175447295755   4.560229222591012e-23
                 6.84375      0.5645049299419159   4.560229222591012e-23
                 6.84375      0.6135923151542565   4.560229222591012e-23
                 6.84375       0.662679700366597   4.560229222591012e-23
                 6.84375      0.7117670855789375   4.560229222591012e-23
                 6.84375       0.760854470791278   4.560229222591012e-23
                 6.84375      0.8099418560036186   4.560229222591012e-23
                 6.84375       0.859029241215959   4.560229222591012e-23
                 6.84375      0.9081166264282996   4.560229222591012e-23
                 6.84375      0.9572040116406401   4.560229222591012e-23
                 6.84375       1.006291396852981   4.560229222591012e-23
                 6.84375       1.055378782065321   4.560229222591012e-23
                 6.84375       1.104466167277662   4.560229222591012e-23
                 6.84375       1.153553552490002   4.560229222591012e-23
                 6.84375       1.202640937702343   4.560229222591012e-23
                 6.84375       1.251728322914683   4.560229222591012e-23
                 6.84375       1.300815708127024   4.560229222591012e-23
                 6.84375       1.349903093339364   4.560229222591012e-23
                 6.84375       1.398990478551705   4.560229222591012e-23
                 6.84375       1.448077863764045   4.560229222591012e-23
                 6.84375       1.497165248976386   4.560229222591012e-23
                 6.84375       1.546252634188726   4.560229222591012e-23
                 6.84375       1.595340019401067   4.560229222591012e-23
                 6.84375       1.644427404613407   4.560229222591012e-23
                 6.84375       1.693514789825748   4.560229222591012e-23
                 6.84375       1.742602175038088   4.560229222591012e-23
                 6.84375       1.791689560250429   4.560229222591012e-23
                 6.84375       1.840776945462769   4.560229222591012e-23
                 6.84375        1.88986433067511   4.560229222591012e-23
                 6.84375       1.938951715887451   4.560229222591012e-23
                 6.84375       1.988039101099791   4.560229222591012e-23
                 6.84375       2.037126486312132   4.560229222591012e-23
                 6.84375       2.086213871524472   4.560229222591012e-23
                 6.84375       2.135301256736812   4.560229222591012e-23
                 6.84375       2.184388641949153   4.560229222591012e-23
                 6.84375       2.233476027161494   4.560229222591012e-23
                 6.84375       2.282563412373834   4.560229222591012e-23
                 6.84375       2.331650797586175   4.560229222591012e-23
                 6.84375       2.380738182798515   4.560229222591012e-23
                 6.84375       2.429825568010856   4.560229222591012e-23
                 6.84375       2.478912953223196   4.560229222591012e-23
                 6.84375       2.528000338435537   4.560229222591012e-23
                 6.84375       2.577087723647877   4.560229222591012e-23
                 6.84375       2.626175108860218   4.560229222591012e-23
                 6.84375       2.675262494072558   4.560229222591012e-23
                 6.84375       2.724349879284899   4.560229222591012e-23
                 6.84375       2.773437264497239   4.560229222591012e-23
                 6.84375        2.82252464970958   4.560229222591012e-23
                 6.84375        2.87161203492192   4.560229222591012e-23
                 6.84375       2.920699420134261   4.560229222591012e-23
                 6.84375       2.969786805346601   4.560229222591012e-23
                 6.84375       3.018874190558942   4.560229222591012e-23
                 6.84375       3.067961575771282   4.560229222591012e-23
                 6.84375       3.117048960983623   4.560229222591012e-23

                 6.90625     0.02454369260617026   1.930922543212617e-23
                 6.90625     0.07363107781851078   1.930922543212617e-23
                 6.90625      0.1227184630308513   1.930922543212617e-23
                 6.90625      0.1718058482431918   1.930922543212617e-23
                 6.90625      0.2208932334555323   1.930922543212617e-23
                 6.90625      0.2699806186678728   1.930922543212617e-23
                 6.90625      0.3190680038802134   1.930922543212617e-23
                 6.90625      0.3681553890925539   1.930922543212617e-23
                 6.90625      0.4172427743048944   1.930922543212617e-23
                 6.90625      0.4663301595172349   1.930922543212617e-23
                 6.90625      0.5154175447295755   1.930922543212617e-23
                 6.90625      0.5645049299419159   1.930922543212617e-23
                 6.90625      0.6135923151542565   1.930922543212617e-23
                 6.90625       0.662679700366597   1.930922543212617e-23
                 6.90625      0.7117670855789375   1.930922543212617e-23
                 6.90625       0.760854470791278   1.930922543212617e-23
                 6.90625      0.8099418560036186   1.930922543212617e-23
                 6.90625       0.859029241215959   1.930922543212617e-23
                 6.90625      0.9081166264282996   1.930922543212617e-23
                 6.90625      0.9572040116406401   1.930922543212617e-23
                 6.90625       1.006291396852981   1.930922543212617e-23
                 6.90625       1.055378782065321   1.930922543212617e-23
                 6.90625       1.104466167277662   1.930922543212617e-23
                 6.90625       1.153553552490002   1.930922543212617e-23
                 6.90625       1.202640937702343   1.930922543212617e-23
                 6.90625       1.251728322914683   1.930922543212617e-23
                 6.90625       1.300815708127024   1.930922543212617e-23
                 6.90625       1.349903093339364   1.930922543212617e-23
                 6.90625       1.398990478551705   1.930922543212617e-23
                 6.90625       1.448077863764045   1.930922543212617e-23
                 6.90625       1.497165248976386   1.930922543212617e-23
                 6.90625       1.546252634188726   1.930922543212617e-23
                 6.90625       1.595340019401067   1.930922543212617e-23
                 6.90625       1.644427404613407   1.930922543212617e-23
                 6.90625       1.693514789825748   1.930922543212617e-23
                 6.90625       1.742602175038088   1.930922543212617e-23
                 6.90625       1.791689560250429   1.930922543212617e-23
                 6.90625       1.840776945462769   1.930922543212617e-23
                 6.90625        1.88986433067511   1.930922543212617e-23
                 6.90625       1.938951715887451   1.930922543212617e-23
                 6.90625       1.988039101099791   1.930922543212617e-23
                 6.90625       2.037126486312132   1.930922543212617e-23
                 6.90625       2.086213871524472   1.930922543212617e-23
                 6.90625       2.135301256736812   1.930922543212617e-23
                 6.90625       2.184388641949153   1.930922543212617e-23
                 6.90625       2.233476027161494   1.930922543212617e-23
                 6.90625       2.282563412373834   1.930922543212617e-23
                 6.90625       2.331650797586175   1.930922543212617e-23
                 6.90625       2.380738182798515   1.930922543212617e-23
                 6.90625       2.429825568010856   1.930922543212617e-23
                 6.90625       2.478912953223196   1.930922543212617e-23
                 6.90625       2.528000338435537   1.930922543212617e-23
                 6.90625       2.577087723647877   1.930922543212617e-23
                 6.90625       2.626175108860218   1.930922543212617e-23
                 6.90625       2.675262494072558   1.930922543212617e-23
                 6.90625       2.724349879284899   1.930922543212617e-23
                 6.90625       2.773437264497239   1.930922543212617e-23
                 6.90625        2.82252464970958   1.930922543212617e-23
                 6.90625        2.87161203492192   1.930922543212617e-23
                 6.90625       2.920699420134261   1.930922543212617e-23
                 6.90625       2.969786805346601   1.930922543212617e-23
                 6.90625       3.018874190558942   1.930922543212617e-23
                 6.90625       3.067961575771282   1.930922543212617e-23
                 6.90625       3.117048960983623   1.930922543212617e-23

                 6.96875     0.02454369260617026   8.112414018816632e-24
                 6.96875     0.07363107781851078   8.112414018816632e-24
                 6.96875      0.1227184630308513   8.112414018816632e-24
                 6.96875      0.1718058482431918   8.112414018816632e-24
                 6.96875      0.2208932334555323   8.112414018816632e-24
                 6.96875      0.2699806186678728   8.112414018816632e-24
                 6.96875      0.3190680038802134   8.112414018816632e-24
                 6.96875      0.3681553890925539   8.112414018816632e-24
                 6.96875      0.4172427743048944   8.112414018816632e-24
                 6.96875      0.4663301595172349   8.112414018816632e-24
                 6.96875      0.5154175447295755   8.112414018816632e-24
                 6.96875      0.5645049299419159   8.112414018816632e-24
                 6.96875      0.6135923151542565   8.112414018816632e-24
                 6.96875       0.662679700366597   8.112414018816632e-24
                 6.96875      0.7117670855789375   8.112414018816632e-24
                 6.96875       0.760854470791278   8.112414018816632e-24
                 6.96875      0.8099418560036186   8.112414018816632e-24
                 6.96875       0.859029241215959   8.112414018816632e-24
                 6.96875      0.9081166264282996   8.112414018816632e-24
                 6.96875      0.9572040116406401   8.112414018816632e-24
                 6.96875       1.006291396852981   8.112414018816632e-24
                 6.96875       1.055378782065321   8.112414018816632e-24
                 6.96875       1.104466167277662   8.112414018816632e-24
                 6.96875       1.153553552490002   8.112414018816632e-24
                 6.96875       1.202640937702343   8.112414018816632e-24
                 6.96875       1.251728322914683   8.112414018816632e-24
                 6.96875       1.300815708127024   8.112414018816632e-24
                 6.96875       1.349903093339364   8.112414018816632e-24
                 6.96875       1.398990478551705   8.112414018816632e-24
                 6.96875       1.448077863764045   8.112414018816632e-24
                 6.96875       1.497165248976386   8.112414018816632e-24
                 6.96875       1.546252634188726   8.112414018816632e-24
                 6.96875       1.595340019401067   8.112414018816632e-24
                 6.96875       1.644427404613407   8.112414018816632e-24
                 6.96875       1.693514789825748   8.112414018816632e-24
                 6.96875       1.742602175038088   8.112414018816632e-24
                 6.96875       1.791689560250429   8.112414018816632e-24
                 6.96875       1.840776945462769   8.112414018816632e-24
                 6.96875        1.88986433067511   8.112414018816632e-24
                 6.96875       1.938951715887451   8.112414018816632e-24
                 6.96875       1.988039101099791   8.112414018816632e-24
                 6.96875       2.037126486312132   8.112414018816632e-24
                 6.96875       2.086213871524472   8.112414018816632e-24
                 6.96875       2.135301256736812   8.112414018816632e-24
                 6.96875       2.184388641949153   8.112414018816632e-24
                 6.96875       2.233476027161494   8.112414018816632e-24
                 6.96875       2.282563412373834   8.112414018816632e-24
                 6.96875       2.331650797586175   8.112414018816632e-24
                 6.96875       2.380738182798515   8.112414018816632e-24
                 6.96875       2.429825568010856   8.112414018816632e-24
                 6.96875       2.478912953223196   8.112414018816632e-24
                 6.96875       2.528000338435537   8.112414018816632e-24
                 6.96875       2.577087723647877   8.112414018816632e-24
                 6.96875       2.626175108860218   8.112414018816632e-24
                 6.96875       2.675262494072558   8.112414018816632e-24
                 6.96875       2.724349879284899   8.112414018816632e-24
                 6.96875       2.773437264497239   8.112414018816632e-24
                 6.96875        2.82252464970958   8.112414018816632e-24
                 6.96875        2.87161203492192   8.112414018816632e-24
                 6.96875       2.920699420134261   8.112414018816632e-24
                 6.96875       2.969786805346601   8.112414018816632e-24
                 6.96875       3.018874190558942   8.112414018816632e-24
                 6.96875       3.067961575771282   8.112414018816632e-24
                 6.96875       3.117048960983623   8.112414018816632e-24

                 7.03125     0.02454369260617026   3.381757292352146e-24
                 7.03125     0.07363107781851078   3.381757292352146e-24
                 7.03125      0.1227184630308513   3.381757292352146e-24
                 7.03125      0.1718058482431918   3.381757292352146e-24
                 7.03125      0.2208932334555323   3.381757292352146e-24
                 7.03125      0.2699806186678728   3.381757292352146e-24
                 7.03125      0.3190680038802134   3.381757292352146e-24
                 7.03125      0.3681553890925539   3.381757292352146e-24
                 7.03125      0.4172427743048944   3.381757292352146e-24
                 7.03125      0.4663301595172349   3.381757292352146e-24
                 7.03125      0.5154175447295755   3.381757292352146e-24
                 7.03125      0.5645049299419159   3.381757292352146e-24
                 7.03125      0.6135923151542565   3.381757292352146e-24
                 7.03125       0.662679700366597   3.381757292352146e-24
                 7.03125      0.7117670855789375   3.381757292352146e-24
                 7.03125       0.760854470791278   3.381757292352146e-24
                 7.03125      0.8099418560036186   3.381757292352146e-24
                 7.03125       0.859029241215959   3.381757292352146e-24
                 7.03125      0.9081166264282996   3.381757292352146e-24
                 7.03125      0.9572040116406401   3.381757292352146e-24
                 7.03125       1.006291396852981   3.381757292352146e-24
                 7.03125       1.055378782065321   3.381757292352146e-24
                 7.03125       1.104466167277662   3.381757292352146e-24
                 7.03125       1.153553552490002   3.381757292352146e-24
                 7.03125       1.202640937702343   3.381757292352146e-24
                 7.03125       1.251728322914683   3.381757292352146e-24
                 7.03125       1.300815708127024   3.381757292352146e-24
                 7.03125       1.349903093339364   3.381757292352146e-24
                 7.03125       1.398990478551705   3.381757292352146e-24
                 7.03125       1.448077863764045   3.381757292352146e-24
                 7.03125       1.497165248976386   3.381757292352146e-24
                 7.03125       1.546252634188726   3.381757292352146e-24
                 7.03125       1.595340019401067   3.381757292352146e-24
                 7.03125       1.644427404613407   3.381757292352146e-24
                 7.03125       1.693514789825748   3.381757292352146e-24
                 7.03125       1.742602175038088   3.381757292352146e-24
                 7.03125       1.791689560250429   3.381757292352146e-24
                 7.03125       1.840776945462769   3.381757292352146e-24
                 7.03125        1.88986433067511   3.381757292352146e-24
                 7.03125       1.938951715887451   3.381757292352146e-24
                 7.03125       1.988039101099791   3.381757292352146e-24
                 7.03125       2.037126486312132   3.381757292352146e-24
                 7.03125       2.086213871524472   3.381757292352146e-24
                 7.03125       2.135301256736812   3.381757292352146e-24
                 7.03125       2.184388641949153   3.381757292352146e-24
                 7.03125       2.233476027161494   3.381757292352146e-24
                 7.03125       2.282563412373834   3.381757292352146e-24
                 7.03125       2.331650797586175   3.381757292352146e-24
                 7.03125       2.380738182798515   3.381757292352146e-24
                 7.03125       2.429825568010856   3.381757292352146e-24
                 7.03125       2.478912953223196   3.381757292352146e-24
                 7.03125       2.528000338435537   3.381757292352146e-24
                 7.03125       2.577087723647877   3.381757292352146e-24
                 7.03125       2.626175108860218   3.381757292352146e-24
                 7.03125       2.675262494072558   3.381757292352146e-24
                 7.03125       2.724349879284899   3.381757292352146e-24
                 7.03125       2.773437264497239   3.381757292352146e-24
                 7.03125        2.82252464970958   3.381757292352146e-24
                 7.03125        2.87161203492192   3.381757292352146e-24
                 7.03125       2.920699420134261   3.381757292352146e-24
                 7.03125       2.969786805346601   3.381757292352146e-24
                 7.03125       3.018874190558942   3.381757292352146e-24
                 7.03125       3.067961575771282   3.381757292352146e-24
                 7.03125       3.117048960983623   3.381757292352146e-24

                 7.09375     0.02454369260617026   1.398755598822809e-24
                 7.09375     0.07363107781851078   1.398755598822809e-24
                 7.09375      0.1227184630308513   1.398755598822809e-24
                 7.09375      0.1718058482431918   1.398755598822809e-24
                 7.09375      0.2208932334555323   1.398755598822809e-24
                 7.09375      0.2699806186678728   1.398755598822809e-24
                 7.09375      0.3190680038802134   1.398755598822809e-24
                 7.09375      0.3681553890925539   1.398755598822809e-24
                 7.09375      0.4172427743048944   1.398755598822809e-24
                 7.09375      0.4663301595172349   1.398755598822809e-24
                 7.09375      0.5154175447295755   1.398755598822809e-24
                 7.09375      0.5645049299419159   1.398755598822809e-24
                 7.09375      0.6135923151542565   1.398755598822809e-24
                 7.09375       0.662679700366597   1.398755598822809e-24
                 7.09375      0.7117670855789375   1.398755598822809e-24
                 7.09375       0.760854470791278   1.398755598822809e-24
                 7.09375      0.8099418560036186   1.398755598822809e-24
                 7.09375       0.859029241215959   1.398755598822809e-24
                 7.09375      0.9081166264282996   1.398755598822809e-24
                 7.09375      0.9572040116406401   1.398755598822809e-24
                 7.09375       1.006291396852981   1.398755598822809e-24
                 7.09375       1.055378782065321   1.398755598822809e-24
                 7.09375       1.104466167277662   1.398755598822809e-24
                 7.09375       1.153553552490002   1.398755598822809e-24
                 7.09375       1.202640937702343   1.398755598822809e-24
                 7.09375       1.251728322914683   1.398755598822809e-24
                 7.09375       1.300815708127024   1.398755598822809e-24
                 7.09375       1.349903093339364   1.398755598822809e-24
                 7.09375       1.398990478551705   1.398755598822809e-24
                 7.09375       1.448077863764045   1.398755598822809e-24
                 7.09375       1.497165248976386   1.398755598822809e-24
                 7.09375       1.546252634188726   1.398755598822809e-24
                 7.09375       1.595340019401067   1.398755598822809e-24
                 7.09375       1.644427404613407   1.398755598822809e-24
                 7.09375       1.693514789825748   1.398755598822809e-24
                 7.09375       1.742602175038088   1.398755598822809e-24
                 7.09375       1.791689560250429   1.398755598822809e-24
                 7.09375       1.840776945462769   1.398755598822809e-24
                 7.09375        1.88986433067511   1.398755598822809e-24
                 7.09375       1.938951715887451   1.398755598822809e-24
                 7.09375       1.988039101099791   1.398755598822809e-24
                 7.09375       2.037126486312132   1.398755598822809e-24
                 7.09375       2.086213871524472   1.398755598822809e-24
                 7.09375       2.135301256736812   1.398755598822809e-24
                 7.09375       2.184388641949153   1.398755598822809e-24
                 7.09375       2.233476027161494   1.398755598822809e-24
                 7.09375       2.282563412373834   1.398755598822809e-24
                 7.09375       2.331650797586175   1.398755598822809e-24
                 7.09375       2.380738182798515   1.398755598822809e-24
                 7.09375       2.429825568010856   1.398755598822809e-24
                 7.09375       2.478912953223196   1.398755598822809e-24
                 7.09375       2.528000338435537   1.398755598822809e-24
                 7.09375       2.577087723647877   1.398755598822809e-24
                 7.09375       2.626175108860218   1.398755598822809e-24
                 7.09375       2.675262494072558   1.398755598822809e-24
                 7.09375       2.724349879284899   1.398755598822809e-24
                 7.09375       2.773437264497239   1.398755598822809e-24
                 7.09375        2.82252464970958   1.398755598822809e-24
                 7.09375        2.87161203492192   1.398755598822809e-24
                 7.09375       2.920699420134261   1.398755598822809e-24
                 7.09375       2.969786805346601   1.398755598822809e-24
                 7.09375       3.018874190558942   1.398755598822809e-24
                 7.09375       3.067961575771282   1.398755598822809e-24
                 7.09375       3.117048960983623   1.398755598822809e-24

                 7.15625     0.02454369260617026   5.740481411207986e-25
                 7.15625     0.07363107781851078   5.740481411207986e-25
                 7.15625      0.1227184630308513   5.740481411207986e-25
                 7.15625      0.1718058482431918   5.740481411207986e-25
                 7.15625      0.2208932334555323   5.740481411207986e-25
                 7.15625      0.2699806186678728   5.740481411207986e-25
                 7.15625      0.3190680038802134   5.740481411207986e-25
                 7.15625      0.3681553890925539   5.740481411207986e-25
                 7.15625      0.4172427743048944   5.740481411207986e-25
                 7.15625      0.4663301595172349   5.740481411207986e-25
                 7.15625      0.5154175447295755   5.740481411207986e-25
                 7.15625      0.5645049299419159   5.740481411207986e-25
                 7.15625      0.6135923151542565   5.740481411207986e-25
                 7.15625       0.662679700366597   5.740481411207986e-25
                 7.15625      0.7117670855789375   5.740481411207986e-25
                 7.15625       0.760854470791278   5.740481411207986e-25
                 7.15625      0.8099418560036186   5.740481411207986e-25
                 7.15625       0.859029241215959   5.740481411207986e-25
                 7.15625      0.9081166264282996   5.740481411207986e-25
                 7.15625      0.9572040116406401   5.740481411207986e-25
                 7.15625       1.006291396852981   5.740481411207986e-25
                 7.15625       1.055378782065321   5.740481411207986e-25
                 7.15625       1.104466167277662   5.740481411207986e-25
                 7.15625       1.153553552490002   5.740481411207986e-25
                 7.15625       1.202640937702343   5.740481411207986e-25
                 7.15625       1.251728322914683   5.740481411207986e-25
                 7.15625       1.300815708127024   5.740481411207986e-25
                 7.15625       1.349903093339364   5.740481411207986e-25
                 7.15625       1.398990478551705   5.740481411207986e-25
                 7.15625       1.448077863764045   5.740481411207986e-25
                 7.15625       1.497165248976386   5.740481411207986e-25
                 7.15625       1.546252634188726   5.740481411207986e-25
                 7.15625       1.595340019401067   5.740481411207986e-25
                 7.15625       1.644427404613407   5.740481411207986e-25
                 7.15625       1.693514789825748   5.740481411207986e-25
                 7.15625       1.742602175038088   5.740481411207986e-25
                 7.15625       1.791689560250429   5.740481411207986e-25
                 7.15625       1.840776945462769   5.740481411207986e-25
                 7.15625        1.88986433067511   5.740481411207986e-25
                 7.15625       1.938951715887451   5.740481411207986e-25
                 7.15625       1.988039101099791   5.740481411207986e-25
                 7.15625       2.037126486312132   5.740481411207986e-25
                 7.15625       2.086213871524472   5.740481411207986e-25
                 7.15625       2.135301256736812   5.740481411207986e-25
                 7.15625       2.184388641949153   5.740481411207986e-25
                 7.15625       2.233476027161494   5.740481411207986e-25
                 7.15625       2.282563412373834   5.740481411207986e-25
                 7.15625       2.331650797586175   5.740481411207986e-25
                 7.15625       2.380738182798515   5.740481411207986e-25
                 7.15625       2.429825568010856   5.740481411207986e-25
                 7.15625       2.478912953223196   5.740481411207986e-25
                 7.15625       2.528000338435537   5.740481411207986e-25
                 7.15625       2.577087723647877   5.740481411207986e-25
                 7.15625       2.626175108860218   5.740481411207986e-25
                 7.15625       2.675262494072558   5.740481411207986e-25
                 7.15625       2.724349879284899   5.740481411207986e-25
                 7.15625       2.773437264497239   5.740481411207986e-25
                 7.15625        2.82252464970958   5.740481411207986e-25
                 7.15625        2.87161203492192   5.740481411207986e-25
                 7.15625       2.920699420134261   5.740481411207986e-25
                 7.15625       2.969786805346601   5.740481411207986e-25
                 7.15625       3.018874190558942   5.740481411207986e-25
                 7.15625       3.067961575771282   5.740481411207986e-25
                 7.15625       3.117048960983623   5.740481411207986e-25

                 7.21875     0.02454369260617026   2.337555152051864e-25
                 7.21875     0.07363107781851078   2.337555152051864e-25
                 7.21875      0.1227184630308513   2.337555152051864e-25
                 7.21875      0.1718058482431918   2.337555152051864e-25
                 7.21875      0.2208932334555323   2.337555152051864e-25
                 7.21875      0.2699806186678728   2.337555152051864e-25
                 7.21875      0.3190680038802134   2.337555152051864e-25
                 7.21875      0.3681553890925539   2.337555152051864e-25
                 7.21875      0.4172427743048944   2.337555152051864e-25
                 7.21875      0.4663301595172349   2.337555152051864e-25
                 7.21875      0.5154175447295755   2.337555152051864e-25
                 7.21875      0.5645049299419159   2.337555152051864e-25
                 7.21875      0.6135923151542565   2.337555152051864e-25
                 7.21875       0.662679700366597   2.337555152051864e-25
                 7.21875      0.7117670855789375   2.337555152051864e-25
                 7.21875       0.760854470791278   2.337555152051864e-25
                 7.21875      0.8099418560036186   2.337555152051864e-25
                 7.21875       0.859029241215959   2.337555152051864e-25
                 7.21875      0.9081166264282996   2.337555152051864e-25
                 7.21875      0.9572040116406401   2.337555152051864e-25
                 7.21875       1.006291396852981   2.337555152051864e-25
                 7.21875       1.055378782065321   2.337555152051864e-25
                 7.21875       1.104466167277662   2.337555152051864e-25
                 7.21875       1.153553552490002   2.337555152051864e-25
                 7.21875       1.202640937702343   2.337555152051864e-25
                 7.21875       1.251728322914683   2.337555152051864e-25
                 7.21875       1.300815708127024   2.337555152051864e-25
                 7.21875       1.349903093339364   2.337555152051864e-25
                 7.21875       1.398990478551705   2.337555152051864e-25
                 7.21875       1.448077863764045   2.337555152051864e-25
                 7.21875       1.497165248976386   2.337555152051864e-25
                 7.21875       1.546252634188726   2.337555152051864e-25
                 7.21875       1.595340019401067   2.337555152051864e-25
                 7.21875       1.644427404613407   2.337555152051864e-25
                 7.21875       1.693514789825748   2.337555152051864e-25
                 7.21875       1.742602175038088   2.337555152051864e-25
                 7.21875       1.791689560250429   2.337555152051864e-25
                 7.21875       1.840776945462769   2.337555152051864e-25
                 7.21875        1.88986433067511   2.337555152051864e-25
                 7.21875       1.938951715887451   2.337555152051864e-25
                 7.21875       1.988039101099791   2.337555152051864e-25
                 7.21875       2.037126486312132   2.337555152051864e-25
                 7.21875       2.086213871524472   2.337555152051864e-25
                 7.21875       2.135301256736812   2.337555152051864e-25
                 7.21875       2.184388641949153   2.337555152051864e-25
                 7.21875       2.233476027161494   2.337555152051864e-25
                 7.21875       2.282563412373834   2.337555152051864e-25
                 7.21875       2.331650797586175   2.337555152051864e-25
                 7.21875       2.380738182798515   2.337555152051864e-25
                 7.21875       2.429825568010856   2.337555152051864e-25
                 7.21875       2.478912953223196   2.337555152051864e-25
                 7.21875       2.528000338435537   2.337555152051864e-25
                 7.21875       2.577087723647877   2.337555152051864e-25
                 7.21875       2.626175108860218   2.337555152051864e-25
                 7.21875       2.675262494072558   2.337555152051864e-25
                 7.21875       2.724349879284899   2.337555152051864e-25
                 7.21875       2.773437264497239   2.337555152051864e-25
                 7.21875        2.82252464970958   2.337555152051864e-25
                 7.21875        2.87161203492192   2.337555152051864e-25
                 7.21875       2.920699420134261   2.337555152051864e-25
                 7.21875       2.969786805346601   2.337555152051864e-25
                 7.21875       3.018874190558942   2.337555152051864e-25
                 7.21875       3.067961575771282   2.337555152051864e-25
                 7.21875       3.117048960983623   2.337555152051864e-25

                 7.28125     0.02454369260617026   9.444576575063704e-26
                 7.28125     0.07363107781851078   9.444576575063704e-26
                 7.28125      0.1227184630308513   9.444576575063704e-26
                 7.28125      0.1718058482431918   9.444576575063704e-26
                 7.28125      0.2208932334555323   9.444576575063704e-26
                 7.28125      0.2699806186678728   9.444576575063704e-26
                 7.28125      0.3190680038802134   9.444576575063704e-26
                 7.28125      0.3681553890925539   9.444576575063704e-26
                 7.28125      0.4172427743048944   9.444576575063704e-26
                 7.28125      0.4663301595172349   9.444576575063704e-26
                 7.28125      0.5154175447295755   9.444576575063704e-26
                 7.28125      0.5645049299419159   9.444576575063704e-26
                 7.28125      0.6135923151542565   9.444576575063704e-26
                 7.28125       0.662679700366597   9.444576575063704e-26
                 7.28125      0.7117670855789375   9.444576575063704e-26
                 7.28125       0.760854470791278   9.444576575063704e-26
                 7.28125      0.8099418560036186   9.444576575063704e-26
                 7.28125       0.859029241215959   9.444576575063704e-26
                 7.28125      0.9081166264282996   9.444576575063704e-26
                 7.28125      0.9572040116406401   9.444576575063704e-26
                 7.28125       1.006291396852981   9.444576575063704e-26
                 7.28125       1.055378782065321   9.444576575063704e-26
                 7.28125       1.104466167277662   9.444576575063704e-26
                 7.28125       1.153553552490002   9.444576575063704e-26
                 7.28125       1.202640937702343   9.444576575063704e-26
                 7.28125       1.251728322914683   9.444576575063704e-26
                 7.28125       1.300815708127024   9.444576575063704e-26
                 7.28125       1.349903093339364   9.444576575063704e-26
                 7.28125       1.398990478551705   9.444576575063704e-26
                 7.28125       1.448077863764045   9.444576575063704e-26
                 7.28125       1.497165248976386   9.444576575063704e-26
                 7.28125       1.546252634188726   9.444576575063704e-26
                 7.28125       1.595340019401067   9.444576575063704e-26
                 7.28125       1.644427404613407   9.444576575063704e-26
                 7.28125       1.693514789825748   9.444576575063704e-26
                 7.28125       1.742602175038088   9.444576575063704e-26
                 7.28125       1.791689560250429   9.444576575063704e-26
                 7.28125       1.840776945462769   9.444576575063704e-26
                 7.28125        1.88986433067511   9.444576575063704e-26
                 7.28125       1.938951715887451   9.444576575063704e-26
                 7.28125       1.988039101099791   9.444576575063704e-26
                 7.28125       2.037126486312132   9.444576575063704e-26
                 7.28125       2.086213871524472   9.444576575063704e-26
                 7.28125       2.135301256736812   9.444576575063704e-26
                 7.28125       2.184388641949153   9.444576575063704e-26
                 7.28125       2.233476027161494   9.444576575063704e-26
                 7.28125       2.282563412373834   9.444576575063704e-26
                 7.28125       2.331650797586175   9.444576575063704e-26
                 7.28125       2.380738182798515   9.444576575063704e-26
                 7.28125       2.429825568010856   9.444576575063704e-26
                 7.28125       2.478912953223196   9.444576575063704e-26
                 7.28125       2.528000338435537   9.444576575063704e-26
                 7.28125       2.577087723647877   9.444576575063704e-26
                 7.28125       2.626175108860218   9.444576575063704e-26
                 7.28125       2.675262494072558   9.444576575063704e-26
                 7.28125       2.724349879284899   9.444576575063704e-26
                 7.28125       2.773437264497239   9.444576575063704e-26
                 7.28125        2.82252464970958   9.444576575063704e-26
                 7.28125        2.87161203492192   9.444576575063704e-26
                 7.28125       2.920699420134261   9.444576575063704e-26
                 7.28125       2.969786805346601   9.444576575063704e-26
                 7.28125       3.018874190558942   9.444576575063704e-26
                 7.28125       3.067961575771282   9.444576575063704e-26
                 7.28125       3.117048960983623   9.444576575063704e-26

                 7.34375     0.02454369260617026   3.786257898117356e-26
                 7.34375     0.07363107781851078   3.786257898117356e-26
                 7.34375      0.1227184630308513   3.786257898117356e-26
                 7.34375      0.1718058482431918   3.786257898117356e-26
                 7.34375      0.2208932334555323   3.786257898117356e-26
                 7.34375      0.2699806186678728   3.786257898117356e-26
                 7.34375      0.3190680038802134   3.786257898117356e-26
                 7.34375      0.3681553890925539   3.786257898117356e-26
                 7.34375      0.4172427743048944   3.786257898117356e-26
                 7.34375      0.4663301595172349   3.786257898117356e-26
                 7.34375      0.5154175447295755   3.786257898117356e-26
                 7.34375      0.5645049299419159   3.786257898117356e-26
                 7.34375      0.6135923151542565   3.786257898117356e-26
                 7.34375       0.662679700366597   3.786257898117356e-26
                 7.34375      0.7117670855789375   3.786257898117356e-26
                 7.34375       0.760854470791278   3.786257898117356e-26
                 7.34375      0.8099418560036186   3.786257898117356e-26
                 7.34375       0.859029241215959   3.786257898117356e-26
                 7.34375      0.9081166264282996   3.786257898117356e-26
                 7.34375      0.9572040116406401   3.786257898117356e-26
                 7.34375       1.006291396852981   3.786257898117356e-26
                 7.34375       1.055378782065321   3.786257898117356e-26
                 7.34375       1.104466167277662   3.786257898117356e-26
                 7.34375       1.153553552490002   3.786257898117356e-26
                 7.34375       1.202640937702343   3.786257898117356e-26
                 7.34375       1.251728322914683   3.786257898117356e-26
                 7.34375       1.300815708127024   3.786257898117356e-26
                 7.34375       1.349903093339364   3.786257898117356e-26
                 7.34375       1.398990478551705   3.786257898117356e-26
                 7.34375       1.448077863764045   3.786257898117356e-26
                 7.34375       1.497165248976386   3.786257898117356e-26
                 7.34375       1.546252634188726   3.786257898117356e-26
                 7.34375       1.595340019401067   3.786257898117356e-26
                 7.34375       1.644427404613407   3.786257898117356e-26
                 7.34375       1.693514789825748   3.786257898117356e-26
                 7.34375       1.742602175038088   3.786257898117356e-26
                 7.34375       1.791689560250429   3.786257898117356e-26
                 7.34375       1.840776945462769   3.786257898117356e-26
                 7.34375        1.88986433067511   3.786257898117356e-26
                 7.34375       1.938951715887451   3.786257898117356e-26
                 7.34375       1.988039101099791   3.786257898117356e-26
                 7.34375       2.037126486312132   3.786257898117356e-26
                 7.34375       2.086213871524472   3.786257898117356e-26
                 7.34375       2.135301256736812   3.786257898117356e-26
                 7.34375       2.184388641949153   3.786257898117356e-26
                 7.34375       2.233476027161494   3.786257898117356e-26
                 7.34375       2.282563412373834   3.786257898117356e-26
                 7.34375       2.331650797586175   3.786257898117356e-26
                 7.34375       2.380738182798515   3.786257898117356e-26
                 7.34375       2.429825568010856   3.786257898117356e-26
                 7.34375       2.478912953223196   3.786257898117356e-26
                 7.34375       2.528000338435537   3.786257898117356e-26
                 7.34375       2.577087723647877   3.786257898117356e-26
                 7.34375       2.626175108860218   3.786257898117356e-26
                 7.34375       2.675262494072558   3.786257898117356e-26
                 7.34375       2.724349879284899   3.786257898117356e-26
                 7.34375       2.773437264497239   3.786257898117356e-26
                 7.34375        2.82252464970958   3.786257898117356e-26
                 7.34375        2.87161203492192   3.786257898117356e-26
                 7.34375       2.920699420134261   3.786257898117356e-26
                 7.34375       2.969786805346601   3.786257898117356e-26
                 7.34375       3.018874190558942   3.786257898117356e-26
                 7.34375       3.067961575771282   3.786257898117356e-26
                 7.34375       3.117048960983623   3.786257898117356e-26

                 7.40625     0.02454369260617026   1.506069337805112e-26
                 7.40625     0.07363107781851078   1.506069337805112e-26
                 7.40625      0.1227184630308513   1.506069337805112e-26
                 7.40625      0.1718058482431918   1.506069337805112e-26
                 7.40625      0.2208932334555323   1.506069337805112e-26
                 7.40625      0.2699806186678728   1.506069337805112e-26
                 7.40625      0.3190680038802134   1.506069337805112e-26
                 7.40625      0.3681553890925539   1.506069337805112e-26
                 7.40625      0.4172427743048944   1.506069337805112e-26
                 7.40625      0.4663301595172349   1.506069337805112e-26
                 7.40625      0.5154175447295755   1.506069337805112e-26
                 7.40625      0.5645049299419159   1.506069337805112e-26
                 7.40625      0.6135923151542565   1.506069337805112e-26
                 7.40625       0.662679700366597   1.506069337805112e-26
                 7.40625      0.7117670855789375   1.506069337805112e-26
                 7.40625       0.760854470791278   1.506069337805112e-26
                 7.40625      0.8099418560036186   1.506069337805112e-26
                 7.40625       0.859029241215959   1.506069337805112e-26
                 7.40625      0.9081166264282996   1.506069337805112e-26
                 7.40625      0.9572040116406401   1.506069337805112e-26
                 7.40625       1.006291396852981   1.506069337805112e-26
                 7.40625       1.055378782065321   1.506069337805112e-26
                 7.40625       1.104466167277662   1.506069337805112e-26
                 7.40625       1.153553552490002   1.506069337805112e-26
                 7.40625       1.202640937702343   1.506069337805112e-26
                 7.40625       1.251728322914683   1.506069337805112e-26
                 7.40625       1.300815708127024   1.506069337805112e-26
                 7.40625       1.349903093339364   1.506069337805112e-26
                 7.40625       1.398990478551705   1.506069337805112e-26
                 7.40625       1.448077863764045   1.506069337805112e-26
                 7.40625       1.497165248976386   1.506069337805112e-26
                 7.40625       1.546252634188726   1.506069337805112e-26
                 7.40625       1.595340019401067   1.506069337805112e-26
                 7.40625       1.644427404613407   1.506069337805112e-26
                 7.40625       1.693514789825748   1.506069337805112e-26
                 7.40625       1.742602175038088   1.506069337805112e-26
                 7.40625       1.791689560250429   1.506069337805112e-26
                 7.40625       1.840776945462769   1.506069337805112e-26
                 7.40625        1.88986433067511   1.506069337805112e-26
                 7.40625       1.938951715887451   1.506069337805112e-26
                 7.40625       1.988039101099791   1.506069337805112e-26
                 7.40625       2.037126486312132   1.506069337805112e-26
                 7.40625       2.086213871524472   1.506069337805112e-26
                 7.40625       2.135301256736812   1.506069337805112e-26
                 7.40625       2.184388641949153   1.506069337805112e-26
                 7.40625       2.233476027161494   1.506069337805112e-26
                 7.40625       2.282563412373834   1.506069337805112e-26
                 7.40625       2.331650797586175   1.506069337805112e-26
                 7.40625       2.380738182798515   1.506069337805112e-26
                 7.40625       2.429825568010856   1.506069337805112e-26
                 7.40625       2.478912953223196   1.506069337805112e-26
                 7.40625       2.528000338435537   1.506069337805112e-26
                 7.40625       2.577087723647877   1.506069337805112e-26
                 7.40625       2.626175108860218   1.506069337805112e-26
                 7.40625       2.675262494072558   1.506069337805112e-26
                 7.40625       2.724349879284899   1.506069337805112e-26
                 7.40625       2.773437264497239   1.506069337805112e-26
                 7.40625        2.82252464970958   1.506069337805112e-26
                 7.40625        2.87161203492192   1.506069337805112e-26
                 7.40625       2.920699420134261   1.506069337805112e-26
                 7.40625       2.969786805346601   1.506069337805112e-26
                 7.40625       3.018874190558942   1.506069337805112e-26
                 7.40625       3.067961575771282   1.506069337805112e-26
                 7.40625       3.117048960983623   1.506069337805112e-26

                 7.46875     0.02454369260617026    5.94410969714993e-27
                 7.46875     0.07363107781851078    5.94410969714993e-27
                 7.46875      0.1227184630308513    5.94410969714993e-27
                 7.46875      0.1718058482431918    5.94410969714993e-27
                 7.46875      0.2208932334555323    5.94410969714993e-27
                 7.46875      0.2699806186678728    5.94410969714993e-27
                 7.46875      0.3190680038802134    5.94410969714993e-27
                 7.46875      0.3681553890925539    5.94410969714993e-27
                 7.46875      0.4172427743048944    5.94410969714993e-27
                 7.46875      0.4663301595172349    5.94410969714993e-27
                 7.46875      0.5154175447295755    5.94410969714993e-27
                 7.46875      0.5645049299419159    5.94410969714993e-27
                 7.46875      0.6135923151542565    5.94410969714993e-27
                 7.46875       0.662679700366597    5.94410969714993e-27
                 7.46875      0.7117670855789375    5.94410969714993e-27
                 7.46875       0.760854470791278    5.94410969714993e-27
                 7.46875      0.8099418560036186    5.94410969714993e-27
                 7.46875       0.859029241215959    5.94410969714993e-27
                 7.46875      0.9081166264282996    5.94410969714993e-27
                 7.46875      0.9572040116406401    5.94410969714993e-27
                 7.46875       1.006291396852981    5.94410969714993e-27
                 7.46875       1.055378782065321    5.94410969714993e-27
                 7.46875       1.104466167277662    5.94410969714993e-27
                 7.46875       1.153553552490002    5.94410969714993e-27
                 7.46875       1.202640937702343    5.94410969714993e-27
                 7.46875       1.251728322914683    5.94410969714993e-27
                 7.46875       1.300815708127024    5.94410969714993e-27
                 7.46875       1.349903093339364    5.94410969714993e-27
                 7.46875       1.398990478551705    5.94410969714993e-27
                 7.46875       1.448077863764045    5.94410969714993e-27
                 7.46875       1.497165248976386    5.94410969714993e-27
                 7.46875       1.546252634188726    5.94410969714993e-27
                 7.46875       1.595340019401067    5.94410969714993e-27
                 7.46875       1.644427404613407    5.94410969714993e-27
                 7.46875       1.693514789825748    5.94410969714993e-27
                 7.46875       1.742602175038088    5.94410969714993e-27
                 7.46875       1.791689560250429    5.94410969714993e-27
                 7.46875       1.840776945462769    5.94410969714993e-27
                 7.46875        1.88986433067511    5.94410969714993e-27
                 7.46875       1.938951715887451    5.94410969714993e-27
                 7.46875       1.988039101099791    5.94410969714993e-27
                 7.46875       2.037126486312132    5.94410969714993e-27
                 7.46875       2.086213871524472    5.94410969714993e-27
                 7.46875       2.135301256736812    5.94410969714993e-27
                 7.46875       2.184388641949153    5.94410969714993e-27
                 7.46875       2.233476027161494    5.94410969714993e-27
                 7.46875       2.282563412373834    5.94410969714993e-27
                 7.46875       2.331650797586175    5.94410969714993e-27
                 7.46875       2.380738182798515    5.94410969714993e-27
                 7.46875       2.429825568010856    5.94410969714993e-27
                 7.46875       2.478912953223196    5.94410969714993e-27
                 7.46875       2.528000338435537    5.94410969714993e-27
                 7.46875       2.577087723647877    5.94410969714993e-27
                 7.46875       2.626175108860218    5.94410969714993e-27
                 7.46875       2.675262494072558    5.94410969714993e-27
                 7.46875       2.724349879284899    5.94410969714993e-27
                 7.46875       2.773437264497239    5.94410969714993e-27
                 7.46875        2.82252464970958    5.94410969714993e-27
                 7.46875        2.87161203492192    5.94410969714993e-27
                 7.46875       2.920699420134261    5.94410969714993e-27
                 7.46875       2.969786805346601    5.94410969714993e-27
                 7.46875       3.018874190558942    5.94410969714993e-27
                 7.46875       3.067961575771282    5.94410969714993e-27
                 7.46875       3.117048960983623    5.94410969714993e-27

                 7.53125     0.02454369260617026   2.327746802988036e-27
                 7.53125     0.07363107781851078   2.327746802988036e-27
                 7.53125      0.1227184630308513   2.327746802988036e-27
                 7.53125      0.1718058482431918   2.327746802988036e-27
                 7.53125      0.2208932334555323   2.327746802988036e-27
                 7.53125      0.2699806186678728   2.327746802988036e-27
                 7.53125      0.3190680038802134   2.327746802988036e-27
                 7.53125      0.3681553890925539   2.327746802988036e-27
                 7.53125      0.4172427743048944   2.327746802988036e-27
                 7.53125      0.4663301595172349   2.327746802988036e-27
                 7.53125      0.5154175447295755   2.327746802988036e-27
                 7.53125      0.5645049299419159   2.327746802988036e-27
                 7.53125      0.6135923151542565   2.327746802988036e-27
                 7.53125       0.662679700366597   2.327746802988036e-27
                 7.53125      0.7117670855789375   2.327746802988036e-27
                 7.53125       0.760854470791278   2.327746802988036e-27
                 7.53125      0.8099418560036186   2.327746802988036e-27
                 7.53125       0.859029241215959   2.327746802988036e-27
                 7.53125      0.9081166264282996   2.327746802988036e-27
                 7.53125      0.9572040116406401   2.327746802988036e-27
                 7.53125       1.006291396852981   2.327746802988036e-27
                 7.53125       1.055378782065321   2.327746802988036e-27
                 7.53125       1.104466167277662   2.327746802988036e-27
                 7.53125       1.153553552490002   2.327746802988036e-27
                 7.53125       1.202640937702343   2.327746802988036e-27
                 7.53125       1.251728322914683   2.327746802988036e-27
                 7.53125       1.300815708127024   2.327746802988036e-27
                 7.53125       1.349903093339364   2.327746802988036e-27
                 7.53125       1.398990478551705   2.327746802988036e-27
                 7.53125       1.448077863764045   2.327746802988036e-27
                 7.53125       1.497165248976386   2.327746802988036e-27
                 7.53125       1.546252634188726   2.327746802988036e-27
                 7.53125       1.595340019401067   2.327746802988036e-27
                 7.53125       1.644427404613407   2.327746802988036e-27
                 7.53125       1.693514789825748   2.327746802988036e-27
                 7.53125       1.742602175038088   2.327746802988036e-27
                 7.53125       1.791689560250429   2.327746802988036e-27
                 7.53125       1.840776945462769   2.327746802988036e-27
                 7.53125        1.88986433067511   2.327746802988036e-27
                 7.53125       1.938951715887451   2.327746802988036e-27
                 7.53125       1.988039101099791   2.327746802988036e-27
                 7.53125       2.037126486312132   2.327746802988036e-27
                 7.53125       2.086213871524472   2.327746802988036e-27
                 7.53125       2.135301256736812   2.327746802988036e-27
                 7.53125       2.184388641949153   2.327746802988036e-27
                 7.53125       2.233476027161494   2.327746802988036e-27
                 7.53125       2.282563412373834   2.327746802988036e-27
                 7.53125       2.331650797586175   2.327746802988036e-27
                 7.53125       2.380738182798515   2.327746802988036e-27
                 7.53125       2.429825568010856   2.327746802988036e-27
                 7.53125       2.478912953223196   2.327746802988036e-27
                 7.53125       2.528000338435537   2.327746802988036e-27
                 7.53125       2.577087723647877   2.327746802988036e-27
                 7.53125       2.626175108860218   2.327746802988036e-27
                 7.53125       2.675262494072558   2.327746802988036e-27
                 7.53125       2.724349879284899   2.327746802988036e-27
                 7.53125       2.773437264497239   2.327746802988036e-27
                 7.53125        2.82252464970958   2.327746802988036e-27
                 7.53125        2.87161203492192   2.327746802988036e-27
                 7.53125       2.920699420134261   2.327746802988036e-27
                 7.53125       2.969786805346601   2.327746802988036e-27
                 7.53125       3.018874190558942   2.327746802988036e-27
                 7.53125       3.067961575771282   2.327746802988036e-27
                 7.53125       3.117048960983623   2.327746802988036e-27

                 7.59375     0.02454369260617026   9.044649390919233e-28
                 7.59375     0.07363107781851078   9.044649390919233e-28
                 7.59375      0.1227184630308513   9.044649390919233e-28
                 7.59375      0.1718058482431918   9.044649390919233e-28
                 7.59375      0.2208932334555323   9.044649390919233e-28
                 7.59375      0.2699806186678728   9.044649390919233e-28
                 7.59375      0.3190680038802134   9.044649390919233e-28
                 7.59375      0.3681553890925539   9.044649390919233e-28
                 7.59375      0.4172427743048944   9.044649390919233e-28
                 7.59375      0.4663301595172349   9.044649390919233e-28
                 7.59375      0.5154175447295755   9.044649390919233e-28
                 7.59375      0.5645049299419159   9.044649390919233e-28
                 7.59375      0.6135923151542565   9.044649390919233e-28
                 7.59375       0.662679700366597   9.044649390919233e-28
                 7.59375      0.7117670855789375   9.044649390919233e-28
                 7.59375       0.760854470791278   9.044649390919233e-28
                 7.59375      0.8099418560036186   9.044649390919233e-28
                 7.59375       0.859029241215959   9.044649390919233e-28
                 7.59375      0.9081166264282996   9.044649390919233e-28
                 7.59375      0.9572040116406401   9.044649390919233e-28
                 7.59375       1.006291396852981   9.044649390919233e-28
                 7.59375       1.055378782065321   9.044649390919233e-28
                 7.59375       1.104466167277662   9.044649390919233e-28
                 7.59375       1.153553552490002   9.044649390919233e-28
                 7.59375       1.202640937702343   9.044649390919233e-28
                 7.59375       1.251728322914683   9.044649390919233e-28
                 7.59375       1.300815708127024   9.044649390919233e-28
                 7.59375       1.349903093339364   9.044649390919233e-28
                 7.59375       1.398990478551705   9.044649390919233e-28
                 7.59375       1.448077863764045   9.044649390919233e-28
                 7.59375       1.497165248976386   9.044649390919233e-28
                 7.59375       1.546252634188726   9.044649390919233e-28
                 7.59375       1.595340019401067   9.044649390919233e-28
                 7.59375       1.644427404613407   9.044649390919233e-28
                 7.59375       1.693514789825748   9.044649390919233e-28
                 7.59375       1.742602175038088   9.044649390919233e-28
                 7.59375       1.791689560250429   9.044649390919233e-28
                 7.59375       1.840776945462769   9.044649390919233e-28
                 7.59375        1.88986433067511   9.044649390919233e-28
                 7.59375       1.938951715887451   9.044649390919233e-28
                 7.59375       1.988039101099791   9.044649390919233e-28
                 7.59375       2.037126486312132   9.044649390919233e-28
                 7.59375       2.086213871524472   9.044649390919233e-28
                 7.59375       2.135301256736812   9.044649390919233e-28
                 7.59375       2.184388641949153   9.044649390919233e-28
                 7.59375       2.233476027161494   9.044649390919233e-28
                 7.59375       2.282563412373834   9.044649390919233e-28
                 7.59375       2.331650797586175   9.044649390919233e-28
                 7.59375       2.380738182798515   9.044649390919233e-28
                 7.59375       2.429825568010856   9.044649390919233e-28
                 7.59375       2.478912953223196   9.044649390919233e-28
                 7.59375       2.528000338435537   9.044649390919233e-28
                 7.59375       2.577087723647877   9.044649390919233e-28
                 7.59375       2.626175108860218   9.044649390919233e-28
                 7.59375       2.675262494072558   9.044649390919233e-28
                 7.59375       2.724349879284899   9.044649390919233e-28
                 7.59375       2.773437264497239   9.044649390919233e-28
                 7.59375        2.82252464970958   9.044649390919233e-28
                 7.59375        2.87161203492192   9.044649390919233e-28
                 7.59375       2.920699420134261   9.044649390919233e-28
                 7.59375       2.969786805346601   9.044649390919233e-28
                 7.59375       3.018874190558942   9.044649390919233e-28
                 7.59375       3.067961575771282   9.044649390919233e-28
                 7.59375       3.117048960983623   9.044649390919233e-28

                 7.65625     0.02454369260617026   3.487022971217049e-28
                 7.65625     0.07363107781851078   3.487022971217049e-28
                 7.65625      0.1227184630308513   3.487022971217049e-28
                 7.65625      0.1718058482431918   3.487022971217049e-28
                 7.65625      0.2208932334555323   3.487022971217049e-28
                 7.65625      0.2699806186678728   3.487022971217049e-28
                 7.65625      0.3190680038802134   3.487022971217049e-28
                 7.65625      0.3681553890925539   3.487022971217049e-28
                 7.65625      0.4172427743048944   3.487022971217049e-28
                 7.65625      0.4663301595172349   3.487022971217049e-28
                 7.65625      0.5154175447295755   3.487022971217049e-28
                 7.65625      0.5645049299419159   3.487022971217049e-28
                 7.65625      0.6135923151542565   3.487022971217049e-28
                 7.65625       0.662679700366597   3.487022971217049e-28
                 7.65625      0.7117670855789375   3.487022971217049e-28
                 7.65625       0.760854470791278   3.487022971217049e-28
                 7.65625      0.8099418560036186   3.487022971217049e-28
                 7.65625       0.859029241215959   3.487022971217049e-28
                 7.65625      0.9081166264282996   3.487022971217049e-28
                 7.65625      0.9572040116406401   3.487022971217049e-28
                 7.65625       1.006291396852981   3.487022971217049e-28
                 7.65625       1.055378782065321   3.487022971217049e-28
                 7.65625       1.104466167277662   3.487022971217049e-28
                 7.65625       1.153553552490002   3.487022971217049e-28
                 7.65625       1.202640937702343   3.487022971217049e-28
                 7.65625       1.251728322914683   3.487022971217049e-28
                 7.65625       1.300815708127024   3.487022971217049e-28
                 7.65625       1.349903093339364   3.487022971217049e-28
                 7.65625       1.398990478551705   3.487022971217049e-28
                 7.65625       1.448077863764045   3.487022971217049e-28
                 7.65625       1.497165248976386   3.487022971217049e-28
                 7.65625       1.546252634188726   3.487022971217049e-28
                 7.65625       1.595340019401067   3.487022971217049e-28
                 7.65625       1.644427404613407   3.487022971217049e-28
                 7.65625       1.693514789825748   3.487022971217049e-28
                 7.65625       1.742602175038088   3.487022971217049e-28
                 7.65625       1.791689560250429   3.487022971217049e-28
                 7.65625       1.840776945462769   3.487022971217049e-28
                 7.65625        1.88986433067511   3.487022971217049e-28
                 7.65625       1.938951715887451   3.487022971217049e-28
                 7.65625       1.988039101099791   3.487022971217049e-28
                 7.65625       2.037126486312132   3.487022971217049e-28
                 7.65625       2.086213871524472   3.487022971217049e-28
                 7.65625       2.135301256736812   3.487022971217049e-28
                 7.65625       2.184388641949153   3.487022971217049e-28
                 7.65625       2.233476027161494   3.487022971217049e-28
                 7.65625       2.282563412373834   3.487022971217049e-28
                 7.65625       2.331650797586175   3.487022971217049e-28
                 7.65625       2.380738182798515   3.487022971217049e-28
                 7.65625       2.429825568010856   3.487022971217049e-28
                 7.65625       2.478912953223196   3.487022971217049e-28
                 7.65625       2.528000338435537   3.487022971217049e-28
                 7.65625       2.577087723647877   3.487022971217049e-28
                 7.65625       2.626175108860218   3.487022971217049e-28
                 7.65625       2.675262494072558   3.487022971217049e-28
                 7.65625       2.724349879284899   3.487022971217049e-28
                 7.65625       2.773437264497239   3.487022971217049e-28
                 7.65625        2.82252464970958   3.487022971217049e-28
                 7.65625        2.87161203492192   3.487022971217049e-28
                 7.65625       2.920699420134261   3.487022971217049e-28
                 7.65625       2.969786805346601   3.487022971217049e-28
                 7.65625       3.018874190558942   3.487022971217049e-28
                 7.65625       3.067961575771282   3.487022971217049e-28
                 7.65625       3.117048960983623   3.487022971217049e-28

                 7.71875     0.02454369260617026   1.333905166445243e-28
                 7.71875     0.07363107781851078   1.333905166445243e-28
                 7.71875      0.1227184630308513   1.333905166445243e-28
                 7.71875      0.1718058482431918   1.333905166445243e-28
                 7.71875      0.2208932334555323   1.333905166445243e-28
                 7.71875      0.2699806186678728   1.333905166445243e-28
                 7.71875      0.3190680038802134   1.333905166445243e-28
                 7.71875      0.3681553890925539   1.333905166445243e-28
                 7.71875      0.4172427743048944   1.333905166445243e-28
                 7.71875      0.4663301595172349   1.333905166445243e-28
                 7.71875      0.5154175447295755   1.333905166445243e-28
                 7.71875      0.5645049299419159   1.333905166445243e-28
                 7.71875      0.6135923151542565   1.333905166445243e-28
                 7.71875       0.662679700366597   1.333905166445243e-28
                 7.71875      0.7117670855789375   1.333905166445243e-28
                 7.71875       0.760854470791278   1.333905166445243e-28
                 7.71875      0.8099418560036186   1.333905166445243e-28
                 7.71875       0.859029241215959   1.333905166445243e-28
                 7.71875      0.9081166264282996   1.333905166445243e-28
                 7.71875      0.9572040116406401   1.333905166445243e-28
                 7.71875       1.006291396852981   1.333905166445243e-28
                 7.71875       1.055378782065321   1.333905166445243e-28
                 7.71875       1.104466167277662   1.333905166445243e-28
                 7.71875       1.153553552490002   1.333905166445243e-28
                 7.71875       1.202640937702343   1.333905166445243e-28
                 7.71875       1.251728322914683   1.333905166445243e-28
                 7.71875       1.300815708127024   1.333905166445243e-28
                 7.71875       1.349903093339364   1.333905166445243e-28
                 7.71875       1.398990478551705   1.333905166445243e-28
                 7.71875       1.448077863764045   1.333905166445243e-28
                 7.71875       1.497165248976386   1.333905166445243e-28
                 7.71875       1.546252634188726   1.333905166445243e-28
                 7.71875       1.595340019401067   1.333905166445243e-28
                 7.71875       1.644427404613407   1.333905166445243e-28
                 7.71875       1.693514789825748   1.333905166445243e-28
                 7.71875       1.742602175038088   1.333905166445243e-28
                 7.71875       1.791689560250429   1.333905166445243e-28
                 7.71875       1.840776945462769   1.333905166445243e-28
                 7.71875        1.88986433067511   1.333905166445243e-28
                 7.71875       1.938951715887451   1.333905166445243e-28
                 7.71875       1.988039101099791   1.333905166445243e-28
                 7.71875       2.037126486312132   1.333905166445243e-28
                 7.71875       2.086213871524472   1.333905166445243e-28
                 7.71875       2.135301256736812   1.333905166445243e-28
                 7.71875       2.184388641949153   1.333905166445243e-28
                 7.71875       2.233476027161494   1.333905166445243e-28
                 7.71875       2.282563412373834   1.333905166445243e-28
                 7.71875       2.331650797586175   1.333905166445243e-28
                 7.71875       2.380738182798515   1.333905166445243e-28
                 7.71875       2.429825568010856   1.333905166445243e-28
                 7.71875       2.478912953223196   1.333905166445243e-28
                 7.71875       2.528000338435537   1.333905166445243e-28
                 7.71875       2.577087723647877   1.333905166445243e-28
                 7.71875       2.626175108860218   1.333905166445243e-28
                 7.71875       2.675262494072558   1.333905166445243e-28
                 7.71875       2.724349879284899   1.333905166445243e-28
                 7.71875       2.773437264497239   1.333905166445243e-28
                 7.71875        2.82252464970958   1.333905166445243e-28
                 7.71875        2.87161203492192   1.333905166445243e-28
                 7.71875       2.920699420134261   1.333905166445243e-28
                 7.71875       2.969786805346601   1.333905166445243e-28
                 7.71875       3.018874190558942   1.333905166445243e-28
                 7.71875       3.067961575771282   1.333905166445243e-28
                 7.71875       3.117048960983623   1.333905166445243e-28

                 7.78125     0.02454369260617026   5.062932942788524e-29
                 7.78125     0.07363107781851078   5.062932942788524e-29
                 7.78125      0.1227184630308513   5.062932942788524e-29
                 7.78125      0.1718058482431918   5.062932942788524e-29
                 7.78125      0.2208932334555323   5.062932942788524e-29
                 7.78125      0.2699806186678728   5.062932942788524e-29
                 7.78125      0.3190680038802134   5.062932942788524e-29
                 7.78125      0.3681553890925539   5.062932942788524e-29
                 7.78125      0.4172427743048944   5.062932942788524e-29
                 7.78125      0.4663301595172349   5.062932942788524e-29
                 7.78125      0.5154175447295755   5.062932942788524e-29
                 7.78125      0.5645049299419159   5.062932942788524e-29
                 7.78125      0.6135923151542565   5.062932942788524e-29
                 7.78125       0.662679700366597   5.062932942788524e-29
                 7.78125      0.7117670855789375   5.062932942788524e-29
                 7.78125       0.760854470791278   5.062932942788524e-29
                 7.78125      0.8099418560036186   5.062932942788524e-29
                 7.78125       0.859029241215959   5.062932942788524e-29
                 7.78125      0.9081166264282996   5.062932942788524e-29
                 7.78125      0.9572040116406401   5.062932942788524e-29
                 7.78125       1.006291396852981   5.062932942788524e-29
                 7.78125       1.055378782065321   5.062932942788524e-29
                 7.78125       1.104466167277662   5.062932942788524e-29
                 7.78125       1.153553552490002   5.062932942788524e-29
                 7.78125       1.202640937702343   5.062932942788524e-29
                 7.78125       1.251728322914683   5.062932942788524e-29
                 7.78125       1.300815708127024   5.062932942788524e-29
                 7.78125       1.349903093339364   5.062932942788524e-29
                 7.78125       1.398990478551705   5.062932942788524e-29
                 7.78125       1.448077863764045   5.062932942788524e-29
                 7.78125       1.497165248976386   5.062932942788524e-29
                 7.78125       1.546252634188726   5.062932942788524e-29
                 7.78125       1.595340019401067   5.062932942788524e-29
                 7.78125       1.644427404613407   5.062932942788524e-29
                 7.78125       1.693514789825748   5.062932942788524e-29
                 7.78125       1.742602175038088   5.062932942788524e-29
                 7.78125       1.791689560250429   5.062932942788524e-29
                 7.78125       1.840776945462769   5.062932942788524e-29
                 7.78125        1.88986433067511   5.062932942788524e-29
                 7.78125       1.938951715887451   5.062932942788524e-29
                 7.78125       1.988039101099791   5.062932942788524e-29
                 7.78125       2.037126486312132   5.062932942788524e-29
                 7.78125       2.086213871524472   5.062932942788524e-29
                 7.78125       2.135301256736812   5.062932942788524e-29
                 7.78125       2.184388641949153   5.062932942788524e-29
                 7.78125       2.233476027161494   5.062932942788524e-29
                 7.78125       2.282563412373834   5.062932942788524e-29
                 7.78125       2.331650797586175   5.062932942788524e-29
                 7.78125       2.380738182798515   5.062932942788524e-29
                 7.78125       2.429825568010856   5.062932942788524e-29
                 7.78125       2.478912953223196   5.062932942788524e-29
                 7.78125       2.528000338435537   5.062932942788524e-29
                 7.78125       2.577087723647877   5.062932942788524e-29
                 7.78125       2.626175108860218   5.062932942788524e-29
                 7.78125       2.675262494072558   5.062932942788524e-29
                 7.78125       2.724349879284899   5.062932942788524e-29
                 7.78125       2.773437264497239   5.062932942788524e-29
                 7.78125        2.82252464970958   5.062932942788524e-29
                 7.78125        2.87161203492192   5.062932942788524e-29
                 7.78125       2.920699420134261   5.062932942788524e-29
                 7.78125       2.969786805346601   5.062932942788524e-29
                 7.78125       3.018874190558942   5.062932942788524e-29
                 7.78125       3.067961575771282   5.062932942788524e-29
                 7.78125       3.117048960983623   5.062932942788524e-29

                 7.84375     0.02454369260617026   1.906718016971951e-29
                 7.84375     0.07363107781851078   1.906718016971951e-29
                 7.84375      0.1227184630308513   1.906718016971951e-29
                 7.84375      0.1718058482431918   1.906718016971951e-29
                 7.84375      0.2208932334555323   1.906718016971951e-29
                 7.84375      0.2699806186678728   1.906718016971951e-29
                 7.84375      0.3190680038802134   1.906718016971951e-29
                 7.84375      0.3681553890925539   1.906718016971951e-29
                 7.84375      0.4172427743048944   1.906718016971951e-29
                 7.84375      0.4663301595172349   1.906718016971951e-29
                 7.84375      0.5154175447295755   1.906718016971951e-29
                 7.84375      0.5645049299419159   1.906718016971951e-29
                 7.84375      0.6135923151542565   1.906718016971951e-29
                 7.84375       0.662679700366597   1.906718016971951e-29
                 7.84375      0.7117670855789375   1.906718016971951e-29
                 7.84375       0.760854470791278   1.906718016971951e-29
                 7.84375      0.8099418560036186   1.906718016971951e-29
                 7.84375       0.859029241215959   1.906718016971951e-29
                 7.84375      0.9081166264282996   1.906718016971951e-29
                 7.84375      0.9572040116406401   1.906718016971951e-29
                 7.84375       1.006291396852981   1.906718016971951e-29
                 7.84375       1.055378782065321   1.906718016971951e-29
                 7.84375       1.104466167277662   1.906718016971951e-29
                 7.84375       1.153553552490002   1.906718016971951e-29
                 7.84375       1.202640937702343   1.906718016971951e-29
                 7.84375       1.251728322914683   1.906718016971951e-29
                 7.84375       1.300815708127024   1.906718016971951e-29
                 7.84375       1.349903093339364   1.906718016971951e-29
                 7.84375       1.398990478551705   1.906718016971951e-29
                 7.84375       1.448077863764045   1.906718016971951e-29
                 7.84375       1.497165248976386   1.906718016971951e-29
                 7.84375       1.546252634188726   1.906718016971951e-29
                 7.84375       1.595340019401067   1.906718016971951e-29
                 7.84375       1.644427404613407   1.906718016971951e-29
                 7.84375       1.693514789825748   1.906718016971951e-29
                 7.84375       1.742602175038088   1.906718016971951e-29
                 7.84375       1.791689560250429   1.906718016971951e-29
                 7.84375       1.840776945462769   1.906718016971951e-29
                 7.84375        1.88986433067511   1.906718016971951e-29
                 7.84375       1.938951715887451   1.906718016971951e-29
                 7.84375       1.988039101099791   1.906718016971951e-29
                 7.84375       2.037126486312132   1.906718016971951e-29
                 7.84375       2.086213871524472   1.906718016971951e-29
                 7.84375       2.135301256736812   1.906718016971951e-29
                 7.84375       2.184388641949153   1.906718016971951e-29
                 7.84375       2.233476027161494   1.906718016971951e-29
                 7.84375       2.282563412373834   1.906718016971951e-29
                 7.84375       2.331650797586175   1.906718016971951e-29
                 7.84375       2.380738182798515   1.906718016971951e-29
                 7.84375       2.429825568010856   1.906718016971951e-29
                 7.84375       2.478912953223196   1.906718016971951e-29
                 7.84375       2.528000338435537   1.906718016971951e-29
                 7.84375       2.577087723647877   1.906718016971951e-29
                 7.84375       2.626175108860218   1.906718016971951e-29
                 7.84375       2.675262494072558   1.906718016971951e-29
                 7.84375       2.724349879284899   1.906718016971951e-29
                 7.84375       2.773437264497239   1.906718016971951e-29
                 7.84375        2.82252464970958   1.906718016971951e-29
                 7.84375        2.87161203492192   1.906718016971951e-29
                 7.84375       2.920699420134261   1.906718016971951e-29
                 7.84375       2.969786805346601   1.906718016971951e-29
                 7.84375       3.018874190558942   1.906718016971951e-29
                 7.84375       3.067961575771282   1.906718016971951e-29
                 7.84375       3.117048960983623   1.906718016971951e-29

                 7.90625     0.02454369260617026   7.124884684080461e-30
                 7.90625     0.07363107781851078   7.124884684080461e-30
                 7.90625      0.1227184630308513   7.124884684080461e-30
                 7.90625      0.1718058482431918   7.124884684080461e-30
                 7.90625      0.2208932334555323   7.124884684080461e-30
                 7.90625      0.2699806186678728   7.124884684080461e-30
                 7.90625      0.3190680038802134   7.124884684080461e-30
                 7.90625      0.3681553890925539   7.124884684080461e-30
                 7.90625      0.4172427743048944   7.124884684080461e-30
                 7.90625      0.4663301595172349   7.124884684080461e-30
                 7.90625      0.5154175447295755   7.124884684080461e-30
                 7.90625      0.5645049299419159   7.124884684080461e-30
                 7.90625      0.6135923151542565   7.124884684080461e-30
                 7.90625       0.662679700366597   7.124884684080461e-30
                 7.90625      0.7117670855789375   7.124884684080461e-30
                 7.90625       0.760854470791278   7.124884684080461e-30
                 7.90625      0.8099418560036186   7.124884684080461e-30
                 7.90625       0.859029241215959   7.124884684080461e-30
                 7.90625      0.9081166264282996   7.124884684080461e-30
                 7.90625      0.9572040116406401   7.124884684080461e-30
                 7.90625       1.006291396852981   7.124884684080461e-30
                 7.90625       1.055378782065321   7.124884684080461e-30
                 7.90625       1.104466167277662   7.124884684080461e-30
                 7.90625       1.153553552490002   7.124884684080461e-30
                 7.90625       1.202640937702343   7.124884684080461e-30
                 7.90625       1.251728322914683   7.124884684080461e-30
                 7.90625       1.300815708127024   7.124884684080461e-30
                 7.90625       1.349903093339364   7.124884684080461e-30
                 7.90625       1.398990478551705   7.124884684080461e-30
                 7.90625       1.448077863764045   7.124884684080461e-30
                 7.90625       1.497165248976386   7.124884684080461e-30
                 7.90625       1.546252634188726   7.124884684080461e-30
                 7.90625       1.595340019401067   7.124884684080461e-30
                 7.90625       1.644427404613407   7.124884684080461e-30
                 7.90625       1.693514789825748   7.124884684080461e-30
                 7.90625       1.742602175038088   7.124884684080461e-30
                 7.90625       1.791689560250429   7.124884684080461e-30
                 7.90625       1.840776945462769   7.124884684080461e-30
                 7.90625        1.88986433067511   7.124884684080461e-30
                 7.90625       1.938951715887451   7.124884684080461e-30
                 7.90625       1.988039101099791   7.124884684080461e-30
                 7.90625       2.037126486312132   7.124884684080461e-30
                 7.90625       2.086213871524472   7.124884684080461e-30
                 7.90625       2.135301256736812   7.124884684080461e-30
                 7.90625       2.184388641949153   7.124884684080461e-30
                 7.90625       2.233476027161494   7.124884684080461e-30
                 7.90625       2.282563412373834   7.124884684080461e-30
                 7.90625       2.331650797586175   7.124884684080461e-30
                 7.90625       2.380738182798515   7.124884684080461e-30
                 7.90625       2.429825568010856   7.124884684080461e-30
                 7.90625       2.478912953223196   7.124884684080461e-30
                 7.90625       2.528000338435537   7.124884684080461e-30
                 7.90625       2.577087723647877   7.124884684080461e-30
                 7.90625       2.626175108860218   7.124884684080461e-30
                 7.90625       2.675262494072558   7.124884684080461e-30
                 7.90625       2.724349879284899   7.124884684080461e-30
                 7.90625       2.773437264497239   7.124884684080461e-30
                 7.90625        2.82252464970958   7.124884684080461e-30
                 7.90625        2.87161203492192   7.124884684080461e-30
                 7.90625       2.920699420134261   7.124884684080461e-30
                 7.90625       2.969786805346601   7.124884684080461e-30
                 7.90625       3.018874190558942   7.124884684080461e-30
                 7.90625       3.067961575771282   7.124884684080461e-30
                 7.90625       3.117048960983623   7.124884684080461e-30

                 7.96875     0.02454369260617026   2.641656127066527e-30
                 7.96875     0.07363107781851078   2.641656127066527e-30
                 7.96875      0.1227184630308513   2.641656127066527e-30
                 7.96875      0.1718058482431918   2.641656127066527e-30
                 7.96875      0.2208932334555323   2.641656127066527e-30
                 7.96875      0.2699806186678728   2.641656127066527e-30
                 7.96875      0.3190680038802134   2.641656127066527e-30
                 7.96875      0.3681553890925539   2.641656127066527e-30
                 7.96875      0.4172427743048944   2.641656127066527e-30
                 7.96875      0.4663301595172349   2.641656127066527e-30
                 7.96875      0.5154175447295755   2.641656127066527e-30
                 7.96875      0.5645049299419159   2.641656127066527e-30
                 7.96875      0.6135923151542565   2.641656127066527e-30
                 7.96875       0.662679700366597   2.641656127066527e-30
                 7.96875      0.7117670855789375   2.641656127066527e-30
                 7.96875       0.760854470791278   2.641656127066527e-30
                 7.96875      0.8099418560036186   2.641656127066527e-30
                 7.96875       0.859029241215959   2.641656127066527e-30
                 7.96875      0.9081166264282996   2.641656127066527e-30
                 7.96875      0.9572040116406401   2.641656127066527e-30
                 7.96875       1.006291396852981   2.641656127066527e-30
                 7.96875       1.055378782065321   2.641656127066527e-30
                 7.96875       1.104466167277662   2.641656127066527e-30
                 7.96875       1.153553552490002   2.641656127066527e-30
                 7.96875       1.202640937702343   2.641656127066527e-30
                 7.96875       1.251728322914683   2.641656127066527e-30
                 7.96875       1.300815708127024   2.641656127066527e-30
                 7.96875       1.349903093339364   2.641656127066527e-30
                 7.96875       1.398990478551705   2.641656127066527e-30
                 7.96875       1.448077863764045   2.641656127066527e-30
                 7.96875       1.497165248976386   2.641656127066527e-30
                 7.96875       1.546252634188726   2.641656127066527e-30
                 7.96875       1.595340019401067   2.641656127066527e-30
                 7.96875       1.644427404613407   2.641656127066527e-30
                 7.96875       1.693514789825748   2.641656127066527e-30
                 7.96875       1.742602175038088   2.641656127066527e-30
                 7.96875       1.791689560250429   2.641656127066527e-30
                 7.96875       1.840776945462769   2.641656127066527e-30
                 7.96875        1.88986433067511   2.641656127066527e-30
                 7.96875       1.938951715887451   2.641656127066527e-30
                 7.96875       1.988039101099791   2.641656127066527e-30
                 7.96875       2.037126486312132   2.641656127066527e-30
                 7.96875       2.086213871524472   2.641656127066527e-30
                 7.96875       2.135301256736812   2.641656127066527e-30
                 7.96875       2.184388641949153   2.641656127066527e-30
                 7.96875       2.233476027161494   2.641656127066527e-30
                 7.96875       2.282563412373834   2.641656127066527e-30
                 7.96875       2.331650797586175   2.641656127066527e-30
                 7.96875       2.380738182798515   2.641656127066527e-30
                 7.96875       2.429825568010856   2.641656127066527e-30
                 7.96875       2.478912953223196   2.641656127066527e-30
                 7.96875       2.528000338435537   2.641656127066527e-30
                 7.96875       2.577087723647877   2.641656127066527e-30
                 7.96875       2.626175108860218   2.641656127066527e-30
                 7.96875       2.675262494072558   2.641656127066527e-30
                 7.96875       2.724349879284899   2.641656127066527e-30
                 7.96875       2.773437264497239   2.641656127066527e-30
                 7.96875        2.82252464970958   2.641656127066527e-30
                 7.96875        2.87161203492192   2.641656127066527e-30
                 7.96875       2.920699420134261   2.641656127066527e-30
                 7.96875       2.969786805346601   2.641656127066527e-30
                 7.96875       3.018874190558942   2.641656127066527e-30
                 7.96875       3.067961575771282   2.641656127066527e-30
                 7.96875       3.117048960983623   2.641656127066527e-30

                 8.03125     0.02454369260617026                       0
                 8.03125     0.07363107781851078                       0
                 8.03125      0.1227184630308513                       0
                 8.03125      0.1718058482431918                       0
                 8.03125      0.2208932334555323                       0
                 8.03125      0.2699806186678728                       0
                 8.03125      0.3190680038802134                       0
                 8.03125      0.3681553890925539                       0
                 8.03125      0.4172427743048944                       0
                 8.03125      0.4663301595172349                       0
                 8.03125      0.5154175447295755                       0
                 8.03125      0.5645049299419159                       0
                 8.03125      0.6135923151542565                       0
                 8.03125       0.662679700366597                       0
                 8.03125      0.7117670855789375                       0
                 8.03125       0.760854470791278                       0
                 8.03125      0.8099418560036186                       0
                 8.03125       0.859029241215959                       0
                 8.03125      0.9081166264282996                       0
                 8.03125      0.9572040116406401                       0
                 8.03125       1.006291396852981                       0
                 8.03125       1.055378782065321                       0
                 8.03125       1.104466167277662                       0
                 8.03125       1.153553552490002                       0
                 8.03125       1.202640937702343                       0
                 8.03125       1.251728322914683                       0
                 8.03125       1.300815708127024                       0
                 8.03125       1.349903093339364                       0
                 8.03125       1.398990478551705                       0
                 8.03125       1.448077863764045                       0
                 8.03125       1.497165248976386                       0
                 8.03125       1.546252634188726                       0
                 8.03125       1.595340019401067                       0
                 8.03125       1.644427404613407                       0
                 8.03125       1.693514789825748                       0
                 8.03125       1.742602175038088                       0
                 8.03125       1.791689560250429                       0
                 8.03125       1.840776945462769                       0
                 8.03125        1.88986433067511                       0
                 8.03125       1.938951715887451                       0
                 8.03125       1.988039101099791                       0
                 8.03125       2.037126486312132                       0
                 8.03125       2.086213871524472                       0
                 8.03125       2.135301256736812                       0
                 8.03125       2.184388641949153                       0
                 8.03125       2.233476027161494                       0
                 8.03125       2.282563412373834                       0
                 8.03125       2.331650797586175                       0
                 8.03125       2.380738182798515                       0
                 8.03125       2.429825568010856                       0
                 8.03125       2.478912953223196                       0
                 8.03125       2.528000338435537                       0
                 8.03125       2.577087723647877                       0
                 8.03125       2.626175108860218                       0
                 8.03125       2.675262494072558                       0
                 8.03125       2.724349879284899                       0
                 8.03125       2.773437264497239                       0
                 8.03125        2.82252464970958                       0
                 8.03125        2.87161203492192                       0
                 8.03125       2.920699420134261                       0
                 8.03125       2.969786805346601                       0
                 8.03125       3.018874190558942                       0
                 8.03125       3.067961575771282                       0
                 8.03125       3.117048960983623                       0

                 8.09375     0.02454369260617026                       0
                 8.09375     0.07363107781851078                       0
                 8.09375      0.1227184630308513                       0
                 8.09375      0.1718058482431918                       0
                 8.09375      0.2208932334555323                       0
                 8.09375      0.2699806186678728                       0
                 8.09375      0.3190680038802134                       0
                 8.09375      0.3681553890925539                       0
                 8.09375      0.4172427743048944                       0
                 8.09375      0.4663301595172349                       0
                 8.09375      0.5154175447295755                       0
                 8.09375      0.5645049299419159                       0
                 8.09375      0.6135923151542565                       0
                 8.09375       0.662679700366597                       0
                 8.09375      0.7117670855789375                       0
                 8.09375       0.760854470791278                       0
                 8.09375      0.8099418560036186                       0
                 8.09375       0.859029241215959                       0
                 8.09375      0.9081166264282996                       0
                 8.09375      0.9572040116406401                       0
                 8.09375       1.006291396852981                       0
                 8.09375       1.055378782065321                       0
                 8.09375       1.104466167277662                       0
                 8.09375       1.153553552490002                       0
                 8.09375       1.202640937702343                       0
                 8.09375       1.251728322914683                       0
                 8.09375       1.300815708127024                       0
                 8.09375       1.349903093339364                       0
                 8.09375       1.398990478551705                       0
                 8.09375       1.448077863764045                       0
                 8.09375       1.497165248976386                       0
                 8.09375       1.546252634188726                       0
                 8.09375       1.595340019401067                       0
                 8.09375       1.644427404613407                       0
                 8.09375       1.693514789825748                       0
                 8.09375       1.742602175038088                       0
                 8.09375       1.791689560250429                       0
                 8.09375       1.840776945462769                       0
                 8.09375        1.88986433067511                       0
                 8.09375       1.938951715887451                       0
                 8.09375       1.988039101099791                       0
                 8.09375       2.037126486312132                       0
                 8.09375       2.086213871524472                       0
                 8.09375       2.135301256736812                       0
                 8.09375       2.184388641949153                       0
                 8.09375       2.233476027161494                       0
                 8.09375       2.282563412373834                       0
                 8.09375       2.331650797586175                       0
                 8.09375       2.380738182798515                       0
                 8.09375       2.429825568010856                       0
                 8.09375       2.478912953223196                       0
                 8.09375       2.528000338435537                       0
                 8.09375       2.577087723647877                       0
                 8.09375       2.626175108860218                       0
                 8.09375       2.675262494072558                       0
                 8.09375       2.724349879284899                       0
                 8.09375       2.773437264497239                       0
                 8.09375        2.82252464970958                       0
                 8.09375        2.87161203492192                       0
                 8.09375       2.920699420134261                       0
                 8.09375       2.969786805346601                       0
                 8.09375       3.018874190558942                       0
                 8.09375       3.067961575771282                       0
                 8.09375       3.117048960983623                       0

                 8.15625     0.02454369260617026                       0
                 8.15625     0.07363107781851078                       0
                 8.15625      0.1227184630308513                       0
                 8.15625      0.1718058482431918                       0
                 8.15625      0.2208932334555323                       0
                 8.15625      0.2699806186678728                       0
                 8.15625      0.3190680038802134                       0
                 8.15625      0.3681553890925539                       0
                 8.15625      0.4172427743048944                       0
                 8.15625      0.4663301595172349                       0
                 8.15625      0.5154175447295755                       0
                 8.15625      0.5645049299419159                       0
                 8.15625      0.6135923151542565                       0
                 8.15625       0.662679700366597                       0
                 8.15625      0.7117670855789375                       0
                 8.15625       0.760854470791278                       0
                 8.15625      0.8099418560036186                       0
                 8.15625       0.859029241215959                       0
                 8.15625      0.9081166264282996                       0
                 8.15625      0.9572040116406401                       0
                 8.15625       1.006291396852981                       0
                 8.15625       1.055378782065321                       0
                 8.15625       1.104466167277662                       0
                 8.15625       1.153553552490002                       0
                 8.15625       1.202640937702343                       0
                 8.15625       1.251728322914683                       0
                 8.15625       1.300815708127024                       0
                 8.15625       1.349903093339364                       0
                 8.15625       1.398990478551705                       0
                 8.15625       1.448077863764045                       0
                 8.15625       1.497165248976386                       0
                 8.15625       1.546252634188726                       0
                 8.15625       1.595340019401067                       0
                 8.15625       1.644427404613407                       0
                 8.15625       1.693514789825748                       0
                 8.15625       1.742602175038088                       0
                 8.15625       1.791689560250429                       0
                 8.15625       1.840776945462769                       0
                 8.15625        1.88986433067511                       0
                 8.15625       1.938951715887451                       0
                 8.15625       1.988039101099791                       0
                 8.15625       2.037126486312132                       0
                 8.15625       2.086213871524472                       0
                 8.15625       2.135301256736812                       0
                 8.15625       2.184388641949153                       0
                 8.15625       2.233476027161494                       0
                 8.15625       2.282563412373834                       0
                 8.15625       2.331650797586175                       0
                 8.15625       2.380738182798515                       0
                 8.15625       2.429825568010856                       0
                 8.15625       2.478912953223196                       0
                 8.15625       2.528000338435537                       0
                 8.15625       2.577087723647877                       0
                 8.15625       2.626175108860218                       0
                 8.15625       2.675262494072558                       0
                 8.15625       2.724349879284899                       0
                 8.15625       2.773437264497239                       0
                 8.15625        2.82252464970958                       0
                 8.15625        2.87161203492192                       0
                 8.15625       2.920699420134261                       0
                 8.15625       2.969786805346601                       0
                 8.15625       3.018874190558942                       0
                 8.15625       3.067961575771282                       0
                 8.15625       3.117048960983623                       0

                 8.21875     0.02454369260617026                       0
                 8.21875     0.07363107781851078                       0
                 8.21875      0.1227184630308513                       0
                 8.21875      0.1718058482431918                       0
                 8.21875      0.2208932334555323                       0
                 8.21875      0.2699806186678728                       0
                 8.21875      0.3190680038802134                       0
                 8.21875      0.3681553890925539                       0
                 8.21875      0.4172427743048944                       0
                 8.21875      0.4663301595172349                       0
                 8.21875      0.5154175447295755                       0
                 8.21875      0.5645049299419159                       0
                 8.21875      0.6135923151542565                       0
                 8.21875       0.662679700366597                       0
                 8.21875      0.7117670855789375                       0
                 8.21875       0.760854470791278                       0
                 8.21875      0.8099418560036186                       0
                 8.21875       0.859029241215959                       0
                 8.21875      0.9081166264282996                       0
                 8.21875      0.9572040116406401                       0
                 8.21875       1.006291396852981                       0
                 8.21875       1.055378782065321                       0
                 8.21875       1.104466167277662                       0
                 8.21875       1.153553552490002                       0
                 8.21875       1.202640937702343                       0
                 8.21875       1.251728322914683                       0
                 8.21875       1.300815708127024                       0
                 8.21875       1.349903093339364                       0
                 8.21875       1.398990478551705                       0
                 8.21875       1.448077863764045                       0
                 8.21875       1.497165248976386                       0
                 8.21875       1.546252634188726                       0
                 8.21875       1.595340019401067                       0
                 8.21875       1.644427404613407                       0
                 8.21875       1.693514789825748                       0
                 8.21875       1.742602175038088                       0
                 8.21875       1.791689560250429                       0
                 8.21875       1.840776945462769                       0
                 8.21875        1.88986433067511                       0
                 8.21875       1.938951715887451                       0
                 8.21875       1.988039101099791                       0
                 8.21875       2.037126486312132                       0
                 8.21875       2.086213871524472                       0
                 8.21875       2.135301256736812                       0
                 8.21875       2.184388641949153                       0
                 8.21875       2.233476027161494                       0
                 8.21875       2.282563412373834                       0
                 8.21875       2.331650797586175                       0
                 8.21875       2.380738182798515                       0
                 8.21875       2.429825568010856                       0
                 8.21875       2.478912953223196                       0
                 8.21875       2.528000338435537                       0
                 8.21875       2.577087723647877                       0
                 8.21875       2.626175108860218                       0
                 8.21875       2.675262494072558                       0
                 8.21875       2.724349879284899                       0
                 8.21875       2.773437264497239                       0
                 8.21875        2.82252464970958                       0
                 8.21875        2.87161203492192                       0
                 8.21875       2.920699420134261                       0
                 8.21875       2.969786805346601                       0
                 8.21875       3.018874190558942                       0
                 8.21875       3.067961575771282                       0
                 8.21875       3.117048960983623                       0

